ARM GAS  C:\Users\crist\AppData\Local\Temp\ccrYGjzb.s 			page 1


   1              		.cpu cortex-m3
   2              		.arch armv7-m
   3              		.fpu softvfp
   4              		.eabi_attribute 20, 1
   5              		.eabi_attribute 21, 1
   6              		.eabi_attribute 23, 3
   7              		.eabi_attribute 24, 1
   8              		.eabi_attribute 25, 1
   9              		.eabi_attribute 26, 1
  10              		.eabi_attribute 30, 1
  11              		.eabi_attribute 34, 1
  12              		.eabi_attribute 18, 4
  13              		.file	"main.c"
  14              		.text
  15              	.Ltext0:
  16              		.cfi_sections	.debug_frame
  17              		.file 1 "Core/Src/main.c"
  18              		.section	.text.MX_GPIO_Init,"ax",%progbits
  19              		.align	1
  20              		.syntax unified
  21              		.thumb
  22              		.thumb_func
  24              	MX_GPIO_Init:
  25              	.LFB79:
   1:Core/Src/main.c **** #include "main.h"
   2:Core/Src/main.c **** #include "usb_device.h"
   3:Core/Src/main.c **** #include <stdio.h>
   4:Core/Src/main.c **** #include <string.h>
   5:Core/Src/main.c **** 
   6:Core/Src/main.c **** #define SW_VERSION  11 
   7:Core/Src/main.c **** #define clock_period 150 // 100ms      
   8:Core/Src/main.c **** 
   9:Core/Src/main.c **** TIM_HandleTypeDef  htim2;
  10:Core/Src/main.c **** UART_HandleTypeDef huart1;
  11:Core/Src/main.c **** 
  12:Core/Src/main.c **** uint8_t  uart_buf[1] = {0};   
  13:Core/Src/main.c **** 
  14:Core/Src/main.c **** //facem un soft pwm
  15:Core/Src/main.c **** volatile uint8_t pwm_counter = 0;
  16:Core/Src/main.c **** volatile uint8_t duty_R = 0;
  17:Core/Src/main.c **** volatile uint8_t duty_G = 0;
  18:Core/Src/main.c **** volatile uint8_t duty_B = 100;  
  19:Core/Src/main.c **** uint8_t state = 0;         
  20:Core/Src/main.c **** 
  21:Core/Src/main.c **** void SystemClock_Config(void);
  22:Core/Src/main.c **** static void MX_GPIO_Init(void);
  23:Core/Src/main.c **** static void MX_USART1_UART_Init(void);
  24:Core/Src/main.c **** static void MX_TIM2_Init(void);
  25:Core/Src/main.c **** 
  26:Core/Src/main.c **** #ifdef __GNUC__
  27:Core/Src/main.c **** #define PUTCHAR_PROTOTYPE  int __io_putchar(int ch)
  28:Core/Src/main.c **** #else
  29:Core/Src/main.c **** #define PUTCHAR_PROTOTYPE  int fputc(int ch, FILE *f)
  30:Core/Src/main.c **** #endif
  31:Core/Src/main.c **** 
  32:Core/Src/main.c **** PUTCHAR_PROTOTYPE {
  33:Core/Src/main.c ****     HAL_UART_Transmit(&huart1, (uint8_t *)&ch, 1, 0xFFFF);
ARM GAS  C:\Users\crist\AppData\Local\Temp\ccrYGjzb.s 			page 2


  34:Core/Src/main.c ****     return ch;
  35:Core/Src/main.c **** }
  36:Core/Src/main.c **** 
  37:Core/Src/main.c **** int _write(int fd, char *ptr, int len) {
  38:Core/Src/main.c ****     HAL_UART_Transmit(&huart1, (uint8_t *)ptr, len, HAL_MAX_DELAY);
  39:Core/Src/main.c ****     return len;
  40:Core/Src/main.c **** }
  41:Core/Src/main.c **** 
  42:Core/Src/main.c **** void HAL_UART_RxCpltCallback(UART_HandleTypeDef *huart) {
  43:Core/Src/main.c ****     if (uart_buf[0] != '?') {
  44:Core/Src/main.c ****         uart_buf[0]++;
  45:Core/Src/main.c ****         HAL_UART_Transmit(&huart1, uart_buf, 1, 10);
  46:Core/Src/main.c ****     } else {
  47:Core/Src/main.c ****         printf("Sw Version %d.%d\r\n", SW_VERSION / 10, SW_VERSION % 10);
  48:Core/Src/main.c ****     }
  49:Core/Src/main.c ****     HAL_UART_Receive_IT(&huart1, uart_buf, 1);   
  50:Core/Src/main.c **** }
  51:Core/Src/main.c **** 
  52:Core/Src/main.c **** //isr
  53:Core/Src/main.c **** void HAL_TIM_PeriodElapsedCallback(TIM_HandleTypeDef *htim) {
  54:Core/Src/main.c ****     if (htim->Instance == TIM2) {
  55:Core/Src/main.c ****         
  56:Core/Src/main.c ****         if (pwm_counter == 0) {
  57:Core/Src/main.c ****             if (duty_R > 0) HAL_GPIO_WritePin(GPIOB, GPIO_PIN_0, GPIO_PIN_SET);
  58:Core/Src/main.c ****             if (duty_G > 0) HAL_GPIO_WritePin(GPIOB, GPIO_PIN_1, GPIO_PIN_SET);
  59:Core/Src/main.c ****             if (duty_B > 0) HAL_GPIO_WritePin(GPIOA, GPIO_PIN_8, GPIO_PIN_SET);
  60:Core/Src/main.c ****         }
  61:Core/Src/main.c **** 
  62:Core/Src/main.c ****         if (pwm_counter >= duty_R) HAL_GPIO_WritePin(GPIOB, GPIO_PIN_0, GPIO_PIN_RESET);
  63:Core/Src/main.c ****         if (pwm_counter >= duty_G) HAL_GPIO_WritePin(GPIOB, GPIO_PIN_1, GPIO_PIN_RESET);
  64:Core/Src/main.c ****         if (pwm_counter >= duty_B) HAL_GPIO_WritePin(GPIOA, GPIO_PIN_8, GPIO_PIN_RESET);
  65:Core/Src/main.c **** 
  66:Core/Src/main.c ****         pwm_counter++;
  67:Core/Src/main.c ****         if (pwm_counter >= 100) {
  68:Core/Src/main.c ****             pwm_counter = 0;
  69:Core/Src/main.c ****         }
  70:Core/Src/main.c ****     }
  71:Core/Src/main.c **** }
  72:Core/Src/main.c **** 
  73:Core/Src/main.c **** typedef struct {
  74:Core/Src/main.c ****     char letter;
  75:Core/Src/main.c ****     const char *code;
  76:Core/Src/main.c **** } Dictionary;
  77:Core/Src/main.c **** 
  78:Core/Src/main.c **** Dictionary alphabet[] = {
  79:Core/Src/main.c ****     {'h', "...."},
  80:Core/Src/main.c ****     {'e', "."},
  81:Core/Src/main.c ****     {'l', ".-.."},
  82:Core/Src/main.c ****     {'o', "---"},
  83:Core/Src/main.c ****     {'2', "..---"},
  84:Core/Src/main.c ****     {'3', "...--"}
  85:Core/Src/main.c **** };
  86:Core/Src/main.c **** 
  87:Core/Src/main.c **** typedef struct {
  88:Core/Src/main.c ****     uint16_t duration;
  89:Core/Src/main.c ****     uint8_t color_mode;
  90:Core/Src/main.c **** }MorseCommand;
ARM GAS  C:\Users\crist\AppData\Local\Temp\ccrYGjzb.s 			page 3


  91:Core/Src/main.c **** 
  92:Core/Src/main.c **** MorseCommand seq[150];
  93:Core/Src/main.c **** int sq_len = 0;
  94:Core/Src/main.c **** 
  95:Core/Src/main.c **** void command(uint16_t dur, uint8_t color) {
  96:Core/Src/main.c ****     seq[sq_len].duration = dur;
  97:Core/Src/main.c ****     seq[sq_len].color_mode = color;
  98:Core/Src/main.c ****     sq_len++;
  99:Core/Src/main.c **** }
 100:Core/Src/main.c **** //logica pentru morse
 101:Core/Src/main.c **** void morseBlink(const char* str) {
 102:Core/Src/main.c ****     sq_len = 0;
 103:Core/Src/main.c ****     for (int i = 0; str[i] != '\0'; ++i) {
 104:Core/Src/main.c ****         char c = str[i];
 105:Core/Src/main.c **** 
 106:Core/Src/main.c ****         if (c == ' ') {
 107:Core/Src/main.c ****             command(4 * clock_period, 0);
 108:Core/Src/main.c ****             continue;
 109:Core/Src/main.c ****         }
 110:Core/Src/main.c **** 
 111:Core/Src/main.c ****         const char* code = "";
 112:Core/Src/main.c ****         for (int j = 0; j < 6; j++) {
 113:Core/Src/main.c ****             if (alphabet[j].letter == c) {
 114:Core/Src/main.c ****                 code = alphabet[j].code;
 115:Core/Src/main.c ****                 break;
 116:Core/Src/main.c ****             }
 117:Core/Src/main.c ****         }
 118:Core/Src/main.c **** 
 119:Core/Src/main.c ****         for (int k = 0; code[k] != '\0'; ++k) {
 120:Core/Src/main.c ****             if (code[k] == '.') {
 121:Core/Src/main.c ****                 command(clock_period, 1);
 122:Core/Src/main.c ****             }else if (code[k] == '-') {
 123:Core/Src/main.c ****                 command(3 * clock_period, 2);
 124:Core/Src/main.c ****             }
 125:Core/Src/main.c **** 
 126:Core/Src/main.c ****             command(clock_period, 0);
 127:Core/Src/main.c ****         }
 128:Core/Src/main.c ****     }
 129:Core/Src/main.c **** }
 130:Core/Src/main.c **** 
 131:Core/Src/main.c **** void play_loop() {
 132:Core/Src/main.c ****     for (int i = 0; i < sq_len; ++i) {
 133:Core/Src/main.c ****         switch (seq[i].color_mode){
 134:Core/Src/main.c ****             case 1:
 135:Core/Src/main.c ****                 duty_R = 100;
 136:Core/Src/main.c ****                 duty_G = 0;
 137:Core/Src/main.c ****                 duty_B = 0;
 138:Core/Src/main.c ****             break;
 139:Core/Src/main.c ****             case 2:
 140:Core/Src/main.c ****                 duty_R = 0;
 141:Core/Src/main.c ****                 duty_G = 100;
 142:Core/Src/main.c ****                 duty_B = 0;
 143:Core/Src/main.c ****             break;
 144:Core/Src/main.c ****             case 0:
 145:Core/Src/main.c ****                 duty_R = 0;
 146:Core/Src/main.c ****                 duty_G = 0;
 147:Core/Src/main.c ****                 duty_B = 0;
ARM GAS  C:\Users\crist\AppData\Local\Temp\ccrYGjzb.s 			page 4


 148:Core/Src/main.c ****             break;
 149:Core/Src/main.c ****         break;
 150:Core/Src/main.c ****         }
 151:Core/Src/main.c ****         HAL_Delay(seq[i].duration);
 152:Core/Src/main.c ****     }
 153:Core/Src/main.c ****     duty_R = 33;
 154:Core/Src/main.c ****     duty_G = 33;
 155:Core/Src/main.c ****     duty_B = 34;
 156:Core/Src/main.c **** }
 157:Core/Src/main.c **** 
 158:Core/Src/main.c **** 
 159:Core/Src/main.c **** 
 160:Core/Src/main.c **** int main(void) {
 161:Core/Src/main.c ****     HAL_Init();
 162:Core/Src/main.c ****     SystemClock_Config();
 163:Core/Src/main.c ****     MX_GPIO_Init();
 164:Core/Src/main.c ****     MX_USART1_UART_Init();
 165:Core/Src/main.c ****     MX_USB_DEVICE_Init();
 166:Core/Src/main.c ****     
 167:Core/Src/main.c ****     MX_TIM2_Init();
 168:Core/Src/main.c **** 
 169:Core/Src/main.c ****     HAL_UART_Receive_IT(&huart1, uart_buf, 1);
 170:Core/Src/main.c ****     HAL_TIM_Base_Start_IT(&htim2);
 171:Core/Src/main.c **** 
 172:Core/Src/main.c ****     printf("Code version %d.%d starting...\r\n", SW_VERSION / 10, SW_VERSION % 10);
 173:Core/Src/main.c ****     printf("Stare initiala: Albastru (R 0%%, G 0%%, B 100%%)\r\n");
 174:Core/Src/main.c **** 
 175:Core/Src/main.c ****     const char *text = "hello 23";
 176:Core/Src/main.c ****     morseBlink(text);
 177:Core/Src/main.c ****     // main loop
 178:Core/Src/main.c ****     //fsr
 179:Core/Src/main.c ****     while (1) {
 180:Core/Src/main.c ****         //debouncer
 181:Core/Src/main.c ****         if (HAL_GPIO_ReadPin(GPIOC, GPIO_PIN_13) == GPIO_PIN_RESET) {
 182:Core/Src/main.c ****             HAL_Delay(25);
 183:Core/Src/main.c ****             if (HAL_GPIO_ReadPin(GPIOC, GPIO_PIN_13) == GPIO_PIN_RESET) {
 184:Core/Src/main.c ****                 while (HAL_GPIO_ReadPin(GPIOC, GPIO_PIN_13) == GPIO_PIN_RESET);
 185:Core/Src/main.c ****                 state++;
 186:Core/Src/main.c ****                 if (state > 4) {
 187:Core/Src/main.c ****                     state = 0;
 188:Core/Src/main.c ****                 }
 189:Core/Src/main.c **** 
 190:Core/Src/main.c ****                 //setare actori de umple si swtich prin code
 191:Core/Src/main.c ****                 switch (state) {
 192:Core/Src/main.c ****                     case 0: //albastru
 193:Core/Src/main.c ****                         duty_R = 0; duty_G = 0; duty_B = 100;
 194:Core/Src/main.c ****                         break;
 195:Core/Src/main.c **** 
 196:Core/Src/main.c ****                     case 1: //galben
 197:Core/Src/main.c ****                         duty_R = 80; duty_G = 50; duty_B = 0;
 198:Core/Src/main.c ****                         break;
 199:Core/Src/main.c **** 
 200:Core/Src/main.c ****                     case 2: //magenta
 201:Core/Src/main.c ****                         duty_R = 50; duty_G = 0; duty_B = 50;
 202:Core/Src/main.c ****                         break;
 203:Core/Src/main.c **** 
 204:Core/Src/main.c ****                     case 3: // stins
ARM GAS  C:\Users\crist\AppData\Local\Temp\ccrYGjzb.s 			page 5


 205:Core/Src/main.c ****                         duty_R = 0; duty_G = 0; duty_B = 0;
 206:Core/Src/main.c ****                         break;
 207:Core/Src/main.c ****                     case 4: // morse code
 208:Core/Src/main.c ****                         //red pentru dot 1t,  green pentru dash 3t, spatiu 4t 
 209:Core/Src/main.c ****                         play_loop();
 210:Core/Src/main.c ****                         break;  
 211:Core/Src/main.c ****                     break;
 212:Core/Src/main.c ****                 }
 213:Core/Src/main.c **** 
 214:Core/Src/main.c ****                 //tentativa de a printa pe serial monitor
 215:Core/Src/main.c ****                 printf("R %d%%, G %d%%, B %d%%\r\n", duty_R, duty_G, duty_B);
 216:Core/Src/main.c ****             }
 217:Core/Src/main.c ****         }
 218:Core/Src/main.c ****     }
 219:Core/Src/main.c **** }
 220:Core/Src/main.c **** 
 221:Core/Src/main.c **** // configrare ceas
 222:Core/Src/main.c **** void SystemClock_Config(void) {
 223:Core/Src/main.c ****     RCC_OscInitTypeDef RCC_OscInitStruct = {0};
 224:Core/Src/main.c ****     RCC_ClkInitTypeDef RCC_ClkInitStruct = {0};
 225:Core/Src/main.c ****     RCC_PeriphCLKInitTypeDef PeriphClkInit = {0};
 226:Core/Src/main.c **** 
 227:Core/Src/main.c ****     RCC_OscInitStruct.OscillatorType = RCC_OSCILLATORTYPE_HSE;
 228:Core/Src/main.c ****     RCC_OscInitStruct.HSEState = RCC_HSE_ON;
 229:Core/Src/main.c ****     RCC_OscInitStruct.HSEPredivValue = RCC_HSE_PREDIV_DIV1;
 230:Core/Src/main.c ****     RCC_OscInitStruct.HSIState = RCC_HSI_ON;
 231:Core/Src/main.c ****     RCC_OscInitStruct.PLL.PLLState = RCC_PLL_ON;
 232:Core/Src/main.c ****     RCC_OscInitStruct.PLL.PLLSource = RCC_PLLSOURCE_HSE;
 233:Core/Src/main.c ****     RCC_OscInitStruct.PLL.PLLMUL = RCC_PLL_MUL9;
 234:Core/Src/main.c ****     if (HAL_RCC_OscConfig(&RCC_OscInitStruct) != HAL_OK) Error_Handler();
 235:Core/Src/main.c **** 
 236:Core/Src/main.c ****     RCC_ClkInitStruct.ClockType = RCC_CLOCKTYPE_HCLK  | RCC_CLOCKTYPE_SYSCLK | RCC_CLOCKTYPE_PCLK1 
 237:Core/Src/main.c ****     RCC_ClkInitStruct.SYSCLKSource = RCC_SYSCLKSOURCE_PLLCLK;
 238:Core/Src/main.c ****     RCC_ClkInitStruct.AHBCLKDivider = RCC_SYSCLK_DIV1;
 239:Core/Src/main.c ****     RCC_ClkInitStruct.APB1CLKDivider = RCC_HCLK_DIV2;
 240:Core/Src/main.c ****     RCC_ClkInitStruct.APB2CLKDivider = RCC_HCLK_DIV1;
 241:Core/Src/main.c ****     if (HAL_RCC_ClockConfig(&RCC_ClkInitStruct, FLASH_LATENCY_2) != HAL_OK) Error_Handler();
 242:Core/Src/main.c **** 
 243:Core/Src/main.c ****     PeriphClkInit.PeriphClockSelection = RCC_PERIPHCLK_USB;
 244:Core/Src/main.c ****     PeriphClkInit.UsbClockSelection = RCC_USBCLKSOURCE_PLL_DIV1_5;
 245:Core/Src/main.c ****     if (HAL_RCCEx_PeriphCLKConfig(&PeriphClkInit) != HAL_OK) Error_Handler();
 246:Core/Src/main.c **** }
 247:Core/Src/main.c **** 
 248:Core/Src/main.c **** static void MX_TIM2_Init(void) {
 249:Core/Src/main.c ****     TIM_ClockConfigTypeDef  sClockSourceConfig = {0};
 250:Core/Src/main.c ****     TIM_MasterConfigTypeDef sMasterConfig = {0};
 251:Core/Src/main.c **** 
 252:Core/Src/main.c ****     htim2.Instance = TIM2;
 253:Core/Src/main.c ****     htim2.Init.Prescaler = 71;   
 254:Core/Src/main.c ****     htim2.Init.CounterMode = TIM_COUNTERMODE_UP;
 255:Core/Src/main.c ****     htim2.Init.Period = 99;   
 256:Core/Src/main.c ****     htim2.Init.ClockDivision = TIM_CLOCKDIVISION_DIV1;
 257:Core/Src/main.c ****     htim2.Init.AutoReloadPreload = TIM_AUTORELOAD_PRELOAD_DISABLE;
 258:Core/Src/main.c ****     if (HAL_TIM_Base_Init(&htim2) != HAL_OK) Error_Handler();
 259:Core/Src/main.c **** 
 260:Core/Src/main.c ****     sClockSourceConfig.ClockSource = TIM_CLOCKSOURCE_INTERNAL;
 261:Core/Src/main.c ****     if (HAL_TIM_ConfigClockSource(&htim2, &sClockSourceConfig) != HAL_OK) Error_Handler();
ARM GAS  C:\Users\crist\AppData\Local\Temp\ccrYGjzb.s 			page 6


 262:Core/Src/main.c **** 
 263:Core/Src/main.c ****     sMasterConfig.MasterOutputTrigger = TIM_TRGO_RESET;
 264:Core/Src/main.c ****     sMasterConfig.MasterSlaveMode = TIM_MASTERSLAVEMODE_DISABLE;
 265:Core/Src/main.c ****     if (HAL_TIMEx_MasterConfigSynchronization(&htim2, &sMasterConfig) != HAL_OK) Error_Handler();
 266:Core/Src/main.c **** }
 267:Core/Src/main.c **** 
 268:Core/Src/main.c **** 
 269:Core/Src/main.c **** static void MX_USART1_UART_Init(void) {
 270:Core/Src/main.c ****     huart1.Instance = USART1;
 271:Core/Src/main.c ****     huart1.Init.BaudRate = 9600;
 272:Core/Src/main.c ****     huart1.Init.WordLength = UART_WORDLENGTH_8B;
 273:Core/Src/main.c ****     huart1.Init.StopBits = UART_STOPBITS_1;
 274:Core/Src/main.c ****     huart1.Init.Parity = UART_PARITY_NONE;
 275:Core/Src/main.c ****     huart1.Init.Mode = UART_MODE_TX_RX;
 276:Core/Src/main.c ****     huart1.Init.HwFlowCtl = UART_HWCONTROL_NONE;
 277:Core/Src/main.c ****     huart1.Init.OverSampling = UART_OVERSAMPLING_16;
 278:Core/Src/main.c ****     if (HAL_UART_Init(&huart1) != HAL_OK) Error_Handler();
 279:Core/Src/main.c **** }
 280:Core/Src/main.c **** 
 281:Core/Src/main.c **** static void MX_GPIO_Init(void) {
  26              		.loc 1 281 32 view -0
  27              		.cfi_startproc
  28              		@ args = 0, pretend = 0, frame = 32
  29              		@ frame_needed = 0, uses_anonymous_args = 0
  30 0000 2DE9F043 		push	{r4, r5, r6, r7, r8, r9, lr}
  31              	.LCFI0:
  32              		.cfi_def_cfa_offset 28
  33              		.cfi_offset 4, -28
  34              		.cfi_offset 5, -24
  35              		.cfi_offset 6, -20
  36              		.cfi_offset 7, -16
  37              		.cfi_offset 8, -12
  38              		.cfi_offset 9, -8
  39              		.cfi_offset 14, -4
  40 0004 89B0     		sub	sp, sp, #36
  41              	.LCFI1:
  42              		.cfi_def_cfa_offset 64
 282:Core/Src/main.c ****     GPIO_InitTypeDef GPIO_InitStruct = {0};
  43              		.loc 1 282 5 view .LVU1
  44              		.loc 1 282 22 is_stmt 0 view .LVU2
  45 0006 04AD     		add	r5, sp, #16
  46 0008 0024     		movs	r4, #0
  47 000a 0494     		str	r4, [sp, #16]
  48 000c 0594     		str	r4, [sp, #20]
  49 000e 0694     		str	r4, [sp, #24]
  50 0010 0794     		str	r4, [sp, #28]
 283:Core/Src/main.c **** 
 284:Core/Src/main.c ****     __HAL_RCC_GPIOC_CLK_ENABLE();
  51              		.loc 1 284 5 is_stmt 1 view .LVU3
  52              	.LBB4:
  53              		.loc 1 284 5 view .LVU4
  54              		.loc 1 284 5 view .LVU5
  55 0012 2B4B     		ldr	r3, .L3
  56 0014 9A69     		ldr	r2, [r3, #24]
  57 0016 42F01002 		orr	r2, r2, #16
  58 001a 9A61     		str	r2, [r3, #24]
  59              		.loc 1 284 5 view .LVU6
ARM GAS  C:\Users\crist\AppData\Local\Temp\ccrYGjzb.s 			page 7


  60 001c 9A69     		ldr	r2, [r3, #24]
  61 001e 02F01002 		and	r2, r2, #16
  62 0022 0092     		str	r2, [sp]
  63              		.loc 1 284 5 view .LVU7
  64 0024 009A     		ldr	r2, [sp]
  65              	.LBE4:
  66              		.loc 1 284 5 view .LVU8
 285:Core/Src/main.c ****     __HAL_RCC_GPIOD_CLK_ENABLE();
  67              		.loc 1 285 5 view .LVU9
  68              	.LBB5:
  69              		.loc 1 285 5 view .LVU10
  70              		.loc 1 285 5 view .LVU11
  71 0026 9A69     		ldr	r2, [r3, #24]
  72 0028 42F02002 		orr	r2, r2, #32
  73 002c 9A61     		str	r2, [r3, #24]
  74              		.loc 1 285 5 view .LVU12
  75 002e 9A69     		ldr	r2, [r3, #24]
  76 0030 02F02002 		and	r2, r2, #32
  77 0034 0192     		str	r2, [sp, #4]
  78              		.loc 1 285 5 view .LVU13
  79 0036 019A     		ldr	r2, [sp, #4]
  80              	.LBE5:
  81              		.loc 1 285 5 view .LVU14
 286:Core/Src/main.c ****     __HAL_RCC_GPIOA_CLK_ENABLE();
  82              		.loc 1 286 5 view .LVU15
  83              	.LBB6:
  84              		.loc 1 286 5 view .LVU16
  85              		.loc 1 286 5 view .LVU17
  86 0038 9A69     		ldr	r2, [r3, #24]
  87 003a 42F00402 		orr	r2, r2, #4
  88 003e 9A61     		str	r2, [r3, #24]
  89              		.loc 1 286 5 view .LVU18
  90 0040 9A69     		ldr	r2, [r3, #24]
  91 0042 02F00402 		and	r2, r2, #4
  92 0046 0292     		str	r2, [sp, #8]
  93              		.loc 1 286 5 view .LVU19
  94 0048 029A     		ldr	r2, [sp, #8]
  95              	.LBE6:
  96              		.loc 1 286 5 view .LVU20
 287:Core/Src/main.c ****     __HAL_RCC_GPIOB_CLK_ENABLE();
  97              		.loc 1 287 5 view .LVU21
  98              	.LBB7:
  99              		.loc 1 287 5 view .LVU22
 100              		.loc 1 287 5 view .LVU23
 101 004a 9A69     		ldr	r2, [r3, #24]
 102 004c 42F00802 		orr	r2, r2, #8
 103 0050 9A61     		str	r2, [r3, #24]
 104              		.loc 1 287 5 view .LVU24
 105 0052 9B69     		ldr	r3, [r3, #24]
 106 0054 03F00803 		and	r3, r3, #8
 107 0058 0393     		str	r3, [sp, #12]
 108              		.loc 1 287 5 view .LVU25
 109 005a 039B     		ldr	r3, [sp, #12]
 110              	.LBE7:
 111              		.loc 1 287 5 view .LVU26
 288:Core/Src/main.c **** 
 289:Core/Src/main.c ****     HAL_GPIO_WritePin(GPIOB, GPIO_PIN_0 | GPIO_PIN_1, GPIO_PIN_RESET);
ARM GAS  C:\Users\crist\AppData\Local\Temp\ccrYGjzb.s 			page 8


 112              		.loc 1 289 5 view .LVU27
 113 005c DFF86490 		ldr	r9, .L3+4
 114 0060 2246     		mov	r2, r4
 115 0062 0321     		movs	r1, #3
 116 0064 4846     		mov	r0, r9
 117 0066 FFF7FEFF 		bl	HAL_GPIO_WritePin
 118              	.LVL0:
 290:Core/Src/main.c ****     HAL_GPIO_WritePin(GPIOA, GPIO_PIN_8, GPIO_PIN_RESET);
 119              		.loc 1 290 5 view .LVU28
 120 006a 174F     		ldr	r7, .L3+8
 121 006c 2246     		mov	r2, r4
 122 006e 4FF48071 		mov	r1, #256
 123 0072 3846     		mov	r0, r7
 124 0074 FFF7FEFF 		bl	HAL_GPIO_WritePin
 125              	.LVL1:
 291:Core/Src/main.c **** 
 292:Core/Src/main.c ****     GPIO_InitStruct.Pin  = GPIO_PIN_13;
 126              		.loc 1 292 5 view .LVU29
 127              		.loc 1 292 26 is_stmt 0 view .LVU30
 128 0078 4FF40053 		mov	r3, #8192
 129 007c 0493     		str	r3, [sp, #16]
 293:Core/Src/main.c ****     GPIO_InitStruct.Mode = GPIO_MODE_INPUT;
 130              		.loc 1 293 5 is_stmt 1 view .LVU31
 131              		.loc 1 293 26 is_stmt 0 view .LVU32
 132 007e 0594     		str	r4, [sp, #20]
 294:Core/Src/main.c ****     GPIO_InitStruct.Pull = GPIO_PULLUP;
 133              		.loc 1 294 5 is_stmt 1 view .LVU33
 134              		.loc 1 294 26 is_stmt 0 view .LVU34
 135 0080 0126     		movs	r6, #1
 136 0082 0696     		str	r6, [sp, #24]
 295:Core/Src/main.c ****     HAL_GPIO_Init(GPIOC, &GPIO_InitStruct);
 137              		.loc 1 295 5 is_stmt 1 view .LVU35
 138 0084 2946     		mov	r1, r5
 139 0086 1148     		ldr	r0, .L3+12
 140 0088 FFF7FEFF 		bl	HAL_GPIO_Init
 141              	.LVL2:
 296:Core/Src/main.c **** 
 297:Core/Src/main.c ****     GPIO_InitStruct.Pin   = GPIO_PIN_0 | GPIO_PIN_1;
 142              		.loc 1 297 5 view .LVU36
 143              		.loc 1 297 27 is_stmt 0 view .LVU37
 144 008c 0323     		movs	r3, #3
 145 008e 0493     		str	r3, [sp, #16]
 298:Core/Src/main.c ****     GPIO_InitStruct.Mode  = GPIO_MODE_OUTPUT_PP;
 146              		.loc 1 298 5 is_stmt 1 view .LVU38
 147              		.loc 1 298 27 is_stmt 0 view .LVU39
 148 0090 0596     		str	r6, [sp, #20]
 299:Core/Src/main.c ****     GPIO_InitStruct.Pull  = GPIO_NOPULL;
 149              		.loc 1 299 5 is_stmt 1 view .LVU40
 150              		.loc 1 299 27 is_stmt 0 view .LVU41
 151 0092 0694     		str	r4, [sp, #24]
 300:Core/Src/main.c ****     GPIO_InitStruct.Speed = GPIO_SPEED_FREQ_LOW;
 152              		.loc 1 300 5 is_stmt 1 view .LVU42
 153              		.loc 1 300 27 is_stmt 0 view .LVU43
 154 0094 4FF00208 		mov	r8, #2
 155 0098 CDF81C80 		str	r8, [sp, #28]
 301:Core/Src/main.c ****     HAL_GPIO_Init(GPIOB, &GPIO_InitStruct);
 156              		.loc 1 301 5 is_stmt 1 view .LVU44
ARM GAS  C:\Users\crist\AppData\Local\Temp\ccrYGjzb.s 			page 9


 157 009c 2946     		mov	r1, r5
 158 009e 4846     		mov	r0, r9
 159 00a0 FFF7FEFF 		bl	HAL_GPIO_Init
 160              	.LVL3:
 302:Core/Src/main.c **** 
 303:Core/Src/main.c ****     GPIO_InitStruct.Pin   = GPIO_PIN_8;
 161              		.loc 1 303 5 view .LVU45
 162              		.loc 1 303 27 is_stmt 0 view .LVU46
 163 00a4 4FF48073 		mov	r3, #256
 164 00a8 0493     		str	r3, [sp, #16]
 304:Core/Src/main.c ****     GPIO_InitStruct.Mode  = GPIO_MODE_OUTPUT_PP;
 165              		.loc 1 304 5 is_stmt 1 view .LVU47
 166              		.loc 1 304 27 is_stmt 0 view .LVU48
 167 00aa 0596     		str	r6, [sp, #20]
 305:Core/Src/main.c ****     GPIO_InitStruct.Pull  = GPIO_NOPULL;
 168              		.loc 1 305 5 is_stmt 1 view .LVU49
 169              		.loc 1 305 27 is_stmt 0 view .LVU50
 170 00ac 0694     		str	r4, [sp, #24]
 306:Core/Src/main.c ****     GPIO_InitStruct.Speed = GPIO_SPEED_FREQ_LOW;
 171              		.loc 1 306 5 is_stmt 1 view .LVU51
 172              		.loc 1 306 27 is_stmt 0 view .LVU52
 173 00ae CDF81C80 		str	r8, [sp, #28]
 307:Core/Src/main.c ****     HAL_GPIO_Init(GPIOA, &GPIO_InitStruct);
 174              		.loc 1 307 5 is_stmt 1 view .LVU53
 175 00b2 2946     		mov	r1, r5
 176 00b4 3846     		mov	r0, r7
 177 00b6 FFF7FEFF 		bl	HAL_GPIO_Init
 178              	.LVL4:
 308:Core/Src/main.c **** }
 179              		.loc 1 308 1 is_stmt 0 view .LVU54
 180 00ba 09B0     		add	sp, sp, #36
 181              	.LCFI2:
 182              		.cfi_def_cfa_offset 28
 183              		@ sp needed
 184 00bc BDE8F083 		pop	{r4, r5, r6, r7, r8, r9, pc}
 185              	.L4:
 186              		.align	2
 187              	.L3:
 188 00c0 00100240 		.word	1073876992
 189 00c4 000C0140 		.word	1073810432
 190 00c8 00080140 		.word	1073809408
 191 00cc 00100140 		.word	1073811456
 192              		.cfi_endproc
 193              	.LFE79:
 195              		.section	.text.__io_putchar,"ax",%progbits
 196              		.align	1
 197              		.global	__io_putchar
 198              		.syntax unified
 199              		.thumb
 200              		.thumb_func
 202              	__io_putchar:
 203              	.LVL5:
 204              	.LFB68:
  32:Core/Src/main.c ****     HAL_UART_Transmit(&huart1, (uint8_t *)&ch, 1, 0xFFFF);
 205              		.loc 1 32 19 is_stmt 1 view -0
 206              		.cfi_startproc
 207              		@ args = 0, pretend = 0, frame = 8
ARM GAS  C:\Users\crist\AppData\Local\Temp\ccrYGjzb.s 			page 10


 208              		@ frame_needed = 0, uses_anonymous_args = 0
  32:Core/Src/main.c ****     HAL_UART_Transmit(&huart1, (uint8_t *)&ch, 1, 0xFFFF);
 209              		.loc 1 32 19 is_stmt 0 view .LVU56
 210 0000 00B5     		push	{lr}
 211              	.LCFI3:
 212              		.cfi_def_cfa_offset 4
 213              		.cfi_offset 14, -4
 214 0002 83B0     		sub	sp, sp, #12
 215              	.LCFI4:
 216              		.cfi_def_cfa_offset 16
 217 0004 0190     		str	r0, [sp, #4]
  33:Core/Src/main.c ****     return ch;
 218              		.loc 1 33 5 is_stmt 1 view .LVU57
 219 0006 4FF6FF73 		movw	r3, #65535
 220 000a 0122     		movs	r2, #1
 221 000c 01A9     		add	r1, sp, #4
 222 000e 0348     		ldr	r0, .L7
 223              	.LVL6:
  33:Core/Src/main.c ****     return ch;
 224              		.loc 1 33 5 is_stmt 0 view .LVU58
 225 0010 FFF7FEFF 		bl	HAL_UART_Transmit
 226              	.LVL7:
  34:Core/Src/main.c **** }
 227              		.loc 1 34 5 is_stmt 1 view .LVU59
  35:Core/Src/main.c **** 
 228              		.loc 1 35 1 is_stmt 0 view .LVU60
 229 0014 0198     		ldr	r0, [sp, #4]
 230 0016 03B0     		add	sp, sp, #12
 231              	.LCFI5:
 232              		.cfi_def_cfa_offset 4
 233              		@ sp needed
 234 0018 00BD     		pop	{pc}
 235              	.L8:
 236 001a 00BF     		.align	2
 237              	.L7:
 238 001c 00000000 		.word	huart1
 239              		.cfi_endproc
 240              	.LFE68:
 242              		.section	.text._write,"ax",%progbits
 243              		.align	1
 244              		.global	_write
 245              		.syntax unified
 246              		.thumb
 247              		.thumb_func
 249              	_write:
 250              	.LVL8:
 251              	.LFB69:
  37:Core/Src/main.c ****     HAL_UART_Transmit(&huart1, (uint8_t *)ptr, len, HAL_MAX_DELAY);
 252              		.loc 1 37 40 is_stmt 1 view -0
 253              		.cfi_startproc
 254              		@ args = 0, pretend = 0, frame = 0
 255              		@ frame_needed = 0, uses_anonymous_args = 0
  37:Core/Src/main.c ****     HAL_UART_Transmit(&huart1, (uint8_t *)ptr, len, HAL_MAX_DELAY);
 256              		.loc 1 37 40 is_stmt 0 view .LVU62
 257 0000 10B5     		push	{r4, lr}
 258              	.LCFI6:
 259              		.cfi_def_cfa_offset 8
ARM GAS  C:\Users\crist\AppData\Local\Temp\ccrYGjzb.s 			page 11


 260              		.cfi_offset 4, -8
 261              		.cfi_offset 14, -4
 262 0002 1446     		mov	r4, r2
  38:Core/Src/main.c ****     return len;
 263              		.loc 1 38 5 is_stmt 1 view .LVU63
 264 0004 4FF0FF33 		mov	r3, #-1
 265 0008 92B2     		uxth	r2, r2
 266              	.LVL9:
  38:Core/Src/main.c ****     return len;
 267              		.loc 1 38 5 is_stmt 0 view .LVU64
 268 000a 0248     		ldr	r0, .L11
 269              	.LVL10:
  38:Core/Src/main.c ****     return len;
 270              		.loc 1 38 5 view .LVU65
 271 000c FFF7FEFF 		bl	HAL_UART_Transmit
 272              	.LVL11:
  39:Core/Src/main.c **** }
 273              		.loc 1 39 5 is_stmt 1 view .LVU66
  40:Core/Src/main.c **** 
 274              		.loc 1 40 1 is_stmt 0 view .LVU67
 275 0010 2046     		mov	r0, r4
 276 0012 10BD     		pop	{r4, pc}
 277              	.LVL12:
 278              	.L12:
  40:Core/Src/main.c **** 
 279              		.loc 1 40 1 view .LVU68
 280              		.align	2
 281              	.L11:
 282 0014 00000000 		.word	huart1
 283              		.cfi_endproc
 284              	.LFE69:
 286              		.section	.rodata.HAL_UART_RxCpltCallback.str1.4,"aMS",%progbits,1
 287              		.align	2
 288              	.LC0:
 289 0000 53772056 		.ascii	"Sw Version %d.%d\015\012\000"
 289      65727369 
 289      6F6E2025 
 289      642E2564 
 289      0D0A00
 290              		.section	.text.HAL_UART_RxCpltCallback,"ax",%progbits
 291              		.align	1
 292              		.global	HAL_UART_RxCpltCallback
 293              		.syntax unified
 294              		.thumb
 295              		.thumb_func
 297              	HAL_UART_RxCpltCallback:
 298              	.LVL13:
 299              	.LFB70:
  42:Core/Src/main.c ****     if (uart_buf[0] != '?') {
 300              		.loc 1 42 57 is_stmt 1 view -0
 301              		.cfi_startproc
 302              		@ args = 0, pretend = 0, frame = 0
 303              		@ frame_needed = 0, uses_anonymous_args = 0
  42:Core/Src/main.c ****     if (uart_buf[0] != '?') {
 304              		.loc 1 42 57 is_stmt 0 view .LVU70
 305 0000 08B5     		push	{r3, lr}
 306              	.LCFI7:
ARM GAS  C:\Users\crist\AppData\Local\Temp\ccrYGjzb.s 			page 12


 307              		.cfi_def_cfa_offset 8
 308              		.cfi_offset 3, -8
 309              		.cfi_offset 14, -4
  43:Core/Src/main.c ****         uart_buf[0]++;
 310              		.loc 1 43 5 is_stmt 1 view .LVU71
  43:Core/Src/main.c ****         uart_buf[0]++;
 311              		.loc 1 43 17 is_stmt 0 view .LVU72
 312 0002 0C4B     		ldr	r3, .L17
 313 0004 1B78     		ldrb	r3, [r3]	@ zero_extendqisi2
  43:Core/Src/main.c ****         uart_buf[0]++;
 314              		.loc 1 43 8 view .LVU73
 315 0006 3F2B     		cmp	r3, #63
 316 0008 0DD0     		beq	.L14
  44:Core/Src/main.c ****         HAL_UART_Transmit(&huart1, uart_buf, 1, 10);
 317              		.loc 1 44 9 is_stmt 1 view .LVU74
  44:Core/Src/main.c ****         HAL_UART_Transmit(&huart1, uart_buf, 1, 10);
 318              		.loc 1 44 20 is_stmt 0 view .LVU75
 319 000a 0A49     		ldr	r1, .L17
 320 000c 0133     		adds	r3, r3, #1
 321 000e 0B70     		strb	r3, [r1]
  45:Core/Src/main.c ****     } else {
 322              		.loc 1 45 9 is_stmt 1 view .LVU76
 323 0010 0A23     		movs	r3, #10
 324 0012 0122     		movs	r2, #1
 325 0014 0848     		ldr	r0, .L17+4
 326              	.LVL14:
  45:Core/Src/main.c ****     } else {
 327              		.loc 1 45 9 is_stmt 0 view .LVU77
 328 0016 FFF7FEFF 		bl	HAL_UART_Transmit
 329              	.LVL15:
 330              	.L15:
  49:Core/Src/main.c **** }
 331              		.loc 1 49 5 is_stmt 1 view .LVU78
 332 001a 0122     		movs	r2, #1
 333 001c 0549     		ldr	r1, .L17
 334 001e 0648     		ldr	r0, .L17+4
 335 0020 FFF7FEFF 		bl	HAL_UART_Receive_IT
 336              	.LVL16:
  50:Core/Src/main.c **** 
 337              		.loc 1 50 1 is_stmt 0 view .LVU79
 338 0024 08BD     		pop	{r3, pc}
 339              	.LVL17:
 340              	.L14:
  47:Core/Src/main.c ****     }
 341              		.loc 1 47 9 is_stmt 1 view .LVU80
 342 0026 0122     		movs	r2, #1
 343 0028 1146     		mov	r1, r2
 344 002a 0448     		ldr	r0, .L17+8
 345              	.LVL18:
  47:Core/Src/main.c ****     }
 346              		.loc 1 47 9 is_stmt 0 view .LVU81
 347 002c FFF7FEFF 		bl	printf
 348              	.LVL19:
 349 0030 F3E7     		b	.L15
 350              	.L18:
 351 0032 00BF     		.align	2
 352              	.L17:
ARM GAS  C:\Users\crist\AppData\Local\Temp\ccrYGjzb.s 			page 13


 353 0034 00000000 		.word	uart_buf
 354 0038 00000000 		.word	huart1
 355 003c 00000000 		.word	.LC0
 356              		.cfi_endproc
 357              	.LFE70:
 359              		.section	.text.HAL_TIM_PeriodElapsedCallback,"ax",%progbits
 360              		.align	1
 361              		.global	HAL_TIM_PeriodElapsedCallback
 362              		.syntax unified
 363              		.thumb
 364              		.thumb_func
 366              	HAL_TIM_PeriodElapsedCallback:
 367              	.LVL20:
 368              	.LFB71:
  53:Core/Src/main.c ****     if (htim->Instance == TIM2) {
 369              		.loc 1 53 61 is_stmt 1 view -0
 370              		.cfi_startproc
 371              		@ args = 0, pretend = 0, frame = 0
 372              		@ frame_needed = 0, uses_anonymous_args = 0
  53:Core/Src/main.c ****     if (htim->Instance == TIM2) {
 373              		.loc 1 53 61 is_stmt 0 view .LVU83
 374 0000 08B5     		push	{r3, lr}
 375              	.LCFI8:
 376              		.cfi_def_cfa_offset 8
 377              		.cfi_offset 3, -8
 378              		.cfi_offset 14, -4
  54:Core/Src/main.c ****         
 379              		.loc 1 54 5 is_stmt 1 view .LVU84
  54:Core/Src/main.c ****         
 380              		.loc 1 54 13 is_stmt 0 view .LVU85
 381 0002 0368     		ldr	r3, [r0]
  54:Core/Src/main.c ****         
 382              		.loc 1 54 8 view .LVU86
 383 0004 B3F1804F 		cmp	r3, #1073741824
 384 0008 00D0     		beq	.L28
 385              	.LVL21:
 386              	.L19:
  71:Core/Src/main.c **** 
 387              		.loc 1 71 1 view .LVU87
 388 000a 08BD     		pop	{r3, pc}
 389              	.LVL22:
 390              	.L28:
  56:Core/Src/main.c ****             if (duty_R > 0) HAL_GPIO_WritePin(GPIOB, GPIO_PIN_0, GPIO_PIN_SET);
 391              		.loc 1 56 9 is_stmt 1 view .LVU88
  56:Core/Src/main.c ****             if (duty_R > 0) HAL_GPIO_WritePin(GPIOB, GPIO_PIN_0, GPIO_PIN_SET);
 392              		.loc 1 56 25 is_stmt 0 view .LVU89
 393 000c 274B     		ldr	r3, .L35
 394 000e 1B78     		ldrb	r3, [r3]	@ zero_extendqisi2
  56:Core/Src/main.c ****             if (duty_R > 0) HAL_GPIO_WritePin(GPIOB, GPIO_PIN_0, GPIO_PIN_SET);
 395              		.loc 1 56 12 view .LVU90
 396 0010 43B9     		cbnz	r3, .L21
  57:Core/Src/main.c ****             if (duty_G > 0) HAL_GPIO_WritePin(GPIOB, GPIO_PIN_1, GPIO_PIN_SET);
 397              		.loc 1 57 13 is_stmt 1 view .LVU91
  57:Core/Src/main.c ****             if (duty_G > 0) HAL_GPIO_WritePin(GPIOB, GPIO_PIN_1, GPIO_PIN_SET);
 398              		.loc 1 57 24 is_stmt 0 view .LVU92
 399 0012 274B     		ldr	r3, .L35+4
 400 0014 1B78     		ldrb	r3, [r3]	@ zero_extendqisi2
ARM GAS  C:\Users\crist\AppData\Local\Temp\ccrYGjzb.s 			page 14


  57:Core/Src/main.c ****             if (duty_G > 0) HAL_GPIO_WritePin(GPIOB, GPIO_PIN_1, GPIO_PIN_SET);
 401              		.loc 1 57 16 view .LVU93
 402 0016 1BBB     		cbnz	r3, .L29
 403              	.LVL23:
 404              	.L22:
  58:Core/Src/main.c ****             if (duty_B > 0) HAL_GPIO_WritePin(GPIOA, GPIO_PIN_8, GPIO_PIN_SET);
 405              		.loc 1 58 13 is_stmt 1 view .LVU94
  58:Core/Src/main.c ****             if (duty_B > 0) HAL_GPIO_WritePin(GPIOA, GPIO_PIN_8, GPIO_PIN_SET);
 406              		.loc 1 58 24 is_stmt 0 view .LVU95
 407 0018 264B     		ldr	r3, .L35+8
 408 001a 1B78     		ldrb	r3, [r3]	@ zero_extendqisi2
  58:Core/Src/main.c ****             if (duty_B > 0) HAL_GPIO_WritePin(GPIOA, GPIO_PIN_8, GPIO_PIN_SET);
 409              		.loc 1 58 16 view .LVU96
 410 001c 33BB     		cbnz	r3, .L30
 411              	.L23:
  59:Core/Src/main.c ****         }
 412              		.loc 1 59 13 is_stmt 1 view .LVU97
  59:Core/Src/main.c ****         }
 413              		.loc 1 59 24 is_stmt 0 view .LVU98
 414 001e 264B     		ldr	r3, .L35+12
 415 0020 1B78     		ldrb	r3, [r3]	@ zero_extendqisi2
  59:Core/Src/main.c ****         }
 416              		.loc 1 59 16 view .LVU99
 417 0022 4BBB     		cbnz	r3, .L31
 418              	.L21:
  62:Core/Src/main.c ****         if (pwm_counter >= duty_G) HAL_GPIO_WritePin(GPIOB, GPIO_PIN_1, GPIO_PIN_RESET);
 419              		.loc 1 62 9 is_stmt 1 view .LVU100
  62:Core/Src/main.c ****         if (pwm_counter >= duty_G) HAL_GPIO_WritePin(GPIOB, GPIO_PIN_1, GPIO_PIN_RESET);
 420              		.loc 1 62 25 is_stmt 0 view .LVU101
 421 0024 214B     		ldr	r3, .L35
 422 0026 1B78     		ldrb	r3, [r3]	@ zero_extendqisi2
 423 0028 214A     		ldr	r2, .L35+4
 424 002a 1278     		ldrb	r2, [r2]	@ zero_extendqisi2
  62:Core/Src/main.c ****         if (pwm_counter >= duty_G) HAL_GPIO_WritePin(GPIOB, GPIO_PIN_1, GPIO_PIN_RESET);
 425              		.loc 1 62 12 view .LVU102
 426 002c 9A42     		cmp	r2, r3
 427 002e 2AD9     		bls	.L32
 428              	.L24:
  63:Core/Src/main.c ****         if (pwm_counter >= duty_B) HAL_GPIO_WritePin(GPIOA, GPIO_PIN_8, GPIO_PIN_RESET);
 429              		.loc 1 63 9 is_stmt 1 view .LVU103
  63:Core/Src/main.c ****         if (pwm_counter >= duty_B) HAL_GPIO_WritePin(GPIOA, GPIO_PIN_8, GPIO_PIN_RESET);
 430              		.loc 1 63 25 is_stmt 0 view .LVU104
 431 0030 1E4B     		ldr	r3, .L35
 432 0032 1B78     		ldrb	r3, [r3]	@ zero_extendqisi2
 433 0034 1F4A     		ldr	r2, .L35+8
 434 0036 1278     		ldrb	r2, [r2]	@ zero_extendqisi2
  63:Core/Src/main.c ****         if (pwm_counter >= duty_B) HAL_GPIO_WritePin(GPIOA, GPIO_PIN_8, GPIO_PIN_RESET);
 435              		.loc 1 63 12 view .LVU105
 436 0038 9A42     		cmp	r2, r3
 437 003a 2AD9     		bls	.L33
 438              	.L25:
  64:Core/Src/main.c **** 
 439              		.loc 1 64 9 is_stmt 1 view .LVU106
  64:Core/Src/main.c **** 
 440              		.loc 1 64 25 is_stmt 0 view .LVU107
 441 003c 1B4B     		ldr	r3, .L35
 442 003e 1B78     		ldrb	r3, [r3]	@ zero_extendqisi2
ARM GAS  C:\Users\crist\AppData\Local\Temp\ccrYGjzb.s 			page 15


 443 0040 1D4A     		ldr	r2, .L35+12
 444 0042 1278     		ldrb	r2, [r2]	@ zero_extendqisi2
  64:Core/Src/main.c **** 
 445              		.loc 1 64 12 view .LVU108
 446 0044 9A42     		cmp	r2, r3
 447 0046 2AD9     		bls	.L34
 448              	.L26:
  66:Core/Src/main.c ****         if (pwm_counter >= 100) {
 449              		.loc 1 66 9 is_stmt 1 view .LVU109
  66:Core/Src/main.c ****         if (pwm_counter >= 100) {
 450              		.loc 1 66 20 is_stmt 0 view .LVU110
 451 0048 184A     		ldr	r2, .L35
 452 004a 1378     		ldrb	r3, [r2]	@ zero_extendqisi2
 453 004c 0133     		adds	r3, r3, #1
 454 004e DBB2     		uxtb	r3, r3
 455 0050 1370     		strb	r3, [r2]
  67:Core/Src/main.c ****             pwm_counter = 0;
 456              		.loc 1 67 9 is_stmt 1 view .LVU111
  67:Core/Src/main.c ****             pwm_counter = 0;
 457              		.loc 1 67 25 is_stmt 0 view .LVU112
 458 0052 1378     		ldrb	r3, [r2]	@ zero_extendqisi2
  67:Core/Src/main.c ****             pwm_counter = 0;
 459              		.loc 1 67 12 view .LVU113
 460 0054 632B     		cmp	r3, #99
 461 0056 D8D9     		bls	.L19
  68:Core/Src/main.c ****         }
 462              		.loc 1 68 13 is_stmt 1 view .LVU114
  68:Core/Src/main.c ****         }
 463              		.loc 1 68 25 is_stmt 0 view .LVU115
 464 0058 1346     		mov	r3, r2
 465 005a 0022     		movs	r2, #0
 466 005c 1A70     		strb	r2, [r3]
  71:Core/Src/main.c **** 
 467              		.loc 1 71 1 view .LVU116
 468 005e D4E7     		b	.L19
 469              	.LVL24:
 470              	.L29:
  57:Core/Src/main.c ****             if (duty_G > 0) HAL_GPIO_WritePin(GPIOB, GPIO_PIN_1, GPIO_PIN_SET);
 471              		.loc 1 57 29 is_stmt 1 discriminator 1 view .LVU117
 472 0060 0122     		movs	r2, #1
 473 0062 1146     		mov	r1, r2
 474 0064 1548     		ldr	r0, .L35+16
 475              	.LVL25:
  57:Core/Src/main.c ****             if (duty_G > 0) HAL_GPIO_WritePin(GPIOB, GPIO_PIN_1, GPIO_PIN_SET);
 476              		.loc 1 57 29 is_stmt 0 discriminator 1 view .LVU118
 477 0066 FFF7FEFF 		bl	HAL_GPIO_WritePin
 478              	.LVL26:
 479 006a D5E7     		b	.L22
 480              	.L30:
  58:Core/Src/main.c ****             if (duty_B > 0) HAL_GPIO_WritePin(GPIOA, GPIO_PIN_8, GPIO_PIN_SET);
 481              		.loc 1 58 29 is_stmt 1 discriminator 1 view .LVU119
 482 006c 0122     		movs	r2, #1
 483 006e 0221     		movs	r1, #2
 484 0070 1248     		ldr	r0, .L35+16
 485 0072 FFF7FEFF 		bl	HAL_GPIO_WritePin
 486              	.LVL27:
 487 0076 D2E7     		b	.L23
ARM GAS  C:\Users\crist\AppData\Local\Temp\ccrYGjzb.s 			page 16


 488              	.L31:
  59:Core/Src/main.c ****         }
 489              		.loc 1 59 29 discriminator 1 view .LVU120
 490 0078 0122     		movs	r2, #1
 491 007a 4FF48071 		mov	r1, #256
 492 007e 1048     		ldr	r0, .L35+20
 493 0080 FFF7FEFF 		bl	HAL_GPIO_WritePin
 494              	.LVL28:
 495 0084 CEE7     		b	.L21
 496              	.L32:
  62:Core/Src/main.c ****         if (pwm_counter >= duty_G) HAL_GPIO_WritePin(GPIOB, GPIO_PIN_1, GPIO_PIN_RESET);
 497              		.loc 1 62 36 discriminator 1 view .LVU121
 498 0086 0022     		movs	r2, #0
 499 0088 0121     		movs	r1, #1
 500 008a 0C48     		ldr	r0, .L35+16
 501 008c FFF7FEFF 		bl	HAL_GPIO_WritePin
 502              	.LVL29:
 503 0090 CEE7     		b	.L24
 504              	.L33:
  63:Core/Src/main.c ****         if (pwm_counter >= duty_B) HAL_GPIO_WritePin(GPIOA, GPIO_PIN_8, GPIO_PIN_RESET);
 505              		.loc 1 63 36 discriminator 1 view .LVU122
 506 0092 0022     		movs	r2, #0
 507 0094 0221     		movs	r1, #2
 508 0096 0948     		ldr	r0, .L35+16
 509 0098 FFF7FEFF 		bl	HAL_GPIO_WritePin
 510              	.LVL30:
 511 009c CEE7     		b	.L25
 512              	.L34:
  64:Core/Src/main.c **** 
 513              		.loc 1 64 36 discriminator 1 view .LVU123
 514 009e 0022     		movs	r2, #0
 515 00a0 4FF48071 		mov	r1, #256
 516 00a4 0648     		ldr	r0, .L35+20
 517 00a6 FFF7FEFF 		bl	HAL_GPIO_WritePin
 518              	.LVL31:
 519 00aa CDE7     		b	.L26
 520              	.L36:
 521              		.align	2
 522              	.L35:
 523 00ac 00000000 		.word	pwm_counter
 524 00b0 00000000 		.word	duty_R
 525 00b4 00000000 		.word	duty_G
 526 00b8 00000000 		.word	duty_B
 527 00bc 000C0140 		.word	1073810432
 528 00c0 00080140 		.word	1073809408
 529              		.cfi_endproc
 530              	.LFE71:
 532              		.section	.text.command,"ax",%progbits
 533              		.align	1
 534              		.global	command
 535              		.syntax unified
 536              		.thumb
 537              		.thumb_func
 539              	command:
 540              	.LVL32:
 541              	.LFB72:
  95:Core/Src/main.c ****     seq[sq_len].duration = dur;
ARM GAS  C:\Users\crist\AppData\Local\Temp\ccrYGjzb.s 			page 17


 542              		.loc 1 95 43 view -0
 543              		.cfi_startproc
 544              		@ args = 0, pretend = 0, frame = 0
 545              		@ frame_needed = 0, uses_anonymous_args = 0
 546              		@ link register save eliminated.
  95:Core/Src/main.c ****     seq[sq_len].duration = dur;
 547              		.loc 1 95 43 is_stmt 0 view .LVU125
 548 0000 10B4     		push	{r4}
 549              	.LCFI9:
 550              		.cfi_def_cfa_offset 4
 551              		.cfi_offset 4, -4
  96:Core/Src/main.c ****     seq[sq_len].color_mode = color;
 552              		.loc 1 96 5 is_stmt 1 view .LVU126
  96:Core/Src/main.c ****     seq[sq_len].color_mode = color;
 553              		.loc 1 96 16 is_stmt 0 view .LVU127
 554 0002 064C     		ldr	r4, .L39
 555 0004 2368     		ldr	r3, [r4]
  96:Core/Src/main.c ****     seq[sq_len].color_mode = color;
 556              		.loc 1 96 26 view .LVU128
 557 0006 064A     		ldr	r2, .L39+4
 558 0008 22F82300 		strh	r0, [r2, r3, lsl #2]	@ movhi
  97:Core/Src/main.c ****     sq_len++;
 559              		.loc 1 97 5 is_stmt 1 view .LVU129
  97:Core/Src/main.c ****     sq_len++;
 560              		.loc 1 97 28 is_stmt 0 view .LVU130
 561 000c 02EB8302 		add	r2, r2, r3, lsl #2
 562 0010 9170     		strb	r1, [r2, #2]
  98:Core/Src/main.c **** }
 563              		.loc 1 98 5 is_stmt 1 view .LVU131
  98:Core/Src/main.c **** }
 564              		.loc 1 98 11 is_stmt 0 view .LVU132
 565 0012 0133     		adds	r3, r3, #1
 566 0014 2360     		str	r3, [r4]
  99:Core/Src/main.c **** //logica pentru morse
 567              		.loc 1 99 1 view .LVU133
 568 0016 10BC     		pop	{r4}
 569 0018 7047     		bx	lr
 570              	.L40:
 571 001a 00BF     		.align	2
 572              	.L39:
 573 001c 00000000 		.word	sq_len
 574 0020 00000000 		.word	seq
 575              		.cfi_endproc
 576              	.LFE72:
 578              		.section	.rodata.morseBlink.str1.4,"aMS",%progbits,1
 579              		.align	2
 580              	.LC1:
 581 0000 00       		.ascii	"\000"
 582              		.section	.text.morseBlink,"ax",%progbits
 583              		.align	1
 584              		.global	morseBlink
 585              		.syntax unified
 586              		.thumb
 587              		.thumb_func
 589              	morseBlink:
 590              	.LVL33:
 591              	.LFB73:
ARM GAS  C:\Users\crist\AppData\Local\Temp\ccrYGjzb.s 			page 18


 101:Core/Src/main.c ****     sq_len = 0;
 592              		.loc 1 101 34 is_stmt 1 view -0
 593              		.cfi_startproc
 594              		@ args = 0, pretend = 0, frame = 0
 595              		@ frame_needed = 0, uses_anonymous_args = 0
 101:Core/Src/main.c ****     sq_len = 0;
 596              		.loc 1 101 34 is_stmt 0 view .LVU135
 597 0000 F8B5     		push	{r3, r4, r5, r6, r7, lr}
 598              	.LCFI10:
 599              		.cfi_def_cfa_offset 24
 600              		.cfi_offset 3, -24
 601              		.cfi_offset 4, -20
 602              		.cfi_offset 5, -16
 603              		.cfi_offset 6, -12
 604              		.cfi_offset 7, -8
 605              		.cfi_offset 14, -4
 606 0002 0746     		mov	r7, r0
 102:Core/Src/main.c ****     for (int i = 0; str[i] != '\0'; ++i) {
 607              		.loc 1 102 5 is_stmt 1 view .LVU136
 102:Core/Src/main.c ****     for (int i = 0; str[i] != '\0'; ++i) {
 608              		.loc 1 102 12 is_stmt 0 view .LVU137
 609 0004 0026     		movs	r6, #0
 610 0006 1B4B     		ldr	r3, .L59
 611 0008 1E60     		str	r6, [r3]
 103:Core/Src/main.c ****         char c = str[i];
 612              		.loc 1 103 5 is_stmt 1 view .LVU138
 613              	.LBB8:
 103:Core/Src/main.c ****         char c = str[i];
 614              		.loc 1 103 10 view .LVU139
 615              	.LVL34:
 103:Core/Src/main.c ****         char c = str[i];
 616              		.loc 1 103 5 is_stmt 0 view .LVU140
 617 000a 05E0     		b	.L42
 618              	.LVL35:
 619              	.L56:
 620              	.LBB9:
 107:Core/Src/main.c ****             continue;
 621              		.loc 1 107 13 is_stmt 1 view .LVU141
 622 000c 0021     		movs	r1, #0
 623              	.LVL36:
 107:Core/Src/main.c ****             continue;
 624              		.loc 1 107 13 is_stmt 0 view .LVU142
 625 000e 4FF41670 		mov	r0, #600
 626 0012 FFF7FEFF 		bl	command
 627              	.LVL37:
 108:Core/Src/main.c ****         }
 628              		.loc 1 108 13 is_stmt 1 view .LVU143
 629              	.L44:
 630              	.LBE9:
 103:Core/Src/main.c ****         char c = str[i];
 631              		.loc 1 103 37 discriminator 2 view .LVU144
 632 0016 0136     		adds	r6, r6, #1
 633              	.LVL38:
 634              	.L42:
 103:Core/Src/main.c ****         char c = str[i];
 635              		.loc 1 103 28 discriminator 1 view .LVU145
 103:Core/Src/main.c ****         char c = str[i];
ARM GAS  C:\Users\crist\AppData\Local\Temp\ccrYGjzb.s 			page 19


 636              		.loc 1 103 24 is_stmt 0 discriminator 1 view .LVU146
 637 0018 B95D     		ldrb	r1, [r7, r6]	@ zero_extendqisi2
 103:Core/Src/main.c ****         char c = str[i];
 638              		.loc 1 103 28 discriminator 1 view .LVU147
 639 001a 49B3     		cbz	r1, .L55
 640              	.LBB12:
 104:Core/Src/main.c **** 
 641              		.loc 1 104 9 is_stmt 1 view .LVU148
 642              	.LVL39:
 106:Core/Src/main.c ****             command(4 * clock_period, 0);
 643              		.loc 1 106 9 view .LVU149
 106:Core/Src/main.c ****             command(4 * clock_period, 0);
 644              		.loc 1 106 12 is_stmt 0 view .LVU150
 645 001c 2029     		cmp	r1, #32
 646 001e F5D0     		beq	.L56
 647              	.LBB10:
 112:Core/Src/main.c ****             if (alphabet[j].letter == c) {
 648              		.loc 1 112 18 view .LVU151
 649 0020 0023     		movs	r3, #0
 650 0022 00E0     		b	.L43
 651              	.LVL40:
 652              	.L45:
 112:Core/Src/main.c ****             if (alphabet[j].letter == c) {
 653              		.loc 1 112 33 is_stmt 1 discriminator 2 view .LVU152
 654 0024 0133     		adds	r3, r3, #1
 655              	.LVL41:
 656              	.L43:
 112:Core/Src/main.c ****             if (alphabet[j].letter == c) {
 657              		.loc 1 112 27 discriminator 1 view .LVU153
 658 0026 052B     		cmp	r3, #5
 659 0028 09DC     		bgt	.L57
 113:Core/Src/main.c ****                 code = alphabet[j].code;
 660              		.loc 1 113 13 view .LVU154
 113:Core/Src/main.c ****                 code = alphabet[j].code;
 661              		.loc 1 113 28 is_stmt 0 view .LVU155
 662 002a 134A     		ldr	r2, .L59+4
 663 002c 12F83320 		ldrb	r2, [r2, r3, lsl #3]	@ zero_extendqisi2
 113:Core/Src/main.c ****                 code = alphabet[j].code;
 664              		.loc 1 113 16 view .LVU156
 665 0030 8A42     		cmp	r2, r1
 666 0032 F7D1     		bne	.L45
 114:Core/Src/main.c ****                 break;
 667              		.loc 1 114 17 is_stmt 1 view .LVU157
 114:Core/Src/main.c ****                 break;
 668              		.loc 1 114 22 is_stmt 0 view .LVU158
 669 0034 104A     		ldr	r2, .L59+4
 670 0036 02EBC303 		add	r3, r2, r3, lsl #3
 671              	.LVL42:
 114:Core/Src/main.c ****                 break;
 672              		.loc 1 114 22 view .LVU159
 673 003a 5D68     		ldr	r5, [r3, #4]
 674              	.LVL43:
 115:Core/Src/main.c ****             }
 675              		.loc 1 115 17 is_stmt 1 view .LVU160
 676 003c 00E0     		b	.L46
 677              	.LVL44:
 678              	.L57:
ARM GAS  C:\Users\crist\AppData\Local\Temp\ccrYGjzb.s 			page 20


 115:Core/Src/main.c ****             }
 679              		.loc 1 115 17 is_stmt 0 view .LVU161
 680              	.LBE10:
 111:Core/Src/main.c ****         for (int j = 0; j < 6; j++) {
 681              		.loc 1 111 21 view .LVU162
 682 003e 0F4D     		ldr	r5, .L59+8
 683              	.LVL45:
 684              	.L46:
 119:Core/Src/main.c ****             if (code[k] == '.') {
 685              		.loc 1 119 9 is_stmt 1 view .LVU163
 686              	.LBB11:
 119:Core/Src/main.c ****             if (code[k] == '.') {
 687              		.loc 1 119 14 view .LVU164
 119:Core/Src/main.c ****             if (code[k] == '.') {
 688              		.loc 1 119 18 is_stmt 0 view .LVU165
 689 0040 0024     		movs	r4, #0
 119:Core/Src/main.c ****             if (code[k] == '.') {
 690              		.loc 1 119 9 view .LVU166
 691 0042 08E0     		b	.L48
 692              	.LVL46:
 693              	.L58:
 121:Core/Src/main.c ****             }else if (code[k] == '-') {
 694              		.loc 1 121 17 is_stmt 1 view .LVU167
 695 0044 0121     		movs	r1, #1
 696 0046 9620     		movs	r0, #150
 697 0048 FFF7FEFF 		bl	command
 698              	.LVL47:
 699              	.L50:
 126:Core/Src/main.c ****         }
 700              		.loc 1 126 13 view .LVU168
 701 004c 0021     		movs	r1, #0
 702 004e 9620     		movs	r0, #150
 703 0050 FFF7FEFF 		bl	command
 704              	.LVL48:
 119:Core/Src/main.c ****             if (code[k] == '.') {
 705              		.loc 1 119 42 discriminator 2 view .LVU169
 706 0054 0134     		adds	r4, r4, #1
 707              	.LVL49:
 708              	.L48:
 119:Core/Src/main.c ****             if (code[k] == '.') {
 709              		.loc 1 119 33 discriminator 1 view .LVU170
 119:Core/Src/main.c ****             if (code[k] == '.') {
 710              		.loc 1 119 29 is_stmt 0 discriminator 1 view .LVU171
 711 0056 2B5D     		ldrb	r3, [r5, r4]	@ zero_extendqisi2
 119:Core/Src/main.c ****             if (code[k] == '.') {
 712              		.loc 1 119 33 discriminator 1 view .LVU172
 713 0058 002B     		cmp	r3, #0
 714 005a DCD0     		beq	.L44
 120:Core/Src/main.c ****                 command(clock_period, 1);
 715              		.loc 1 120 13 is_stmt 1 view .LVU173
 120:Core/Src/main.c ****                 command(clock_period, 1);
 716              		.loc 1 120 16 is_stmt 0 view .LVU174
 717 005c 2E2B     		cmp	r3, #46
 718 005e F1D0     		beq	.L58
 122:Core/Src/main.c ****                 command(3 * clock_period, 2);
 719              		.loc 1 122 19 is_stmt 1 view .LVU175
 122:Core/Src/main.c ****                 command(3 * clock_period, 2);
ARM GAS  C:\Users\crist\AppData\Local\Temp\ccrYGjzb.s 			page 21


 720              		.loc 1 122 22 is_stmt 0 view .LVU176
 721 0060 2D2B     		cmp	r3, #45
 722 0062 F3D1     		bne	.L50
 123:Core/Src/main.c ****             }
 723              		.loc 1 123 17 is_stmt 1 view .LVU177
 724 0064 0221     		movs	r1, #2
 725 0066 4FF4E170 		mov	r0, #450
 726 006a FFF7FEFF 		bl	command
 727              	.LVL50:
 728 006e EDE7     		b	.L50
 729              	.LVL51:
 730              	.L55:
 123:Core/Src/main.c ****             }
 731              		.loc 1 123 17 is_stmt 0 view .LVU178
 732              	.LBE11:
 733              	.LBE12:
 734              	.LBE8:
 129:Core/Src/main.c **** 
 735              		.loc 1 129 1 view .LVU179
 736 0070 F8BD     		pop	{r3, r4, r5, r6, r7, pc}
 737              	.LVL52:
 738              	.L60:
 129:Core/Src/main.c **** 
 739              		.loc 1 129 1 view .LVU180
 740 0072 00BF     		.align	2
 741              	.L59:
 742 0074 00000000 		.word	sq_len
 743 0078 00000000 		.word	alphabet
 744 007c 00000000 		.word	.LC1
 745              		.cfi_endproc
 746              	.LFE73:
 748              		.section	.text.play_loop,"ax",%progbits
 749              		.align	1
 750              		.global	play_loop
 751              		.syntax unified
 752              		.thumb
 753              		.thumb_func
 755              	play_loop:
 756              	.LFB74:
 131:Core/Src/main.c ****     for (int i = 0; i < sq_len; ++i) {
 757              		.loc 1 131 18 is_stmt 1 view -0
 758              		.cfi_startproc
 759              		@ args = 0, pretend = 0, frame = 0
 760              		@ frame_needed = 0, uses_anonymous_args = 0
 761 0000 10B5     		push	{r4, lr}
 762              	.LCFI11:
 763              		.cfi_def_cfa_offset 8
 764              		.cfi_offset 4, -8
 765              		.cfi_offset 14, -4
 132:Core/Src/main.c ****         switch (seq[i].color_mode){
 766              		.loc 1 132 5 view .LVU182
 767              	.LBB13:
 132:Core/Src/main.c ****         switch (seq[i].color_mode){
 768              		.loc 1 132 10 view .LVU183
 769              	.LVL53:
 132:Core/Src/main.c ****         switch (seq[i].color_mode){
 770              		.loc 1 132 14 is_stmt 0 view .LVU184
ARM GAS  C:\Users\crist\AppData\Local\Temp\ccrYGjzb.s 			page 22


 771 0002 0024     		movs	r4, #0
 132:Core/Src/main.c ****         switch (seq[i].color_mode){
 772              		.loc 1 132 5 view .LVU185
 773 0004 0DE0     		b	.L62
 774              	.LVL54:
 775              	.L63:
 135:Core/Src/main.c ****                 duty_G = 0;
 776              		.loc 1 135 17 is_stmt 1 view .LVU186
 135:Core/Src/main.c ****                 duty_G = 0;
 777              		.loc 1 135 24 is_stmt 0 view .LVU187
 778 0006 1B4B     		ldr	r3, .L70
 779 0008 6422     		movs	r2, #100
 780 000a 1A70     		strb	r2, [r3]
 136:Core/Src/main.c ****                 duty_B = 0;
 781              		.loc 1 136 17 is_stmt 1 view .LVU188
 136:Core/Src/main.c ****                 duty_B = 0;
 782              		.loc 1 136 24 is_stmt 0 view .LVU189
 783 000c 0023     		movs	r3, #0
 784 000e 1A4A     		ldr	r2, .L70+4
 785 0010 1370     		strb	r3, [r2]
 137:Core/Src/main.c ****             break;
 786              		.loc 1 137 17 is_stmt 1 view .LVU190
 137:Core/Src/main.c ****             break;
 787              		.loc 1 137 24 is_stmt 0 view .LVU191
 788 0012 1A4A     		ldr	r2, .L70+8
 789 0014 1370     		strb	r3, [r2]
 138:Core/Src/main.c ****             case 2:
 790              		.loc 1 138 13 is_stmt 1 view .LVU192
 791              	.L66:
 151:Core/Src/main.c ****     }
 792              		.loc 1 151 9 view .LVU193
 793 0016 1A4B     		ldr	r3, .L70+12
 794 0018 33F82400 		ldrh	r0, [r3, r4, lsl #2]
 795 001c FFF7FEFF 		bl	HAL_Delay
 796              	.LVL55:
 132:Core/Src/main.c ****         switch (seq[i].color_mode){
 797              		.loc 1 132 33 discriminator 2 view .LVU194
 798 0020 0134     		adds	r4, r4, #1
 799              	.LVL56:
 800              	.L62:
 132:Core/Src/main.c ****         switch (seq[i].color_mode){
 801              		.loc 1 132 23 discriminator 1 view .LVU195
 802 0022 184B     		ldr	r3, .L70+16
 803 0024 1B68     		ldr	r3, [r3]
 804 0026 A342     		cmp	r3, r4
 805 0028 1ADD     		ble	.L69
 133:Core/Src/main.c ****             case 1:
 806              		.loc 1 133 9 view .LVU196
 133:Core/Src/main.c ****             case 1:
 807              		.loc 1 133 23 is_stmt 0 view .LVU197
 808 002a 154B     		ldr	r3, .L70+12
 809 002c 03EB8403 		add	r3, r3, r4, lsl #2
 810 0030 9B78     		ldrb	r3, [r3, #2]	@ zero_extendqisi2
 133:Core/Src/main.c ****             case 1:
 811              		.loc 1 133 9 view .LVU198
 812 0032 012B     		cmp	r3, #1
 813 0034 E7D0     		beq	.L63
ARM GAS  C:\Users\crist\AppData\Local\Temp\ccrYGjzb.s 			page 23


 814 0036 022B     		cmp	r3, #2
 815 0038 09D0     		beq	.L64
 816 003a 002B     		cmp	r3, #0
 817 003c EBD1     		bne	.L66
 145:Core/Src/main.c ****                 duty_G = 0;
 818              		.loc 1 145 17 is_stmt 1 view .LVU199
 145:Core/Src/main.c ****                 duty_G = 0;
 819              		.loc 1 145 24 is_stmt 0 view .LVU200
 820 003e 0023     		movs	r3, #0
 821 0040 0C4A     		ldr	r2, .L70
 822 0042 1370     		strb	r3, [r2]
 146:Core/Src/main.c ****                 duty_B = 0;
 823              		.loc 1 146 17 is_stmt 1 view .LVU201
 146:Core/Src/main.c ****                 duty_B = 0;
 824              		.loc 1 146 24 is_stmt 0 view .LVU202
 825 0044 0C4A     		ldr	r2, .L70+4
 826 0046 1370     		strb	r3, [r2]
 147:Core/Src/main.c ****             break;
 827              		.loc 1 147 17 is_stmt 1 view .LVU203
 147:Core/Src/main.c ****             break;
 828              		.loc 1 147 24 is_stmt 0 view .LVU204
 829 0048 0C4A     		ldr	r2, .L70+8
 830 004a 1370     		strb	r3, [r2]
 148:Core/Src/main.c ****         break;
 831              		.loc 1 148 13 is_stmt 1 view .LVU205
 832 004c E3E7     		b	.L66
 833              	.L64:
 140:Core/Src/main.c ****                 duty_G = 100;
 834              		.loc 1 140 17 view .LVU206
 140:Core/Src/main.c ****                 duty_G = 100;
 835              		.loc 1 140 24 is_stmt 0 view .LVU207
 836 004e 0023     		movs	r3, #0
 837 0050 084A     		ldr	r2, .L70
 838 0052 1370     		strb	r3, [r2]
 141:Core/Src/main.c ****                 duty_B = 0;
 839              		.loc 1 141 17 is_stmt 1 view .LVU208
 141:Core/Src/main.c ****                 duty_B = 0;
 840              		.loc 1 141 24 is_stmt 0 view .LVU209
 841 0054 084A     		ldr	r2, .L70+4
 842 0056 6421     		movs	r1, #100
 843 0058 1170     		strb	r1, [r2]
 142:Core/Src/main.c ****             break;
 844              		.loc 1 142 17 is_stmt 1 view .LVU210
 142:Core/Src/main.c ****             break;
 845              		.loc 1 142 24 is_stmt 0 view .LVU211
 846 005a 084A     		ldr	r2, .L70+8
 847 005c 1370     		strb	r3, [r2]
 143:Core/Src/main.c ****             case 0:
 848              		.loc 1 143 13 is_stmt 1 view .LVU212
 849 005e DAE7     		b	.L66
 850              	.L69:
 851              	.LBE13:
 153:Core/Src/main.c ****     duty_G = 33;
 852              		.loc 1 153 5 view .LVU213
 153:Core/Src/main.c ****     duty_G = 33;
 853              		.loc 1 153 12 is_stmt 0 view .LVU214
 854 0060 2123     		movs	r3, #33
ARM GAS  C:\Users\crist\AppData\Local\Temp\ccrYGjzb.s 			page 24


 855 0062 044A     		ldr	r2, .L70
 856 0064 1370     		strb	r3, [r2]
 154:Core/Src/main.c ****     duty_B = 34;
 857              		.loc 1 154 5 is_stmt 1 view .LVU215
 154:Core/Src/main.c ****     duty_B = 34;
 858              		.loc 1 154 12 is_stmt 0 view .LVU216
 859 0066 044A     		ldr	r2, .L70+4
 860 0068 1370     		strb	r3, [r2]
 155:Core/Src/main.c **** }
 861              		.loc 1 155 5 is_stmt 1 view .LVU217
 155:Core/Src/main.c **** }
 862              		.loc 1 155 12 is_stmt 0 view .LVU218
 863 006a 044B     		ldr	r3, .L70+8
 864 006c 2222     		movs	r2, #34
 865 006e 1A70     		strb	r2, [r3]
 156:Core/Src/main.c **** 
 866              		.loc 1 156 1 view .LVU219
 867 0070 10BD     		pop	{r4, pc}
 868              	.LVL57:
 869              	.L71:
 156:Core/Src/main.c **** 
 870              		.loc 1 156 1 view .LVU220
 871 0072 00BF     		.align	2
 872              	.L70:
 873 0074 00000000 		.word	duty_R
 874 0078 00000000 		.word	duty_G
 875 007c 00000000 		.word	duty_B
 876 0080 00000000 		.word	seq
 877 0084 00000000 		.word	sq_len
 878              		.cfi_endproc
 879              	.LFE74:
 881              		.section	.text.Error_Handler,"ax",%progbits
 882              		.align	1
 883              		.global	Error_Handler
 884              		.syntax unified
 885              		.thumb
 886              		.thumb_func
 888              	Error_Handler:
 889              	.LFB80:
 309:Core/Src/main.c **** 
 310:Core/Src/main.c **** void Error_Handler(void) {
 890              		.loc 1 310 26 is_stmt 1 view -0
 891              		.cfi_startproc
 892              		@ Volatile: function does not return.
 893              		@ args = 0, pretend = 0, frame = 0
 894              		@ frame_needed = 0, uses_anonymous_args = 0
 895              		@ link register save eliminated.
 311:Core/Src/main.c ****     __disable_irq();
 896              		.loc 1 311 5 view .LVU222
 897              	.LBB14:
 898              	.LBI14:
 899              		.file 2 "Drivers/CMSIS/Include/cmsis_gcc.h"
   1:Drivers/CMSIS/Include/cmsis_gcc.h **** /**************************************************************************//**
   2:Drivers/CMSIS/Include/cmsis_gcc.h ****  * @file     cmsis_gcc.h
   3:Drivers/CMSIS/Include/cmsis_gcc.h ****  * @brief    CMSIS compiler GCC header file
   4:Drivers/CMSIS/Include/cmsis_gcc.h ****  * @version  V5.0.4
   5:Drivers/CMSIS/Include/cmsis_gcc.h ****  * @date     09. April 2018
ARM GAS  C:\Users\crist\AppData\Local\Temp\ccrYGjzb.s 			page 25


   6:Drivers/CMSIS/Include/cmsis_gcc.h ****  ******************************************************************************/
   7:Drivers/CMSIS/Include/cmsis_gcc.h **** /*
   8:Drivers/CMSIS/Include/cmsis_gcc.h ****  * Copyright (c) 2009-2018 Arm Limited. All rights reserved.
   9:Drivers/CMSIS/Include/cmsis_gcc.h ****  *
  10:Drivers/CMSIS/Include/cmsis_gcc.h ****  * SPDX-License-Identifier: Apache-2.0
  11:Drivers/CMSIS/Include/cmsis_gcc.h ****  *
  12:Drivers/CMSIS/Include/cmsis_gcc.h ****  * Licensed under the Apache License, Version 2.0 (the License); you may
  13:Drivers/CMSIS/Include/cmsis_gcc.h ****  * not use this file except in compliance with the License.
  14:Drivers/CMSIS/Include/cmsis_gcc.h ****  * You may obtain a copy of the License at
  15:Drivers/CMSIS/Include/cmsis_gcc.h ****  *
  16:Drivers/CMSIS/Include/cmsis_gcc.h ****  * www.apache.org/licenses/LICENSE-2.0
  17:Drivers/CMSIS/Include/cmsis_gcc.h ****  *
  18:Drivers/CMSIS/Include/cmsis_gcc.h ****  * Unless required by applicable law or agreed to in writing, software
  19:Drivers/CMSIS/Include/cmsis_gcc.h ****  * distributed under the License is distributed on an AS IS BASIS, WITHOUT
  20:Drivers/CMSIS/Include/cmsis_gcc.h ****  * WARRANTIES OR CONDITIONS OF ANY KIND, either express or implied.
  21:Drivers/CMSIS/Include/cmsis_gcc.h ****  * See the License for the specific language governing permissions and
  22:Drivers/CMSIS/Include/cmsis_gcc.h ****  * limitations under the License.
  23:Drivers/CMSIS/Include/cmsis_gcc.h ****  */
  24:Drivers/CMSIS/Include/cmsis_gcc.h **** 
  25:Drivers/CMSIS/Include/cmsis_gcc.h **** #ifndef __CMSIS_GCC_H
  26:Drivers/CMSIS/Include/cmsis_gcc.h **** #define __CMSIS_GCC_H
  27:Drivers/CMSIS/Include/cmsis_gcc.h **** 
  28:Drivers/CMSIS/Include/cmsis_gcc.h **** /* ignore some GCC warnings */
  29:Drivers/CMSIS/Include/cmsis_gcc.h **** #pragma GCC diagnostic push
  30:Drivers/CMSIS/Include/cmsis_gcc.h **** #pragma GCC diagnostic ignored "-Wsign-conversion"
  31:Drivers/CMSIS/Include/cmsis_gcc.h **** #pragma GCC diagnostic ignored "-Wconversion"
  32:Drivers/CMSIS/Include/cmsis_gcc.h **** #pragma GCC diagnostic ignored "-Wunused-parameter"
  33:Drivers/CMSIS/Include/cmsis_gcc.h **** 
  34:Drivers/CMSIS/Include/cmsis_gcc.h **** /* Fallback for __has_builtin */
  35:Drivers/CMSIS/Include/cmsis_gcc.h **** #ifndef __has_builtin
  36:Drivers/CMSIS/Include/cmsis_gcc.h ****   #define __has_builtin(x) (0)
  37:Drivers/CMSIS/Include/cmsis_gcc.h **** #endif
  38:Drivers/CMSIS/Include/cmsis_gcc.h **** 
  39:Drivers/CMSIS/Include/cmsis_gcc.h **** /* CMSIS compiler specific defines */
  40:Drivers/CMSIS/Include/cmsis_gcc.h **** #ifndef   __ASM
  41:Drivers/CMSIS/Include/cmsis_gcc.h ****   #define __ASM                                  __asm
  42:Drivers/CMSIS/Include/cmsis_gcc.h **** #endif
  43:Drivers/CMSIS/Include/cmsis_gcc.h **** #ifndef   __INLINE
  44:Drivers/CMSIS/Include/cmsis_gcc.h ****   #define __INLINE                               inline
  45:Drivers/CMSIS/Include/cmsis_gcc.h **** #endif
  46:Drivers/CMSIS/Include/cmsis_gcc.h **** #ifndef   __STATIC_INLINE
  47:Drivers/CMSIS/Include/cmsis_gcc.h ****   #define __STATIC_INLINE                        static inline
  48:Drivers/CMSIS/Include/cmsis_gcc.h **** #endif
  49:Drivers/CMSIS/Include/cmsis_gcc.h **** #ifndef   __STATIC_FORCEINLINE                 
  50:Drivers/CMSIS/Include/cmsis_gcc.h ****   #define __STATIC_FORCEINLINE                   __attribute__((always_inline)) static inline
  51:Drivers/CMSIS/Include/cmsis_gcc.h **** #endif                                           
  52:Drivers/CMSIS/Include/cmsis_gcc.h **** #ifndef   __NO_RETURN
  53:Drivers/CMSIS/Include/cmsis_gcc.h ****   #define __NO_RETURN                            __attribute__((__noreturn__))
  54:Drivers/CMSIS/Include/cmsis_gcc.h **** #endif
  55:Drivers/CMSIS/Include/cmsis_gcc.h **** #ifndef   __USED
  56:Drivers/CMSIS/Include/cmsis_gcc.h ****   #define __USED                                 __attribute__((used))
  57:Drivers/CMSIS/Include/cmsis_gcc.h **** #endif
  58:Drivers/CMSIS/Include/cmsis_gcc.h **** #ifndef   __WEAK
  59:Drivers/CMSIS/Include/cmsis_gcc.h ****   #define __WEAK                                 __attribute__((weak))
  60:Drivers/CMSIS/Include/cmsis_gcc.h **** #endif
  61:Drivers/CMSIS/Include/cmsis_gcc.h **** #ifndef   __PACKED
  62:Drivers/CMSIS/Include/cmsis_gcc.h ****   #define __PACKED                               __attribute__((packed, aligned(1)))
ARM GAS  C:\Users\crist\AppData\Local\Temp\ccrYGjzb.s 			page 26


  63:Drivers/CMSIS/Include/cmsis_gcc.h **** #endif
  64:Drivers/CMSIS/Include/cmsis_gcc.h **** #ifndef   __PACKED_STRUCT
  65:Drivers/CMSIS/Include/cmsis_gcc.h ****   #define __PACKED_STRUCT                        struct __attribute__((packed, aligned(1)))
  66:Drivers/CMSIS/Include/cmsis_gcc.h **** #endif
  67:Drivers/CMSIS/Include/cmsis_gcc.h **** #ifndef   __PACKED_UNION
  68:Drivers/CMSIS/Include/cmsis_gcc.h ****   #define __PACKED_UNION                         union __attribute__((packed, aligned(1)))
  69:Drivers/CMSIS/Include/cmsis_gcc.h **** #endif
  70:Drivers/CMSIS/Include/cmsis_gcc.h **** #ifndef   __UNALIGNED_UINT32        /* deprecated */
  71:Drivers/CMSIS/Include/cmsis_gcc.h ****   #pragma GCC diagnostic push
  72:Drivers/CMSIS/Include/cmsis_gcc.h ****   #pragma GCC diagnostic ignored "-Wpacked"
  73:Drivers/CMSIS/Include/cmsis_gcc.h ****   #pragma GCC diagnostic ignored "-Wattributes"
  74:Drivers/CMSIS/Include/cmsis_gcc.h ****   struct __attribute__((packed)) T_UINT32 { uint32_t v; };
  75:Drivers/CMSIS/Include/cmsis_gcc.h ****   #pragma GCC diagnostic pop
  76:Drivers/CMSIS/Include/cmsis_gcc.h ****   #define __UNALIGNED_UINT32(x)                  (((struct T_UINT32 *)(x))->v)
  77:Drivers/CMSIS/Include/cmsis_gcc.h **** #endif
  78:Drivers/CMSIS/Include/cmsis_gcc.h **** #ifndef   __UNALIGNED_UINT16_WRITE
  79:Drivers/CMSIS/Include/cmsis_gcc.h ****   #pragma GCC diagnostic push
  80:Drivers/CMSIS/Include/cmsis_gcc.h ****   #pragma GCC diagnostic ignored "-Wpacked"
  81:Drivers/CMSIS/Include/cmsis_gcc.h ****   #pragma GCC diagnostic ignored "-Wattributes"
  82:Drivers/CMSIS/Include/cmsis_gcc.h ****   __PACKED_STRUCT T_UINT16_WRITE { uint16_t v; };
  83:Drivers/CMSIS/Include/cmsis_gcc.h ****   #pragma GCC diagnostic pop
  84:Drivers/CMSIS/Include/cmsis_gcc.h ****   #define __UNALIGNED_UINT16_WRITE(addr, val)    (void)((((struct T_UINT16_WRITE *)(void *)(addr))-
  85:Drivers/CMSIS/Include/cmsis_gcc.h **** #endif
  86:Drivers/CMSIS/Include/cmsis_gcc.h **** #ifndef   __UNALIGNED_UINT16_READ
  87:Drivers/CMSIS/Include/cmsis_gcc.h ****   #pragma GCC diagnostic push
  88:Drivers/CMSIS/Include/cmsis_gcc.h ****   #pragma GCC diagnostic ignored "-Wpacked"
  89:Drivers/CMSIS/Include/cmsis_gcc.h ****   #pragma GCC diagnostic ignored "-Wattributes"
  90:Drivers/CMSIS/Include/cmsis_gcc.h ****   __PACKED_STRUCT T_UINT16_READ { uint16_t v; };
  91:Drivers/CMSIS/Include/cmsis_gcc.h ****   #pragma GCC diagnostic pop
  92:Drivers/CMSIS/Include/cmsis_gcc.h ****   #define __UNALIGNED_UINT16_READ(addr)          (((const struct T_UINT16_READ *)(const void *)(add
  93:Drivers/CMSIS/Include/cmsis_gcc.h **** #endif
  94:Drivers/CMSIS/Include/cmsis_gcc.h **** #ifndef   __UNALIGNED_UINT32_WRITE
  95:Drivers/CMSIS/Include/cmsis_gcc.h ****   #pragma GCC diagnostic push
  96:Drivers/CMSIS/Include/cmsis_gcc.h ****   #pragma GCC diagnostic ignored "-Wpacked"
  97:Drivers/CMSIS/Include/cmsis_gcc.h ****   #pragma GCC diagnostic ignored "-Wattributes"
  98:Drivers/CMSIS/Include/cmsis_gcc.h ****   __PACKED_STRUCT T_UINT32_WRITE { uint32_t v; };
  99:Drivers/CMSIS/Include/cmsis_gcc.h ****   #pragma GCC diagnostic pop
 100:Drivers/CMSIS/Include/cmsis_gcc.h ****   #define __UNALIGNED_UINT32_WRITE(addr, val)    (void)((((struct T_UINT32_WRITE *)(void *)(addr))-
 101:Drivers/CMSIS/Include/cmsis_gcc.h **** #endif
 102:Drivers/CMSIS/Include/cmsis_gcc.h **** #ifndef   __UNALIGNED_UINT32_READ
 103:Drivers/CMSIS/Include/cmsis_gcc.h ****   #pragma GCC diagnostic push
 104:Drivers/CMSIS/Include/cmsis_gcc.h ****   #pragma GCC diagnostic ignored "-Wpacked"
 105:Drivers/CMSIS/Include/cmsis_gcc.h ****   #pragma GCC diagnostic ignored "-Wattributes"
 106:Drivers/CMSIS/Include/cmsis_gcc.h ****   __PACKED_STRUCT T_UINT32_READ { uint32_t v; };
 107:Drivers/CMSIS/Include/cmsis_gcc.h ****   #pragma GCC diagnostic pop
 108:Drivers/CMSIS/Include/cmsis_gcc.h ****   #define __UNALIGNED_UINT32_READ(addr)          (((const struct T_UINT32_READ *)(const void *)(add
 109:Drivers/CMSIS/Include/cmsis_gcc.h **** #endif
 110:Drivers/CMSIS/Include/cmsis_gcc.h **** #ifndef   __ALIGNED
 111:Drivers/CMSIS/Include/cmsis_gcc.h ****   #define __ALIGNED(x)                           __attribute__((aligned(x)))
 112:Drivers/CMSIS/Include/cmsis_gcc.h **** #endif
 113:Drivers/CMSIS/Include/cmsis_gcc.h **** #ifndef   __RESTRICT
 114:Drivers/CMSIS/Include/cmsis_gcc.h ****   #define __RESTRICT                             __restrict
 115:Drivers/CMSIS/Include/cmsis_gcc.h **** #endif
 116:Drivers/CMSIS/Include/cmsis_gcc.h **** 
 117:Drivers/CMSIS/Include/cmsis_gcc.h **** 
 118:Drivers/CMSIS/Include/cmsis_gcc.h **** /* ###########################  Core Function Access  ########################### */
 119:Drivers/CMSIS/Include/cmsis_gcc.h **** /** \ingroup  CMSIS_Core_FunctionInterface
ARM GAS  C:\Users\crist\AppData\Local\Temp\ccrYGjzb.s 			page 27


 120:Drivers/CMSIS/Include/cmsis_gcc.h ****     \defgroup CMSIS_Core_RegAccFunctions CMSIS Core Register Access Functions
 121:Drivers/CMSIS/Include/cmsis_gcc.h ****   @{
 122:Drivers/CMSIS/Include/cmsis_gcc.h ****  */
 123:Drivers/CMSIS/Include/cmsis_gcc.h **** 
 124:Drivers/CMSIS/Include/cmsis_gcc.h **** /**
 125:Drivers/CMSIS/Include/cmsis_gcc.h ****   \brief   Enable IRQ Interrupts
 126:Drivers/CMSIS/Include/cmsis_gcc.h ****   \details Enables IRQ interrupts by clearing the I-bit in the CPSR.
 127:Drivers/CMSIS/Include/cmsis_gcc.h ****            Can only be executed in Privileged modes.
 128:Drivers/CMSIS/Include/cmsis_gcc.h ****  */
 129:Drivers/CMSIS/Include/cmsis_gcc.h **** __STATIC_FORCEINLINE void __enable_irq(void)
 130:Drivers/CMSIS/Include/cmsis_gcc.h **** {
 131:Drivers/CMSIS/Include/cmsis_gcc.h ****   __ASM volatile ("cpsie i" : : : "memory");
 132:Drivers/CMSIS/Include/cmsis_gcc.h **** }
 133:Drivers/CMSIS/Include/cmsis_gcc.h **** 
 134:Drivers/CMSIS/Include/cmsis_gcc.h **** 
 135:Drivers/CMSIS/Include/cmsis_gcc.h **** /**
 136:Drivers/CMSIS/Include/cmsis_gcc.h ****   \brief   Disable IRQ Interrupts
 137:Drivers/CMSIS/Include/cmsis_gcc.h ****   \details Disables IRQ interrupts by setting the I-bit in the CPSR.
 138:Drivers/CMSIS/Include/cmsis_gcc.h ****            Can only be executed in Privileged modes.
 139:Drivers/CMSIS/Include/cmsis_gcc.h ****  */
 140:Drivers/CMSIS/Include/cmsis_gcc.h **** __STATIC_FORCEINLINE void __disable_irq(void)
 900              		.loc 2 140 27 view .LVU223
 901              	.LBB15:
 141:Drivers/CMSIS/Include/cmsis_gcc.h **** {
 142:Drivers/CMSIS/Include/cmsis_gcc.h ****   __ASM volatile ("cpsid i" : : : "memory");
 902              		.loc 2 142 3 view .LVU224
 903              		.syntax unified
 904              	@ 142 "Drivers/CMSIS/Include/cmsis_gcc.h" 1
 905 0000 72B6     		cpsid i
 906              	@ 0 "" 2
 907              		.thumb
 908              		.syntax unified
 909              	.L73:
 910              	.LBE15:
 911              	.LBE14:
 312:Core/Src/main.c ****     while (1) {}
 912              		.loc 1 312 5 view .LVU225
 913              		.loc 1 312 16 view .LVU226
 914              		.loc 1 312 11 view .LVU227
 915 0002 FEE7     		b	.L73
 916              		.cfi_endproc
 917              	.LFE80:
 919              		.section	.text.MX_USART1_UART_Init,"ax",%progbits
 920              		.align	1
 921              		.syntax unified
 922              		.thumb
 923              		.thumb_func
 925              	MX_USART1_UART_Init:
 926              	.LFB78:
 269:Core/Src/main.c ****     huart1.Instance = USART1;
 927              		.loc 1 269 39 view -0
 928              		.cfi_startproc
 929              		@ args = 0, pretend = 0, frame = 0
 930              		@ frame_needed = 0, uses_anonymous_args = 0
 931 0000 08B5     		push	{r3, lr}
 932              	.LCFI12:
 933              		.cfi_def_cfa_offset 8
ARM GAS  C:\Users\crist\AppData\Local\Temp\ccrYGjzb.s 			page 28


 934              		.cfi_offset 3, -8
 935              		.cfi_offset 14, -4
 270:Core/Src/main.c ****     huart1.Init.BaudRate = 9600;
 936              		.loc 1 270 5 view .LVU229
 270:Core/Src/main.c ****     huart1.Init.BaudRate = 9600;
 937              		.loc 1 270 21 is_stmt 0 view .LVU230
 938 0002 0A48     		ldr	r0, .L78
 939 0004 0A4B     		ldr	r3, .L78+4
 940 0006 0360     		str	r3, [r0]
 271:Core/Src/main.c ****     huart1.Init.WordLength = UART_WORDLENGTH_8B;
 941              		.loc 1 271 5 is_stmt 1 view .LVU231
 271:Core/Src/main.c ****     huart1.Init.WordLength = UART_WORDLENGTH_8B;
 942              		.loc 1 271 26 is_stmt 0 view .LVU232
 943 0008 4FF41653 		mov	r3, #9600
 944 000c 4360     		str	r3, [r0, #4]
 272:Core/Src/main.c ****     huart1.Init.StopBits = UART_STOPBITS_1;
 945              		.loc 1 272 5 is_stmt 1 view .LVU233
 272:Core/Src/main.c ****     huart1.Init.StopBits = UART_STOPBITS_1;
 946              		.loc 1 272 28 is_stmt 0 view .LVU234
 947 000e 0023     		movs	r3, #0
 948 0010 8360     		str	r3, [r0, #8]
 273:Core/Src/main.c ****     huart1.Init.Parity = UART_PARITY_NONE;
 949              		.loc 1 273 5 is_stmt 1 view .LVU235
 273:Core/Src/main.c ****     huart1.Init.Parity = UART_PARITY_NONE;
 950              		.loc 1 273 26 is_stmt 0 view .LVU236
 951 0012 C360     		str	r3, [r0, #12]
 274:Core/Src/main.c ****     huart1.Init.Mode = UART_MODE_TX_RX;
 952              		.loc 1 274 5 is_stmt 1 view .LVU237
 274:Core/Src/main.c ****     huart1.Init.Mode = UART_MODE_TX_RX;
 953              		.loc 1 274 24 is_stmt 0 view .LVU238
 954 0014 0361     		str	r3, [r0, #16]
 275:Core/Src/main.c ****     huart1.Init.HwFlowCtl = UART_HWCONTROL_NONE;
 955              		.loc 1 275 5 is_stmt 1 view .LVU239
 275:Core/Src/main.c ****     huart1.Init.HwFlowCtl = UART_HWCONTROL_NONE;
 956              		.loc 1 275 22 is_stmt 0 view .LVU240
 957 0016 0C22     		movs	r2, #12
 958 0018 4261     		str	r2, [r0, #20]
 276:Core/Src/main.c ****     huart1.Init.OverSampling = UART_OVERSAMPLING_16;
 959              		.loc 1 276 5 is_stmt 1 view .LVU241
 276:Core/Src/main.c ****     huart1.Init.OverSampling = UART_OVERSAMPLING_16;
 960              		.loc 1 276 27 is_stmt 0 view .LVU242
 961 001a 8361     		str	r3, [r0, #24]
 277:Core/Src/main.c ****     if (HAL_UART_Init(&huart1) != HAL_OK) Error_Handler();
 962              		.loc 1 277 5 is_stmt 1 view .LVU243
 277:Core/Src/main.c ****     if (HAL_UART_Init(&huart1) != HAL_OK) Error_Handler();
 963              		.loc 1 277 30 is_stmt 0 view .LVU244
 964 001c C361     		str	r3, [r0, #28]
 278:Core/Src/main.c **** }
 965              		.loc 1 278 5 is_stmt 1 view .LVU245
 278:Core/Src/main.c **** }
 966              		.loc 1 278 9 is_stmt 0 view .LVU246
 967 001e FFF7FEFF 		bl	HAL_UART_Init
 968              	.LVL58:
 278:Core/Src/main.c **** }
 969              		.loc 1 278 8 discriminator 1 view .LVU247
 970 0022 00B9     		cbnz	r0, .L77
 279:Core/Src/main.c **** 
ARM GAS  C:\Users\crist\AppData\Local\Temp\ccrYGjzb.s 			page 29


 971              		.loc 1 279 1 view .LVU248
 972 0024 08BD     		pop	{r3, pc}
 973              	.L77:
 278:Core/Src/main.c **** }
 974              		.loc 1 278 43 is_stmt 1 discriminator 1 view .LVU249
 975 0026 FFF7FEFF 		bl	Error_Handler
 976              	.LVL59:
 977              	.L79:
 978 002a 00BF     		.align	2
 979              	.L78:
 980 002c 00000000 		.word	huart1
 981 0030 00380140 		.word	1073821696
 982              		.cfi_endproc
 983              	.LFE78:
 985              		.section	.text.MX_TIM2_Init,"ax",%progbits
 986              		.align	1
 987              		.syntax unified
 988              		.thumb
 989              		.thumb_func
 991              	MX_TIM2_Init:
 992              	.LFB77:
 248:Core/Src/main.c ****     TIM_ClockConfigTypeDef  sClockSourceConfig = {0};
 993              		.loc 1 248 32 view -0
 994              		.cfi_startproc
 995              		@ args = 0, pretend = 0, frame = 24
 996              		@ frame_needed = 0, uses_anonymous_args = 0
 997 0000 00B5     		push	{lr}
 998              	.LCFI13:
 999              		.cfi_def_cfa_offset 4
 1000              		.cfi_offset 14, -4
 1001 0002 87B0     		sub	sp, sp, #28
 1002              	.LCFI14:
 1003              		.cfi_def_cfa_offset 32
 249:Core/Src/main.c ****     TIM_MasterConfigTypeDef sMasterConfig = {0};
 1004              		.loc 1 249 5 view .LVU251
 249:Core/Src/main.c ****     TIM_MasterConfigTypeDef sMasterConfig = {0};
 1005              		.loc 1 249 29 is_stmt 0 view .LVU252
 1006 0004 0023     		movs	r3, #0
 1007 0006 0293     		str	r3, [sp, #8]
 1008 0008 0393     		str	r3, [sp, #12]
 1009 000a 0493     		str	r3, [sp, #16]
 1010 000c 0593     		str	r3, [sp, #20]
 250:Core/Src/main.c **** 
 1011              		.loc 1 250 5 is_stmt 1 view .LVU253
 250:Core/Src/main.c **** 
 1012              		.loc 1 250 29 is_stmt 0 view .LVU254
 1013 000e 0093     		str	r3, [sp]
 1014 0010 0193     		str	r3, [sp, #4]
 252:Core/Src/main.c ****     htim2.Init.Prescaler = 71;   
 1015              		.loc 1 252 5 is_stmt 1 view .LVU255
 252:Core/Src/main.c ****     htim2.Init.Prescaler = 71;   
 1016              		.loc 1 252 20 is_stmt 0 view .LVU256
 1017 0012 1348     		ldr	r0, .L88
 1018 0014 4FF08042 		mov	r2, #1073741824
 1019 0018 0260     		str	r2, [r0]
 253:Core/Src/main.c ****     htim2.Init.CounterMode = TIM_COUNTERMODE_UP;
 1020              		.loc 1 253 5 is_stmt 1 view .LVU257
ARM GAS  C:\Users\crist\AppData\Local\Temp\ccrYGjzb.s 			page 30


 253:Core/Src/main.c ****     htim2.Init.CounterMode = TIM_COUNTERMODE_UP;
 1021              		.loc 1 253 26 is_stmt 0 view .LVU258
 1022 001a 4722     		movs	r2, #71
 1023 001c 4260     		str	r2, [r0, #4]
 254:Core/Src/main.c ****     htim2.Init.Period = 99;   
 1024              		.loc 1 254 5 is_stmt 1 view .LVU259
 254:Core/Src/main.c ****     htim2.Init.Period = 99;   
 1025              		.loc 1 254 28 is_stmt 0 view .LVU260
 1026 001e 8360     		str	r3, [r0, #8]
 255:Core/Src/main.c ****     htim2.Init.ClockDivision = TIM_CLOCKDIVISION_DIV1;
 1027              		.loc 1 255 5 is_stmt 1 view .LVU261
 255:Core/Src/main.c ****     htim2.Init.ClockDivision = TIM_CLOCKDIVISION_DIV1;
 1028              		.loc 1 255 23 is_stmt 0 view .LVU262
 1029 0020 6322     		movs	r2, #99
 1030 0022 C260     		str	r2, [r0, #12]
 256:Core/Src/main.c ****     htim2.Init.AutoReloadPreload = TIM_AUTORELOAD_PRELOAD_DISABLE;
 1031              		.loc 1 256 5 is_stmt 1 view .LVU263
 256:Core/Src/main.c ****     htim2.Init.AutoReloadPreload = TIM_AUTORELOAD_PRELOAD_DISABLE;
 1032              		.loc 1 256 30 is_stmt 0 view .LVU264
 1033 0024 0361     		str	r3, [r0, #16]
 257:Core/Src/main.c ****     if (HAL_TIM_Base_Init(&htim2) != HAL_OK) Error_Handler();
 1034              		.loc 1 257 5 is_stmt 1 view .LVU265
 257:Core/Src/main.c ****     if (HAL_TIM_Base_Init(&htim2) != HAL_OK) Error_Handler();
 1035              		.loc 1 257 34 is_stmt 0 view .LVU266
 1036 0026 8361     		str	r3, [r0, #24]
 258:Core/Src/main.c **** 
 1037              		.loc 1 258 5 is_stmt 1 view .LVU267
 258:Core/Src/main.c **** 
 1038              		.loc 1 258 9 is_stmt 0 view .LVU268
 1039 0028 FFF7FEFF 		bl	HAL_TIM_Base_Init
 1040              	.LVL60:
 258:Core/Src/main.c **** 
 1041              		.loc 1 258 8 discriminator 1 view .LVU269
 1042 002c 88B9     		cbnz	r0, .L85
 260:Core/Src/main.c ****     if (HAL_TIM_ConfigClockSource(&htim2, &sClockSourceConfig) != HAL_OK) Error_Handler();
 1043              		.loc 1 260 5 is_stmt 1 view .LVU270
 260:Core/Src/main.c ****     if (HAL_TIM_ConfigClockSource(&htim2, &sClockSourceConfig) != HAL_OK) Error_Handler();
 1044              		.loc 1 260 36 is_stmt 0 view .LVU271
 1045 002e 4FF48053 		mov	r3, #4096
 1046 0032 0293     		str	r3, [sp, #8]
 261:Core/Src/main.c **** 
 1047              		.loc 1 261 5 is_stmt 1 view .LVU272
 261:Core/Src/main.c **** 
 1048              		.loc 1 261 9 is_stmt 0 view .LVU273
 1049 0034 02A9     		add	r1, sp, #8
 1050 0036 0A48     		ldr	r0, .L88
 1051 0038 FFF7FEFF 		bl	HAL_TIM_ConfigClockSource
 1052              	.LVL61:
 261:Core/Src/main.c **** 
 1053              		.loc 1 261 8 discriminator 1 view .LVU274
 1054 003c 58B9     		cbnz	r0, .L86
 263:Core/Src/main.c ****     sMasterConfig.MasterSlaveMode = TIM_MASTERSLAVEMODE_DISABLE;
 1055              		.loc 1 263 5 is_stmt 1 view .LVU275
 263:Core/Src/main.c ****     sMasterConfig.MasterSlaveMode = TIM_MASTERSLAVEMODE_DISABLE;
 1056              		.loc 1 263 39 is_stmt 0 view .LVU276
 1057 003e 0023     		movs	r3, #0
 1058 0040 0093     		str	r3, [sp]
ARM GAS  C:\Users\crist\AppData\Local\Temp\ccrYGjzb.s 			page 31


 264:Core/Src/main.c ****     if (HAL_TIMEx_MasterConfigSynchronization(&htim2, &sMasterConfig) != HAL_OK) Error_Handler();
 1059              		.loc 1 264 5 is_stmt 1 view .LVU277
 264:Core/Src/main.c ****     if (HAL_TIMEx_MasterConfigSynchronization(&htim2, &sMasterConfig) != HAL_OK) Error_Handler();
 1060              		.loc 1 264 35 is_stmt 0 view .LVU278
 1061 0042 0193     		str	r3, [sp, #4]
 265:Core/Src/main.c **** }
 1062              		.loc 1 265 5 is_stmt 1 view .LVU279
 265:Core/Src/main.c **** }
 1063              		.loc 1 265 9 is_stmt 0 view .LVU280
 1064 0044 6946     		mov	r1, sp
 1065 0046 0648     		ldr	r0, .L88
 1066 0048 FFF7FEFF 		bl	HAL_TIMEx_MasterConfigSynchronization
 1067              	.LVL62:
 265:Core/Src/main.c **** }
 1068              		.loc 1 265 8 discriminator 1 view .LVU281
 1069 004c 28B9     		cbnz	r0, .L87
 266:Core/Src/main.c **** 
 1070              		.loc 1 266 1 view .LVU282
 1071 004e 07B0     		add	sp, sp, #28
 1072              	.LCFI15:
 1073              		.cfi_remember_state
 1074              		.cfi_def_cfa_offset 4
 1075              		@ sp needed
 1076 0050 00BD     		pop	{pc}
 1077              	.L85:
 1078              	.LCFI16:
 1079              		.cfi_restore_state
 258:Core/Src/main.c **** 
 1080              		.loc 1 258 46 is_stmt 1 discriminator 1 view .LVU283
 1081 0052 FFF7FEFF 		bl	Error_Handler
 1082              	.LVL63:
 1083              	.L86:
 261:Core/Src/main.c **** 
 1084              		.loc 1 261 75 discriminator 1 view .LVU284
 1085 0056 FFF7FEFF 		bl	Error_Handler
 1086              	.LVL64:
 1087              	.L87:
 265:Core/Src/main.c **** }
 1088              		.loc 1 265 82 discriminator 1 view .LVU285
 1089 005a FFF7FEFF 		bl	Error_Handler
 1090              	.LVL65:
 1091              	.L89:
 1092 005e 00BF     		.align	2
 1093              	.L88:
 1094 0060 00000000 		.word	htim2
 1095              		.cfi_endproc
 1096              	.LFE77:
 1098              		.section	.text.SystemClock_Config,"ax",%progbits
 1099              		.align	1
 1100              		.global	SystemClock_Config
 1101              		.syntax unified
 1102              		.thumb
 1103              		.thumb_func
 1105              	SystemClock_Config:
 1106              	.LFB76:
 222:Core/Src/main.c ****     RCC_OscInitTypeDef RCC_OscInitStruct = {0};
 1107              		.loc 1 222 31 view -0
ARM GAS  C:\Users\crist\AppData\Local\Temp\ccrYGjzb.s 			page 32


 1108              		.cfi_startproc
 1109              		@ args = 0, pretend = 0, frame = 80
 1110              		@ frame_needed = 0, uses_anonymous_args = 0
 1111 0000 10B5     		push	{r4, lr}
 1112              	.LCFI17:
 1113              		.cfi_def_cfa_offset 8
 1114              		.cfi_offset 4, -8
 1115              		.cfi_offset 14, -4
 1116 0002 94B0     		sub	sp, sp, #80
 1117              	.LCFI18:
 1118              		.cfi_def_cfa_offset 88
 223:Core/Src/main.c ****     RCC_ClkInitTypeDef RCC_ClkInitStruct = {0};
 1119              		.loc 1 223 5 view .LVU287
 223:Core/Src/main.c ****     RCC_ClkInitTypeDef RCC_ClkInitStruct = {0};
 1120              		.loc 1 223 24 is_stmt 0 view .LVU288
 1121 0004 0AAC     		add	r4, sp, #40
 1122 0006 2822     		movs	r2, #40
 1123 0008 0021     		movs	r1, #0
 1124 000a 2046     		mov	r0, r4
 1125 000c FFF7FEFF 		bl	memset
 1126              	.LVL66:
 224:Core/Src/main.c ****     RCC_PeriphCLKInitTypeDef PeriphClkInit = {0};
 1127              		.loc 1 224 5 is_stmt 1 view .LVU289
 224:Core/Src/main.c ****     RCC_PeriphCLKInitTypeDef PeriphClkInit = {0};
 1128              		.loc 1 224 24 is_stmt 0 view .LVU290
 1129 0010 0023     		movs	r3, #0
 1130 0012 0593     		str	r3, [sp, #20]
 1131 0014 0693     		str	r3, [sp, #24]
 1132 0016 0793     		str	r3, [sp, #28]
 1133 0018 0893     		str	r3, [sp, #32]
 1134 001a 0993     		str	r3, [sp, #36]
 225:Core/Src/main.c **** 
 1135              		.loc 1 225 5 is_stmt 1 view .LVU291
 225:Core/Src/main.c **** 
 1136              		.loc 1 225 30 is_stmt 0 view .LVU292
 1137 001c 0193     		str	r3, [sp, #4]
 1138 001e 0293     		str	r3, [sp, #8]
 1139 0020 0393     		str	r3, [sp, #12]
 1140 0022 0493     		str	r3, [sp, #16]
 227:Core/Src/main.c ****     RCC_OscInitStruct.HSEState = RCC_HSE_ON;
 1141              		.loc 1 227 5 is_stmt 1 view .LVU293
 227:Core/Src/main.c ****     RCC_OscInitStruct.HSEState = RCC_HSE_ON;
 1142              		.loc 1 227 38 is_stmt 0 view .LVU294
 1143 0024 0122     		movs	r2, #1
 1144 0026 0A92     		str	r2, [sp, #40]
 228:Core/Src/main.c ****     RCC_OscInitStruct.HSEPredivValue = RCC_HSE_PREDIV_DIV1;
 1145              		.loc 1 228 5 is_stmt 1 view .LVU295
 228:Core/Src/main.c ****     RCC_OscInitStruct.HSEPredivValue = RCC_HSE_PREDIV_DIV1;
 1146              		.loc 1 228 32 is_stmt 0 view .LVU296
 1147 0028 4FF48033 		mov	r3, #65536
 1148 002c 0B93     		str	r3, [sp, #44]
 229:Core/Src/main.c ****     RCC_OscInitStruct.HSIState = RCC_HSI_ON;
 1149              		.loc 1 229 5 is_stmt 1 view .LVU297
 230:Core/Src/main.c ****     RCC_OscInitStruct.PLL.PLLState = RCC_PLL_ON;
 1150              		.loc 1 230 5 view .LVU298
 230:Core/Src/main.c ****     RCC_OscInitStruct.PLL.PLLState = RCC_PLL_ON;
 1151              		.loc 1 230 32 is_stmt 0 view .LVU299
ARM GAS  C:\Users\crist\AppData\Local\Temp\ccrYGjzb.s 			page 33


 1152 002e 0E92     		str	r2, [sp, #56]
 231:Core/Src/main.c ****     RCC_OscInitStruct.PLL.PLLSource = RCC_PLLSOURCE_HSE;
 1153              		.loc 1 231 5 is_stmt 1 view .LVU300
 231:Core/Src/main.c ****     RCC_OscInitStruct.PLL.PLLSource = RCC_PLLSOURCE_HSE;
 1154              		.loc 1 231 36 is_stmt 0 view .LVU301
 1155 0030 0222     		movs	r2, #2
 1156 0032 1192     		str	r2, [sp, #68]
 232:Core/Src/main.c ****     RCC_OscInitStruct.PLL.PLLMUL = RCC_PLL_MUL9;
 1157              		.loc 1 232 5 is_stmt 1 view .LVU302
 232:Core/Src/main.c ****     RCC_OscInitStruct.PLL.PLLMUL = RCC_PLL_MUL9;
 1158              		.loc 1 232 37 is_stmt 0 view .LVU303
 1159 0034 1293     		str	r3, [sp, #72]
 233:Core/Src/main.c ****     if (HAL_RCC_OscConfig(&RCC_OscInitStruct) != HAL_OK) Error_Handler();
 1160              		.loc 1 233 5 is_stmt 1 view .LVU304
 233:Core/Src/main.c ****     if (HAL_RCC_OscConfig(&RCC_OscInitStruct) != HAL_OK) Error_Handler();
 1161              		.loc 1 233 34 is_stmt 0 view .LVU305
 1162 0036 4FF4E013 		mov	r3, #1835008
 1163 003a 1393     		str	r3, [sp, #76]
 234:Core/Src/main.c **** 
 1164              		.loc 1 234 5 is_stmt 1 view .LVU306
 234:Core/Src/main.c **** 
 1165              		.loc 1 234 9 is_stmt 0 view .LVU307
 1166 003c 2046     		mov	r0, r4
 1167 003e FFF7FEFF 		bl	HAL_RCC_OscConfig
 1168              	.LVL67:
 234:Core/Src/main.c **** 
 1169              		.loc 1 234 8 discriminator 1 view .LVU308
 1170 0042 B8B9     		cbnz	r0, .L95
 236:Core/Src/main.c ****     RCC_ClkInitStruct.SYSCLKSource = RCC_SYSCLKSOURCE_PLLCLK;
 1171              		.loc 1 236 5 is_stmt 1 view .LVU309
 236:Core/Src/main.c ****     RCC_ClkInitStruct.SYSCLKSource = RCC_SYSCLKSOURCE_PLLCLK;
 1172              		.loc 1 236 33 is_stmt 0 view .LVU310
 1173 0044 0F23     		movs	r3, #15
 1174 0046 0593     		str	r3, [sp, #20]
 237:Core/Src/main.c ****     RCC_ClkInitStruct.AHBCLKDivider = RCC_SYSCLK_DIV1;
 1175              		.loc 1 237 5 is_stmt 1 view .LVU311
 237:Core/Src/main.c ****     RCC_ClkInitStruct.AHBCLKDivider = RCC_SYSCLK_DIV1;
 1176              		.loc 1 237 36 is_stmt 0 view .LVU312
 1177 0048 0221     		movs	r1, #2
 1178 004a 0691     		str	r1, [sp, #24]
 238:Core/Src/main.c ****     RCC_ClkInitStruct.APB1CLKDivider = RCC_HCLK_DIV2;
 1179              		.loc 1 238 5 is_stmt 1 view .LVU313
 238:Core/Src/main.c ****     RCC_ClkInitStruct.APB1CLKDivider = RCC_HCLK_DIV2;
 1180              		.loc 1 238 37 is_stmt 0 view .LVU314
 1181 004c 0023     		movs	r3, #0
 1182 004e 0793     		str	r3, [sp, #28]
 239:Core/Src/main.c ****     RCC_ClkInitStruct.APB2CLKDivider = RCC_HCLK_DIV1;
 1183              		.loc 1 239 5 is_stmt 1 view .LVU315
 239:Core/Src/main.c ****     RCC_ClkInitStruct.APB2CLKDivider = RCC_HCLK_DIV1;
 1184              		.loc 1 239 38 is_stmt 0 view .LVU316
 1185 0050 4FF48062 		mov	r2, #1024
 1186 0054 0892     		str	r2, [sp, #32]
 240:Core/Src/main.c ****     if (HAL_RCC_ClockConfig(&RCC_ClkInitStruct, FLASH_LATENCY_2) != HAL_OK) Error_Handler();
 1187              		.loc 1 240 5 is_stmt 1 view .LVU317
 240:Core/Src/main.c ****     if (HAL_RCC_ClockConfig(&RCC_ClkInitStruct, FLASH_LATENCY_2) != HAL_OK) Error_Handler();
 1188              		.loc 1 240 38 is_stmt 0 view .LVU318
 1189 0056 0993     		str	r3, [sp, #36]
ARM GAS  C:\Users\crist\AppData\Local\Temp\ccrYGjzb.s 			page 34


 241:Core/Src/main.c **** 
 1190              		.loc 1 241 5 is_stmt 1 view .LVU319
 241:Core/Src/main.c **** 
 1191              		.loc 1 241 9 is_stmt 0 view .LVU320
 1192 0058 05A8     		add	r0, sp, #20
 1193 005a FFF7FEFF 		bl	HAL_RCC_ClockConfig
 1194              	.LVL68:
 241:Core/Src/main.c **** 
 1195              		.loc 1 241 8 discriminator 1 view .LVU321
 1196 005e 58B9     		cbnz	r0, .L96
 243:Core/Src/main.c ****     PeriphClkInit.UsbClockSelection = RCC_USBCLKSOURCE_PLL_DIV1_5;
 1197              		.loc 1 243 5 is_stmt 1 view .LVU322
 243:Core/Src/main.c ****     PeriphClkInit.UsbClockSelection = RCC_USBCLKSOURCE_PLL_DIV1_5;
 1198              		.loc 1 243 40 is_stmt 0 view .LVU323
 1199 0060 1023     		movs	r3, #16
 1200 0062 0193     		str	r3, [sp, #4]
 244:Core/Src/main.c ****     if (HAL_RCCEx_PeriphCLKConfig(&PeriphClkInit) != HAL_OK) Error_Handler();
 1201              		.loc 1 244 5 is_stmt 1 view .LVU324
 244:Core/Src/main.c ****     if (HAL_RCCEx_PeriphCLKConfig(&PeriphClkInit) != HAL_OK) Error_Handler();
 1202              		.loc 1 244 37 is_stmt 0 view .LVU325
 1203 0064 0023     		movs	r3, #0
 1204 0066 0493     		str	r3, [sp, #16]
 245:Core/Src/main.c **** }
 1205              		.loc 1 245 5 is_stmt 1 view .LVU326
 245:Core/Src/main.c **** }
 1206              		.loc 1 245 9 is_stmt 0 view .LVU327
 1207 0068 01A8     		add	r0, sp, #4
 1208 006a FFF7FEFF 		bl	HAL_RCCEx_PeriphCLKConfig
 1209              	.LVL69:
 245:Core/Src/main.c **** }
 1210              		.loc 1 245 8 discriminator 1 view .LVU328
 1211 006e 28B9     		cbnz	r0, .L97
 246:Core/Src/main.c **** 
 1212              		.loc 1 246 1 view .LVU329
 1213 0070 14B0     		add	sp, sp, #80
 1214              	.LCFI19:
 1215              		.cfi_remember_state
 1216              		.cfi_def_cfa_offset 8
 1217              		@ sp needed
 1218 0072 10BD     		pop	{r4, pc}
 1219              	.L95:
 1220              	.LCFI20:
 1221              		.cfi_restore_state
 234:Core/Src/main.c **** 
 1222              		.loc 1 234 58 is_stmt 1 discriminator 1 view .LVU330
 1223 0074 FFF7FEFF 		bl	Error_Handler
 1224              	.LVL70:
 1225              	.L96:
 241:Core/Src/main.c **** 
 1226              		.loc 1 241 77 discriminator 1 view .LVU331
 1227 0078 FFF7FEFF 		bl	Error_Handler
 1228              	.LVL71:
 1229              	.L97:
 245:Core/Src/main.c **** }
 1230              		.loc 1 245 62 discriminator 1 view .LVU332
 1231 007c FFF7FEFF 		bl	Error_Handler
 1232              	.LVL72:
ARM GAS  C:\Users\crist\AppData\Local\Temp\ccrYGjzb.s 			page 35


 1233              		.cfi_endproc
 1234              	.LFE76:
 1236              		.section	.rodata.main.str1.4,"aMS",%progbits,1
 1237              		.align	2
 1238              	.LC2:
 1239 0000 436F6465 		.ascii	"Code version %d.%d starting...\015\012\000"
 1239      20766572 
 1239      73696F6E 
 1239      2025642E 
 1239      25642073 
 1240 0021 000000   		.align	2
 1241              	.LC3:
 1242 0024 53746172 		.ascii	"Stare initiala: Albastru (R 0%%, G 0%%, B 100%%)\015"
 1242      6520696E 
 1242      69746961 
 1242      6C613A20 
 1242      416C6261 
 1243 0055 0A00     		.ascii	"\012\000"
 1244 0057 00       		.align	2
 1245              	.LC4:
 1246 0058 68656C6C 		.ascii	"hello 23\000"
 1246      6F203233 
 1246      00
 1247 0061 000000   		.align	2
 1248              	.LC5:
 1249 0064 52202564 		.ascii	"R %d%%, G %d%%, B %d%%\015\012\000"
 1249      25252C20 
 1249      47202564 
 1249      25252C20 
 1249      42202564 
 1250              		.section	.text.main,"ax",%progbits
 1251              		.align	1
 1252              		.global	main
 1253              		.syntax unified
 1254              		.thumb
 1255              		.thumb_func
 1257              	main:
 1258              	.LFB75:
 160:Core/Src/main.c ****     HAL_Init();
 1259              		.loc 1 160 16 view -0
 1260              		.cfi_startproc
 1261              		@ args = 0, pretend = 0, frame = 0
 1262              		@ frame_needed = 0, uses_anonymous_args = 0
 1263 0000 08B5     		push	{r3, lr}
 1264              	.LCFI21:
 1265              		.cfi_def_cfa_offset 8
 1266              		.cfi_offset 3, -8
 1267              		.cfi_offset 14, -4
 161:Core/Src/main.c ****     SystemClock_Config();
 1268              		.loc 1 161 5 view .LVU334
 1269 0002 FFF7FEFF 		bl	HAL_Init
 1270              	.LVL73:
 162:Core/Src/main.c ****     MX_GPIO_Init();
 1271              		.loc 1 162 5 view .LVU335
 1272 0006 FFF7FEFF 		bl	SystemClock_Config
 1273              	.LVL74:
 163:Core/Src/main.c ****     MX_USART1_UART_Init();
ARM GAS  C:\Users\crist\AppData\Local\Temp\ccrYGjzb.s 			page 36


 1274              		.loc 1 163 5 view .LVU336
 1275 000a FFF7FEFF 		bl	MX_GPIO_Init
 1276              	.LVL75:
 164:Core/Src/main.c ****     MX_USB_DEVICE_Init();
 1277              		.loc 1 164 5 view .LVU337
 1278 000e FFF7FEFF 		bl	MX_USART1_UART_Init
 1279              	.LVL76:
 165:Core/Src/main.c ****     
 1280              		.loc 1 165 5 view .LVU338
 1281 0012 FFF7FEFF 		bl	MX_USB_DEVICE_Init
 1282              	.LVL77:
 167:Core/Src/main.c **** 
 1283              		.loc 1 167 5 view .LVU339
 1284 0016 FFF7FEFF 		bl	MX_TIM2_Init
 1285              	.LVL78:
 169:Core/Src/main.c ****     HAL_TIM_Base_Start_IT(&htim2);
 1286              		.loc 1 169 5 view .LVU340
 1287 001a 0122     		movs	r2, #1
 1288 001c 3A49     		ldr	r1, .L113
 1289 001e 3B48     		ldr	r0, .L113+4
 1290 0020 FFF7FEFF 		bl	HAL_UART_Receive_IT
 1291              	.LVL79:
 170:Core/Src/main.c **** 
 1292              		.loc 1 170 5 view .LVU341
 1293 0024 3A48     		ldr	r0, .L113+8
 1294 0026 FFF7FEFF 		bl	HAL_TIM_Base_Start_IT
 1295              	.LVL80:
 172:Core/Src/main.c ****     printf("Stare initiala: Albastru (R 0%%, G 0%%, B 100%%)\r\n");
 1296              		.loc 1 172 5 view .LVU342
 1297 002a 0122     		movs	r2, #1
 1298 002c 1146     		mov	r1, r2
 1299 002e 3948     		ldr	r0, .L113+12
 1300 0030 FFF7FEFF 		bl	printf
 1301              	.LVL81:
 173:Core/Src/main.c **** 
 1302              		.loc 1 173 5 view .LVU343
 1303 0034 3848     		ldr	r0, .L113+16
 1304 0036 FFF7FEFF 		bl	printf
 1305              	.LVL82:
 175:Core/Src/main.c ****     morseBlink(text);
 1306              		.loc 1 175 5 view .LVU344
 176:Core/Src/main.c ****     // main loop
 1307              		.loc 1 176 5 view .LVU345
 1308 003a 3848     		ldr	r0, .L113+20
 1309 003c FFF7FEFF 		bl	morseBlink
 1310              	.LVL83:
 1311 0040 10E0     		b	.L99
 1312              	.L109:
 193:Core/Src/main.c ****                         break;
 1313              		.loc 1 193 25 view .LVU346
 193:Core/Src/main.c ****                         break;
 1314              		.loc 1 193 32 is_stmt 0 view .LVU347
 1315 0042 0023     		movs	r3, #0
 1316 0044 364A     		ldr	r2, .L113+24
 1317 0046 1370     		strb	r3, [r2]
 193:Core/Src/main.c ****                         break;
 1318              		.loc 1 193 37 is_stmt 1 view .LVU348
ARM GAS  C:\Users\crist\AppData\Local\Temp\ccrYGjzb.s 			page 37


 193:Core/Src/main.c ****                         break;
 1319              		.loc 1 193 44 is_stmt 0 view .LVU349
 1320 0048 364A     		ldr	r2, .L113+28
 1321 004a 1370     		strb	r3, [r2]
 193:Core/Src/main.c ****                         break;
 1322              		.loc 1 193 49 is_stmt 1 view .LVU350
 193:Core/Src/main.c ****                         break;
 1323              		.loc 1 193 56 is_stmt 0 view .LVU351
 1324 004c 364B     		ldr	r3, .L113+32
 1325 004e 6422     		movs	r2, #100
 1326 0050 1A70     		strb	r2, [r3]
 194:Core/Src/main.c **** 
 1327              		.loc 1 194 25 is_stmt 1 view .LVU352
 1328              	.L103:
 215:Core/Src/main.c ****             }
 1329              		.loc 1 215 17 view .LVU353
 1330 0052 334B     		ldr	r3, .L113+24
 1331 0054 1978     		ldrb	r1, [r3]	@ zero_extendqisi2
 1332 0056 334B     		ldr	r3, .L113+28
 1333 0058 1A78     		ldrb	r2, [r3]	@ zero_extendqisi2
 1334 005a 334B     		ldr	r3, .L113+32
 1335 005c 1B78     		ldrb	r3, [r3]	@ zero_extendqisi2
 1336 005e 3348     		ldr	r0, .L113+36
 1337 0060 FFF7FEFF 		bl	printf
 1338              	.LVL84:
 1339              	.L99:
 179:Core/Src/main.c ****         //debouncer
 1340              		.loc 1 179 5 view .LVU354
 181:Core/Src/main.c ****             HAL_Delay(25);
 1341              		.loc 1 181 9 view .LVU355
 181:Core/Src/main.c ****             HAL_Delay(25);
 1342              		.loc 1 181 13 is_stmt 0 view .LVU356
 1343 0064 4FF40051 		mov	r1, #8192
 1344 0068 3148     		ldr	r0, .L113+40
 1345 006a FFF7FEFF 		bl	HAL_GPIO_ReadPin
 1346              	.LVL85:
 181:Core/Src/main.c ****             HAL_Delay(25);
 1347              		.loc 1 181 12 discriminator 1 view .LVU357
 1348 006e 0028     		cmp	r0, #0
 1349 0070 F8D1     		bne	.L99
 182:Core/Src/main.c ****             if (HAL_GPIO_ReadPin(GPIOC, GPIO_PIN_13) == GPIO_PIN_RESET) {
 1350              		.loc 1 182 13 is_stmt 1 view .LVU358
 1351 0072 1920     		movs	r0, #25
 1352 0074 FFF7FEFF 		bl	HAL_Delay
 1353              	.LVL86:
 183:Core/Src/main.c ****                 while (HAL_GPIO_ReadPin(GPIOC, GPIO_PIN_13) == GPIO_PIN_RESET);
 1354              		.loc 1 183 13 view .LVU359
 183:Core/Src/main.c ****                 while (HAL_GPIO_ReadPin(GPIOC, GPIO_PIN_13) == GPIO_PIN_RESET);
 1355              		.loc 1 183 17 is_stmt 0 view .LVU360
 1356 0078 4FF40051 		mov	r1, #8192
 1357 007c 2C48     		ldr	r0, .L113+40
 1358 007e FFF7FEFF 		bl	HAL_GPIO_ReadPin
 1359              	.LVL87:
 183:Core/Src/main.c ****                 while (HAL_GPIO_ReadPin(GPIOC, GPIO_PIN_13) == GPIO_PIN_RESET);
 1360              		.loc 1 183 16 discriminator 1 view .LVU361
 1361 0082 0028     		cmp	r0, #0
 1362 0084 EED1     		bne	.L99
ARM GAS  C:\Users\crist\AppData\Local\Temp\ccrYGjzb.s 			page 38


 1363              	.L101:
 184:Core/Src/main.c ****                 state++;
 1364              		.loc 1 184 61 is_stmt 1 discriminator 1 view .LVU362
 184:Core/Src/main.c ****                 state++;
 1365              		.loc 1 184 24 is_stmt 0 discriminator 1 view .LVU363
 1366 0086 4FF40051 		mov	r1, #8192
 1367 008a 2948     		ldr	r0, .L113+40
 1368 008c FFF7FEFF 		bl	HAL_GPIO_ReadPin
 1369              	.LVL88:
 184:Core/Src/main.c ****                 state++;
 1370              		.loc 1 184 61 discriminator 1 view .LVU364
 1371 0090 0028     		cmp	r0, #0
 1372 0092 F8D0     		beq	.L101
 185:Core/Src/main.c ****                 if (state > 4) {
 1373              		.loc 1 185 17 is_stmt 1 view .LVU365
 185:Core/Src/main.c ****                 if (state > 4) {
 1374              		.loc 1 185 22 is_stmt 0 view .LVU366
 1375 0094 274A     		ldr	r2, .L113+44
 1376 0096 1378     		ldrb	r3, [r2]	@ zero_extendqisi2
 1377 0098 0133     		adds	r3, r3, #1
 1378 009a DBB2     		uxtb	r3, r3
 1379 009c 1370     		strb	r3, [r2]
 186:Core/Src/main.c ****                     state = 0;
 1380              		.loc 1 186 17 is_stmt 1 view .LVU367
 186:Core/Src/main.c ****                     state = 0;
 1381              		.loc 1 186 20 is_stmt 0 view .LVU368
 1382 009e 042B     		cmp	r3, #4
 1383 00a0 02D9     		bls	.L102
 187:Core/Src/main.c ****                 }
 1384              		.loc 1 187 21 is_stmt 1 view .LVU369
 187:Core/Src/main.c ****                 }
 1385              		.loc 1 187 27 is_stmt 0 view .LVU370
 1386 00a2 1346     		mov	r3, r2
 1387 00a4 0022     		movs	r2, #0
 1388 00a6 1A70     		strb	r2, [r3]
 1389              	.L102:
 191:Core/Src/main.c ****                     case 0: //albastru
 1390              		.loc 1 191 17 is_stmt 1 view .LVU371
 1391 00a8 224B     		ldr	r3, .L113+44
 1392 00aa 1B78     		ldrb	r3, [r3]	@ zero_extendqisi2
 1393 00ac 042B     		cmp	r3, #4
 1394 00ae D0D8     		bhi	.L103
 1395 00b0 01A2     		adr	r2, .L105
 1396 00b2 52F823F0 		ldr	pc, [r2, r3, lsl #2]
 1397 00b6 00BF     		.p2align 2
 1398              	.L105:
 1399 00b8 43000000 		.word	.L109+1
 1400 00bc CD000000 		.word	.L108+1
 1401 00c0 E1000000 		.word	.L107+1
 1402 00c4 F3000000 		.word	.L106+1
 1403 00c8 03010000 		.word	.L104+1
 1404              		.p2align 1
 1405              	.L108:
 197:Core/Src/main.c ****                         break;
 1406              		.loc 1 197 25 view .LVU372
 197:Core/Src/main.c ****                         break;
 1407              		.loc 1 197 32 is_stmt 0 view .LVU373
ARM GAS  C:\Users\crist\AppData\Local\Temp\ccrYGjzb.s 			page 39


 1408 00cc 144B     		ldr	r3, .L113+24
 1409 00ce 5022     		movs	r2, #80
 1410 00d0 1A70     		strb	r2, [r3]
 197:Core/Src/main.c ****                         break;
 1411              		.loc 1 197 38 is_stmt 1 view .LVU374
 197:Core/Src/main.c ****                         break;
 1412              		.loc 1 197 45 is_stmt 0 view .LVU375
 1413 00d2 144B     		ldr	r3, .L113+28
 1414 00d4 3222     		movs	r2, #50
 1415 00d6 1A70     		strb	r2, [r3]
 197:Core/Src/main.c ****                         break;
 1416              		.loc 1 197 51 is_stmt 1 view .LVU376
 197:Core/Src/main.c ****                         break;
 1417              		.loc 1 197 58 is_stmt 0 view .LVU377
 1418 00d8 134B     		ldr	r3, .L113+32
 1419 00da 0022     		movs	r2, #0
 1420 00dc 1A70     		strb	r2, [r3]
 198:Core/Src/main.c **** 
 1421              		.loc 1 198 25 is_stmt 1 view .LVU378
 1422 00de B8E7     		b	.L103
 1423              	.L107:
 201:Core/Src/main.c ****                         break;
 1424              		.loc 1 201 25 view .LVU379
 201:Core/Src/main.c ****                         break;
 1425              		.loc 1 201 32 is_stmt 0 view .LVU380
 1426 00e0 3223     		movs	r3, #50
 1427 00e2 0F4A     		ldr	r2, .L113+24
 1428 00e4 1370     		strb	r3, [r2]
 201:Core/Src/main.c ****                         break;
 1429              		.loc 1 201 38 is_stmt 1 view .LVU381
 201:Core/Src/main.c ****                         break;
 1430              		.loc 1 201 45 is_stmt 0 view .LVU382
 1431 00e6 0F4A     		ldr	r2, .L113+28
 1432 00e8 0021     		movs	r1, #0
 1433 00ea 1170     		strb	r1, [r2]
 201:Core/Src/main.c ****                         break;
 1434              		.loc 1 201 50 is_stmt 1 view .LVU383
 201:Core/Src/main.c ****                         break;
 1435              		.loc 1 201 57 is_stmt 0 view .LVU384
 1436 00ec 0E4A     		ldr	r2, .L113+32
 1437 00ee 1370     		strb	r3, [r2]
 202:Core/Src/main.c **** 
 1438              		.loc 1 202 25 is_stmt 1 view .LVU385
 1439 00f0 AFE7     		b	.L103
 1440              	.L106:
 205:Core/Src/main.c ****                         break;
 1441              		.loc 1 205 25 view .LVU386
 205:Core/Src/main.c ****                         break;
 1442              		.loc 1 205 32 is_stmt 0 view .LVU387
 1443 00f2 0023     		movs	r3, #0
 1444 00f4 0A4A     		ldr	r2, .L113+24
 1445 00f6 1370     		strb	r3, [r2]
 205:Core/Src/main.c ****                         break;
 1446              		.loc 1 205 37 is_stmt 1 view .LVU388
 205:Core/Src/main.c ****                         break;
 1447              		.loc 1 205 44 is_stmt 0 view .LVU389
 1448 00f8 0A4A     		ldr	r2, .L113+28
ARM GAS  C:\Users\crist\AppData\Local\Temp\ccrYGjzb.s 			page 40


 1449 00fa 1370     		strb	r3, [r2]
 205:Core/Src/main.c ****                         break;
 1450              		.loc 1 205 49 is_stmt 1 view .LVU390
 205:Core/Src/main.c ****                         break;
 1451              		.loc 1 205 56 is_stmt 0 view .LVU391
 1452 00fc 0A4A     		ldr	r2, .L113+32
 1453 00fe 1370     		strb	r3, [r2]
 206:Core/Src/main.c ****                     case 4: // morse code
 1454              		.loc 1 206 25 is_stmt 1 view .LVU392
 1455 0100 A7E7     		b	.L103
 1456              	.L104:
 209:Core/Src/main.c ****                         break;  
 1457              		.loc 1 209 25 view .LVU393
 1458 0102 FFF7FEFF 		bl	play_loop
 1459              	.LVL89:
 210:Core/Src/main.c ****                     break;
 1460              		.loc 1 210 25 view .LVU394
 1461 0106 A4E7     		b	.L103
 1462              	.L114:
 1463              		.align	2
 1464              	.L113:
 1465 0108 00000000 		.word	uart_buf
 1466 010c 00000000 		.word	huart1
 1467 0110 00000000 		.word	htim2
 1468 0114 00000000 		.word	.LC2
 1469 0118 24000000 		.word	.LC3
 1470 011c 58000000 		.word	.LC4
 1471 0120 00000000 		.word	duty_R
 1472 0124 00000000 		.word	duty_G
 1473 0128 00000000 		.word	duty_B
 1474 012c 64000000 		.word	.LC5
 1475 0130 00100140 		.word	1073811456
 1476 0134 00000000 		.word	state
 1477              		.cfi_endproc
 1478              	.LFE75:
 1480              		.global	sq_len
 1481              		.section	.bss.sq_len,"aw",%nobits
 1482              		.align	2
 1485              	sq_len:
 1486 0000 00000000 		.space	4
 1487              		.global	seq
 1488              		.section	.bss.seq,"aw",%nobits
 1489              		.align	2
 1492              	seq:
 1493 0000 00000000 		.space	600
 1493      00000000 
 1493      00000000 
 1493      00000000 
 1493      00000000 
 1494              		.global	alphabet
 1495              		.section	.rodata.str1.4,"aMS",%progbits,1
 1496              		.align	2
 1497              	.LC6:
 1498 0000 2E2E2E2E 		.ascii	"....\000"
 1498      00
 1499 0005 000000   		.align	2
 1500              	.LC7:
ARM GAS  C:\Users\crist\AppData\Local\Temp\ccrYGjzb.s 			page 41


 1501 0008 2E00     		.ascii	".\000"
 1502 000a 0000     		.align	2
 1503              	.LC8:
 1504 000c 2E2D2E2E 		.ascii	".-..\000"
 1504      00
 1505 0011 000000   		.align	2
 1506              	.LC9:
 1507 0014 2D2D2D00 		.ascii	"---\000"
 1508              		.align	2
 1509              	.LC10:
 1510 0018 2E2E2D2D 		.ascii	"..---\000"
 1510      2D00
 1511 001e 0000     		.align	2
 1512              	.LC11:
 1513 0020 2E2E2E2D 		.ascii	"...--\000"
 1513      2D00
 1514              		.section	.data.alphabet,"aw"
 1515              		.align	2
 1518              	alphabet:
 1519 0000 68       		.byte	104
 1520 0001 000000   		.space	3
 1521 0004 00000000 		.word	.LC6
 1522 0008 65       		.byte	101
 1523 0009 000000   		.space	3
 1524 000c 08000000 		.word	.LC7
 1525 0010 6C       		.byte	108
 1526 0011 000000   		.space	3
 1527 0014 0C000000 		.word	.LC8
 1528 0018 6F       		.byte	111
 1529 0019 000000   		.space	3
 1530 001c 14000000 		.word	.LC9
 1531 0020 32       		.byte	50
 1532 0021 000000   		.space	3
 1533 0024 18000000 		.word	.LC10
 1534 0028 33       		.byte	51
 1535 0029 000000   		.space	3
 1536 002c 20000000 		.word	.LC11
 1537              		.global	state
 1538              		.section	.bss.state,"aw",%nobits
 1541              	state:
 1542 0000 00       		.space	1
 1543              		.global	duty_B
 1544              		.section	.data.duty_B,"aw"
 1547              	duty_B:
 1548 0000 64       		.byte	100
 1549              		.global	duty_G
 1550              		.section	.bss.duty_G,"aw",%nobits
 1553              	duty_G:
 1554 0000 00       		.space	1
 1555              		.global	duty_R
 1556              		.section	.bss.duty_R,"aw",%nobits
 1559              	duty_R:
 1560 0000 00       		.space	1
 1561              		.global	pwm_counter
 1562              		.section	.bss.pwm_counter,"aw",%nobits
 1565              	pwm_counter:
 1566 0000 00       		.space	1
ARM GAS  C:\Users\crist\AppData\Local\Temp\ccrYGjzb.s 			page 42


 1567              		.global	uart_buf
 1568              		.section	.bss.uart_buf,"aw",%nobits
 1569              		.align	2
 1572              	uart_buf:
 1573 0000 00       		.space	1
 1574              		.global	huart1
 1575              		.section	.bss.huart1,"aw",%nobits
 1576              		.align	2
 1579              	huart1:
 1580 0000 00000000 		.space	72
 1580      00000000 
 1580      00000000 
 1580      00000000 
 1580      00000000 
 1581              		.global	htim2
 1582              		.section	.bss.htim2,"aw",%nobits
 1583              		.align	2
 1586              	htim2:
 1587 0000 00000000 		.space	72
 1587      00000000 
 1587      00000000 
 1587      00000000 
 1587      00000000 
 1588              		.text
 1589              	.Letext0:
 1590              		.file 3 "C:\\ST\\STM32CubeCLT_1.21.0\\GNU-tools-for-STM32\\bin\\../lib/gcc/arm-none-eabi/14.3.1/..
 1591              		.file 4 "C:\\ST\\STM32CubeCLT_1.21.0\\GNU-tools-for-STM32\\bin\\../lib/gcc/arm-none-eabi/14.3.1/..
 1592              		.file 5 "Drivers/CMSIS/Device/ST/STM32F1xx/Include/stm32f103xb.h"
 1593              		.file 6 "Drivers/STM32F1xx_HAL_Driver/Inc/stm32f1xx_hal_def.h"
 1594              		.file 7 "Drivers/STM32F1xx_HAL_Driver/Inc/stm32f1xx_hal_rcc.h"
 1595              		.file 8 "Drivers/STM32F1xx_HAL_Driver/Inc/stm32f1xx_hal_rcc_ex.h"
 1596              		.file 9 "Drivers/STM32F1xx_HAL_Driver/Inc/stm32f1xx_hal_gpio.h"
 1597              		.file 10 "Drivers/STM32F1xx_HAL_Driver/Inc/stm32f1xx_hal_dma.h"
 1598              		.file 11 "Drivers/STM32F1xx_HAL_Driver/Inc/stm32f1xx_hal_tim.h"
 1599              		.file 12 "Drivers/STM32F1xx_HAL_Driver/Inc/stm32f1xx_hal_uart.h"
 1600              		.file 13 "Drivers/STM32F1xx_HAL_Driver/Inc/stm32f1xx_hal_tim_ex.h"
 1601              		.file 14 "Drivers/STM32F1xx_HAL_Driver/Inc/stm32f1xx_hal.h"
 1602              		.file 15 "C:\\ST\\STM32CubeCLT_1.21.0\\GNU-tools-for-STM32\\bin\\../lib/gcc/arm-none-eabi/14.3.1/.
 1603              		.file 16 "USB_DEVICE/App/usb_device.h"
 1604              		.file 17 "<built-in>"
ARM GAS  C:\Users\crist\AppData\Local\Temp\ccrYGjzb.s 			page 43


DEFINED SYMBOLS
                            *ABS*:00000000 main.c
C:\Users\crist\AppData\Local\Temp\ccrYGjzb.s:19     .text.MX_GPIO_Init:00000000 $t
C:\Users\crist\AppData\Local\Temp\ccrYGjzb.s:24     .text.MX_GPIO_Init:00000000 MX_GPIO_Init
C:\Users\crist\AppData\Local\Temp\ccrYGjzb.s:188    .text.MX_GPIO_Init:000000c0 $d
C:\Users\crist\AppData\Local\Temp\ccrYGjzb.s:196    .text.__io_putchar:00000000 $t
C:\Users\crist\AppData\Local\Temp\ccrYGjzb.s:202    .text.__io_putchar:00000000 __io_putchar
C:\Users\crist\AppData\Local\Temp\ccrYGjzb.s:238    .text.__io_putchar:0000001c $d
C:\Users\crist\AppData\Local\Temp\ccrYGjzb.s:1579   .bss.huart1:00000000 huart1
C:\Users\crist\AppData\Local\Temp\ccrYGjzb.s:243    .text._write:00000000 $t
C:\Users\crist\AppData\Local\Temp\ccrYGjzb.s:249    .text._write:00000000 _write
C:\Users\crist\AppData\Local\Temp\ccrYGjzb.s:282    .text._write:00000014 $d
C:\Users\crist\AppData\Local\Temp\ccrYGjzb.s:287    .rodata.HAL_UART_RxCpltCallback.str1.4:00000000 $d
C:\Users\crist\AppData\Local\Temp\ccrYGjzb.s:291    .text.HAL_UART_RxCpltCallback:00000000 $t
C:\Users\crist\AppData\Local\Temp\ccrYGjzb.s:297    .text.HAL_UART_RxCpltCallback:00000000 HAL_UART_RxCpltCallback
C:\Users\crist\AppData\Local\Temp\ccrYGjzb.s:353    .text.HAL_UART_RxCpltCallback:00000034 $d
C:\Users\crist\AppData\Local\Temp\ccrYGjzb.s:1572   .bss.uart_buf:00000000 uart_buf
C:\Users\crist\AppData\Local\Temp\ccrYGjzb.s:360    .text.HAL_TIM_PeriodElapsedCallback:00000000 $t
C:\Users\crist\AppData\Local\Temp\ccrYGjzb.s:366    .text.HAL_TIM_PeriodElapsedCallback:00000000 HAL_TIM_PeriodElapsedCallback
C:\Users\crist\AppData\Local\Temp\ccrYGjzb.s:523    .text.HAL_TIM_PeriodElapsedCallback:000000ac $d
C:\Users\crist\AppData\Local\Temp\ccrYGjzb.s:1565   .bss.pwm_counter:00000000 pwm_counter
C:\Users\crist\AppData\Local\Temp\ccrYGjzb.s:1559   .bss.duty_R:00000000 duty_R
C:\Users\crist\AppData\Local\Temp\ccrYGjzb.s:1553   .bss.duty_G:00000000 duty_G
C:\Users\crist\AppData\Local\Temp\ccrYGjzb.s:1547   .data.duty_B:00000000 duty_B
C:\Users\crist\AppData\Local\Temp\ccrYGjzb.s:533    .text.command:00000000 $t
C:\Users\crist\AppData\Local\Temp\ccrYGjzb.s:539    .text.command:00000000 command
C:\Users\crist\AppData\Local\Temp\ccrYGjzb.s:573    .text.command:0000001c $d
C:\Users\crist\AppData\Local\Temp\ccrYGjzb.s:1485   .bss.sq_len:00000000 sq_len
C:\Users\crist\AppData\Local\Temp\ccrYGjzb.s:1492   .bss.seq:00000000 seq
C:\Users\crist\AppData\Local\Temp\ccrYGjzb.s:579    .rodata.morseBlink.str1.4:00000000 $d
C:\Users\crist\AppData\Local\Temp\ccrYGjzb.s:583    .text.morseBlink:00000000 $t
C:\Users\crist\AppData\Local\Temp\ccrYGjzb.s:589    .text.morseBlink:00000000 morseBlink
C:\Users\crist\AppData\Local\Temp\ccrYGjzb.s:742    .text.morseBlink:00000074 $d
C:\Users\crist\AppData\Local\Temp\ccrYGjzb.s:1518   .data.alphabet:00000000 alphabet
C:\Users\crist\AppData\Local\Temp\ccrYGjzb.s:749    .text.play_loop:00000000 $t
C:\Users\crist\AppData\Local\Temp\ccrYGjzb.s:755    .text.play_loop:00000000 play_loop
C:\Users\crist\AppData\Local\Temp\ccrYGjzb.s:873    .text.play_loop:00000074 $d
C:\Users\crist\AppData\Local\Temp\ccrYGjzb.s:882    .text.Error_Handler:00000000 $t
C:\Users\crist\AppData\Local\Temp\ccrYGjzb.s:888    .text.Error_Handler:00000000 Error_Handler
C:\Users\crist\AppData\Local\Temp\ccrYGjzb.s:920    .text.MX_USART1_UART_Init:00000000 $t
C:\Users\crist\AppData\Local\Temp\ccrYGjzb.s:925    .text.MX_USART1_UART_Init:00000000 MX_USART1_UART_Init
C:\Users\crist\AppData\Local\Temp\ccrYGjzb.s:980    .text.MX_USART1_UART_Init:0000002c $d
C:\Users\crist\AppData\Local\Temp\ccrYGjzb.s:986    .text.MX_TIM2_Init:00000000 $t
C:\Users\crist\AppData\Local\Temp\ccrYGjzb.s:991    .text.MX_TIM2_Init:00000000 MX_TIM2_Init
C:\Users\crist\AppData\Local\Temp\ccrYGjzb.s:1094   .text.MX_TIM2_Init:00000060 $d
C:\Users\crist\AppData\Local\Temp\ccrYGjzb.s:1586   .bss.htim2:00000000 htim2
C:\Users\crist\AppData\Local\Temp\ccrYGjzb.s:1099   .text.SystemClock_Config:00000000 $t
C:\Users\crist\AppData\Local\Temp\ccrYGjzb.s:1105   .text.SystemClock_Config:00000000 SystemClock_Config
C:\Users\crist\AppData\Local\Temp\ccrYGjzb.s:1237   .rodata.main.str1.4:00000000 $d
C:\Users\crist\AppData\Local\Temp\ccrYGjzb.s:1251   .text.main:00000000 $t
C:\Users\crist\AppData\Local\Temp\ccrYGjzb.s:1257   .text.main:00000000 main
C:\Users\crist\AppData\Local\Temp\ccrYGjzb.s:1399   .text.main:000000b8 $d
C:\Users\crist\AppData\Local\Temp\ccrYGjzb.s:1404   .text.main:000000cc $t
C:\Users\crist\AppData\Local\Temp\ccrYGjzb.s:1465   .text.main:00000108 $d
C:\Users\crist\AppData\Local\Temp\ccrYGjzb.s:1541   .bss.state:00000000 state
C:\Users\crist\AppData\Local\Temp\ccrYGjzb.s:1482   .bss.sq_len:00000000 $d
C:\Users\crist\AppData\Local\Temp\ccrYGjzb.s:1489   .bss.seq:00000000 $d
ARM GAS  C:\Users\crist\AppData\Local\Temp\ccrYGjzb.s 			page 44


C:\Users\crist\AppData\Local\Temp\ccrYGjzb.s:1496   .rodata.str1.4:00000000 $d
C:\Users\crist\AppData\Local\Temp\ccrYGjzb.s:1515   .data.alphabet:00000000 $d
C:\Users\crist\AppData\Local\Temp\ccrYGjzb.s:1542   .bss.state:00000000 $d
C:\Users\crist\AppData\Local\Temp\ccrYGjzb.s:1554   .bss.duty_G:00000000 $d
C:\Users\crist\AppData\Local\Temp\ccrYGjzb.s:1560   .bss.duty_R:00000000 $d
C:\Users\crist\AppData\Local\Temp\ccrYGjzb.s:1566   .bss.pwm_counter:00000000 $d
C:\Users\crist\AppData\Local\Temp\ccrYGjzb.s:1569   .bss.uart_buf:00000000 $d
C:\Users\crist\AppData\Local\Temp\ccrYGjzb.s:1576   .bss.huart1:00000000 $d
C:\Users\crist\AppData\Local\Temp\ccrYGjzb.s:1583   .bss.htim2:00000000 $d

UNDEFINED SYMBOLS
HAL_GPIO_WritePin
HAL_GPIO_Init
HAL_UART_Transmit
HAL_UART_Receive_IT
printf
HAL_Delay
HAL_UART_Init
HAL_TIM_Base_Init
HAL_TIM_ConfigClockSource
HAL_TIMEx_MasterConfigSynchronization
memset
HAL_RCC_OscConfig
HAL_RCC_ClockConfig
HAL_RCCEx_PeriphCLKConfig
HAL_Init
MX_USB_DEVICE_Init
HAL_TIM_Base_Start_IT
HAL_GPIO_ReadPin
