ARM GAS  C:\Users\crist\AppData\Local\Temp\ccYt1KLW.s 			page 1


   1              		.cpu cortex-m3
   2              		.arch armv7-m
   3              		.fpu softvfp
   4              		.eabi_attribute 20, 1
   5              		.eabi_attribute 21, 1
   6              		.eabi_attribute 23, 3
   7              		.eabi_attribute 24, 1
   8              		.eabi_attribute 25, 1
   9              		.eabi_attribute 26, 1
  10              		.eabi_attribute 30, 1
  11              		.eabi_attribute 34, 1
  12              		.eabi_attribute 18, 4
  13              		.file	"stm32f1xx_hal_pcd.c"
  14              		.text
  15              	.Ltext0:
  16              		.cfi_sections	.debug_frame
  17              		.file 1 "Drivers/STM32F1xx_HAL_Driver/Src/stm32f1xx_hal_pcd.c"
  18              		.section	.text.HAL_PCD_EP_DB_Receive,"ax",%progbits
  19              		.align	1
  20              		.syntax unified
  21              		.thumb
  22              		.thumb_func
  24              	HAL_PCD_EP_DB_Receive:
  25              	.LVL0:
  26              	.LFB100:
   1:Drivers/STM32F1xx_HAL_Driver/Src/stm32f1xx_hal_pcd.c **** /**
   2:Drivers/STM32F1xx_HAL_Driver/Src/stm32f1xx_hal_pcd.c ****   ******************************************************************************
   3:Drivers/STM32F1xx_HAL_Driver/Src/stm32f1xx_hal_pcd.c ****   * @file    stm32f1xx_hal_pcd.c
   4:Drivers/STM32F1xx_HAL_Driver/Src/stm32f1xx_hal_pcd.c ****   * @author  MCD Application Team
   5:Drivers/STM32F1xx_HAL_Driver/Src/stm32f1xx_hal_pcd.c ****   * @brief   PCD HAL module driver.
   6:Drivers/STM32F1xx_HAL_Driver/Src/stm32f1xx_hal_pcd.c ****   *          This file provides firmware functions to manage the following
   7:Drivers/STM32F1xx_HAL_Driver/Src/stm32f1xx_hal_pcd.c ****   *          functionalities of the USB Peripheral Controller:
   8:Drivers/STM32F1xx_HAL_Driver/Src/stm32f1xx_hal_pcd.c ****   *           + Initialization and de-initialization functions
   9:Drivers/STM32F1xx_HAL_Driver/Src/stm32f1xx_hal_pcd.c ****   *           + IO operation functions
  10:Drivers/STM32F1xx_HAL_Driver/Src/stm32f1xx_hal_pcd.c ****   *           + Peripheral Control functions
  11:Drivers/STM32F1xx_HAL_Driver/Src/stm32f1xx_hal_pcd.c ****   *           + Peripheral State functions
  12:Drivers/STM32F1xx_HAL_Driver/Src/stm32f1xx_hal_pcd.c ****   *
  13:Drivers/STM32F1xx_HAL_Driver/Src/stm32f1xx_hal_pcd.c ****   ******************************************************************************
  14:Drivers/STM32F1xx_HAL_Driver/Src/stm32f1xx_hal_pcd.c ****   * @attention
  15:Drivers/STM32F1xx_HAL_Driver/Src/stm32f1xx_hal_pcd.c ****   *
  16:Drivers/STM32F1xx_HAL_Driver/Src/stm32f1xx_hal_pcd.c ****   * Copyright (c) 2016 STMicroelectronics.
  17:Drivers/STM32F1xx_HAL_Driver/Src/stm32f1xx_hal_pcd.c ****   * All rights reserved.
  18:Drivers/STM32F1xx_HAL_Driver/Src/stm32f1xx_hal_pcd.c ****   *
  19:Drivers/STM32F1xx_HAL_Driver/Src/stm32f1xx_hal_pcd.c ****   * This software is licensed under terms that can be found in the LICENSE file
  20:Drivers/STM32F1xx_HAL_Driver/Src/stm32f1xx_hal_pcd.c ****   * in the root directory of this software component.
  21:Drivers/STM32F1xx_HAL_Driver/Src/stm32f1xx_hal_pcd.c ****   * If no LICENSE file comes with this software, it is provided AS-IS.
  22:Drivers/STM32F1xx_HAL_Driver/Src/stm32f1xx_hal_pcd.c ****   *
  23:Drivers/STM32F1xx_HAL_Driver/Src/stm32f1xx_hal_pcd.c ****   ******************************************************************************
  24:Drivers/STM32F1xx_HAL_Driver/Src/stm32f1xx_hal_pcd.c ****   @verbatim
  25:Drivers/STM32F1xx_HAL_Driver/Src/stm32f1xx_hal_pcd.c ****   ==============================================================================
  26:Drivers/STM32F1xx_HAL_Driver/Src/stm32f1xx_hal_pcd.c ****                     ##### How to use this driver #####
  27:Drivers/STM32F1xx_HAL_Driver/Src/stm32f1xx_hal_pcd.c ****   ==============================================================================
  28:Drivers/STM32F1xx_HAL_Driver/Src/stm32f1xx_hal_pcd.c ****     [..]
  29:Drivers/STM32F1xx_HAL_Driver/Src/stm32f1xx_hal_pcd.c ****       The PCD HAL driver can be used as follows:
  30:Drivers/STM32F1xx_HAL_Driver/Src/stm32f1xx_hal_pcd.c **** 
  31:Drivers/STM32F1xx_HAL_Driver/Src/stm32f1xx_hal_pcd.c ****      (#) Declare a PCD_HandleTypeDef handle structure, for example:
  32:Drivers/STM32F1xx_HAL_Driver/Src/stm32f1xx_hal_pcd.c ****          PCD_HandleTypeDef  hpcd;
ARM GAS  C:\Users\crist\AppData\Local\Temp\ccYt1KLW.s 			page 2


  33:Drivers/STM32F1xx_HAL_Driver/Src/stm32f1xx_hal_pcd.c **** 
  34:Drivers/STM32F1xx_HAL_Driver/Src/stm32f1xx_hal_pcd.c ****      (#) Fill parameters of Init structure in HCD handle
  35:Drivers/STM32F1xx_HAL_Driver/Src/stm32f1xx_hal_pcd.c **** 
  36:Drivers/STM32F1xx_HAL_Driver/Src/stm32f1xx_hal_pcd.c ****      (#) Call HAL_PCD_Init() API to initialize the PCD peripheral (Core, Device core, ...)
  37:Drivers/STM32F1xx_HAL_Driver/Src/stm32f1xx_hal_pcd.c **** 
  38:Drivers/STM32F1xx_HAL_Driver/Src/stm32f1xx_hal_pcd.c ****      (#) Initialize the PCD low level resources through the HAL_PCD_MspInit() API:
  39:Drivers/STM32F1xx_HAL_Driver/Src/stm32f1xx_hal_pcd.c ****          (##) Enable the PCD/USB Low Level interface clock using
  40:Drivers/STM32F1xx_HAL_Driver/Src/stm32f1xx_hal_pcd.c ****               (+++) __HAL_RCC_USB_CLK_ENABLE(); For USB Device FS peripheral
  41:Drivers/STM32F1xx_HAL_Driver/Src/stm32f1xx_hal_pcd.c ****               (+++) __HAL_RCC_USB_OTG_FS_CLK_ENABLE();
  42:Drivers/STM32F1xx_HAL_Driver/Src/stm32f1xx_hal_pcd.c **** 
  43:Drivers/STM32F1xx_HAL_Driver/Src/stm32f1xx_hal_pcd.c ****          (##) Initialize the related GPIO clocks
  44:Drivers/STM32F1xx_HAL_Driver/Src/stm32f1xx_hal_pcd.c ****          (##) Configure PCD pin-out
  45:Drivers/STM32F1xx_HAL_Driver/Src/stm32f1xx_hal_pcd.c ****          (##) Configure PCD NVIC interrupt
  46:Drivers/STM32F1xx_HAL_Driver/Src/stm32f1xx_hal_pcd.c **** 
  47:Drivers/STM32F1xx_HAL_Driver/Src/stm32f1xx_hal_pcd.c ****      (#)Associate the Upper USB device stack to the HAL PCD Driver:
  48:Drivers/STM32F1xx_HAL_Driver/Src/stm32f1xx_hal_pcd.c ****          (##) hpcd.pData = pdev;
  49:Drivers/STM32F1xx_HAL_Driver/Src/stm32f1xx_hal_pcd.c **** 
  50:Drivers/STM32F1xx_HAL_Driver/Src/stm32f1xx_hal_pcd.c ****      (#)Enable PCD transmission and reception:
  51:Drivers/STM32F1xx_HAL_Driver/Src/stm32f1xx_hal_pcd.c ****          (##) HAL_PCD_Start();
  52:Drivers/STM32F1xx_HAL_Driver/Src/stm32f1xx_hal_pcd.c **** 
  53:Drivers/STM32F1xx_HAL_Driver/Src/stm32f1xx_hal_pcd.c ****   @endverbatim
  54:Drivers/STM32F1xx_HAL_Driver/Src/stm32f1xx_hal_pcd.c ****   ******************************************************************************
  55:Drivers/STM32F1xx_HAL_Driver/Src/stm32f1xx_hal_pcd.c ****   */
  56:Drivers/STM32F1xx_HAL_Driver/Src/stm32f1xx_hal_pcd.c **** 
  57:Drivers/STM32F1xx_HAL_Driver/Src/stm32f1xx_hal_pcd.c **** /* Includes ------------------------------------------------------------------*/
  58:Drivers/STM32F1xx_HAL_Driver/Src/stm32f1xx_hal_pcd.c **** #include "stm32f1xx_hal.h"
  59:Drivers/STM32F1xx_HAL_Driver/Src/stm32f1xx_hal_pcd.c **** 
  60:Drivers/STM32F1xx_HAL_Driver/Src/stm32f1xx_hal_pcd.c **** /** @addtogroup STM32F1xx_HAL_Driver
  61:Drivers/STM32F1xx_HAL_Driver/Src/stm32f1xx_hal_pcd.c ****   * @{
  62:Drivers/STM32F1xx_HAL_Driver/Src/stm32f1xx_hal_pcd.c ****   */
  63:Drivers/STM32F1xx_HAL_Driver/Src/stm32f1xx_hal_pcd.c **** 
  64:Drivers/STM32F1xx_HAL_Driver/Src/stm32f1xx_hal_pcd.c **** /** @defgroup PCD PCD
  65:Drivers/STM32F1xx_HAL_Driver/Src/stm32f1xx_hal_pcd.c ****   * @brief PCD HAL module driver
  66:Drivers/STM32F1xx_HAL_Driver/Src/stm32f1xx_hal_pcd.c ****   * @{
  67:Drivers/STM32F1xx_HAL_Driver/Src/stm32f1xx_hal_pcd.c ****   */
  68:Drivers/STM32F1xx_HAL_Driver/Src/stm32f1xx_hal_pcd.c **** 
  69:Drivers/STM32F1xx_HAL_Driver/Src/stm32f1xx_hal_pcd.c **** #ifdef HAL_PCD_MODULE_ENABLED
  70:Drivers/STM32F1xx_HAL_Driver/Src/stm32f1xx_hal_pcd.c **** 
  71:Drivers/STM32F1xx_HAL_Driver/Src/stm32f1xx_hal_pcd.c **** #if defined (USB) || defined (USB_OTG_FS)
  72:Drivers/STM32F1xx_HAL_Driver/Src/stm32f1xx_hal_pcd.c **** 
  73:Drivers/STM32F1xx_HAL_Driver/Src/stm32f1xx_hal_pcd.c **** /* Private types -------------------------------------------------------------*/
  74:Drivers/STM32F1xx_HAL_Driver/Src/stm32f1xx_hal_pcd.c **** /* Private variables ---------------------------------------------------------*/
  75:Drivers/STM32F1xx_HAL_Driver/Src/stm32f1xx_hal_pcd.c **** /* Private constants ---------------------------------------------------------*/
  76:Drivers/STM32F1xx_HAL_Driver/Src/stm32f1xx_hal_pcd.c **** /* Private macros ------------------------------------------------------------*/
  77:Drivers/STM32F1xx_HAL_Driver/Src/stm32f1xx_hal_pcd.c **** /** @defgroup PCD_Private_Macros PCD Private Macros
  78:Drivers/STM32F1xx_HAL_Driver/Src/stm32f1xx_hal_pcd.c ****   * @{
  79:Drivers/STM32F1xx_HAL_Driver/Src/stm32f1xx_hal_pcd.c ****   */
  80:Drivers/STM32F1xx_HAL_Driver/Src/stm32f1xx_hal_pcd.c **** #define PCD_MIN(a, b)  (((a) < (b)) ? (a) : (b))
  81:Drivers/STM32F1xx_HAL_Driver/Src/stm32f1xx_hal_pcd.c **** #define PCD_MAX(a, b)  (((a) > (b)) ? (a) : (b))
  82:Drivers/STM32F1xx_HAL_Driver/Src/stm32f1xx_hal_pcd.c **** /**
  83:Drivers/STM32F1xx_HAL_Driver/Src/stm32f1xx_hal_pcd.c ****   * @}
  84:Drivers/STM32F1xx_HAL_Driver/Src/stm32f1xx_hal_pcd.c ****   */
  85:Drivers/STM32F1xx_HAL_Driver/Src/stm32f1xx_hal_pcd.c **** 
  86:Drivers/STM32F1xx_HAL_Driver/Src/stm32f1xx_hal_pcd.c **** /* Private functions prototypes ----------------------------------------------*/
  87:Drivers/STM32F1xx_HAL_Driver/Src/stm32f1xx_hal_pcd.c **** /** @defgroup PCD_Private_Functions PCD Private Functions
  88:Drivers/STM32F1xx_HAL_Driver/Src/stm32f1xx_hal_pcd.c ****   * @{
  89:Drivers/STM32F1xx_HAL_Driver/Src/stm32f1xx_hal_pcd.c ****   */
ARM GAS  C:\Users\crist\AppData\Local\Temp\ccYt1KLW.s 			page 3


  90:Drivers/STM32F1xx_HAL_Driver/Src/stm32f1xx_hal_pcd.c **** #if defined (USB_OTG_FS)
  91:Drivers/STM32F1xx_HAL_Driver/Src/stm32f1xx_hal_pcd.c **** static HAL_StatusTypeDef PCD_WriteEmptyTxFifo(PCD_HandleTypeDef *hpcd, uint32_t epnum);
  92:Drivers/STM32F1xx_HAL_Driver/Src/stm32f1xx_hal_pcd.c **** static HAL_StatusTypeDef PCD_EP_OutXfrComplete_int(PCD_HandleTypeDef *hpcd, uint32_t epnum);
  93:Drivers/STM32F1xx_HAL_Driver/Src/stm32f1xx_hal_pcd.c **** static HAL_StatusTypeDef PCD_EP_OutSetupPacket_int(PCD_HandleTypeDef *hpcd, uint32_t epnum);
  94:Drivers/STM32F1xx_HAL_Driver/Src/stm32f1xx_hal_pcd.c **** #endif /* defined (USB_OTG_FS) */
  95:Drivers/STM32F1xx_HAL_Driver/Src/stm32f1xx_hal_pcd.c **** 
  96:Drivers/STM32F1xx_HAL_Driver/Src/stm32f1xx_hal_pcd.c **** #if defined (USB)
  97:Drivers/STM32F1xx_HAL_Driver/Src/stm32f1xx_hal_pcd.c **** static HAL_StatusTypeDef PCD_EP_ISR_Handler(PCD_HandleTypeDef *hpcd);
  98:Drivers/STM32F1xx_HAL_Driver/Src/stm32f1xx_hal_pcd.c **** #if (USE_USB_DOUBLE_BUFFER == 1U)
  99:Drivers/STM32F1xx_HAL_Driver/Src/stm32f1xx_hal_pcd.c **** static HAL_StatusTypeDef HAL_PCD_EP_DB_Transmit(PCD_HandleTypeDef *hpcd, PCD_EPTypeDef *ep, uint16_
 100:Drivers/STM32F1xx_HAL_Driver/Src/stm32f1xx_hal_pcd.c **** static uint16_t HAL_PCD_EP_DB_Receive(PCD_HandleTypeDef *hpcd, PCD_EPTypeDef *ep, uint16_t wEPVal);
 101:Drivers/STM32F1xx_HAL_Driver/Src/stm32f1xx_hal_pcd.c **** #endif /* (USE_USB_DOUBLE_BUFFER == 1U) */
 102:Drivers/STM32F1xx_HAL_Driver/Src/stm32f1xx_hal_pcd.c **** #endif /* defined (USB) */
 103:Drivers/STM32F1xx_HAL_Driver/Src/stm32f1xx_hal_pcd.c **** /**
 104:Drivers/STM32F1xx_HAL_Driver/Src/stm32f1xx_hal_pcd.c ****   * @}
 105:Drivers/STM32F1xx_HAL_Driver/Src/stm32f1xx_hal_pcd.c ****   */
 106:Drivers/STM32F1xx_HAL_Driver/Src/stm32f1xx_hal_pcd.c **** 
 107:Drivers/STM32F1xx_HAL_Driver/Src/stm32f1xx_hal_pcd.c **** /* Exported functions --------------------------------------------------------*/
 108:Drivers/STM32F1xx_HAL_Driver/Src/stm32f1xx_hal_pcd.c **** /** @defgroup PCD_Exported_Functions PCD Exported Functions
 109:Drivers/STM32F1xx_HAL_Driver/Src/stm32f1xx_hal_pcd.c ****   * @{
 110:Drivers/STM32F1xx_HAL_Driver/Src/stm32f1xx_hal_pcd.c ****   */
 111:Drivers/STM32F1xx_HAL_Driver/Src/stm32f1xx_hal_pcd.c **** 
 112:Drivers/STM32F1xx_HAL_Driver/Src/stm32f1xx_hal_pcd.c **** /** @defgroup PCD_Exported_Functions_Group1 Initialization and de-initialization functions
 113:Drivers/STM32F1xx_HAL_Driver/Src/stm32f1xx_hal_pcd.c ****   *  @brief    Initialization and Configuration functions
 114:Drivers/STM32F1xx_HAL_Driver/Src/stm32f1xx_hal_pcd.c ****   *
 115:Drivers/STM32F1xx_HAL_Driver/Src/stm32f1xx_hal_pcd.c **** @verbatim
 116:Drivers/STM32F1xx_HAL_Driver/Src/stm32f1xx_hal_pcd.c ****  ===============================================================================
 117:Drivers/STM32F1xx_HAL_Driver/Src/stm32f1xx_hal_pcd.c ****             ##### Initialization and de-initialization functions #####
 118:Drivers/STM32F1xx_HAL_Driver/Src/stm32f1xx_hal_pcd.c ****  ===============================================================================
 119:Drivers/STM32F1xx_HAL_Driver/Src/stm32f1xx_hal_pcd.c ****     [..]  This section provides functions allowing to:
 120:Drivers/STM32F1xx_HAL_Driver/Src/stm32f1xx_hal_pcd.c **** 
 121:Drivers/STM32F1xx_HAL_Driver/Src/stm32f1xx_hal_pcd.c **** @endverbatim
 122:Drivers/STM32F1xx_HAL_Driver/Src/stm32f1xx_hal_pcd.c ****   * @{
 123:Drivers/STM32F1xx_HAL_Driver/Src/stm32f1xx_hal_pcd.c ****   */
 124:Drivers/STM32F1xx_HAL_Driver/Src/stm32f1xx_hal_pcd.c **** 
 125:Drivers/STM32F1xx_HAL_Driver/Src/stm32f1xx_hal_pcd.c **** /**
 126:Drivers/STM32F1xx_HAL_Driver/Src/stm32f1xx_hal_pcd.c ****   * @brief  Initializes the PCD according to the specified
 127:Drivers/STM32F1xx_HAL_Driver/Src/stm32f1xx_hal_pcd.c ****   *         parameters in the PCD_InitTypeDef and initialize the associated handle.
 128:Drivers/STM32F1xx_HAL_Driver/Src/stm32f1xx_hal_pcd.c ****   * @param  hpcd PCD handle
 129:Drivers/STM32F1xx_HAL_Driver/Src/stm32f1xx_hal_pcd.c ****   * @retval HAL status
 130:Drivers/STM32F1xx_HAL_Driver/Src/stm32f1xx_hal_pcd.c ****   */
 131:Drivers/STM32F1xx_HAL_Driver/Src/stm32f1xx_hal_pcd.c **** HAL_StatusTypeDef HAL_PCD_Init(PCD_HandleTypeDef *hpcd)
 132:Drivers/STM32F1xx_HAL_Driver/Src/stm32f1xx_hal_pcd.c **** {
 133:Drivers/STM32F1xx_HAL_Driver/Src/stm32f1xx_hal_pcd.c **** #if defined (USB_OTG_FS)
 134:Drivers/STM32F1xx_HAL_Driver/Src/stm32f1xx_hal_pcd.c ****   USB_OTG_GlobalTypeDef *USBx;
 135:Drivers/STM32F1xx_HAL_Driver/Src/stm32f1xx_hal_pcd.c **** #endif /* defined (USB_OTG_FS) */
 136:Drivers/STM32F1xx_HAL_Driver/Src/stm32f1xx_hal_pcd.c ****   uint8_t i;
 137:Drivers/STM32F1xx_HAL_Driver/Src/stm32f1xx_hal_pcd.c **** 
 138:Drivers/STM32F1xx_HAL_Driver/Src/stm32f1xx_hal_pcd.c ****   /* Check the PCD handle allocation */
 139:Drivers/STM32F1xx_HAL_Driver/Src/stm32f1xx_hal_pcd.c ****   if (hpcd == NULL)
 140:Drivers/STM32F1xx_HAL_Driver/Src/stm32f1xx_hal_pcd.c ****   {
 141:Drivers/STM32F1xx_HAL_Driver/Src/stm32f1xx_hal_pcd.c ****     return HAL_ERROR;
 142:Drivers/STM32F1xx_HAL_Driver/Src/stm32f1xx_hal_pcd.c ****   }
 143:Drivers/STM32F1xx_HAL_Driver/Src/stm32f1xx_hal_pcd.c **** 
 144:Drivers/STM32F1xx_HAL_Driver/Src/stm32f1xx_hal_pcd.c ****   /* Check the parameters */
 145:Drivers/STM32F1xx_HAL_Driver/Src/stm32f1xx_hal_pcd.c ****   assert_param(IS_PCD_ALL_INSTANCE(hpcd->Instance));
 146:Drivers/STM32F1xx_HAL_Driver/Src/stm32f1xx_hal_pcd.c **** 
ARM GAS  C:\Users\crist\AppData\Local\Temp\ccYt1KLW.s 			page 4


 147:Drivers/STM32F1xx_HAL_Driver/Src/stm32f1xx_hal_pcd.c **** #if defined (USB_OTG_FS)
 148:Drivers/STM32F1xx_HAL_Driver/Src/stm32f1xx_hal_pcd.c ****   USBx = hpcd->Instance;
 149:Drivers/STM32F1xx_HAL_Driver/Src/stm32f1xx_hal_pcd.c **** #endif /* defined (USB_OTG_FS) */
 150:Drivers/STM32F1xx_HAL_Driver/Src/stm32f1xx_hal_pcd.c **** 
 151:Drivers/STM32F1xx_HAL_Driver/Src/stm32f1xx_hal_pcd.c ****   if (hpcd->State == HAL_PCD_STATE_RESET)
 152:Drivers/STM32F1xx_HAL_Driver/Src/stm32f1xx_hal_pcd.c ****   {
 153:Drivers/STM32F1xx_HAL_Driver/Src/stm32f1xx_hal_pcd.c ****     /* Allocate lock resource and initialize it */
 154:Drivers/STM32F1xx_HAL_Driver/Src/stm32f1xx_hal_pcd.c ****     hpcd->Lock = HAL_UNLOCKED;
 155:Drivers/STM32F1xx_HAL_Driver/Src/stm32f1xx_hal_pcd.c **** 
 156:Drivers/STM32F1xx_HAL_Driver/Src/stm32f1xx_hal_pcd.c **** #if (USE_HAL_PCD_REGISTER_CALLBACKS == 1U)
 157:Drivers/STM32F1xx_HAL_Driver/Src/stm32f1xx_hal_pcd.c ****     hpcd->SOFCallback = HAL_PCD_SOFCallback;
 158:Drivers/STM32F1xx_HAL_Driver/Src/stm32f1xx_hal_pcd.c ****     hpcd->SetupStageCallback = HAL_PCD_SetupStageCallback;
 159:Drivers/STM32F1xx_HAL_Driver/Src/stm32f1xx_hal_pcd.c ****     hpcd->ResetCallback = HAL_PCD_ResetCallback;
 160:Drivers/STM32F1xx_HAL_Driver/Src/stm32f1xx_hal_pcd.c ****     hpcd->SuspendCallback = HAL_PCD_SuspendCallback;
 161:Drivers/STM32F1xx_HAL_Driver/Src/stm32f1xx_hal_pcd.c ****     hpcd->ResumeCallback = HAL_PCD_ResumeCallback;
 162:Drivers/STM32F1xx_HAL_Driver/Src/stm32f1xx_hal_pcd.c ****     hpcd->ConnectCallback = HAL_PCD_ConnectCallback;
 163:Drivers/STM32F1xx_HAL_Driver/Src/stm32f1xx_hal_pcd.c ****     hpcd->DisconnectCallback = HAL_PCD_DisconnectCallback;
 164:Drivers/STM32F1xx_HAL_Driver/Src/stm32f1xx_hal_pcd.c ****     hpcd->DataOutStageCallback = HAL_PCD_DataOutStageCallback;
 165:Drivers/STM32F1xx_HAL_Driver/Src/stm32f1xx_hal_pcd.c ****     hpcd->DataInStageCallback = HAL_PCD_DataInStageCallback;
 166:Drivers/STM32F1xx_HAL_Driver/Src/stm32f1xx_hal_pcd.c ****     hpcd->ISOOUTIncompleteCallback = HAL_PCD_ISOOUTIncompleteCallback;
 167:Drivers/STM32F1xx_HAL_Driver/Src/stm32f1xx_hal_pcd.c ****     hpcd->ISOINIncompleteCallback = HAL_PCD_ISOINIncompleteCallback;
 168:Drivers/STM32F1xx_HAL_Driver/Src/stm32f1xx_hal_pcd.c **** 
 169:Drivers/STM32F1xx_HAL_Driver/Src/stm32f1xx_hal_pcd.c ****     if (hpcd->MspInitCallback == NULL)
 170:Drivers/STM32F1xx_HAL_Driver/Src/stm32f1xx_hal_pcd.c ****     {
 171:Drivers/STM32F1xx_HAL_Driver/Src/stm32f1xx_hal_pcd.c ****       hpcd->MspInitCallback = HAL_PCD_MspInit;
 172:Drivers/STM32F1xx_HAL_Driver/Src/stm32f1xx_hal_pcd.c ****     }
 173:Drivers/STM32F1xx_HAL_Driver/Src/stm32f1xx_hal_pcd.c **** 
 174:Drivers/STM32F1xx_HAL_Driver/Src/stm32f1xx_hal_pcd.c ****     /* Init the low level hardware */
 175:Drivers/STM32F1xx_HAL_Driver/Src/stm32f1xx_hal_pcd.c ****     hpcd->MspInitCallback(hpcd);
 176:Drivers/STM32F1xx_HAL_Driver/Src/stm32f1xx_hal_pcd.c **** #else
 177:Drivers/STM32F1xx_HAL_Driver/Src/stm32f1xx_hal_pcd.c ****     /* Init the low level hardware : GPIO, CLOCK, NVIC... */
 178:Drivers/STM32F1xx_HAL_Driver/Src/stm32f1xx_hal_pcd.c ****     HAL_PCD_MspInit(hpcd);
 179:Drivers/STM32F1xx_HAL_Driver/Src/stm32f1xx_hal_pcd.c **** #endif /* (USE_HAL_PCD_REGISTER_CALLBACKS) */
 180:Drivers/STM32F1xx_HAL_Driver/Src/stm32f1xx_hal_pcd.c ****   }
 181:Drivers/STM32F1xx_HAL_Driver/Src/stm32f1xx_hal_pcd.c **** 
 182:Drivers/STM32F1xx_HAL_Driver/Src/stm32f1xx_hal_pcd.c ****   hpcd->State = HAL_PCD_STATE_BUSY;
 183:Drivers/STM32F1xx_HAL_Driver/Src/stm32f1xx_hal_pcd.c **** 
 184:Drivers/STM32F1xx_HAL_Driver/Src/stm32f1xx_hal_pcd.c **** #if defined (USB_OTG_FS)
 185:Drivers/STM32F1xx_HAL_Driver/Src/stm32f1xx_hal_pcd.c ****   /* Disable DMA mode for FS instance */
 186:Drivers/STM32F1xx_HAL_Driver/Src/stm32f1xx_hal_pcd.c ****   if ((USBx->CID & (0x1U << 8)) == 0U)
 187:Drivers/STM32F1xx_HAL_Driver/Src/stm32f1xx_hal_pcd.c ****   {
 188:Drivers/STM32F1xx_HAL_Driver/Src/stm32f1xx_hal_pcd.c ****     hpcd->Init.dma_enable = 0U;
 189:Drivers/STM32F1xx_HAL_Driver/Src/stm32f1xx_hal_pcd.c ****   }
 190:Drivers/STM32F1xx_HAL_Driver/Src/stm32f1xx_hal_pcd.c **** #endif /* defined (USB_OTG_FS) */
 191:Drivers/STM32F1xx_HAL_Driver/Src/stm32f1xx_hal_pcd.c **** 
 192:Drivers/STM32F1xx_HAL_Driver/Src/stm32f1xx_hal_pcd.c ****   /* Disable the Interrupts */
 193:Drivers/STM32F1xx_HAL_Driver/Src/stm32f1xx_hal_pcd.c ****   __HAL_PCD_DISABLE(hpcd);
 194:Drivers/STM32F1xx_HAL_Driver/Src/stm32f1xx_hal_pcd.c **** 
 195:Drivers/STM32F1xx_HAL_Driver/Src/stm32f1xx_hal_pcd.c ****   /*Init the Core (common init.) */
 196:Drivers/STM32F1xx_HAL_Driver/Src/stm32f1xx_hal_pcd.c ****   if (USB_CoreInit(hpcd->Instance, hpcd->Init) != HAL_OK)
 197:Drivers/STM32F1xx_HAL_Driver/Src/stm32f1xx_hal_pcd.c ****   {
 198:Drivers/STM32F1xx_HAL_Driver/Src/stm32f1xx_hal_pcd.c ****     hpcd->State = HAL_PCD_STATE_ERROR;
 199:Drivers/STM32F1xx_HAL_Driver/Src/stm32f1xx_hal_pcd.c ****     return HAL_ERROR;
 200:Drivers/STM32F1xx_HAL_Driver/Src/stm32f1xx_hal_pcd.c ****   }
 201:Drivers/STM32F1xx_HAL_Driver/Src/stm32f1xx_hal_pcd.c **** 
 202:Drivers/STM32F1xx_HAL_Driver/Src/stm32f1xx_hal_pcd.c ****   /* Force Device Mode*/
 203:Drivers/STM32F1xx_HAL_Driver/Src/stm32f1xx_hal_pcd.c ****   (void)USB_SetCurrentMode(hpcd->Instance, USB_DEVICE_MODE);
ARM GAS  C:\Users\crist\AppData\Local\Temp\ccYt1KLW.s 			page 5


 204:Drivers/STM32F1xx_HAL_Driver/Src/stm32f1xx_hal_pcd.c **** 
 205:Drivers/STM32F1xx_HAL_Driver/Src/stm32f1xx_hal_pcd.c ****   /* Init endpoints structures */
 206:Drivers/STM32F1xx_HAL_Driver/Src/stm32f1xx_hal_pcd.c ****   for (i = 0U; i < hpcd->Init.dev_endpoints; i++)
 207:Drivers/STM32F1xx_HAL_Driver/Src/stm32f1xx_hal_pcd.c ****   {
 208:Drivers/STM32F1xx_HAL_Driver/Src/stm32f1xx_hal_pcd.c ****     /* Init ep structure */
 209:Drivers/STM32F1xx_HAL_Driver/Src/stm32f1xx_hal_pcd.c ****     hpcd->IN_ep[i].is_in = 1U;
 210:Drivers/STM32F1xx_HAL_Driver/Src/stm32f1xx_hal_pcd.c ****     hpcd->IN_ep[i].num = i;
 211:Drivers/STM32F1xx_HAL_Driver/Src/stm32f1xx_hal_pcd.c **** #if defined (USB_OTG_FS)
 212:Drivers/STM32F1xx_HAL_Driver/Src/stm32f1xx_hal_pcd.c ****     hpcd->IN_ep[i].tx_fifo_num = i;
 213:Drivers/STM32F1xx_HAL_Driver/Src/stm32f1xx_hal_pcd.c **** #endif /* defined (USB_OTG_FS) */
 214:Drivers/STM32F1xx_HAL_Driver/Src/stm32f1xx_hal_pcd.c ****     /* Control until ep is activated */
 215:Drivers/STM32F1xx_HAL_Driver/Src/stm32f1xx_hal_pcd.c ****     hpcd->IN_ep[i].type = EP_TYPE_CTRL;
 216:Drivers/STM32F1xx_HAL_Driver/Src/stm32f1xx_hal_pcd.c ****     hpcd->IN_ep[i].maxpacket = 0U;
 217:Drivers/STM32F1xx_HAL_Driver/Src/stm32f1xx_hal_pcd.c ****     hpcd->IN_ep[i].xfer_buff = 0U;
 218:Drivers/STM32F1xx_HAL_Driver/Src/stm32f1xx_hal_pcd.c ****     hpcd->IN_ep[i].xfer_len = 0U;
 219:Drivers/STM32F1xx_HAL_Driver/Src/stm32f1xx_hal_pcd.c ****   }
 220:Drivers/STM32F1xx_HAL_Driver/Src/stm32f1xx_hal_pcd.c **** 
 221:Drivers/STM32F1xx_HAL_Driver/Src/stm32f1xx_hal_pcd.c ****   for (i = 0U; i < hpcd->Init.dev_endpoints; i++)
 222:Drivers/STM32F1xx_HAL_Driver/Src/stm32f1xx_hal_pcd.c ****   {
 223:Drivers/STM32F1xx_HAL_Driver/Src/stm32f1xx_hal_pcd.c ****     hpcd->OUT_ep[i].is_in = 0U;
 224:Drivers/STM32F1xx_HAL_Driver/Src/stm32f1xx_hal_pcd.c ****     hpcd->OUT_ep[i].num = i;
 225:Drivers/STM32F1xx_HAL_Driver/Src/stm32f1xx_hal_pcd.c ****     /* Control until ep is activated */
 226:Drivers/STM32F1xx_HAL_Driver/Src/stm32f1xx_hal_pcd.c ****     hpcd->OUT_ep[i].type = EP_TYPE_CTRL;
 227:Drivers/STM32F1xx_HAL_Driver/Src/stm32f1xx_hal_pcd.c ****     hpcd->OUT_ep[i].maxpacket = 0U;
 228:Drivers/STM32F1xx_HAL_Driver/Src/stm32f1xx_hal_pcd.c ****     hpcd->OUT_ep[i].xfer_buff = 0U;
 229:Drivers/STM32F1xx_HAL_Driver/Src/stm32f1xx_hal_pcd.c ****     hpcd->OUT_ep[i].xfer_len = 0U;
 230:Drivers/STM32F1xx_HAL_Driver/Src/stm32f1xx_hal_pcd.c ****   }
 231:Drivers/STM32F1xx_HAL_Driver/Src/stm32f1xx_hal_pcd.c **** 
 232:Drivers/STM32F1xx_HAL_Driver/Src/stm32f1xx_hal_pcd.c ****   /* Init Device */
 233:Drivers/STM32F1xx_HAL_Driver/Src/stm32f1xx_hal_pcd.c ****   if (USB_DevInit(hpcd->Instance, hpcd->Init) != HAL_OK)
 234:Drivers/STM32F1xx_HAL_Driver/Src/stm32f1xx_hal_pcd.c ****   {
 235:Drivers/STM32F1xx_HAL_Driver/Src/stm32f1xx_hal_pcd.c ****     hpcd->State = HAL_PCD_STATE_ERROR;
 236:Drivers/STM32F1xx_HAL_Driver/Src/stm32f1xx_hal_pcd.c ****     return HAL_ERROR;
 237:Drivers/STM32F1xx_HAL_Driver/Src/stm32f1xx_hal_pcd.c ****   }
 238:Drivers/STM32F1xx_HAL_Driver/Src/stm32f1xx_hal_pcd.c **** 
 239:Drivers/STM32F1xx_HAL_Driver/Src/stm32f1xx_hal_pcd.c ****   hpcd->USB_Address = 0U;
 240:Drivers/STM32F1xx_HAL_Driver/Src/stm32f1xx_hal_pcd.c ****   hpcd->State = HAL_PCD_STATE_READY;
 241:Drivers/STM32F1xx_HAL_Driver/Src/stm32f1xx_hal_pcd.c ****   (void)USB_DevDisconnect(hpcd->Instance);
 242:Drivers/STM32F1xx_HAL_Driver/Src/stm32f1xx_hal_pcd.c **** 
 243:Drivers/STM32F1xx_HAL_Driver/Src/stm32f1xx_hal_pcd.c ****   return HAL_OK;
 244:Drivers/STM32F1xx_HAL_Driver/Src/stm32f1xx_hal_pcd.c **** }
 245:Drivers/STM32F1xx_HAL_Driver/Src/stm32f1xx_hal_pcd.c **** 
 246:Drivers/STM32F1xx_HAL_Driver/Src/stm32f1xx_hal_pcd.c **** /**
 247:Drivers/STM32F1xx_HAL_Driver/Src/stm32f1xx_hal_pcd.c ****   * @brief  DeInitializes the PCD peripheral.
 248:Drivers/STM32F1xx_HAL_Driver/Src/stm32f1xx_hal_pcd.c ****   * @param  hpcd PCD handle
 249:Drivers/STM32F1xx_HAL_Driver/Src/stm32f1xx_hal_pcd.c ****   * @retval HAL status
 250:Drivers/STM32F1xx_HAL_Driver/Src/stm32f1xx_hal_pcd.c ****   */
 251:Drivers/STM32F1xx_HAL_Driver/Src/stm32f1xx_hal_pcd.c **** HAL_StatusTypeDef HAL_PCD_DeInit(PCD_HandleTypeDef *hpcd)
 252:Drivers/STM32F1xx_HAL_Driver/Src/stm32f1xx_hal_pcd.c **** {
 253:Drivers/STM32F1xx_HAL_Driver/Src/stm32f1xx_hal_pcd.c ****   /* Check the PCD handle allocation */
 254:Drivers/STM32F1xx_HAL_Driver/Src/stm32f1xx_hal_pcd.c ****   if (hpcd == NULL)
 255:Drivers/STM32F1xx_HAL_Driver/Src/stm32f1xx_hal_pcd.c ****   {
 256:Drivers/STM32F1xx_HAL_Driver/Src/stm32f1xx_hal_pcd.c ****     return HAL_ERROR;
 257:Drivers/STM32F1xx_HAL_Driver/Src/stm32f1xx_hal_pcd.c ****   }
 258:Drivers/STM32F1xx_HAL_Driver/Src/stm32f1xx_hal_pcd.c **** 
 259:Drivers/STM32F1xx_HAL_Driver/Src/stm32f1xx_hal_pcd.c ****   hpcd->State = HAL_PCD_STATE_BUSY;
 260:Drivers/STM32F1xx_HAL_Driver/Src/stm32f1xx_hal_pcd.c **** 
ARM GAS  C:\Users\crist\AppData\Local\Temp\ccYt1KLW.s 			page 6


 261:Drivers/STM32F1xx_HAL_Driver/Src/stm32f1xx_hal_pcd.c ****   /* Stop Device */
 262:Drivers/STM32F1xx_HAL_Driver/Src/stm32f1xx_hal_pcd.c ****   if (USB_StopDevice(hpcd->Instance) != HAL_OK)
 263:Drivers/STM32F1xx_HAL_Driver/Src/stm32f1xx_hal_pcd.c ****   {
 264:Drivers/STM32F1xx_HAL_Driver/Src/stm32f1xx_hal_pcd.c ****     return HAL_ERROR;
 265:Drivers/STM32F1xx_HAL_Driver/Src/stm32f1xx_hal_pcd.c ****   }
 266:Drivers/STM32F1xx_HAL_Driver/Src/stm32f1xx_hal_pcd.c **** 
 267:Drivers/STM32F1xx_HAL_Driver/Src/stm32f1xx_hal_pcd.c **** #if (USE_HAL_PCD_REGISTER_CALLBACKS == 1U)
 268:Drivers/STM32F1xx_HAL_Driver/Src/stm32f1xx_hal_pcd.c ****   if (hpcd->MspDeInitCallback == NULL)
 269:Drivers/STM32F1xx_HAL_Driver/Src/stm32f1xx_hal_pcd.c ****   {
 270:Drivers/STM32F1xx_HAL_Driver/Src/stm32f1xx_hal_pcd.c ****     hpcd->MspDeInitCallback = HAL_PCD_MspDeInit; /* Legacy weak MspDeInit  */
 271:Drivers/STM32F1xx_HAL_Driver/Src/stm32f1xx_hal_pcd.c ****   }
 272:Drivers/STM32F1xx_HAL_Driver/Src/stm32f1xx_hal_pcd.c **** 
 273:Drivers/STM32F1xx_HAL_Driver/Src/stm32f1xx_hal_pcd.c ****   /* DeInit the low level hardware */
 274:Drivers/STM32F1xx_HAL_Driver/Src/stm32f1xx_hal_pcd.c ****   hpcd->MspDeInitCallback(hpcd);
 275:Drivers/STM32F1xx_HAL_Driver/Src/stm32f1xx_hal_pcd.c **** #else
 276:Drivers/STM32F1xx_HAL_Driver/Src/stm32f1xx_hal_pcd.c ****   /* DeInit the low level hardware: CLOCK, NVIC.*/
 277:Drivers/STM32F1xx_HAL_Driver/Src/stm32f1xx_hal_pcd.c ****   HAL_PCD_MspDeInit(hpcd);
 278:Drivers/STM32F1xx_HAL_Driver/Src/stm32f1xx_hal_pcd.c **** #endif /* USE_HAL_PCD_REGISTER_CALLBACKS */
 279:Drivers/STM32F1xx_HAL_Driver/Src/stm32f1xx_hal_pcd.c **** 
 280:Drivers/STM32F1xx_HAL_Driver/Src/stm32f1xx_hal_pcd.c ****   hpcd->State = HAL_PCD_STATE_RESET;
 281:Drivers/STM32F1xx_HAL_Driver/Src/stm32f1xx_hal_pcd.c **** 
 282:Drivers/STM32F1xx_HAL_Driver/Src/stm32f1xx_hal_pcd.c ****   return HAL_OK;
 283:Drivers/STM32F1xx_HAL_Driver/Src/stm32f1xx_hal_pcd.c **** }
 284:Drivers/STM32F1xx_HAL_Driver/Src/stm32f1xx_hal_pcd.c **** 
 285:Drivers/STM32F1xx_HAL_Driver/Src/stm32f1xx_hal_pcd.c **** /**
 286:Drivers/STM32F1xx_HAL_Driver/Src/stm32f1xx_hal_pcd.c ****   * @brief  Initializes the PCD MSP.
 287:Drivers/STM32F1xx_HAL_Driver/Src/stm32f1xx_hal_pcd.c ****   * @param  hpcd PCD handle
 288:Drivers/STM32F1xx_HAL_Driver/Src/stm32f1xx_hal_pcd.c ****   * @retval None
 289:Drivers/STM32F1xx_HAL_Driver/Src/stm32f1xx_hal_pcd.c ****   */
 290:Drivers/STM32F1xx_HAL_Driver/Src/stm32f1xx_hal_pcd.c **** __weak void HAL_PCD_MspInit(PCD_HandleTypeDef *hpcd)
 291:Drivers/STM32F1xx_HAL_Driver/Src/stm32f1xx_hal_pcd.c **** {
 292:Drivers/STM32F1xx_HAL_Driver/Src/stm32f1xx_hal_pcd.c ****   /* Prevent unused argument(s) compilation warning */
 293:Drivers/STM32F1xx_HAL_Driver/Src/stm32f1xx_hal_pcd.c ****   UNUSED(hpcd);
 294:Drivers/STM32F1xx_HAL_Driver/Src/stm32f1xx_hal_pcd.c **** 
 295:Drivers/STM32F1xx_HAL_Driver/Src/stm32f1xx_hal_pcd.c ****   /* NOTE : This function should not be modified, when the callback is needed,
 296:Drivers/STM32F1xx_HAL_Driver/Src/stm32f1xx_hal_pcd.c ****             the HAL_PCD_MspInit could be implemented in the user file
 297:Drivers/STM32F1xx_HAL_Driver/Src/stm32f1xx_hal_pcd.c ****    */
 298:Drivers/STM32F1xx_HAL_Driver/Src/stm32f1xx_hal_pcd.c **** }
 299:Drivers/STM32F1xx_HAL_Driver/Src/stm32f1xx_hal_pcd.c **** 
 300:Drivers/STM32F1xx_HAL_Driver/Src/stm32f1xx_hal_pcd.c **** /**
 301:Drivers/STM32F1xx_HAL_Driver/Src/stm32f1xx_hal_pcd.c ****   * @brief  DeInitializes PCD MSP.
 302:Drivers/STM32F1xx_HAL_Driver/Src/stm32f1xx_hal_pcd.c ****   * @param  hpcd PCD handle
 303:Drivers/STM32F1xx_HAL_Driver/Src/stm32f1xx_hal_pcd.c ****   * @retval None
 304:Drivers/STM32F1xx_HAL_Driver/Src/stm32f1xx_hal_pcd.c ****   */
 305:Drivers/STM32F1xx_HAL_Driver/Src/stm32f1xx_hal_pcd.c **** __weak void HAL_PCD_MspDeInit(PCD_HandleTypeDef *hpcd)
 306:Drivers/STM32F1xx_HAL_Driver/Src/stm32f1xx_hal_pcd.c **** {
 307:Drivers/STM32F1xx_HAL_Driver/Src/stm32f1xx_hal_pcd.c ****   /* Prevent unused argument(s) compilation warning */
 308:Drivers/STM32F1xx_HAL_Driver/Src/stm32f1xx_hal_pcd.c ****   UNUSED(hpcd);
 309:Drivers/STM32F1xx_HAL_Driver/Src/stm32f1xx_hal_pcd.c **** 
 310:Drivers/STM32F1xx_HAL_Driver/Src/stm32f1xx_hal_pcd.c ****   /* NOTE : This function should not be modified, when the callback is needed,
 311:Drivers/STM32F1xx_HAL_Driver/Src/stm32f1xx_hal_pcd.c ****             the HAL_PCD_MspDeInit could be implemented in the user file
 312:Drivers/STM32F1xx_HAL_Driver/Src/stm32f1xx_hal_pcd.c ****    */
 313:Drivers/STM32F1xx_HAL_Driver/Src/stm32f1xx_hal_pcd.c **** }
 314:Drivers/STM32F1xx_HAL_Driver/Src/stm32f1xx_hal_pcd.c **** 
 315:Drivers/STM32F1xx_HAL_Driver/Src/stm32f1xx_hal_pcd.c **** #if (USE_HAL_PCD_REGISTER_CALLBACKS == 1U)
 316:Drivers/STM32F1xx_HAL_Driver/Src/stm32f1xx_hal_pcd.c **** /**
 317:Drivers/STM32F1xx_HAL_Driver/Src/stm32f1xx_hal_pcd.c ****   * @brief  Register a User USB PCD Callback
ARM GAS  C:\Users\crist\AppData\Local\Temp\ccYt1KLW.s 			page 7


 318:Drivers/STM32F1xx_HAL_Driver/Src/stm32f1xx_hal_pcd.c ****   *         To be used instead of the weak predefined callback
 319:Drivers/STM32F1xx_HAL_Driver/Src/stm32f1xx_hal_pcd.c ****   * @param  hpcd USB PCD handle
 320:Drivers/STM32F1xx_HAL_Driver/Src/stm32f1xx_hal_pcd.c ****   * @param  CallbackID ID of the callback to be registered
 321:Drivers/STM32F1xx_HAL_Driver/Src/stm32f1xx_hal_pcd.c ****   *         This parameter can be one of the following values:
 322:Drivers/STM32F1xx_HAL_Driver/Src/stm32f1xx_hal_pcd.c ****   *          @arg @ref HAL_PCD_SOF_CB_ID USB PCD SOF callback ID
 323:Drivers/STM32F1xx_HAL_Driver/Src/stm32f1xx_hal_pcd.c ****   *          @arg @ref HAL_PCD_SETUPSTAGE_CB_ID USB PCD Setup callback ID
 324:Drivers/STM32F1xx_HAL_Driver/Src/stm32f1xx_hal_pcd.c ****   *          @arg @ref HAL_PCD_RESET_CB_ID USB PCD Reset callback ID
 325:Drivers/STM32F1xx_HAL_Driver/Src/stm32f1xx_hal_pcd.c ****   *          @arg @ref HAL_PCD_SUSPEND_CB_ID USB PCD Suspend callback ID
 326:Drivers/STM32F1xx_HAL_Driver/Src/stm32f1xx_hal_pcd.c ****   *          @arg @ref HAL_PCD_RESUME_CB_ID USB PCD Resume callback ID
 327:Drivers/STM32F1xx_HAL_Driver/Src/stm32f1xx_hal_pcd.c ****   *          @arg @ref HAL_PCD_CONNECT_CB_ID USB PCD Connect callback ID
 328:Drivers/STM32F1xx_HAL_Driver/Src/stm32f1xx_hal_pcd.c ****   *          @arg @ref HAL_PCD_DISCONNECT_CB_ID USB PCD Disconnect callback ID
 329:Drivers/STM32F1xx_HAL_Driver/Src/stm32f1xx_hal_pcd.c ****   *          @arg @ref HAL_PCD_MSPINIT_CB_ID MspDeInit callback ID
 330:Drivers/STM32F1xx_HAL_Driver/Src/stm32f1xx_hal_pcd.c ****   *          @arg @ref HAL_PCD_MSPDEINIT_CB_ID MspDeInit callback ID
 331:Drivers/STM32F1xx_HAL_Driver/Src/stm32f1xx_hal_pcd.c ****   * @param  pCallback pointer to the Callback function
 332:Drivers/STM32F1xx_HAL_Driver/Src/stm32f1xx_hal_pcd.c ****   * @retval HAL status
 333:Drivers/STM32F1xx_HAL_Driver/Src/stm32f1xx_hal_pcd.c ****   */
 334:Drivers/STM32F1xx_HAL_Driver/Src/stm32f1xx_hal_pcd.c **** HAL_StatusTypeDef HAL_PCD_RegisterCallback(PCD_HandleTypeDef *hpcd,
 335:Drivers/STM32F1xx_HAL_Driver/Src/stm32f1xx_hal_pcd.c ****                                            HAL_PCD_CallbackIDTypeDef CallbackID,
 336:Drivers/STM32F1xx_HAL_Driver/Src/stm32f1xx_hal_pcd.c ****                                            pPCD_CallbackTypeDef pCallback)
 337:Drivers/STM32F1xx_HAL_Driver/Src/stm32f1xx_hal_pcd.c **** {
 338:Drivers/STM32F1xx_HAL_Driver/Src/stm32f1xx_hal_pcd.c ****   HAL_StatusTypeDef status = HAL_OK;
 339:Drivers/STM32F1xx_HAL_Driver/Src/stm32f1xx_hal_pcd.c **** 
 340:Drivers/STM32F1xx_HAL_Driver/Src/stm32f1xx_hal_pcd.c ****   if (pCallback == NULL)
 341:Drivers/STM32F1xx_HAL_Driver/Src/stm32f1xx_hal_pcd.c ****   {
 342:Drivers/STM32F1xx_HAL_Driver/Src/stm32f1xx_hal_pcd.c ****     /* Update the error code */
 343:Drivers/STM32F1xx_HAL_Driver/Src/stm32f1xx_hal_pcd.c ****     hpcd->ErrorCode |= HAL_PCD_ERROR_INVALID_CALLBACK;
 344:Drivers/STM32F1xx_HAL_Driver/Src/stm32f1xx_hal_pcd.c ****     return HAL_ERROR;
 345:Drivers/STM32F1xx_HAL_Driver/Src/stm32f1xx_hal_pcd.c ****   }
 346:Drivers/STM32F1xx_HAL_Driver/Src/stm32f1xx_hal_pcd.c ****   /* Process locked */
 347:Drivers/STM32F1xx_HAL_Driver/Src/stm32f1xx_hal_pcd.c ****   __HAL_LOCK(hpcd);
 348:Drivers/STM32F1xx_HAL_Driver/Src/stm32f1xx_hal_pcd.c **** 
 349:Drivers/STM32F1xx_HAL_Driver/Src/stm32f1xx_hal_pcd.c ****   if (hpcd->State == HAL_PCD_STATE_READY)
 350:Drivers/STM32F1xx_HAL_Driver/Src/stm32f1xx_hal_pcd.c ****   {
 351:Drivers/STM32F1xx_HAL_Driver/Src/stm32f1xx_hal_pcd.c ****     switch (CallbackID)
 352:Drivers/STM32F1xx_HAL_Driver/Src/stm32f1xx_hal_pcd.c ****     {
 353:Drivers/STM32F1xx_HAL_Driver/Src/stm32f1xx_hal_pcd.c ****       case HAL_PCD_SOF_CB_ID :
 354:Drivers/STM32F1xx_HAL_Driver/Src/stm32f1xx_hal_pcd.c ****         hpcd->SOFCallback = pCallback;
 355:Drivers/STM32F1xx_HAL_Driver/Src/stm32f1xx_hal_pcd.c ****         break;
 356:Drivers/STM32F1xx_HAL_Driver/Src/stm32f1xx_hal_pcd.c **** 
 357:Drivers/STM32F1xx_HAL_Driver/Src/stm32f1xx_hal_pcd.c ****       case HAL_PCD_SETUPSTAGE_CB_ID :
 358:Drivers/STM32F1xx_HAL_Driver/Src/stm32f1xx_hal_pcd.c ****         hpcd->SetupStageCallback = pCallback;
 359:Drivers/STM32F1xx_HAL_Driver/Src/stm32f1xx_hal_pcd.c ****         break;
 360:Drivers/STM32F1xx_HAL_Driver/Src/stm32f1xx_hal_pcd.c **** 
 361:Drivers/STM32F1xx_HAL_Driver/Src/stm32f1xx_hal_pcd.c ****       case HAL_PCD_RESET_CB_ID :
 362:Drivers/STM32F1xx_HAL_Driver/Src/stm32f1xx_hal_pcd.c ****         hpcd->ResetCallback = pCallback;
 363:Drivers/STM32F1xx_HAL_Driver/Src/stm32f1xx_hal_pcd.c ****         break;
 364:Drivers/STM32F1xx_HAL_Driver/Src/stm32f1xx_hal_pcd.c **** 
 365:Drivers/STM32F1xx_HAL_Driver/Src/stm32f1xx_hal_pcd.c ****       case HAL_PCD_SUSPEND_CB_ID :
 366:Drivers/STM32F1xx_HAL_Driver/Src/stm32f1xx_hal_pcd.c ****         hpcd->SuspendCallback = pCallback;
 367:Drivers/STM32F1xx_HAL_Driver/Src/stm32f1xx_hal_pcd.c ****         break;
 368:Drivers/STM32F1xx_HAL_Driver/Src/stm32f1xx_hal_pcd.c **** 
 369:Drivers/STM32F1xx_HAL_Driver/Src/stm32f1xx_hal_pcd.c ****       case HAL_PCD_RESUME_CB_ID :
 370:Drivers/STM32F1xx_HAL_Driver/Src/stm32f1xx_hal_pcd.c ****         hpcd->ResumeCallback = pCallback;
 371:Drivers/STM32F1xx_HAL_Driver/Src/stm32f1xx_hal_pcd.c ****         break;
 372:Drivers/STM32F1xx_HAL_Driver/Src/stm32f1xx_hal_pcd.c **** 
 373:Drivers/STM32F1xx_HAL_Driver/Src/stm32f1xx_hal_pcd.c ****       case HAL_PCD_CONNECT_CB_ID :
 374:Drivers/STM32F1xx_HAL_Driver/Src/stm32f1xx_hal_pcd.c ****         hpcd->ConnectCallback = pCallback;
ARM GAS  C:\Users\crist\AppData\Local\Temp\ccYt1KLW.s 			page 8


 375:Drivers/STM32F1xx_HAL_Driver/Src/stm32f1xx_hal_pcd.c ****         break;
 376:Drivers/STM32F1xx_HAL_Driver/Src/stm32f1xx_hal_pcd.c **** 
 377:Drivers/STM32F1xx_HAL_Driver/Src/stm32f1xx_hal_pcd.c ****       case HAL_PCD_DISCONNECT_CB_ID :
 378:Drivers/STM32F1xx_HAL_Driver/Src/stm32f1xx_hal_pcd.c ****         hpcd->DisconnectCallback = pCallback;
 379:Drivers/STM32F1xx_HAL_Driver/Src/stm32f1xx_hal_pcd.c ****         break;
 380:Drivers/STM32F1xx_HAL_Driver/Src/stm32f1xx_hal_pcd.c **** 
 381:Drivers/STM32F1xx_HAL_Driver/Src/stm32f1xx_hal_pcd.c ****       case HAL_PCD_MSPINIT_CB_ID :
 382:Drivers/STM32F1xx_HAL_Driver/Src/stm32f1xx_hal_pcd.c ****         hpcd->MspInitCallback = pCallback;
 383:Drivers/STM32F1xx_HAL_Driver/Src/stm32f1xx_hal_pcd.c ****         break;
 384:Drivers/STM32F1xx_HAL_Driver/Src/stm32f1xx_hal_pcd.c **** 
 385:Drivers/STM32F1xx_HAL_Driver/Src/stm32f1xx_hal_pcd.c ****       case HAL_PCD_MSPDEINIT_CB_ID :
 386:Drivers/STM32F1xx_HAL_Driver/Src/stm32f1xx_hal_pcd.c ****         hpcd->MspDeInitCallback = pCallback;
 387:Drivers/STM32F1xx_HAL_Driver/Src/stm32f1xx_hal_pcd.c ****         break;
 388:Drivers/STM32F1xx_HAL_Driver/Src/stm32f1xx_hal_pcd.c **** 
 389:Drivers/STM32F1xx_HAL_Driver/Src/stm32f1xx_hal_pcd.c ****       default :
 390:Drivers/STM32F1xx_HAL_Driver/Src/stm32f1xx_hal_pcd.c ****         /* Update the error code */
 391:Drivers/STM32F1xx_HAL_Driver/Src/stm32f1xx_hal_pcd.c ****         hpcd->ErrorCode |= HAL_PCD_ERROR_INVALID_CALLBACK;
 392:Drivers/STM32F1xx_HAL_Driver/Src/stm32f1xx_hal_pcd.c ****         /* Return error status */
 393:Drivers/STM32F1xx_HAL_Driver/Src/stm32f1xx_hal_pcd.c ****         status =  HAL_ERROR;
 394:Drivers/STM32F1xx_HAL_Driver/Src/stm32f1xx_hal_pcd.c ****         break;
 395:Drivers/STM32F1xx_HAL_Driver/Src/stm32f1xx_hal_pcd.c ****     }
 396:Drivers/STM32F1xx_HAL_Driver/Src/stm32f1xx_hal_pcd.c ****   }
 397:Drivers/STM32F1xx_HAL_Driver/Src/stm32f1xx_hal_pcd.c ****   else if (hpcd->State == HAL_PCD_STATE_RESET)
 398:Drivers/STM32F1xx_HAL_Driver/Src/stm32f1xx_hal_pcd.c ****   {
 399:Drivers/STM32F1xx_HAL_Driver/Src/stm32f1xx_hal_pcd.c ****     switch (CallbackID)
 400:Drivers/STM32F1xx_HAL_Driver/Src/stm32f1xx_hal_pcd.c ****     {
 401:Drivers/STM32F1xx_HAL_Driver/Src/stm32f1xx_hal_pcd.c ****       case HAL_PCD_MSPINIT_CB_ID :
 402:Drivers/STM32F1xx_HAL_Driver/Src/stm32f1xx_hal_pcd.c ****         hpcd->MspInitCallback = pCallback;
 403:Drivers/STM32F1xx_HAL_Driver/Src/stm32f1xx_hal_pcd.c ****         break;
 404:Drivers/STM32F1xx_HAL_Driver/Src/stm32f1xx_hal_pcd.c **** 
 405:Drivers/STM32F1xx_HAL_Driver/Src/stm32f1xx_hal_pcd.c ****       case HAL_PCD_MSPDEINIT_CB_ID :
 406:Drivers/STM32F1xx_HAL_Driver/Src/stm32f1xx_hal_pcd.c ****         hpcd->MspDeInitCallback = pCallback;
 407:Drivers/STM32F1xx_HAL_Driver/Src/stm32f1xx_hal_pcd.c ****         break;
 408:Drivers/STM32F1xx_HAL_Driver/Src/stm32f1xx_hal_pcd.c **** 
 409:Drivers/STM32F1xx_HAL_Driver/Src/stm32f1xx_hal_pcd.c ****       default :
 410:Drivers/STM32F1xx_HAL_Driver/Src/stm32f1xx_hal_pcd.c ****         /* Update the error code */
 411:Drivers/STM32F1xx_HAL_Driver/Src/stm32f1xx_hal_pcd.c ****         hpcd->ErrorCode |= HAL_PCD_ERROR_INVALID_CALLBACK;
 412:Drivers/STM32F1xx_HAL_Driver/Src/stm32f1xx_hal_pcd.c ****         /* Return error status */
 413:Drivers/STM32F1xx_HAL_Driver/Src/stm32f1xx_hal_pcd.c ****         status =  HAL_ERROR;
 414:Drivers/STM32F1xx_HAL_Driver/Src/stm32f1xx_hal_pcd.c ****         break;
 415:Drivers/STM32F1xx_HAL_Driver/Src/stm32f1xx_hal_pcd.c ****     }
 416:Drivers/STM32F1xx_HAL_Driver/Src/stm32f1xx_hal_pcd.c ****   }
 417:Drivers/STM32F1xx_HAL_Driver/Src/stm32f1xx_hal_pcd.c ****   else
 418:Drivers/STM32F1xx_HAL_Driver/Src/stm32f1xx_hal_pcd.c ****   {
 419:Drivers/STM32F1xx_HAL_Driver/Src/stm32f1xx_hal_pcd.c ****     /* Update the error code */
 420:Drivers/STM32F1xx_HAL_Driver/Src/stm32f1xx_hal_pcd.c ****     hpcd->ErrorCode |= HAL_PCD_ERROR_INVALID_CALLBACK;
 421:Drivers/STM32F1xx_HAL_Driver/Src/stm32f1xx_hal_pcd.c ****     /* Return error status */
 422:Drivers/STM32F1xx_HAL_Driver/Src/stm32f1xx_hal_pcd.c ****     status =  HAL_ERROR;
 423:Drivers/STM32F1xx_HAL_Driver/Src/stm32f1xx_hal_pcd.c ****   }
 424:Drivers/STM32F1xx_HAL_Driver/Src/stm32f1xx_hal_pcd.c **** 
 425:Drivers/STM32F1xx_HAL_Driver/Src/stm32f1xx_hal_pcd.c ****   /* Release Lock */
 426:Drivers/STM32F1xx_HAL_Driver/Src/stm32f1xx_hal_pcd.c ****   __HAL_UNLOCK(hpcd);
 427:Drivers/STM32F1xx_HAL_Driver/Src/stm32f1xx_hal_pcd.c ****   return status;
 428:Drivers/STM32F1xx_HAL_Driver/Src/stm32f1xx_hal_pcd.c **** }
 429:Drivers/STM32F1xx_HAL_Driver/Src/stm32f1xx_hal_pcd.c **** 
 430:Drivers/STM32F1xx_HAL_Driver/Src/stm32f1xx_hal_pcd.c **** /**
 431:Drivers/STM32F1xx_HAL_Driver/Src/stm32f1xx_hal_pcd.c ****   * @brief  Unregister an USB PCD Callback
ARM GAS  C:\Users\crist\AppData\Local\Temp\ccYt1KLW.s 			page 9


 432:Drivers/STM32F1xx_HAL_Driver/Src/stm32f1xx_hal_pcd.c ****   *         USB PCD callback is redirected to the weak predefined callback
 433:Drivers/STM32F1xx_HAL_Driver/Src/stm32f1xx_hal_pcd.c ****   * @param  hpcd USB PCD handle
 434:Drivers/STM32F1xx_HAL_Driver/Src/stm32f1xx_hal_pcd.c ****   * @param  CallbackID ID of the callback to be unregistered
 435:Drivers/STM32F1xx_HAL_Driver/Src/stm32f1xx_hal_pcd.c ****   *         This parameter can be one of the following values:
 436:Drivers/STM32F1xx_HAL_Driver/Src/stm32f1xx_hal_pcd.c ****   *          @arg @ref HAL_PCD_SOF_CB_ID USB PCD SOF callback ID
 437:Drivers/STM32F1xx_HAL_Driver/Src/stm32f1xx_hal_pcd.c ****   *          @arg @ref HAL_PCD_SETUPSTAGE_CB_ID USB PCD Setup callback ID
 438:Drivers/STM32F1xx_HAL_Driver/Src/stm32f1xx_hal_pcd.c ****   *          @arg @ref HAL_PCD_RESET_CB_ID USB PCD Reset callback ID
 439:Drivers/STM32F1xx_HAL_Driver/Src/stm32f1xx_hal_pcd.c ****   *          @arg @ref HAL_PCD_SUSPEND_CB_ID USB PCD Suspend callback ID
 440:Drivers/STM32F1xx_HAL_Driver/Src/stm32f1xx_hal_pcd.c ****   *          @arg @ref HAL_PCD_RESUME_CB_ID USB PCD Resume callback ID
 441:Drivers/STM32F1xx_HAL_Driver/Src/stm32f1xx_hal_pcd.c ****   *          @arg @ref HAL_PCD_CONNECT_CB_ID USB PCD Connect callback ID
 442:Drivers/STM32F1xx_HAL_Driver/Src/stm32f1xx_hal_pcd.c ****   *          @arg @ref HAL_PCD_DISCONNECT_CB_ID USB PCD Disconnect callback ID
 443:Drivers/STM32F1xx_HAL_Driver/Src/stm32f1xx_hal_pcd.c ****   *          @arg @ref HAL_PCD_MSPINIT_CB_ID MspDeInit callback ID
 444:Drivers/STM32F1xx_HAL_Driver/Src/stm32f1xx_hal_pcd.c ****   *          @arg @ref HAL_PCD_MSPDEINIT_CB_ID MspDeInit callback ID
 445:Drivers/STM32F1xx_HAL_Driver/Src/stm32f1xx_hal_pcd.c ****   * @retval HAL status
 446:Drivers/STM32F1xx_HAL_Driver/Src/stm32f1xx_hal_pcd.c ****   */
 447:Drivers/STM32F1xx_HAL_Driver/Src/stm32f1xx_hal_pcd.c **** HAL_StatusTypeDef HAL_PCD_UnRegisterCallback(PCD_HandleTypeDef *hpcd, HAL_PCD_CallbackIDTypeDef Cal
 448:Drivers/STM32F1xx_HAL_Driver/Src/stm32f1xx_hal_pcd.c **** {
 449:Drivers/STM32F1xx_HAL_Driver/Src/stm32f1xx_hal_pcd.c ****   HAL_StatusTypeDef status = HAL_OK;
 450:Drivers/STM32F1xx_HAL_Driver/Src/stm32f1xx_hal_pcd.c **** 
 451:Drivers/STM32F1xx_HAL_Driver/Src/stm32f1xx_hal_pcd.c ****   /* Process locked */
 452:Drivers/STM32F1xx_HAL_Driver/Src/stm32f1xx_hal_pcd.c ****   __HAL_LOCK(hpcd);
 453:Drivers/STM32F1xx_HAL_Driver/Src/stm32f1xx_hal_pcd.c **** 
 454:Drivers/STM32F1xx_HAL_Driver/Src/stm32f1xx_hal_pcd.c ****   /* Setup Legacy weak Callbacks  */
 455:Drivers/STM32F1xx_HAL_Driver/Src/stm32f1xx_hal_pcd.c ****   if (hpcd->State == HAL_PCD_STATE_READY)
 456:Drivers/STM32F1xx_HAL_Driver/Src/stm32f1xx_hal_pcd.c ****   {
 457:Drivers/STM32F1xx_HAL_Driver/Src/stm32f1xx_hal_pcd.c ****     switch (CallbackID)
 458:Drivers/STM32F1xx_HAL_Driver/Src/stm32f1xx_hal_pcd.c ****     {
 459:Drivers/STM32F1xx_HAL_Driver/Src/stm32f1xx_hal_pcd.c ****       case HAL_PCD_SOF_CB_ID :
 460:Drivers/STM32F1xx_HAL_Driver/Src/stm32f1xx_hal_pcd.c ****         hpcd->SOFCallback = HAL_PCD_SOFCallback;
 461:Drivers/STM32F1xx_HAL_Driver/Src/stm32f1xx_hal_pcd.c ****         break;
 462:Drivers/STM32F1xx_HAL_Driver/Src/stm32f1xx_hal_pcd.c **** 
 463:Drivers/STM32F1xx_HAL_Driver/Src/stm32f1xx_hal_pcd.c ****       case HAL_PCD_SETUPSTAGE_CB_ID :
 464:Drivers/STM32F1xx_HAL_Driver/Src/stm32f1xx_hal_pcd.c ****         hpcd->SetupStageCallback = HAL_PCD_SetupStageCallback;
 465:Drivers/STM32F1xx_HAL_Driver/Src/stm32f1xx_hal_pcd.c ****         break;
 466:Drivers/STM32F1xx_HAL_Driver/Src/stm32f1xx_hal_pcd.c **** 
 467:Drivers/STM32F1xx_HAL_Driver/Src/stm32f1xx_hal_pcd.c ****       case HAL_PCD_RESET_CB_ID :
 468:Drivers/STM32F1xx_HAL_Driver/Src/stm32f1xx_hal_pcd.c ****         hpcd->ResetCallback = HAL_PCD_ResetCallback;
 469:Drivers/STM32F1xx_HAL_Driver/Src/stm32f1xx_hal_pcd.c ****         break;
 470:Drivers/STM32F1xx_HAL_Driver/Src/stm32f1xx_hal_pcd.c **** 
 471:Drivers/STM32F1xx_HAL_Driver/Src/stm32f1xx_hal_pcd.c ****       case HAL_PCD_SUSPEND_CB_ID :
 472:Drivers/STM32F1xx_HAL_Driver/Src/stm32f1xx_hal_pcd.c ****         hpcd->SuspendCallback = HAL_PCD_SuspendCallback;
 473:Drivers/STM32F1xx_HAL_Driver/Src/stm32f1xx_hal_pcd.c ****         break;
 474:Drivers/STM32F1xx_HAL_Driver/Src/stm32f1xx_hal_pcd.c **** 
 475:Drivers/STM32F1xx_HAL_Driver/Src/stm32f1xx_hal_pcd.c ****       case HAL_PCD_RESUME_CB_ID :
 476:Drivers/STM32F1xx_HAL_Driver/Src/stm32f1xx_hal_pcd.c ****         hpcd->ResumeCallback = HAL_PCD_ResumeCallback;
 477:Drivers/STM32F1xx_HAL_Driver/Src/stm32f1xx_hal_pcd.c ****         break;
 478:Drivers/STM32F1xx_HAL_Driver/Src/stm32f1xx_hal_pcd.c **** 
 479:Drivers/STM32F1xx_HAL_Driver/Src/stm32f1xx_hal_pcd.c ****       case HAL_PCD_CONNECT_CB_ID :
 480:Drivers/STM32F1xx_HAL_Driver/Src/stm32f1xx_hal_pcd.c ****         hpcd->ConnectCallback = HAL_PCD_ConnectCallback;
 481:Drivers/STM32F1xx_HAL_Driver/Src/stm32f1xx_hal_pcd.c ****         break;
 482:Drivers/STM32F1xx_HAL_Driver/Src/stm32f1xx_hal_pcd.c **** 
 483:Drivers/STM32F1xx_HAL_Driver/Src/stm32f1xx_hal_pcd.c ****       case HAL_PCD_DISCONNECT_CB_ID :
 484:Drivers/STM32F1xx_HAL_Driver/Src/stm32f1xx_hal_pcd.c ****         hpcd->DisconnectCallback = HAL_PCD_DisconnectCallback;
 485:Drivers/STM32F1xx_HAL_Driver/Src/stm32f1xx_hal_pcd.c ****         break;
 486:Drivers/STM32F1xx_HAL_Driver/Src/stm32f1xx_hal_pcd.c **** 
 487:Drivers/STM32F1xx_HAL_Driver/Src/stm32f1xx_hal_pcd.c ****       case HAL_PCD_MSPINIT_CB_ID :
 488:Drivers/STM32F1xx_HAL_Driver/Src/stm32f1xx_hal_pcd.c ****         hpcd->MspInitCallback = HAL_PCD_MspInit;
ARM GAS  C:\Users\crist\AppData\Local\Temp\ccYt1KLW.s 			page 10


 489:Drivers/STM32F1xx_HAL_Driver/Src/stm32f1xx_hal_pcd.c ****         break;
 490:Drivers/STM32F1xx_HAL_Driver/Src/stm32f1xx_hal_pcd.c **** 
 491:Drivers/STM32F1xx_HAL_Driver/Src/stm32f1xx_hal_pcd.c ****       case HAL_PCD_MSPDEINIT_CB_ID :
 492:Drivers/STM32F1xx_HAL_Driver/Src/stm32f1xx_hal_pcd.c ****         hpcd->MspDeInitCallback = HAL_PCD_MspDeInit;
 493:Drivers/STM32F1xx_HAL_Driver/Src/stm32f1xx_hal_pcd.c ****         break;
 494:Drivers/STM32F1xx_HAL_Driver/Src/stm32f1xx_hal_pcd.c **** 
 495:Drivers/STM32F1xx_HAL_Driver/Src/stm32f1xx_hal_pcd.c ****       default :
 496:Drivers/STM32F1xx_HAL_Driver/Src/stm32f1xx_hal_pcd.c ****         /* Update the error code */
 497:Drivers/STM32F1xx_HAL_Driver/Src/stm32f1xx_hal_pcd.c ****         hpcd->ErrorCode |= HAL_PCD_ERROR_INVALID_CALLBACK;
 498:Drivers/STM32F1xx_HAL_Driver/Src/stm32f1xx_hal_pcd.c **** 
 499:Drivers/STM32F1xx_HAL_Driver/Src/stm32f1xx_hal_pcd.c ****         /* Return error status */
 500:Drivers/STM32F1xx_HAL_Driver/Src/stm32f1xx_hal_pcd.c ****         status =  HAL_ERROR;
 501:Drivers/STM32F1xx_HAL_Driver/Src/stm32f1xx_hal_pcd.c ****         break;
 502:Drivers/STM32F1xx_HAL_Driver/Src/stm32f1xx_hal_pcd.c ****     }
 503:Drivers/STM32F1xx_HAL_Driver/Src/stm32f1xx_hal_pcd.c ****   }
 504:Drivers/STM32F1xx_HAL_Driver/Src/stm32f1xx_hal_pcd.c ****   else if (hpcd->State == HAL_PCD_STATE_RESET)
 505:Drivers/STM32F1xx_HAL_Driver/Src/stm32f1xx_hal_pcd.c ****   {
 506:Drivers/STM32F1xx_HAL_Driver/Src/stm32f1xx_hal_pcd.c ****     switch (CallbackID)
 507:Drivers/STM32F1xx_HAL_Driver/Src/stm32f1xx_hal_pcd.c ****     {
 508:Drivers/STM32F1xx_HAL_Driver/Src/stm32f1xx_hal_pcd.c ****       case HAL_PCD_MSPINIT_CB_ID :
 509:Drivers/STM32F1xx_HAL_Driver/Src/stm32f1xx_hal_pcd.c ****         hpcd->MspInitCallback = HAL_PCD_MspInit;
 510:Drivers/STM32F1xx_HAL_Driver/Src/stm32f1xx_hal_pcd.c ****         break;
 511:Drivers/STM32F1xx_HAL_Driver/Src/stm32f1xx_hal_pcd.c **** 
 512:Drivers/STM32F1xx_HAL_Driver/Src/stm32f1xx_hal_pcd.c ****       case HAL_PCD_MSPDEINIT_CB_ID :
 513:Drivers/STM32F1xx_HAL_Driver/Src/stm32f1xx_hal_pcd.c ****         hpcd->MspDeInitCallback = HAL_PCD_MspDeInit;
 514:Drivers/STM32F1xx_HAL_Driver/Src/stm32f1xx_hal_pcd.c ****         break;
 515:Drivers/STM32F1xx_HAL_Driver/Src/stm32f1xx_hal_pcd.c **** 
 516:Drivers/STM32F1xx_HAL_Driver/Src/stm32f1xx_hal_pcd.c ****       default :
 517:Drivers/STM32F1xx_HAL_Driver/Src/stm32f1xx_hal_pcd.c ****         /* Update the error code */
 518:Drivers/STM32F1xx_HAL_Driver/Src/stm32f1xx_hal_pcd.c ****         hpcd->ErrorCode |= HAL_PCD_ERROR_INVALID_CALLBACK;
 519:Drivers/STM32F1xx_HAL_Driver/Src/stm32f1xx_hal_pcd.c **** 
 520:Drivers/STM32F1xx_HAL_Driver/Src/stm32f1xx_hal_pcd.c ****         /* Return error status */
 521:Drivers/STM32F1xx_HAL_Driver/Src/stm32f1xx_hal_pcd.c ****         status =  HAL_ERROR;
 522:Drivers/STM32F1xx_HAL_Driver/Src/stm32f1xx_hal_pcd.c ****         break;
 523:Drivers/STM32F1xx_HAL_Driver/Src/stm32f1xx_hal_pcd.c ****     }
 524:Drivers/STM32F1xx_HAL_Driver/Src/stm32f1xx_hal_pcd.c ****   }
 525:Drivers/STM32F1xx_HAL_Driver/Src/stm32f1xx_hal_pcd.c ****   else
 526:Drivers/STM32F1xx_HAL_Driver/Src/stm32f1xx_hal_pcd.c ****   {
 527:Drivers/STM32F1xx_HAL_Driver/Src/stm32f1xx_hal_pcd.c ****     /* Update the error code */
 528:Drivers/STM32F1xx_HAL_Driver/Src/stm32f1xx_hal_pcd.c ****     hpcd->ErrorCode |= HAL_PCD_ERROR_INVALID_CALLBACK;
 529:Drivers/STM32F1xx_HAL_Driver/Src/stm32f1xx_hal_pcd.c **** 
 530:Drivers/STM32F1xx_HAL_Driver/Src/stm32f1xx_hal_pcd.c ****     /* Return error status */
 531:Drivers/STM32F1xx_HAL_Driver/Src/stm32f1xx_hal_pcd.c ****     status =  HAL_ERROR;
 532:Drivers/STM32F1xx_HAL_Driver/Src/stm32f1xx_hal_pcd.c ****   }
 533:Drivers/STM32F1xx_HAL_Driver/Src/stm32f1xx_hal_pcd.c **** 
 534:Drivers/STM32F1xx_HAL_Driver/Src/stm32f1xx_hal_pcd.c ****   /* Release Lock */
 535:Drivers/STM32F1xx_HAL_Driver/Src/stm32f1xx_hal_pcd.c ****   __HAL_UNLOCK(hpcd);
 536:Drivers/STM32F1xx_HAL_Driver/Src/stm32f1xx_hal_pcd.c ****   return status;
 537:Drivers/STM32F1xx_HAL_Driver/Src/stm32f1xx_hal_pcd.c **** }
 538:Drivers/STM32F1xx_HAL_Driver/Src/stm32f1xx_hal_pcd.c **** 
 539:Drivers/STM32F1xx_HAL_Driver/Src/stm32f1xx_hal_pcd.c **** /**
 540:Drivers/STM32F1xx_HAL_Driver/Src/stm32f1xx_hal_pcd.c ****   * @brief  Register USB PCD Data OUT Stage Callback
 541:Drivers/STM32F1xx_HAL_Driver/Src/stm32f1xx_hal_pcd.c ****   *         To be used instead of the weak HAL_PCD_DataOutStageCallback() predefined callback
 542:Drivers/STM32F1xx_HAL_Driver/Src/stm32f1xx_hal_pcd.c ****   * @param  hpcd PCD handle
 543:Drivers/STM32F1xx_HAL_Driver/Src/stm32f1xx_hal_pcd.c ****   * @param  pCallback pointer to the USB PCD Data OUT Stage Callback function
 544:Drivers/STM32F1xx_HAL_Driver/Src/stm32f1xx_hal_pcd.c ****   * @retval HAL status
 545:Drivers/STM32F1xx_HAL_Driver/Src/stm32f1xx_hal_pcd.c ****   */
ARM GAS  C:\Users\crist\AppData\Local\Temp\ccYt1KLW.s 			page 11


 546:Drivers/STM32F1xx_HAL_Driver/Src/stm32f1xx_hal_pcd.c **** HAL_StatusTypeDef HAL_PCD_RegisterDataOutStageCallback(PCD_HandleTypeDef *hpcd,
 547:Drivers/STM32F1xx_HAL_Driver/Src/stm32f1xx_hal_pcd.c ****                                                        pPCD_DataOutStageCallbackTypeDef pCallback)
 548:Drivers/STM32F1xx_HAL_Driver/Src/stm32f1xx_hal_pcd.c **** {
 549:Drivers/STM32F1xx_HAL_Driver/Src/stm32f1xx_hal_pcd.c ****   HAL_StatusTypeDef status = HAL_OK;
 550:Drivers/STM32F1xx_HAL_Driver/Src/stm32f1xx_hal_pcd.c **** 
 551:Drivers/STM32F1xx_HAL_Driver/Src/stm32f1xx_hal_pcd.c ****   if (pCallback == NULL)
 552:Drivers/STM32F1xx_HAL_Driver/Src/stm32f1xx_hal_pcd.c ****   {
 553:Drivers/STM32F1xx_HAL_Driver/Src/stm32f1xx_hal_pcd.c ****     /* Update the error code */
 554:Drivers/STM32F1xx_HAL_Driver/Src/stm32f1xx_hal_pcd.c ****     hpcd->ErrorCode |= HAL_PCD_ERROR_INVALID_CALLBACK;
 555:Drivers/STM32F1xx_HAL_Driver/Src/stm32f1xx_hal_pcd.c **** 
 556:Drivers/STM32F1xx_HAL_Driver/Src/stm32f1xx_hal_pcd.c ****     return HAL_ERROR;
 557:Drivers/STM32F1xx_HAL_Driver/Src/stm32f1xx_hal_pcd.c ****   }
 558:Drivers/STM32F1xx_HAL_Driver/Src/stm32f1xx_hal_pcd.c **** 
 559:Drivers/STM32F1xx_HAL_Driver/Src/stm32f1xx_hal_pcd.c ****   /* Process locked */
 560:Drivers/STM32F1xx_HAL_Driver/Src/stm32f1xx_hal_pcd.c ****   __HAL_LOCK(hpcd);
 561:Drivers/STM32F1xx_HAL_Driver/Src/stm32f1xx_hal_pcd.c **** 
 562:Drivers/STM32F1xx_HAL_Driver/Src/stm32f1xx_hal_pcd.c ****   if (hpcd->State == HAL_PCD_STATE_READY)
 563:Drivers/STM32F1xx_HAL_Driver/Src/stm32f1xx_hal_pcd.c ****   {
 564:Drivers/STM32F1xx_HAL_Driver/Src/stm32f1xx_hal_pcd.c ****     hpcd->DataOutStageCallback = pCallback;
 565:Drivers/STM32F1xx_HAL_Driver/Src/stm32f1xx_hal_pcd.c ****   }
 566:Drivers/STM32F1xx_HAL_Driver/Src/stm32f1xx_hal_pcd.c ****   else
 567:Drivers/STM32F1xx_HAL_Driver/Src/stm32f1xx_hal_pcd.c ****   {
 568:Drivers/STM32F1xx_HAL_Driver/Src/stm32f1xx_hal_pcd.c ****     /* Update the error code */
 569:Drivers/STM32F1xx_HAL_Driver/Src/stm32f1xx_hal_pcd.c ****     hpcd->ErrorCode |= HAL_PCD_ERROR_INVALID_CALLBACK;
 570:Drivers/STM32F1xx_HAL_Driver/Src/stm32f1xx_hal_pcd.c **** 
 571:Drivers/STM32F1xx_HAL_Driver/Src/stm32f1xx_hal_pcd.c ****     /* Return error status */
 572:Drivers/STM32F1xx_HAL_Driver/Src/stm32f1xx_hal_pcd.c ****     status =  HAL_ERROR;
 573:Drivers/STM32F1xx_HAL_Driver/Src/stm32f1xx_hal_pcd.c ****   }
 574:Drivers/STM32F1xx_HAL_Driver/Src/stm32f1xx_hal_pcd.c **** 
 575:Drivers/STM32F1xx_HAL_Driver/Src/stm32f1xx_hal_pcd.c ****   /* Release Lock */
 576:Drivers/STM32F1xx_HAL_Driver/Src/stm32f1xx_hal_pcd.c ****   __HAL_UNLOCK(hpcd);
 577:Drivers/STM32F1xx_HAL_Driver/Src/stm32f1xx_hal_pcd.c **** 
 578:Drivers/STM32F1xx_HAL_Driver/Src/stm32f1xx_hal_pcd.c ****   return status;
 579:Drivers/STM32F1xx_HAL_Driver/Src/stm32f1xx_hal_pcd.c **** }
 580:Drivers/STM32F1xx_HAL_Driver/Src/stm32f1xx_hal_pcd.c **** 
 581:Drivers/STM32F1xx_HAL_Driver/Src/stm32f1xx_hal_pcd.c **** /**
 582:Drivers/STM32F1xx_HAL_Driver/Src/stm32f1xx_hal_pcd.c ****   * @brief  Unregister the USB PCD Data OUT Stage Callback
 583:Drivers/STM32F1xx_HAL_Driver/Src/stm32f1xx_hal_pcd.c ****   *         USB PCD Data OUT Stage Callback is redirected to the weak HAL_PCD_DataOutStageCallback(
 584:Drivers/STM32F1xx_HAL_Driver/Src/stm32f1xx_hal_pcd.c ****   * @param  hpcd PCD handle
 585:Drivers/STM32F1xx_HAL_Driver/Src/stm32f1xx_hal_pcd.c ****   * @retval HAL status
 586:Drivers/STM32F1xx_HAL_Driver/Src/stm32f1xx_hal_pcd.c ****   */
 587:Drivers/STM32F1xx_HAL_Driver/Src/stm32f1xx_hal_pcd.c **** HAL_StatusTypeDef HAL_PCD_UnRegisterDataOutStageCallback(PCD_HandleTypeDef *hpcd)
 588:Drivers/STM32F1xx_HAL_Driver/Src/stm32f1xx_hal_pcd.c **** {
 589:Drivers/STM32F1xx_HAL_Driver/Src/stm32f1xx_hal_pcd.c ****   HAL_StatusTypeDef status = HAL_OK;
 590:Drivers/STM32F1xx_HAL_Driver/Src/stm32f1xx_hal_pcd.c **** 
 591:Drivers/STM32F1xx_HAL_Driver/Src/stm32f1xx_hal_pcd.c ****   /* Process locked */
 592:Drivers/STM32F1xx_HAL_Driver/Src/stm32f1xx_hal_pcd.c ****   __HAL_LOCK(hpcd);
 593:Drivers/STM32F1xx_HAL_Driver/Src/stm32f1xx_hal_pcd.c **** 
 594:Drivers/STM32F1xx_HAL_Driver/Src/stm32f1xx_hal_pcd.c ****   if (hpcd->State == HAL_PCD_STATE_READY)
 595:Drivers/STM32F1xx_HAL_Driver/Src/stm32f1xx_hal_pcd.c ****   {
 596:Drivers/STM32F1xx_HAL_Driver/Src/stm32f1xx_hal_pcd.c ****     hpcd->DataOutStageCallback = HAL_PCD_DataOutStageCallback; /* Legacy weak DataOutStageCallback 
 597:Drivers/STM32F1xx_HAL_Driver/Src/stm32f1xx_hal_pcd.c ****   }
 598:Drivers/STM32F1xx_HAL_Driver/Src/stm32f1xx_hal_pcd.c ****   else
 599:Drivers/STM32F1xx_HAL_Driver/Src/stm32f1xx_hal_pcd.c ****   {
 600:Drivers/STM32F1xx_HAL_Driver/Src/stm32f1xx_hal_pcd.c ****     /* Update the error code */
 601:Drivers/STM32F1xx_HAL_Driver/Src/stm32f1xx_hal_pcd.c ****     hpcd->ErrorCode |= HAL_PCD_ERROR_INVALID_CALLBACK;
 602:Drivers/STM32F1xx_HAL_Driver/Src/stm32f1xx_hal_pcd.c **** 
ARM GAS  C:\Users\crist\AppData\Local\Temp\ccYt1KLW.s 			page 12


 603:Drivers/STM32F1xx_HAL_Driver/Src/stm32f1xx_hal_pcd.c ****     /* Return error status */
 604:Drivers/STM32F1xx_HAL_Driver/Src/stm32f1xx_hal_pcd.c ****     status =  HAL_ERROR;
 605:Drivers/STM32F1xx_HAL_Driver/Src/stm32f1xx_hal_pcd.c ****   }
 606:Drivers/STM32F1xx_HAL_Driver/Src/stm32f1xx_hal_pcd.c **** 
 607:Drivers/STM32F1xx_HAL_Driver/Src/stm32f1xx_hal_pcd.c ****   /* Release Lock */
 608:Drivers/STM32F1xx_HAL_Driver/Src/stm32f1xx_hal_pcd.c ****   __HAL_UNLOCK(hpcd);
 609:Drivers/STM32F1xx_HAL_Driver/Src/stm32f1xx_hal_pcd.c **** 
 610:Drivers/STM32F1xx_HAL_Driver/Src/stm32f1xx_hal_pcd.c ****   return status;
 611:Drivers/STM32F1xx_HAL_Driver/Src/stm32f1xx_hal_pcd.c **** }
 612:Drivers/STM32F1xx_HAL_Driver/Src/stm32f1xx_hal_pcd.c **** 
 613:Drivers/STM32F1xx_HAL_Driver/Src/stm32f1xx_hal_pcd.c **** /**
 614:Drivers/STM32F1xx_HAL_Driver/Src/stm32f1xx_hal_pcd.c ****   * @brief  Register USB PCD Data IN Stage Callback
 615:Drivers/STM32F1xx_HAL_Driver/Src/stm32f1xx_hal_pcd.c ****   *         To be used instead of the weak HAL_PCD_DataInStageCallback() predefined callback
 616:Drivers/STM32F1xx_HAL_Driver/Src/stm32f1xx_hal_pcd.c ****   * @param  hpcd PCD handle
 617:Drivers/STM32F1xx_HAL_Driver/Src/stm32f1xx_hal_pcd.c ****   * @param  pCallback pointer to the USB PCD Data IN Stage Callback function
 618:Drivers/STM32F1xx_HAL_Driver/Src/stm32f1xx_hal_pcd.c ****   * @retval HAL status
 619:Drivers/STM32F1xx_HAL_Driver/Src/stm32f1xx_hal_pcd.c ****   */
 620:Drivers/STM32F1xx_HAL_Driver/Src/stm32f1xx_hal_pcd.c **** HAL_StatusTypeDef HAL_PCD_RegisterDataInStageCallback(PCD_HandleTypeDef *hpcd,
 621:Drivers/STM32F1xx_HAL_Driver/Src/stm32f1xx_hal_pcd.c ****                                                       pPCD_DataInStageCallbackTypeDef pCallback)
 622:Drivers/STM32F1xx_HAL_Driver/Src/stm32f1xx_hal_pcd.c **** {
 623:Drivers/STM32F1xx_HAL_Driver/Src/stm32f1xx_hal_pcd.c ****   HAL_StatusTypeDef status = HAL_OK;
 624:Drivers/STM32F1xx_HAL_Driver/Src/stm32f1xx_hal_pcd.c **** 
 625:Drivers/STM32F1xx_HAL_Driver/Src/stm32f1xx_hal_pcd.c ****   if (pCallback == NULL)
 626:Drivers/STM32F1xx_HAL_Driver/Src/stm32f1xx_hal_pcd.c ****   {
 627:Drivers/STM32F1xx_HAL_Driver/Src/stm32f1xx_hal_pcd.c ****     /* Update the error code */
 628:Drivers/STM32F1xx_HAL_Driver/Src/stm32f1xx_hal_pcd.c ****     hpcd->ErrorCode |= HAL_PCD_ERROR_INVALID_CALLBACK;
 629:Drivers/STM32F1xx_HAL_Driver/Src/stm32f1xx_hal_pcd.c **** 
 630:Drivers/STM32F1xx_HAL_Driver/Src/stm32f1xx_hal_pcd.c ****     return HAL_ERROR;
 631:Drivers/STM32F1xx_HAL_Driver/Src/stm32f1xx_hal_pcd.c ****   }
 632:Drivers/STM32F1xx_HAL_Driver/Src/stm32f1xx_hal_pcd.c **** 
 633:Drivers/STM32F1xx_HAL_Driver/Src/stm32f1xx_hal_pcd.c ****   /* Process locked */
 634:Drivers/STM32F1xx_HAL_Driver/Src/stm32f1xx_hal_pcd.c ****   __HAL_LOCK(hpcd);
 635:Drivers/STM32F1xx_HAL_Driver/Src/stm32f1xx_hal_pcd.c **** 
 636:Drivers/STM32F1xx_HAL_Driver/Src/stm32f1xx_hal_pcd.c ****   if (hpcd->State == HAL_PCD_STATE_READY)
 637:Drivers/STM32F1xx_HAL_Driver/Src/stm32f1xx_hal_pcd.c ****   {
 638:Drivers/STM32F1xx_HAL_Driver/Src/stm32f1xx_hal_pcd.c ****     hpcd->DataInStageCallback = pCallback;
 639:Drivers/STM32F1xx_HAL_Driver/Src/stm32f1xx_hal_pcd.c ****   }
 640:Drivers/STM32F1xx_HAL_Driver/Src/stm32f1xx_hal_pcd.c ****   else
 641:Drivers/STM32F1xx_HAL_Driver/Src/stm32f1xx_hal_pcd.c ****   {
 642:Drivers/STM32F1xx_HAL_Driver/Src/stm32f1xx_hal_pcd.c ****     /* Update the error code */
 643:Drivers/STM32F1xx_HAL_Driver/Src/stm32f1xx_hal_pcd.c ****     hpcd->ErrorCode |= HAL_PCD_ERROR_INVALID_CALLBACK;
 644:Drivers/STM32F1xx_HAL_Driver/Src/stm32f1xx_hal_pcd.c **** 
 645:Drivers/STM32F1xx_HAL_Driver/Src/stm32f1xx_hal_pcd.c ****     /* Return error status */
 646:Drivers/STM32F1xx_HAL_Driver/Src/stm32f1xx_hal_pcd.c ****     status =  HAL_ERROR;
 647:Drivers/STM32F1xx_HAL_Driver/Src/stm32f1xx_hal_pcd.c ****   }
 648:Drivers/STM32F1xx_HAL_Driver/Src/stm32f1xx_hal_pcd.c **** 
 649:Drivers/STM32F1xx_HAL_Driver/Src/stm32f1xx_hal_pcd.c ****   /* Release Lock */
 650:Drivers/STM32F1xx_HAL_Driver/Src/stm32f1xx_hal_pcd.c ****   __HAL_UNLOCK(hpcd);
 651:Drivers/STM32F1xx_HAL_Driver/Src/stm32f1xx_hal_pcd.c **** 
 652:Drivers/STM32F1xx_HAL_Driver/Src/stm32f1xx_hal_pcd.c ****   return status;
 653:Drivers/STM32F1xx_HAL_Driver/Src/stm32f1xx_hal_pcd.c **** }
 654:Drivers/STM32F1xx_HAL_Driver/Src/stm32f1xx_hal_pcd.c **** 
 655:Drivers/STM32F1xx_HAL_Driver/Src/stm32f1xx_hal_pcd.c **** /**
 656:Drivers/STM32F1xx_HAL_Driver/Src/stm32f1xx_hal_pcd.c ****   * @brief  Unregister the USB PCD Data IN Stage Callback
 657:Drivers/STM32F1xx_HAL_Driver/Src/stm32f1xx_hal_pcd.c ****   *         USB PCD Data OUT Stage Callback is redirected to the weak HAL_PCD_DataInStageCallback()
 658:Drivers/STM32F1xx_HAL_Driver/Src/stm32f1xx_hal_pcd.c ****   * @param  hpcd PCD handle
 659:Drivers/STM32F1xx_HAL_Driver/Src/stm32f1xx_hal_pcd.c ****   * @retval HAL status
ARM GAS  C:\Users\crist\AppData\Local\Temp\ccYt1KLW.s 			page 13


 660:Drivers/STM32F1xx_HAL_Driver/Src/stm32f1xx_hal_pcd.c ****   */
 661:Drivers/STM32F1xx_HAL_Driver/Src/stm32f1xx_hal_pcd.c **** HAL_StatusTypeDef HAL_PCD_UnRegisterDataInStageCallback(PCD_HandleTypeDef *hpcd)
 662:Drivers/STM32F1xx_HAL_Driver/Src/stm32f1xx_hal_pcd.c **** {
 663:Drivers/STM32F1xx_HAL_Driver/Src/stm32f1xx_hal_pcd.c ****   HAL_StatusTypeDef status = HAL_OK;
 664:Drivers/STM32F1xx_HAL_Driver/Src/stm32f1xx_hal_pcd.c **** 
 665:Drivers/STM32F1xx_HAL_Driver/Src/stm32f1xx_hal_pcd.c ****   /* Process locked */
 666:Drivers/STM32F1xx_HAL_Driver/Src/stm32f1xx_hal_pcd.c ****   __HAL_LOCK(hpcd);
 667:Drivers/STM32F1xx_HAL_Driver/Src/stm32f1xx_hal_pcd.c **** 
 668:Drivers/STM32F1xx_HAL_Driver/Src/stm32f1xx_hal_pcd.c ****   if (hpcd->State == HAL_PCD_STATE_READY)
 669:Drivers/STM32F1xx_HAL_Driver/Src/stm32f1xx_hal_pcd.c ****   {
 670:Drivers/STM32F1xx_HAL_Driver/Src/stm32f1xx_hal_pcd.c ****     hpcd->DataInStageCallback = HAL_PCD_DataInStageCallback; /* Legacy weak DataInStageCallback  */
 671:Drivers/STM32F1xx_HAL_Driver/Src/stm32f1xx_hal_pcd.c ****   }
 672:Drivers/STM32F1xx_HAL_Driver/Src/stm32f1xx_hal_pcd.c ****   else
 673:Drivers/STM32F1xx_HAL_Driver/Src/stm32f1xx_hal_pcd.c ****   {
 674:Drivers/STM32F1xx_HAL_Driver/Src/stm32f1xx_hal_pcd.c ****     /* Update the error code */
 675:Drivers/STM32F1xx_HAL_Driver/Src/stm32f1xx_hal_pcd.c ****     hpcd->ErrorCode |= HAL_PCD_ERROR_INVALID_CALLBACK;
 676:Drivers/STM32F1xx_HAL_Driver/Src/stm32f1xx_hal_pcd.c **** 
 677:Drivers/STM32F1xx_HAL_Driver/Src/stm32f1xx_hal_pcd.c ****     /* Return error status */
 678:Drivers/STM32F1xx_HAL_Driver/Src/stm32f1xx_hal_pcd.c ****     status =  HAL_ERROR;
 679:Drivers/STM32F1xx_HAL_Driver/Src/stm32f1xx_hal_pcd.c ****   }
 680:Drivers/STM32F1xx_HAL_Driver/Src/stm32f1xx_hal_pcd.c **** 
 681:Drivers/STM32F1xx_HAL_Driver/Src/stm32f1xx_hal_pcd.c ****   /* Release Lock */
 682:Drivers/STM32F1xx_HAL_Driver/Src/stm32f1xx_hal_pcd.c ****   __HAL_UNLOCK(hpcd);
 683:Drivers/STM32F1xx_HAL_Driver/Src/stm32f1xx_hal_pcd.c **** 
 684:Drivers/STM32F1xx_HAL_Driver/Src/stm32f1xx_hal_pcd.c ****   return status;
 685:Drivers/STM32F1xx_HAL_Driver/Src/stm32f1xx_hal_pcd.c **** }
 686:Drivers/STM32F1xx_HAL_Driver/Src/stm32f1xx_hal_pcd.c **** 
 687:Drivers/STM32F1xx_HAL_Driver/Src/stm32f1xx_hal_pcd.c **** /**
 688:Drivers/STM32F1xx_HAL_Driver/Src/stm32f1xx_hal_pcd.c ****   * @brief  Register USB PCD Iso OUT incomplete Callback
 689:Drivers/STM32F1xx_HAL_Driver/Src/stm32f1xx_hal_pcd.c ****   *         To be used instead of the weak HAL_PCD_ISOOUTIncompleteCallback() predefined callback
 690:Drivers/STM32F1xx_HAL_Driver/Src/stm32f1xx_hal_pcd.c ****   * @param  hpcd PCD handle
 691:Drivers/STM32F1xx_HAL_Driver/Src/stm32f1xx_hal_pcd.c ****   * @param  pCallback pointer to the USB PCD Iso OUT incomplete Callback function
 692:Drivers/STM32F1xx_HAL_Driver/Src/stm32f1xx_hal_pcd.c ****   * @retval HAL status
 693:Drivers/STM32F1xx_HAL_Driver/Src/stm32f1xx_hal_pcd.c ****   */
 694:Drivers/STM32F1xx_HAL_Driver/Src/stm32f1xx_hal_pcd.c **** HAL_StatusTypeDef HAL_PCD_RegisterIsoOutIncpltCallback(PCD_HandleTypeDef *hpcd,
 695:Drivers/STM32F1xx_HAL_Driver/Src/stm32f1xx_hal_pcd.c ****                                                        pPCD_IsoOutIncpltCallbackTypeDef pCallback)
 696:Drivers/STM32F1xx_HAL_Driver/Src/stm32f1xx_hal_pcd.c **** {
 697:Drivers/STM32F1xx_HAL_Driver/Src/stm32f1xx_hal_pcd.c ****   HAL_StatusTypeDef status = HAL_OK;
 698:Drivers/STM32F1xx_HAL_Driver/Src/stm32f1xx_hal_pcd.c **** 
 699:Drivers/STM32F1xx_HAL_Driver/Src/stm32f1xx_hal_pcd.c ****   if (pCallback == NULL)
 700:Drivers/STM32F1xx_HAL_Driver/Src/stm32f1xx_hal_pcd.c ****   {
 701:Drivers/STM32F1xx_HAL_Driver/Src/stm32f1xx_hal_pcd.c ****     /* Update the error code */
 702:Drivers/STM32F1xx_HAL_Driver/Src/stm32f1xx_hal_pcd.c ****     hpcd->ErrorCode |= HAL_PCD_ERROR_INVALID_CALLBACK;
 703:Drivers/STM32F1xx_HAL_Driver/Src/stm32f1xx_hal_pcd.c **** 
 704:Drivers/STM32F1xx_HAL_Driver/Src/stm32f1xx_hal_pcd.c ****     return HAL_ERROR;
 705:Drivers/STM32F1xx_HAL_Driver/Src/stm32f1xx_hal_pcd.c ****   }
 706:Drivers/STM32F1xx_HAL_Driver/Src/stm32f1xx_hal_pcd.c **** 
 707:Drivers/STM32F1xx_HAL_Driver/Src/stm32f1xx_hal_pcd.c ****   /* Process locked */
 708:Drivers/STM32F1xx_HAL_Driver/Src/stm32f1xx_hal_pcd.c ****   __HAL_LOCK(hpcd);
 709:Drivers/STM32F1xx_HAL_Driver/Src/stm32f1xx_hal_pcd.c **** 
 710:Drivers/STM32F1xx_HAL_Driver/Src/stm32f1xx_hal_pcd.c ****   if (hpcd->State == HAL_PCD_STATE_READY)
 711:Drivers/STM32F1xx_HAL_Driver/Src/stm32f1xx_hal_pcd.c ****   {
 712:Drivers/STM32F1xx_HAL_Driver/Src/stm32f1xx_hal_pcd.c ****     hpcd->ISOOUTIncompleteCallback = pCallback;
 713:Drivers/STM32F1xx_HAL_Driver/Src/stm32f1xx_hal_pcd.c ****   }
 714:Drivers/STM32F1xx_HAL_Driver/Src/stm32f1xx_hal_pcd.c ****   else
 715:Drivers/STM32F1xx_HAL_Driver/Src/stm32f1xx_hal_pcd.c ****   {
 716:Drivers/STM32F1xx_HAL_Driver/Src/stm32f1xx_hal_pcd.c ****     /* Update the error code */
ARM GAS  C:\Users\crist\AppData\Local\Temp\ccYt1KLW.s 			page 14


 717:Drivers/STM32F1xx_HAL_Driver/Src/stm32f1xx_hal_pcd.c ****     hpcd->ErrorCode |= HAL_PCD_ERROR_INVALID_CALLBACK;
 718:Drivers/STM32F1xx_HAL_Driver/Src/stm32f1xx_hal_pcd.c **** 
 719:Drivers/STM32F1xx_HAL_Driver/Src/stm32f1xx_hal_pcd.c ****     /* Return error status */
 720:Drivers/STM32F1xx_HAL_Driver/Src/stm32f1xx_hal_pcd.c ****     status =  HAL_ERROR;
 721:Drivers/STM32F1xx_HAL_Driver/Src/stm32f1xx_hal_pcd.c ****   }
 722:Drivers/STM32F1xx_HAL_Driver/Src/stm32f1xx_hal_pcd.c **** 
 723:Drivers/STM32F1xx_HAL_Driver/Src/stm32f1xx_hal_pcd.c ****   /* Release Lock */
 724:Drivers/STM32F1xx_HAL_Driver/Src/stm32f1xx_hal_pcd.c ****   __HAL_UNLOCK(hpcd);
 725:Drivers/STM32F1xx_HAL_Driver/Src/stm32f1xx_hal_pcd.c **** 
 726:Drivers/STM32F1xx_HAL_Driver/Src/stm32f1xx_hal_pcd.c ****   return status;
 727:Drivers/STM32F1xx_HAL_Driver/Src/stm32f1xx_hal_pcd.c **** }
 728:Drivers/STM32F1xx_HAL_Driver/Src/stm32f1xx_hal_pcd.c **** 
 729:Drivers/STM32F1xx_HAL_Driver/Src/stm32f1xx_hal_pcd.c **** /**
 730:Drivers/STM32F1xx_HAL_Driver/Src/stm32f1xx_hal_pcd.c ****   * @brief  Unregister the USB PCD Iso OUT incomplete Callback
 731:Drivers/STM32F1xx_HAL_Driver/Src/stm32f1xx_hal_pcd.c ****   *         USB PCD Iso OUT incomplete Callback is redirected
 732:Drivers/STM32F1xx_HAL_Driver/Src/stm32f1xx_hal_pcd.c ****   *         to the weak HAL_PCD_ISOOUTIncompleteCallback() predefined callback
 733:Drivers/STM32F1xx_HAL_Driver/Src/stm32f1xx_hal_pcd.c ****   * @param  hpcd PCD handle
 734:Drivers/STM32F1xx_HAL_Driver/Src/stm32f1xx_hal_pcd.c ****   * @retval HAL status
 735:Drivers/STM32F1xx_HAL_Driver/Src/stm32f1xx_hal_pcd.c ****   */
 736:Drivers/STM32F1xx_HAL_Driver/Src/stm32f1xx_hal_pcd.c **** HAL_StatusTypeDef HAL_PCD_UnRegisterIsoOutIncpltCallback(PCD_HandleTypeDef *hpcd)
 737:Drivers/STM32F1xx_HAL_Driver/Src/stm32f1xx_hal_pcd.c **** {
 738:Drivers/STM32F1xx_HAL_Driver/Src/stm32f1xx_hal_pcd.c ****   HAL_StatusTypeDef status = HAL_OK;
 739:Drivers/STM32F1xx_HAL_Driver/Src/stm32f1xx_hal_pcd.c **** 
 740:Drivers/STM32F1xx_HAL_Driver/Src/stm32f1xx_hal_pcd.c ****   /* Process locked */
 741:Drivers/STM32F1xx_HAL_Driver/Src/stm32f1xx_hal_pcd.c ****   __HAL_LOCK(hpcd);
 742:Drivers/STM32F1xx_HAL_Driver/Src/stm32f1xx_hal_pcd.c **** 
 743:Drivers/STM32F1xx_HAL_Driver/Src/stm32f1xx_hal_pcd.c ****   if (hpcd->State == HAL_PCD_STATE_READY)
 744:Drivers/STM32F1xx_HAL_Driver/Src/stm32f1xx_hal_pcd.c ****   {
 745:Drivers/STM32F1xx_HAL_Driver/Src/stm32f1xx_hal_pcd.c ****     hpcd->ISOOUTIncompleteCallback = HAL_PCD_ISOOUTIncompleteCallback; /* Legacy weak ISOOUTIncompl
 746:Drivers/STM32F1xx_HAL_Driver/Src/stm32f1xx_hal_pcd.c ****   }
 747:Drivers/STM32F1xx_HAL_Driver/Src/stm32f1xx_hal_pcd.c ****   else
 748:Drivers/STM32F1xx_HAL_Driver/Src/stm32f1xx_hal_pcd.c ****   {
 749:Drivers/STM32F1xx_HAL_Driver/Src/stm32f1xx_hal_pcd.c ****     /* Update the error code */
 750:Drivers/STM32F1xx_HAL_Driver/Src/stm32f1xx_hal_pcd.c ****     hpcd->ErrorCode |= HAL_PCD_ERROR_INVALID_CALLBACK;
 751:Drivers/STM32F1xx_HAL_Driver/Src/stm32f1xx_hal_pcd.c **** 
 752:Drivers/STM32F1xx_HAL_Driver/Src/stm32f1xx_hal_pcd.c ****     /* Return error status */
 753:Drivers/STM32F1xx_HAL_Driver/Src/stm32f1xx_hal_pcd.c ****     status =  HAL_ERROR;
 754:Drivers/STM32F1xx_HAL_Driver/Src/stm32f1xx_hal_pcd.c ****   }
 755:Drivers/STM32F1xx_HAL_Driver/Src/stm32f1xx_hal_pcd.c **** 
 756:Drivers/STM32F1xx_HAL_Driver/Src/stm32f1xx_hal_pcd.c ****   /* Release Lock */
 757:Drivers/STM32F1xx_HAL_Driver/Src/stm32f1xx_hal_pcd.c ****   __HAL_UNLOCK(hpcd);
 758:Drivers/STM32F1xx_HAL_Driver/Src/stm32f1xx_hal_pcd.c **** 
 759:Drivers/STM32F1xx_HAL_Driver/Src/stm32f1xx_hal_pcd.c ****   return status;
 760:Drivers/STM32F1xx_HAL_Driver/Src/stm32f1xx_hal_pcd.c **** }
 761:Drivers/STM32F1xx_HAL_Driver/Src/stm32f1xx_hal_pcd.c **** 
 762:Drivers/STM32F1xx_HAL_Driver/Src/stm32f1xx_hal_pcd.c **** /**
 763:Drivers/STM32F1xx_HAL_Driver/Src/stm32f1xx_hal_pcd.c ****   * @brief  Register USB PCD Iso IN incomplete Callback
 764:Drivers/STM32F1xx_HAL_Driver/Src/stm32f1xx_hal_pcd.c ****   *         To be used instead of the weak HAL_PCD_ISOINIncompleteCallback() predefined callback
 765:Drivers/STM32F1xx_HAL_Driver/Src/stm32f1xx_hal_pcd.c ****   * @param  hpcd PCD handle
 766:Drivers/STM32F1xx_HAL_Driver/Src/stm32f1xx_hal_pcd.c ****   * @param  pCallback pointer to the USB PCD Iso IN incomplete Callback function
 767:Drivers/STM32F1xx_HAL_Driver/Src/stm32f1xx_hal_pcd.c ****   * @retval HAL status
 768:Drivers/STM32F1xx_HAL_Driver/Src/stm32f1xx_hal_pcd.c ****   */
 769:Drivers/STM32F1xx_HAL_Driver/Src/stm32f1xx_hal_pcd.c **** HAL_StatusTypeDef HAL_PCD_RegisterIsoInIncpltCallback(PCD_HandleTypeDef *hpcd,
 770:Drivers/STM32F1xx_HAL_Driver/Src/stm32f1xx_hal_pcd.c ****                                                       pPCD_IsoInIncpltCallbackTypeDef pCallback)
 771:Drivers/STM32F1xx_HAL_Driver/Src/stm32f1xx_hal_pcd.c **** {
 772:Drivers/STM32F1xx_HAL_Driver/Src/stm32f1xx_hal_pcd.c ****   HAL_StatusTypeDef status = HAL_OK;
 773:Drivers/STM32F1xx_HAL_Driver/Src/stm32f1xx_hal_pcd.c **** 
ARM GAS  C:\Users\crist\AppData\Local\Temp\ccYt1KLW.s 			page 15


 774:Drivers/STM32F1xx_HAL_Driver/Src/stm32f1xx_hal_pcd.c ****   if (pCallback == NULL)
 775:Drivers/STM32F1xx_HAL_Driver/Src/stm32f1xx_hal_pcd.c ****   {
 776:Drivers/STM32F1xx_HAL_Driver/Src/stm32f1xx_hal_pcd.c ****     /* Update the error code */
 777:Drivers/STM32F1xx_HAL_Driver/Src/stm32f1xx_hal_pcd.c ****     hpcd->ErrorCode |= HAL_PCD_ERROR_INVALID_CALLBACK;
 778:Drivers/STM32F1xx_HAL_Driver/Src/stm32f1xx_hal_pcd.c **** 
 779:Drivers/STM32F1xx_HAL_Driver/Src/stm32f1xx_hal_pcd.c ****     return HAL_ERROR;
 780:Drivers/STM32F1xx_HAL_Driver/Src/stm32f1xx_hal_pcd.c ****   }
 781:Drivers/STM32F1xx_HAL_Driver/Src/stm32f1xx_hal_pcd.c **** 
 782:Drivers/STM32F1xx_HAL_Driver/Src/stm32f1xx_hal_pcd.c ****   /* Process locked */
 783:Drivers/STM32F1xx_HAL_Driver/Src/stm32f1xx_hal_pcd.c ****   __HAL_LOCK(hpcd);
 784:Drivers/STM32F1xx_HAL_Driver/Src/stm32f1xx_hal_pcd.c **** 
 785:Drivers/STM32F1xx_HAL_Driver/Src/stm32f1xx_hal_pcd.c ****   if (hpcd->State == HAL_PCD_STATE_READY)
 786:Drivers/STM32F1xx_HAL_Driver/Src/stm32f1xx_hal_pcd.c ****   {
 787:Drivers/STM32F1xx_HAL_Driver/Src/stm32f1xx_hal_pcd.c ****     hpcd->ISOINIncompleteCallback = pCallback;
 788:Drivers/STM32F1xx_HAL_Driver/Src/stm32f1xx_hal_pcd.c ****   }
 789:Drivers/STM32F1xx_HAL_Driver/Src/stm32f1xx_hal_pcd.c ****   else
 790:Drivers/STM32F1xx_HAL_Driver/Src/stm32f1xx_hal_pcd.c ****   {
 791:Drivers/STM32F1xx_HAL_Driver/Src/stm32f1xx_hal_pcd.c ****     /* Update the error code */
 792:Drivers/STM32F1xx_HAL_Driver/Src/stm32f1xx_hal_pcd.c ****     hpcd->ErrorCode |= HAL_PCD_ERROR_INVALID_CALLBACK;
 793:Drivers/STM32F1xx_HAL_Driver/Src/stm32f1xx_hal_pcd.c **** 
 794:Drivers/STM32F1xx_HAL_Driver/Src/stm32f1xx_hal_pcd.c ****     /* Return error status */
 795:Drivers/STM32F1xx_HAL_Driver/Src/stm32f1xx_hal_pcd.c ****     status =  HAL_ERROR;
 796:Drivers/STM32F1xx_HAL_Driver/Src/stm32f1xx_hal_pcd.c ****   }
 797:Drivers/STM32F1xx_HAL_Driver/Src/stm32f1xx_hal_pcd.c **** 
 798:Drivers/STM32F1xx_HAL_Driver/Src/stm32f1xx_hal_pcd.c ****   /* Release Lock */
 799:Drivers/STM32F1xx_HAL_Driver/Src/stm32f1xx_hal_pcd.c ****   __HAL_UNLOCK(hpcd);
 800:Drivers/STM32F1xx_HAL_Driver/Src/stm32f1xx_hal_pcd.c **** 
 801:Drivers/STM32F1xx_HAL_Driver/Src/stm32f1xx_hal_pcd.c ****   return status;
 802:Drivers/STM32F1xx_HAL_Driver/Src/stm32f1xx_hal_pcd.c **** }
 803:Drivers/STM32F1xx_HAL_Driver/Src/stm32f1xx_hal_pcd.c **** 
 804:Drivers/STM32F1xx_HAL_Driver/Src/stm32f1xx_hal_pcd.c **** /**
 805:Drivers/STM32F1xx_HAL_Driver/Src/stm32f1xx_hal_pcd.c ****   * @brief  Unregister the USB PCD Iso IN incomplete Callback
 806:Drivers/STM32F1xx_HAL_Driver/Src/stm32f1xx_hal_pcd.c ****   *         USB PCD Iso IN incomplete Callback is redirected
 807:Drivers/STM32F1xx_HAL_Driver/Src/stm32f1xx_hal_pcd.c ****   *         to the weak HAL_PCD_ISOINIncompleteCallback() predefined callback
 808:Drivers/STM32F1xx_HAL_Driver/Src/stm32f1xx_hal_pcd.c ****   * @param  hpcd PCD handle
 809:Drivers/STM32F1xx_HAL_Driver/Src/stm32f1xx_hal_pcd.c ****   * @retval HAL status
 810:Drivers/STM32F1xx_HAL_Driver/Src/stm32f1xx_hal_pcd.c ****   */
 811:Drivers/STM32F1xx_HAL_Driver/Src/stm32f1xx_hal_pcd.c **** HAL_StatusTypeDef HAL_PCD_UnRegisterIsoInIncpltCallback(PCD_HandleTypeDef *hpcd)
 812:Drivers/STM32F1xx_HAL_Driver/Src/stm32f1xx_hal_pcd.c **** {
 813:Drivers/STM32F1xx_HAL_Driver/Src/stm32f1xx_hal_pcd.c ****   HAL_StatusTypeDef status = HAL_OK;
 814:Drivers/STM32F1xx_HAL_Driver/Src/stm32f1xx_hal_pcd.c **** 
 815:Drivers/STM32F1xx_HAL_Driver/Src/stm32f1xx_hal_pcd.c ****   /* Process locked */
 816:Drivers/STM32F1xx_HAL_Driver/Src/stm32f1xx_hal_pcd.c ****   __HAL_LOCK(hpcd);
 817:Drivers/STM32F1xx_HAL_Driver/Src/stm32f1xx_hal_pcd.c **** 
 818:Drivers/STM32F1xx_HAL_Driver/Src/stm32f1xx_hal_pcd.c ****   if (hpcd->State == HAL_PCD_STATE_READY)
 819:Drivers/STM32F1xx_HAL_Driver/Src/stm32f1xx_hal_pcd.c ****   {
 820:Drivers/STM32F1xx_HAL_Driver/Src/stm32f1xx_hal_pcd.c ****     hpcd->ISOINIncompleteCallback = HAL_PCD_ISOINIncompleteCallback; /* Legacy weak ISOINIncomplete
 821:Drivers/STM32F1xx_HAL_Driver/Src/stm32f1xx_hal_pcd.c ****   }
 822:Drivers/STM32F1xx_HAL_Driver/Src/stm32f1xx_hal_pcd.c ****   else
 823:Drivers/STM32F1xx_HAL_Driver/Src/stm32f1xx_hal_pcd.c ****   {
 824:Drivers/STM32F1xx_HAL_Driver/Src/stm32f1xx_hal_pcd.c ****     /* Update the error code */
 825:Drivers/STM32F1xx_HAL_Driver/Src/stm32f1xx_hal_pcd.c ****     hpcd->ErrorCode |= HAL_PCD_ERROR_INVALID_CALLBACK;
 826:Drivers/STM32F1xx_HAL_Driver/Src/stm32f1xx_hal_pcd.c **** 
 827:Drivers/STM32F1xx_HAL_Driver/Src/stm32f1xx_hal_pcd.c ****     /* Return error status */
 828:Drivers/STM32F1xx_HAL_Driver/Src/stm32f1xx_hal_pcd.c ****     status =  HAL_ERROR;
 829:Drivers/STM32F1xx_HAL_Driver/Src/stm32f1xx_hal_pcd.c ****   }
 830:Drivers/STM32F1xx_HAL_Driver/Src/stm32f1xx_hal_pcd.c **** 
ARM GAS  C:\Users\crist\AppData\Local\Temp\ccYt1KLW.s 			page 16


 831:Drivers/STM32F1xx_HAL_Driver/Src/stm32f1xx_hal_pcd.c ****   /* Release Lock */
 832:Drivers/STM32F1xx_HAL_Driver/Src/stm32f1xx_hal_pcd.c ****   __HAL_UNLOCK(hpcd);
 833:Drivers/STM32F1xx_HAL_Driver/Src/stm32f1xx_hal_pcd.c **** 
 834:Drivers/STM32F1xx_HAL_Driver/Src/stm32f1xx_hal_pcd.c ****   return status;
 835:Drivers/STM32F1xx_HAL_Driver/Src/stm32f1xx_hal_pcd.c **** }
 836:Drivers/STM32F1xx_HAL_Driver/Src/stm32f1xx_hal_pcd.c **** 
 837:Drivers/STM32F1xx_HAL_Driver/Src/stm32f1xx_hal_pcd.c **** #endif /* USE_HAL_PCD_REGISTER_CALLBACKS */
 838:Drivers/STM32F1xx_HAL_Driver/Src/stm32f1xx_hal_pcd.c **** 
 839:Drivers/STM32F1xx_HAL_Driver/Src/stm32f1xx_hal_pcd.c **** /**
 840:Drivers/STM32F1xx_HAL_Driver/Src/stm32f1xx_hal_pcd.c ****   * @}
 841:Drivers/STM32F1xx_HAL_Driver/Src/stm32f1xx_hal_pcd.c ****   */
 842:Drivers/STM32F1xx_HAL_Driver/Src/stm32f1xx_hal_pcd.c **** 
 843:Drivers/STM32F1xx_HAL_Driver/Src/stm32f1xx_hal_pcd.c **** /** @defgroup PCD_Exported_Functions_Group2 Input and Output operation functions
 844:Drivers/STM32F1xx_HAL_Driver/Src/stm32f1xx_hal_pcd.c ****   *  @brief   Data transfers functions
 845:Drivers/STM32F1xx_HAL_Driver/Src/stm32f1xx_hal_pcd.c ****   *
 846:Drivers/STM32F1xx_HAL_Driver/Src/stm32f1xx_hal_pcd.c **** @verbatim
 847:Drivers/STM32F1xx_HAL_Driver/Src/stm32f1xx_hal_pcd.c ****  ===============================================================================
 848:Drivers/STM32F1xx_HAL_Driver/Src/stm32f1xx_hal_pcd.c ****                       ##### IO operation functions #####
 849:Drivers/STM32F1xx_HAL_Driver/Src/stm32f1xx_hal_pcd.c ****  ===============================================================================
 850:Drivers/STM32F1xx_HAL_Driver/Src/stm32f1xx_hal_pcd.c ****     [..]
 851:Drivers/STM32F1xx_HAL_Driver/Src/stm32f1xx_hal_pcd.c ****     This subsection provides a set of functions allowing to manage the PCD data
 852:Drivers/STM32F1xx_HAL_Driver/Src/stm32f1xx_hal_pcd.c ****     transfers.
 853:Drivers/STM32F1xx_HAL_Driver/Src/stm32f1xx_hal_pcd.c **** 
 854:Drivers/STM32F1xx_HAL_Driver/Src/stm32f1xx_hal_pcd.c **** @endverbatim
 855:Drivers/STM32F1xx_HAL_Driver/Src/stm32f1xx_hal_pcd.c ****   * @{
 856:Drivers/STM32F1xx_HAL_Driver/Src/stm32f1xx_hal_pcd.c ****   */
 857:Drivers/STM32F1xx_HAL_Driver/Src/stm32f1xx_hal_pcd.c **** 
 858:Drivers/STM32F1xx_HAL_Driver/Src/stm32f1xx_hal_pcd.c **** /**
 859:Drivers/STM32F1xx_HAL_Driver/Src/stm32f1xx_hal_pcd.c ****   * @brief  Start the USB device
 860:Drivers/STM32F1xx_HAL_Driver/Src/stm32f1xx_hal_pcd.c ****   * @param  hpcd PCD handle
 861:Drivers/STM32F1xx_HAL_Driver/Src/stm32f1xx_hal_pcd.c ****   * @retval HAL status
 862:Drivers/STM32F1xx_HAL_Driver/Src/stm32f1xx_hal_pcd.c ****   */
 863:Drivers/STM32F1xx_HAL_Driver/Src/stm32f1xx_hal_pcd.c **** HAL_StatusTypeDef HAL_PCD_Start(PCD_HandleTypeDef *hpcd)
 864:Drivers/STM32F1xx_HAL_Driver/Src/stm32f1xx_hal_pcd.c **** {
 865:Drivers/STM32F1xx_HAL_Driver/Src/stm32f1xx_hal_pcd.c ****   __HAL_LOCK(hpcd);
 866:Drivers/STM32F1xx_HAL_Driver/Src/stm32f1xx_hal_pcd.c ****   __HAL_PCD_ENABLE(hpcd);
 867:Drivers/STM32F1xx_HAL_Driver/Src/stm32f1xx_hal_pcd.c **** 
 868:Drivers/STM32F1xx_HAL_Driver/Src/stm32f1xx_hal_pcd.c **** #if defined (USB)
 869:Drivers/STM32F1xx_HAL_Driver/Src/stm32f1xx_hal_pcd.c ****   HAL_PCDEx_SetConnectionState(hpcd, 1U);
 870:Drivers/STM32F1xx_HAL_Driver/Src/stm32f1xx_hal_pcd.c **** #endif /* defined (USB) */
 871:Drivers/STM32F1xx_HAL_Driver/Src/stm32f1xx_hal_pcd.c **** 
 872:Drivers/STM32F1xx_HAL_Driver/Src/stm32f1xx_hal_pcd.c ****   (void)USB_DevConnect(hpcd->Instance);
 873:Drivers/STM32F1xx_HAL_Driver/Src/stm32f1xx_hal_pcd.c ****   __HAL_UNLOCK(hpcd);
 874:Drivers/STM32F1xx_HAL_Driver/Src/stm32f1xx_hal_pcd.c **** 
 875:Drivers/STM32F1xx_HAL_Driver/Src/stm32f1xx_hal_pcd.c ****   return HAL_OK;
 876:Drivers/STM32F1xx_HAL_Driver/Src/stm32f1xx_hal_pcd.c **** }
 877:Drivers/STM32F1xx_HAL_Driver/Src/stm32f1xx_hal_pcd.c **** 
 878:Drivers/STM32F1xx_HAL_Driver/Src/stm32f1xx_hal_pcd.c **** /**
 879:Drivers/STM32F1xx_HAL_Driver/Src/stm32f1xx_hal_pcd.c ****   * @brief  Stop the USB device.
 880:Drivers/STM32F1xx_HAL_Driver/Src/stm32f1xx_hal_pcd.c ****   * @param  hpcd PCD handle
 881:Drivers/STM32F1xx_HAL_Driver/Src/stm32f1xx_hal_pcd.c ****   * @retval HAL status
 882:Drivers/STM32F1xx_HAL_Driver/Src/stm32f1xx_hal_pcd.c ****   */
 883:Drivers/STM32F1xx_HAL_Driver/Src/stm32f1xx_hal_pcd.c **** HAL_StatusTypeDef HAL_PCD_Stop(PCD_HandleTypeDef *hpcd)
 884:Drivers/STM32F1xx_HAL_Driver/Src/stm32f1xx_hal_pcd.c **** {
 885:Drivers/STM32F1xx_HAL_Driver/Src/stm32f1xx_hal_pcd.c ****   __HAL_LOCK(hpcd);
 886:Drivers/STM32F1xx_HAL_Driver/Src/stm32f1xx_hal_pcd.c ****   __HAL_PCD_DISABLE(hpcd);
 887:Drivers/STM32F1xx_HAL_Driver/Src/stm32f1xx_hal_pcd.c **** 
ARM GAS  C:\Users\crist\AppData\Local\Temp\ccYt1KLW.s 			page 17


 888:Drivers/STM32F1xx_HAL_Driver/Src/stm32f1xx_hal_pcd.c **** #if defined (USB)
 889:Drivers/STM32F1xx_HAL_Driver/Src/stm32f1xx_hal_pcd.c ****   HAL_PCDEx_SetConnectionState(hpcd, 0U);
 890:Drivers/STM32F1xx_HAL_Driver/Src/stm32f1xx_hal_pcd.c **** #endif /* defined (USB) */
 891:Drivers/STM32F1xx_HAL_Driver/Src/stm32f1xx_hal_pcd.c **** 
 892:Drivers/STM32F1xx_HAL_Driver/Src/stm32f1xx_hal_pcd.c ****   (void)USB_DevDisconnect(hpcd->Instance);
 893:Drivers/STM32F1xx_HAL_Driver/Src/stm32f1xx_hal_pcd.c **** 
 894:Drivers/STM32F1xx_HAL_Driver/Src/stm32f1xx_hal_pcd.c **** #if defined (USB_OTG_FS)
 895:Drivers/STM32F1xx_HAL_Driver/Src/stm32f1xx_hal_pcd.c ****   (void)USB_FlushTxFifo(hpcd->Instance, 0x10U);
 896:Drivers/STM32F1xx_HAL_Driver/Src/stm32f1xx_hal_pcd.c **** #endif /* defined (USB_OTG_FS) */
 897:Drivers/STM32F1xx_HAL_Driver/Src/stm32f1xx_hal_pcd.c **** 
 898:Drivers/STM32F1xx_HAL_Driver/Src/stm32f1xx_hal_pcd.c ****   __HAL_UNLOCK(hpcd);
 899:Drivers/STM32F1xx_HAL_Driver/Src/stm32f1xx_hal_pcd.c **** 
 900:Drivers/STM32F1xx_HAL_Driver/Src/stm32f1xx_hal_pcd.c ****   return HAL_OK;
 901:Drivers/STM32F1xx_HAL_Driver/Src/stm32f1xx_hal_pcd.c **** }
 902:Drivers/STM32F1xx_HAL_Driver/Src/stm32f1xx_hal_pcd.c **** 
 903:Drivers/STM32F1xx_HAL_Driver/Src/stm32f1xx_hal_pcd.c **** #if defined (USB_OTG_FS)
 904:Drivers/STM32F1xx_HAL_Driver/Src/stm32f1xx_hal_pcd.c **** /**
 905:Drivers/STM32F1xx_HAL_Driver/Src/stm32f1xx_hal_pcd.c ****   * @brief  Handles PCD interrupt request.
 906:Drivers/STM32F1xx_HAL_Driver/Src/stm32f1xx_hal_pcd.c ****   * @param  hpcd PCD handle
 907:Drivers/STM32F1xx_HAL_Driver/Src/stm32f1xx_hal_pcd.c ****   * @retval HAL status
 908:Drivers/STM32F1xx_HAL_Driver/Src/stm32f1xx_hal_pcd.c ****   */
 909:Drivers/STM32F1xx_HAL_Driver/Src/stm32f1xx_hal_pcd.c **** void HAL_PCD_IRQHandler(PCD_HandleTypeDef *hpcd)
 910:Drivers/STM32F1xx_HAL_Driver/Src/stm32f1xx_hal_pcd.c **** {
 911:Drivers/STM32F1xx_HAL_Driver/Src/stm32f1xx_hal_pcd.c ****   USB_OTG_GlobalTypeDef *USBx = hpcd->Instance;
 912:Drivers/STM32F1xx_HAL_Driver/Src/stm32f1xx_hal_pcd.c ****   uint32_t USBx_BASE = (uint32_t)USBx;
 913:Drivers/STM32F1xx_HAL_Driver/Src/stm32f1xx_hal_pcd.c ****   USB_OTG_EPTypeDef *ep;
 914:Drivers/STM32F1xx_HAL_Driver/Src/stm32f1xx_hal_pcd.c ****   uint32_t i;
 915:Drivers/STM32F1xx_HAL_Driver/Src/stm32f1xx_hal_pcd.c ****   uint32_t ep_intr;
 916:Drivers/STM32F1xx_HAL_Driver/Src/stm32f1xx_hal_pcd.c ****   uint32_t epint;
 917:Drivers/STM32F1xx_HAL_Driver/Src/stm32f1xx_hal_pcd.c ****   uint32_t epnum;
 918:Drivers/STM32F1xx_HAL_Driver/Src/stm32f1xx_hal_pcd.c ****   uint32_t fifoemptymsk;
 919:Drivers/STM32F1xx_HAL_Driver/Src/stm32f1xx_hal_pcd.c ****   uint32_t RegVal;
 920:Drivers/STM32F1xx_HAL_Driver/Src/stm32f1xx_hal_pcd.c **** 
 921:Drivers/STM32F1xx_HAL_Driver/Src/stm32f1xx_hal_pcd.c ****   /* ensure that we are in device mode */
 922:Drivers/STM32F1xx_HAL_Driver/Src/stm32f1xx_hal_pcd.c ****   if (USB_GetMode(hpcd->Instance) == USB_OTG_MODE_DEVICE)
 923:Drivers/STM32F1xx_HAL_Driver/Src/stm32f1xx_hal_pcd.c ****   {
 924:Drivers/STM32F1xx_HAL_Driver/Src/stm32f1xx_hal_pcd.c ****     /* avoid spurious interrupt */
 925:Drivers/STM32F1xx_HAL_Driver/Src/stm32f1xx_hal_pcd.c ****     if (__HAL_PCD_IS_INVALID_INTERRUPT(hpcd))
 926:Drivers/STM32F1xx_HAL_Driver/Src/stm32f1xx_hal_pcd.c ****     {
 927:Drivers/STM32F1xx_HAL_Driver/Src/stm32f1xx_hal_pcd.c ****       return;
 928:Drivers/STM32F1xx_HAL_Driver/Src/stm32f1xx_hal_pcd.c ****     }
 929:Drivers/STM32F1xx_HAL_Driver/Src/stm32f1xx_hal_pcd.c **** 
 930:Drivers/STM32F1xx_HAL_Driver/Src/stm32f1xx_hal_pcd.c ****     /* store current frame number */
 931:Drivers/STM32F1xx_HAL_Driver/Src/stm32f1xx_hal_pcd.c ****     hpcd->FrameNumber = (USBx_DEVICE->DSTS & USB_OTG_DSTS_FNSOF_Msk) >> USB_OTG_DSTS_FNSOF_Pos;
 932:Drivers/STM32F1xx_HAL_Driver/Src/stm32f1xx_hal_pcd.c **** 
 933:Drivers/STM32F1xx_HAL_Driver/Src/stm32f1xx_hal_pcd.c ****     if (__HAL_PCD_GET_FLAG(hpcd, USB_OTG_GINTSTS_MMIS))
 934:Drivers/STM32F1xx_HAL_Driver/Src/stm32f1xx_hal_pcd.c ****     {
 935:Drivers/STM32F1xx_HAL_Driver/Src/stm32f1xx_hal_pcd.c ****       /* incorrect mode, acknowledge the interrupt */
 936:Drivers/STM32F1xx_HAL_Driver/Src/stm32f1xx_hal_pcd.c ****       __HAL_PCD_CLEAR_FLAG(hpcd, USB_OTG_GINTSTS_MMIS);
 937:Drivers/STM32F1xx_HAL_Driver/Src/stm32f1xx_hal_pcd.c ****     }
 938:Drivers/STM32F1xx_HAL_Driver/Src/stm32f1xx_hal_pcd.c **** 
 939:Drivers/STM32F1xx_HAL_Driver/Src/stm32f1xx_hal_pcd.c ****     /* Handle RxQLevel Interrupt */
 940:Drivers/STM32F1xx_HAL_Driver/Src/stm32f1xx_hal_pcd.c ****     if (__HAL_PCD_GET_FLAG(hpcd, USB_OTG_GINTSTS_RXFLVL))
 941:Drivers/STM32F1xx_HAL_Driver/Src/stm32f1xx_hal_pcd.c ****     {
 942:Drivers/STM32F1xx_HAL_Driver/Src/stm32f1xx_hal_pcd.c ****       USB_MASK_INTERRUPT(hpcd->Instance, USB_OTG_GINTSTS_RXFLVL);
 943:Drivers/STM32F1xx_HAL_Driver/Src/stm32f1xx_hal_pcd.c **** 
 944:Drivers/STM32F1xx_HAL_Driver/Src/stm32f1xx_hal_pcd.c ****       RegVal = USBx->GRXSTSP;
ARM GAS  C:\Users\crist\AppData\Local\Temp\ccYt1KLW.s 			page 18


 945:Drivers/STM32F1xx_HAL_Driver/Src/stm32f1xx_hal_pcd.c **** 
 946:Drivers/STM32F1xx_HAL_Driver/Src/stm32f1xx_hal_pcd.c ****       ep = &hpcd->OUT_ep[RegVal & USB_OTG_GRXSTSP_EPNUM];
 947:Drivers/STM32F1xx_HAL_Driver/Src/stm32f1xx_hal_pcd.c **** 
 948:Drivers/STM32F1xx_HAL_Driver/Src/stm32f1xx_hal_pcd.c ****       if (((RegVal & USB_OTG_GRXSTSP_PKTSTS) >> 17) ==  STS_DATA_UPDT)
 949:Drivers/STM32F1xx_HAL_Driver/Src/stm32f1xx_hal_pcd.c ****       {
 950:Drivers/STM32F1xx_HAL_Driver/Src/stm32f1xx_hal_pcd.c ****         if ((RegVal & USB_OTG_GRXSTSP_BCNT) != 0U)
 951:Drivers/STM32F1xx_HAL_Driver/Src/stm32f1xx_hal_pcd.c ****         {
 952:Drivers/STM32F1xx_HAL_Driver/Src/stm32f1xx_hal_pcd.c ****           (void)USB_ReadPacket(USBx, ep->xfer_buff,
 953:Drivers/STM32F1xx_HAL_Driver/Src/stm32f1xx_hal_pcd.c ****                                (uint16_t)((RegVal & USB_OTG_GRXSTSP_BCNT) >> 4));
 954:Drivers/STM32F1xx_HAL_Driver/Src/stm32f1xx_hal_pcd.c **** 
 955:Drivers/STM32F1xx_HAL_Driver/Src/stm32f1xx_hal_pcd.c ****           ep->xfer_buff += (RegVal & USB_OTG_GRXSTSP_BCNT) >> 4;
 956:Drivers/STM32F1xx_HAL_Driver/Src/stm32f1xx_hal_pcd.c ****           ep->xfer_count += (RegVal & USB_OTG_GRXSTSP_BCNT) >> 4;
 957:Drivers/STM32F1xx_HAL_Driver/Src/stm32f1xx_hal_pcd.c ****         }
 958:Drivers/STM32F1xx_HAL_Driver/Src/stm32f1xx_hal_pcd.c ****       }
 959:Drivers/STM32F1xx_HAL_Driver/Src/stm32f1xx_hal_pcd.c ****       else if (((RegVal & USB_OTG_GRXSTSP_PKTSTS) >> 17) == STS_SETUP_UPDT)
 960:Drivers/STM32F1xx_HAL_Driver/Src/stm32f1xx_hal_pcd.c ****       {
 961:Drivers/STM32F1xx_HAL_Driver/Src/stm32f1xx_hal_pcd.c ****         (void)USB_ReadPacket(USBx, (uint8_t *)hpcd->Setup, 8U);
 962:Drivers/STM32F1xx_HAL_Driver/Src/stm32f1xx_hal_pcd.c ****         ep->xfer_count += (RegVal & USB_OTG_GRXSTSP_BCNT) >> 4;
 963:Drivers/STM32F1xx_HAL_Driver/Src/stm32f1xx_hal_pcd.c ****       }
 964:Drivers/STM32F1xx_HAL_Driver/Src/stm32f1xx_hal_pcd.c ****       else
 965:Drivers/STM32F1xx_HAL_Driver/Src/stm32f1xx_hal_pcd.c ****       {
 966:Drivers/STM32F1xx_HAL_Driver/Src/stm32f1xx_hal_pcd.c ****         /* ... */
 967:Drivers/STM32F1xx_HAL_Driver/Src/stm32f1xx_hal_pcd.c ****       }
 968:Drivers/STM32F1xx_HAL_Driver/Src/stm32f1xx_hal_pcd.c **** 
 969:Drivers/STM32F1xx_HAL_Driver/Src/stm32f1xx_hal_pcd.c ****       USB_UNMASK_INTERRUPT(hpcd->Instance, USB_OTG_GINTSTS_RXFLVL);
 970:Drivers/STM32F1xx_HAL_Driver/Src/stm32f1xx_hal_pcd.c ****     }
 971:Drivers/STM32F1xx_HAL_Driver/Src/stm32f1xx_hal_pcd.c **** 
 972:Drivers/STM32F1xx_HAL_Driver/Src/stm32f1xx_hal_pcd.c ****     if (__HAL_PCD_GET_FLAG(hpcd, USB_OTG_GINTSTS_OEPINT))
 973:Drivers/STM32F1xx_HAL_Driver/Src/stm32f1xx_hal_pcd.c ****     {
 974:Drivers/STM32F1xx_HAL_Driver/Src/stm32f1xx_hal_pcd.c ****       epnum = 0U;
 975:Drivers/STM32F1xx_HAL_Driver/Src/stm32f1xx_hal_pcd.c **** 
 976:Drivers/STM32F1xx_HAL_Driver/Src/stm32f1xx_hal_pcd.c ****       /* Read in the device interrupt bits */
 977:Drivers/STM32F1xx_HAL_Driver/Src/stm32f1xx_hal_pcd.c ****       ep_intr = USB_ReadDevAllOutEpInterrupt(hpcd->Instance);
 978:Drivers/STM32F1xx_HAL_Driver/Src/stm32f1xx_hal_pcd.c **** 
 979:Drivers/STM32F1xx_HAL_Driver/Src/stm32f1xx_hal_pcd.c ****       while (ep_intr != 0U)
 980:Drivers/STM32F1xx_HAL_Driver/Src/stm32f1xx_hal_pcd.c ****       {
 981:Drivers/STM32F1xx_HAL_Driver/Src/stm32f1xx_hal_pcd.c ****         if ((ep_intr & 0x1U) != 0U)
 982:Drivers/STM32F1xx_HAL_Driver/Src/stm32f1xx_hal_pcd.c ****         {
 983:Drivers/STM32F1xx_HAL_Driver/Src/stm32f1xx_hal_pcd.c ****           epint = USB_ReadDevOutEPInterrupt(hpcd->Instance, (uint8_t)epnum);
 984:Drivers/STM32F1xx_HAL_Driver/Src/stm32f1xx_hal_pcd.c **** 
 985:Drivers/STM32F1xx_HAL_Driver/Src/stm32f1xx_hal_pcd.c ****           if ((epint & USB_OTG_DOEPINT_XFRC) == USB_OTG_DOEPINT_XFRC)
 986:Drivers/STM32F1xx_HAL_Driver/Src/stm32f1xx_hal_pcd.c ****           {
 987:Drivers/STM32F1xx_HAL_Driver/Src/stm32f1xx_hal_pcd.c ****             CLEAR_OUT_EP_INTR(epnum, USB_OTG_DOEPINT_XFRC);
 988:Drivers/STM32F1xx_HAL_Driver/Src/stm32f1xx_hal_pcd.c ****             (void)PCD_EP_OutXfrComplete_int(hpcd, epnum);
 989:Drivers/STM32F1xx_HAL_Driver/Src/stm32f1xx_hal_pcd.c ****           }
 990:Drivers/STM32F1xx_HAL_Driver/Src/stm32f1xx_hal_pcd.c **** 
 991:Drivers/STM32F1xx_HAL_Driver/Src/stm32f1xx_hal_pcd.c ****           if ((epint & USB_OTG_DOEPINT_STUP) == USB_OTG_DOEPINT_STUP)
 992:Drivers/STM32F1xx_HAL_Driver/Src/stm32f1xx_hal_pcd.c ****           {
 993:Drivers/STM32F1xx_HAL_Driver/Src/stm32f1xx_hal_pcd.c ****             CLEAR_OUT_EP_INTR(epnum, USB_OTG_DOEPINT_STUP);
 994:Drivers/STM32F1xx_HAL_Driver/Src/stm32f1xx_hal_pcd.c ****             /* Class B setup phase done for previous decoded setup */
 995:Drivers/STM32F1xx_HAL_Driver/Src/stm32f1xx_hal_pcd.c ****             (void)PCD_EP_OutSetupPacket_int(hpcd, epnum);
 996:Drivers/STM32F1xx_HAL_Driver/Src/stm32f1xx_hal_pcd.c ****           }
 997:Drivers/STM32F1xx_HAL_Driver/Src/stm32f1xx_hal_pcd.c **** 
 998:Drivers/STM32F1xx_HAL_Driver/Src/stm32f1xx_hal_pcd.c ****           if ((epint & USB_OTG_DOEPINT_OTEPDIS) == USB_OTG_DOEPINT_OTEPDIS)
 999:Drivers/STM32F1xx_HAL_Driver/Src/stm32f1xx_hal_pcd.c ****           {
1000:Drivers/STM32F1xx_HAL_Driver/Src/stm32f1xx_hal_pcd.c ****             CLEAR_OUT_EP_INTR(epnum, USB_OTG_DOEPINT_OTEPDIS);
1001:Drivers/STM32F1xx_HAL_Driver/Src/stm32f1xx_hal_pcd.c ****           }
ARM GAS  C:\Users\crist\AppData\Local\Temp\ccYt1KLW.s 			page 19


1002:Drivers/STM32F1xx_HAL_Driver/Src/stm32f1xx_hal_pcd.c **** 
1003:Drivers/STM32F1xx_HAL_Driver/Src/stm32f1xx_hal_pcd.c ****           /* Clear OUT Endpoint disable interrupt */
1004:Drivers/STM32F1xx_HAL_Driver/Src/stm32f1xx_hal_pcd.c ****           if ((epint & USB_OTG_DOEPINT_EPDISD) == USB_OTG_DOEPINT_EPDISD)
1005:Drivers/STM32F1xx_HAL_Driver/Src/stm32f1xx_hal_pcd.c ****           {
1006:Drivers/STM32F1xx_HAL_Driver/Src/stm32f1xx_hal_pcd.c ****             if ((USBx->GINTSTS & USB_OTG_GINTSTS_BOUTNAKEFF) == USB_OTG_GINTSTS_BOUTNAKEFF)
1007:Drivers/STM32F1xx_HAL_Driver/Src/stm32f1xx_hal_pcd.c ****             {
1008:Drivers/STM32F1xx_HAL_Driver/Src/stm32f1xx_hal_pcd.c ****               USBx_DEVICE->DCTL |= USB_OTG_DCTL_CGONAK;
1009:Drivers/STM32F1xx_HAL_Driver/Src/stm32f1xx_hal_pcd.c ****             }
1010:Drivers/STM32F1xx_HAL_Driver/Src/stm32f1xx_hal_pcd.c **** 
1011:Drivers/STM32F1xx_HAL_Driver/Src/stm32f1xx_hal_pcd.c ****             ep = &hpcd->OUT_ep[epnum];
1012:Drivers/STM32F1xx_HAL_Driver/Src/stm32f1xx_hal_pcd.c **** 
1013:Drivers/STM32F1xx_HAL_Driver/Src/stm32f1xx_hal_pcd.c ****             if (ep->is_iso_incomplete == 1U)
1014:Drivers/STM32F1xx_HAL_Driver/Src/stm32f1xx_hal_pcd.c ****             {
1015:Drivers/STM32F1xx_HAL_Driver/Src/stm32f1xx_hal_pcd.c ****               ep->is_iso_incomplete = 0U;
1016:Drivers/STM32F1xx_HAL_Driver/Src/stm32f1xx_hal_pcd.c **** 
1017:Drivers/STM32F1xx_HAL_Driver/Src/stm32f1xx_hal_pcd.c **** #if (USE_HAL_PCD_REGISTER_CALLBACKS == 1U)
1018:Drivers/STM32F1xx_HAL_Driver/Src/stm32f1xx_hal_pcd.c ****               hpcd->ISOOUTIncompleteCallback(hpcd, (uint8_t)epnum);
1019:Drivers/STM32F1xx_HAL_Driver/Src/stm32f1xx_hal_pcd.c **** #else
1020:Drivers/STM32F1xx_HAL_Driver/Src/stm32f1xx_hal_pcd.c ****               HAL_PCD_ISOOUTIncompleteCallback(hpcd, (uint8_t)epnum);
1021:Drivers/STM32F1xx_HAL_Driver/Src/stm32f1xx_hal_pcd.c **** #endif /* USE_HAL_PCD_REGISTER_CALLBACKS */
1022:Drivers/STM32F1xx_HAL_Driver/Src/stm32f1xx_hal_pcd.c ****             }
1023:Drivers/STM32F1xx_HAL_Driver/Src/stm32f1xx_hal_pcd.c **** 
1024:Drivers/STM32F1xx_HAL_Driver/Src/stm32f1xx_hal_pcd.c ****             CLEAR_OUT_EP_INTR(epnum, USB_OTG_DOEPINT_EPDISD);
1025:Drivers/STM32F1xx_HAL_Driver/Src/stm32f1xx_hal_pcd.c ****           }
1026:Drivers/STM32F1xx_HAL_Driver/Src/stm32f1xx_hal_pcd.c **** 
1027:Drivers/STM32F1xx_HAL_Driver/Src/stm32f1xx_hal_pcd.c ****           /* Clear Status Phase Received interrupt */
1028:Drivers/STM32F1xx_HAL_Driver/Src/stm32f1xx_hal_pcd.c ****           if ((epint & USB_OTG_DOEPINT_OTEPSPR) == USB_OTG_DOEPINT_OTEPSPR)
1029:Drivers/STM32F1xx_HAL_Driver/Src/stm32f1xx_hal_pcd.c ****           {
1030:Drivers/STM32F1xx_HAL_Driver/Src/stm32f1xx_hal_pcd.c ****             CLEAR_OUT_EP_INTR(epnum, USB_OTG_DOEPINT_OTEPSPR);
1031:Drivers/STM32F1xx_HAL_Driver/Src/stm32f1xx_hal_pcd.c ****           }
1032:Drivers/STM32F1xx_HAL_Driver/Src/stm32f1xx_hal_pcd.c **** 
1033:Drivers/STM32F1xx_HAL_Driver/Src/stm32f1xx_hal_pcd.c ****           /* Clear OUT NAK interrupt */
1034:Drivers/STM32F1xx_HAL_Driver/Src/stm32f1xx_hal_pcd.c ****           if ((epint & USB_OTG_DOEPINT_NAK) == USB_OTG_DOEPINT_NAK)
1035:Drivers/STM32F1xx_HAL_Driver/Src/stm32f1xx_hal_pcd.c ****           {
1036:Drivers/STM32F1xx_HAL_Driver/Src/stm32f1xx_hal_pcd.c ****             CLEAR_OUT_EP_INTR(epnum, USB_OTG_DOEPINT_NAK);
1037:Drivers/STM32F1xx_HAL_Driver/Src/stm32f1xx_hal_pcd.c ****           }
1038:Drivers/STM32F1xx_HAL_Driver/Src/stm32f1xx_hal_pcd.c ****         }
1039:Drivers/STM32F1xx_HAL_Driver/Src/stm32f1xx_hal_pcd.c ****         epnum++;
1040:Drivers/STM32F1xx_HAL_Driver/Src/stm32f1xx_hal_pcd.c ****         ep_intr >>= 1U;
1041:Drivers/STM32F1xx_HAL_Driver/Src/stm32f1xx_hal_pcd.c ****       }
1042:Drivers/STM32F1xx_HAL_Driver/Src/stm32f1xx_hal_pcd.c ****     }
1043:Drivers/STM32F1xx_HAL_Driver/Src/stm32f1xx_hal_pcd.c **** 
1044:Drivers/STM32F1xx_HAL_Driver/Src/stm32f1xx_hal_pcd.c ****     if (__HAL_PCD_GET_FLAG(hpcd, USB_OTG_GINTSTS_IEPINT))
1045:Drivers/STM32F1xx_HAL_Driver/Src/stm32f1xx_hal_pcd.c ****     {
1046:Drivers/STM32F1xx_HAL_Driver/Src/stm32f1xx_hal_pcd.c ****       /* Read in the device interrupt bits */
1047:Drivers/STM32F1xx_HAL_Driver/Src/stm32f1xx_hal_pcd.c ****       ep_intr = USB_ReadDevAllInEpInterrupt(hpcd->Instance);
1048:Drivers/STM32F1xx_HAL_Driver/Src/stm32f1xx_hal_pcd.c **** 
1049:Drivers/STM32F1xx_HAL_Driver/Src/stm32f1xx_hal_pcd.c ****       epnum = 0U;
1050:Drivers/STM32F1xx_HAL_Driver/Src/stm32f1xx_hal_pcd.c **** 
1051:Drivers/STM32F1xx_HAL_Driver/Src/stm32f1xx_hal_pcd.c ****       while (ep_intr != 0U)
1052:Drivers/STM32F1xx_HAL_Driver/Src/stm32f1xx_hal_pcd.c ****       {
1053:Drivers/STM32F1xx_HAL_Driver/Src/stm32f1xx_hal_pcd.c ****         if ((ep_intr & 0x1U) != 0U) /* In ITR */
1054:Drivers/STM32F1xx_HAL_Driver/Src/stm32f1xx_hal_pcd.c ****         {
1055:Drivers/STM32F1xx_HAL_Driver/Src/stm32f1xx_hal_pcd.c ****           epint = USB_ReadDevInEPInterrupt(hpcd->Instance, (uint8_t)epnum);
1056:Drivers/STM32F1xx_HAL_Driver/Src/stm32f1xx_hal_pcd.c **** 
1057:Drivers/STM32F1xx_HAL_Driver/Src/stm32f1xx_hal_pcd.c ****           if ((epint & USB_OTG_DIEPINT_XFRC) == USB_OTG_DIEPINT_XFRC)
1058:Drivers/STM32F1xx_HAL_Driver/Src/stm32f1xx_hal_pcd.c ****           {
ARM GAS  C:\Users\crist\AppData\Local\Temp\ccYt1KLW.s 			page 20


1059:Drivers/STM32F1xx_HAL_Driver/Src/stm32f1xx_hal_pcd.c ****             fifoemptymsk = (uint32_t)(0x1UL << (epnum & EP_ADDR_MSK));
1060:Drivers/STM32F1xx_HAL_Driver/Src/stm32f1xx_hal_pcd.c ****             USBx_DEVICE->DIEPEMPMSK &= ~fifoemptymsk;
1061:Drivers/STM32F1xx_HAL_Driver/Src/stm32f1xx_hal_pcd.c **** 
1062:Drivers/STM32F1xx_HAL_Driver/Src/stm32f1xx_hal_pcd.c ****             CLEAR_IN_EP_INTR(epnum, USB_OTG_DIEPINT_XFRC);
1063:Drivers/STM32F1xx_HAL_Driver/Src/stm32f1xx_hal_pcd.c **** 
1064:Drivers/STM32F1xx_HAL_Driver/Src/stm32f1xx_hal_pcd.c **** #if (USE_HAL_PCD_REGISTER_CALLBACKS == 1U)
1065:Drivers/STM32F1xx_HAL_Driver/Src/stm32f1xx_hal_pcd.c ****             hpcd->DataInStageCallback(hpcd, (uint8_t)epnum);
1066:Drivers/STM32F1xx_HAL_Driver/Src/stm32f1xx_hal_pcd.c **** #else
1067:Drivers/STM32F1xx_HAL_Driver/Src/stm32f1xx_hal_pcd.c ****             HAL_PCD_DataInStageCallback(hpcd, (uint8_t)epnum);
1068:Drivers/STM32F1xx_HAL_Driver/Src/stm32f1xx_hal_pcd.c **** #endif /* USE_HAL_PCD_REGISTER_CALLBACKS */
1069:Drivers/STM32F1xx_HAL_Driver/Src/stm32f1xx_hal_pcd.c ****           }
1070:Drivers/STM32F1xx_HAL_Driver/Src/stm32f1xx_hal_pcd.c ****           if ((epint & USB_OTG_DIEPINT_TOC) == USB_OTG_DIEPINT_TOC)
1071:Drivers/STM32F1xx_HAL_Driver/Src/stm32f1xx_hal_pcd.c ****           {
1072:Drivers/STM32F1xx_HAL_Driver/Src/stm32f1xx_hal_pcd.c ****             CLEAR_IN_EP_INTR(epnum, USB_OTG_DIEPINT_TOC);
1073:Drivers/STM32F1xx_HAL_Driver/Src/stm32f1xx_hal_pcd.c ****           }
1074:Drivers/STM32F1xx_HAL_Driver/Src/stm32f1xx_hal_pcd.c ****           if ((epint & USB_OTG_DIEPINT_ITTXFE) == USB_OTG_DIEPINT_ITTXFE)
1075:Drivers/STM32F1xx_HAL_Driver/Src/stm32f1xx_hal_pcd.c ****           {
1076:Drivers/STM32F1xx_HAL_Driver/Src/stm32f1xx_hal_pcd.c ****             CLEAR_IN_EP_INTR(epnum, USB_OTG_DIEPINT_ITTXFE);
1077:Drivers/STM32F1xx_HAL_Driver/Src/stm32f1xx_hal_pcd.c ****           }
1078:Drivers/STM32F1xx_HAL_Driver/Src/stm32f1xx_hal_pcd.c ****           if ((epint & USB_OTG_DIEPINT_INEPNE) == USB_OTG_DIEPINT_INEPNE)
1079:Drivers/STM32F1xx_HAL_Driver/Src/stm32f1xx_hal_pcd.c ****           {
1080:Drivers/STM32F1xx_HAL_Driver/Src/stm32f1xx_hal_pcd.c ****             CLEAR_IN_EP_INTR(epnum, USB_OTG_DIEPINT_INEPNE);
1081:Drivers/STM32F1xx_HAL_Driver/Src/stm32f1xx_hal_pcd.c ****           }
1082:Drivers/STM32F1xx_HAL_Driver/Src/stm32f1xx_hal_pcd.c ****           if ((epint & USB_OTG_DIEPINT_EPDISD) == USB_OTG_DIEPINT_EPDISD)
1083:Drivers/STM32F1xx_HAL_Driver/Src/stm32f1xx_hal_pcd.c ****           {
1084:Drivers/STM32F1xx_HAL_Driver/Src/stm32f1xx_hal_pcd.c ****             (void)USB_FlushTxFifo(USBx, epnum);
1085:Drivers/STM32F1xx_HAL_Driver/Src/stm32f1xx_hal_pcd.c **** 
1086:Drivers/STM32F1xx_HAL_Driver/Src/stm32f1xx_hal_pcd.c ****             ep = &hpcd->IN_ep[epnum];
1087:Drivers/STM32F1xx_HAL_Driver/Src/stm32f1xx_hal_pcd.c **** 
1088:Drivers/STM32F1xx_HAL_Driver/Src/stm32f1xx_hal_pcd.c ****             if (ep->is_iso_incomplete == 1U)
1089:Drivers/STM32F1xx_HAL_Driver/Src/stm32f1xx_hal_pcd.c ****             {
1090:Drivers/STM32F1xx_HAL_Driver/Src/stm32f1xx_hal_pcd.c ****               ep->is_iso_incomplete = 0U;
1091:Drivers/STM32F1xx_HAL_Driver/Src/stm32f1xx_hal_pcd.c **** 
1092:Drivers/STM32F1xx_HAL_Driver/Src/stm32f1xx_hal_pcd.c **** #if (USE_HAL_PCD_REGISTER_CALLBACKS == 1U)
1093:Drivers/STM32F1xx_HAL_Driver/Src/stm32f1xx_hal_pcd.c ****               hpcd->ISOINIncompleteCallback(hpcd, (uint8_t)epnum);
1094:Drivers/STM32F1xx_HAL_Driver/Src/stm32f1xx_hal_pcd.c **** #else
1095:Drivers/STM32F1xx_HAL_Driver/Src/stm32f1xx_hal_pcd.c ****               HAL_PCD_ISOINIncompleteCallback(hpcd, (uint8_t)epnum);
1096:Drivers/STM32F1xx_HAL_Driver/Src/stm32f1xx_hal_pcd.c **** #endif /* USE_HAL_PCD_REGISTER_CALLBACKS */
1097:Drivers/STM32F1xx_HAL_Driver/Src/stm32f1xx_hal_pcd.c ****             }
1098:Drivers/STM32F1xx_HAL_Driver/Src/stm32f1xx_hal_pcd.c **** 
1099:Drivers/STM32F1xx_HAL_Driver/Src/stm32f1xx_hal_pcd.c ****             CLEAR_IN_EP_INTR(epnum, USB_OTG_DIEPINT_EPDISD);
1100:Drivers/STM32F1xx_HAL_Driver/Src/stm32f1xx_hal_pcd.c ****           }
1101:Drivers/STM32F1xx_HAL_Driver/Src/stm32f1xx_hal_pcd.c ****           if ((epint & USB_OTG_DIEPINT_TXFE) == USB_OTG_DIEPINT_TXFE)
1102:Drivers/STM32F1xx_HAL_Driver/Src/stm32f1xx_hal_pcd.c ****           {
1103:Drivers/STM32F1xx_HAL_Driver/Src/stm32f1xx_hal_pcd.c ****             (void)PCD_WriteEmptyTxFifo(hpcd, epnum);
1104:Drivers/STM32F1xx_HAL_Driver/Src/stm32f1xx_hal_pcd.c ****           }
1105:Drivers/STM32F1xx_HAL_Driver/Src/stm32f1xx_hal_pcd.c ****         }
1106:Drivers/STM32F1xx_HAL_Driver/Src/stm32f1xx_hal_pcd.c ****         epnum++;
1107:Drivers/STM32F1xx_HAL_Driver/Src/stm32f1xx_hal_pcd.c ****         ep_intr >>= 1U;
1108:Drivers/STM32F1xx_HAL_Driver/Src/stm32f1xx_hal_pcd.c ****       }
1109:Drivers/STM32F1xx_HAL_Driver/Src/stm32f1xx_hal_pcd.c ****     }
1110:Drivers/STM32F1xx_HAL_Driver/Src/stm32f1xx_hal_pcd.c **** 
1111:Drivers/STM32F1xx_HAL_Driver/Src/stm32f1xx_hal_pcd.c ****     /* Handle Resume Interrupt */
1112:Drivers/STM32F1xx_HAL_Driver/Src/stm32f1xx_hal_pcd.c ****     if (__HAL_PCD_GET_FLAG(hpcd, USB_OTG_GINTSTS_WKUINT))
1113:Drivers/STM32F1xx_HAL_Driver/Src/stm32f1xx_hal_pcd.c ****     {
1114:Drivers/STM32F1xx_HAL_Driver/Src/stm32f1xx_hal_pcd.c ****       /* Clear the Remote Wake-up Signaling */
1115:Drivers/STM32F1xx_HAL_Driver/Src/stm32f1xx_hal_pcd.c ****       USBx_DEVICE->DCTL &= ~USB_OTG_DCTL_RWUSIG;
ARM GAS  C:\Users\crist\AppData\Local\Temp\ccYt1KLW.s 			page 21


1116:Drivers/STM32F1xx_HAL_Driver/Src/stm32f1xx_hal_pcd.c **** 
1117:Drivers/STM32F1xx_HAL_Driver/Src/stm32f1xx_hal_pcd.c **** #if (USE_HAL_PCD_REGISTER_CALLBACKS == 1U)
1118:Drivers/STM32F1xx_HAL_Driver/Src/stm32f1xx_hal_pcd.c ****       hpcd->ResumeCallback(hpcd);
1119:Drivers/STM32F1xx_HAL_Driver/Src/stm32f1xx_hal_pcd.c **** #else
1120:Drivers/STM32F1xx_HAL_Driver/Src/stm32f1xx_hal_pcd.c ****       HAL_PCD_ResumeCallback(hpcd);
1121:Drivers/STM32F1xx_HAL_Driver/Src/stm32f1xx_hal_pcd.c **** #endif /* USE_HAL_PCD_REGISTER_CALLBACKS */
1122:Drivers/STM32F1xx_HAL_Driver/Src/stm32f1xx_hal_pcd.c **** 
1123:Drivers/STM32F1xx_HAL_Driver/Src/stm32f1xx_hal_pcd.c ****       __HAL_PCD_CLEAR_FLAG(hpcd, USB_OTG_GINTSTS_WKUINT);
1124:Drivers/STM32F1xx_HAL_Driver/Src/stm32f1xx_hal_pcd.c ****     }
1125:Drivers/STM32F1xx_HAL_Driver/Src/stm32f1xx_hal_pcd.c **** 
1126:Drivers/STM32F1xx_HAL_Driver/Src/stm32f1xx_hal_pcd.c ****     /* Handle Suspend Interrupt */
1127:Drivers/STM32F1xx_HAL_Driver/Src/stm32f1xx_hal_pcd.c ****     if (__HAL_PCD_GET_FLAG(hpcd, USB_OTG_GINTSTS_USBSUSP))
1128:Drivers/STM32F1xx_HAL_Driver/Src/stm32f1xx_hal_pcd.c ****     {
1129:Drivers/STM32F1xx_HAL_Driver/Src/stm32f1xx_hal_pcd.c ****       if ((USBx_DEVICE->DSTS & USB_OTG_DSTS_SUSPSTS) == USB_OTG_DSTS_SUSPSTS)
1130:Drivers/STM32F1xx_HAL_Driver/Src/stm32f1xx_hal_pcd.c ****       {
1131:Drivers/STM32F1xx_HAL_Driver/Src/stm32f1xx_hal_pcd.c **** #if (USE_HAL_PCD_REGISTER_CALLBACKS == 1U)
1132:Drivers/STM32F1xx_HAL_Driver/Src/stm32f1xx_hal_pcd.c ****         hpcd->SuspendCallback(hpcd);
1133:Drivers/STM32F1xx_HAL_Driver/Src/stm32f1xx_hal_pcd.c **** #else
1134:Drivers/STM32F1xx_HAL_Driver/Src/stm32f1xx_hal_pcd.c ****         HAL_PCD_SuspendCallback(hpcd);
1135:Drivers/STM32F1xx_HAL_Driver/Src/stm32f1xx_hal_pcd.c **** #endif /* USE_HAL_PCD_REGISTER_CALLBACKS */
1136:Drivers/STM32F1xx_HAL_Driver/Src/stm32f1xx_hal_pcd.c ****       }
1137:Drivers/STM32F1xx_HAL_Driver/Src/stm32f1xx_hal_pcd.c ****       __HAL_PCD_CLEAR_FLAG(hpcd, USB_OTG_GINTSTS_USBSUSP);
1138:Drivers/STM32F1xx_HAL_Driver/Src/stm32f1xx_hal_pcd.c ****     }
1139:Drivers/STM32F1xx_HAL_Driver/Src/stm32f1xx_hal_pcd.c ****     /* Handle Reset Interrupt */
1140:Drivers/STM32F1xx_HAL_Driver/Src/stm32f1xx_hal_pcd.c ****     if (__HAL_PCD_GET_FLAG(hpcd, USB_OTG_GINTSTS_USBRST))
1141:Drivers/STM32F1xx_HAL_Driver/Src/stm32f1xx_hal_pcd.c ****     {
1142:Drivers/STM32F1xx_HAL_Driver/Src/stm32f1xx_hal_pcd.c ****       USBx_DEVICE->DCTL &= ~USB_OTG_DCTL_RWUSIG;
1143:Drivers/STM32F1xx_HAL_Driver/Src/stm32f1xx_hal_pcd.c ****       (void)USB_FlushTxFifo(hpcd->Instance, 0x10U);
1144:Drivers/STM32F1xx_HAL_Driver/Src/stm32f1xx_hal_pcd.c **** 
1145:Drivers/STM32F1xx_HAL_Driver/Src/stm32f1xx_hal_pcd.c ****       for (i = 0U; i < hpcd->Init.dev_endpoints; i++)
1146:Drivers/STM32F1xx_HAL_Driver/Src/stm32f1xx_hal_pcd.c ****       {
1147:Drivers/STM32F1xx_HAL_Driver/Src/stm32f1xx_hal_pcd.c ****         USBx_INEP(i)->DIEPINT = 0xFB7FU;
1148:Drivers/STM32F1xx_HAL_Driver/Src/stm32f1xx_hal_pcd.c ****         USBx_INEP(i)->DIEPCTL &= ~USB_OTG_DIEPCTL_STALL;
1149:Drivers/STM32F1xx_HAL_Driver/Src/stm32f1xx_hal_pcd.c ****         USBx_OUTEP(i)->DOEPINT = 0xFB7FU;
1150:Drivers/STM32F1xx_HAL_Driver/Src/stm32f1xx_hal_pcd.c ****         USBx_OUTEP(i)->DOEPCTL &= ~USB_OTG_DOEPCTL_STALL;
1151:Drivers/STM32F1xx_HAL_Driver/Src/stm32f1xx_hal_pcd.c ****         USBx_OUTEP(i)->DOEPCTL |= USB_OTG_DOEPCTL_SNAK;
1152:Drivers/STM32F1xx_HAL_Driver/Src/stm32f1xx_hal_pcd.c ****       }
1153:Drivers/STM32F1xx_HAL_Driver/Src/stm32f1xx_hal_pcd.c ****       USBx_DEVICE->DAINTMSK |= 0x10001U;
1154:Drivers/STM32F1xx_HAL_Driver/Src/stm32f1xx_hal_pcd.c **** 
1155:Drivers/STM32F1xx_HAL_Driver/Src/stm32f1xx_hal_pcd.c ****       if (hpcd->Init.use_dedicated_ep1 != 0U)
1156:Drivers/STM32F1xx_HAL_Driver/Src/stm32f1xx_hal_pcd.c ****       {
1157:Drivers/STM32F1xx_HAL_Driver/Src/stm32f1xx_hal_pcd.c ****         USBx_DEVICE->DOUTEP1MSK |= USB_OTG_DOEPMSK_STUPM |
1158:Drivers/STM32F1xx_HAL_Driver/Src/stm32f1xx_hal_pcd.c ****                                    USB_OTG_DOEPMSK_XFRCM |
1159:Drivers/STM32F1xx_HAL_Driver/Src/stm32f1xx_hal_pcd.c ****                                    USB_OTG_DOEPMSK_EPDM;
1160:Drivers/STM32F1xx_HAL_Driver/Src/stm32f1xx_hal_pcd.c **** 
1161:Drivers/STM32F1xx_HAL_Driver/Src/stm32f1xx_hal_pcd.c ****         USBx_DEVICE->DINEP1MSK |= USB_OTG_DIEPMSK_TOM |
1162:Drivers/STM32F1xx_HAL_Driver/Src/stm32f1xx_hal_pcd.c ****                                   USB_OTG_DIEPMSK_XFRCM |
1163:Drivers/STM32F1xx_HAL_Driver/Src/stm32f1xx_hal_pcd.c ****                                   USB_OTG_DIEPMSK_EPDM;
1164:Drivers/STM32F1xx_HAL_Driver/Src/stm32f1xx_hal_pcd.c ****       }
1165:Drivers/STM32F1xx_HAL_Driver/Src/stm32f1xx_hal_pcd.c ****       else
1166:Drivers/STM32F1xx_HAL_Driver/Src/stm32f1xx_hal_pcd.c ****       {
1167:Drivers/STM32F1xx_HAL_Driver/Src/stm32f1xx_hal_pcd.c ****         USBx_DEVICE->DOEPMSK |= USB_OTG_DOEPMSK_STUPM |
1168:Drivers/STM32F1xx_HAL_Driver/Src/stm32f1xx_hal_pcd.c ****                                 USB_OTG_DOEPMSK_XFRCM |
1169:Drivers/STM32F1xx_HAL_Driver/Src/stm32f1xx_hal_pcd.c ****                                 USB_OTG_DOEPMSK_EPDM |
1170:Drivers/STM32F1xx_HAL_Driver/Src/stm32f1xx_hal_pcd.c ****                                 USB_OTG_DOEPMSK_OTEPSPRM |
1171:Drivers/STM32F1xx_HAL_Driver/Src/stm32f1xx_hal_pcd.c ****                                 USB_OTG_DOEPMSK_NAKM;
1172:Drivers/STM32F1xx_HAL_Driver/Src/stm32f1xx_hal_pcd.c **** 
ARM GAS  C:\Users\crist\AppData\Local\Temp\ccYt1KLW.s 			page 22


1173:Drivers/STM32F1xx_HAL_Driver/Src/stm32f1xx_hal_pcd.c ****         USBx_DEVICE->DIEPMSK |= USB_OTG_DIEPMSK_TOM |
1174:Drivers/STM32F1xx_HAL_Driver/Src/stm32f1xx_hal_pcd.c ****                                 USB_OTG_DIEPMSK_XFRCM |
1175:Drivers/STM32F1xx_HAL_Driver/Src/stm32f1xx_hal_pcd.c ****                                 USB_OTG_DIEPMSK_EPDM;
1176:Drivers/STM32F1xx_HAL_Driver/Src/stm32f1xx_hal_pcd.c ****       }
1177:Drivers/STM32F1xx_HAL_Driver/Src/stm32f1xx_hal_pcd.c **** 
1178:Drivers/STM32F1xx_HAL_Driver/Src/stm32f1xx_hal_pcd.c ****       /* Set Default Address to 0 */
1179:Drivers/STM32F1xx_HAL_Driver/Src/stm32f1xx_hal_pcd.c ****       USBx_DEVICE->DCFG &= ~USB_OTG_DCFG_DAD;
1180:Drivers/STM32F1xx_HAL_Driver/Src/stm32f1xx_hal_pcd.c **** 
1181:Drivers/STM32F1xx_HAL_Driver/Src/stm32f1xx_hal_pcd.c ****       /* setup EP0 to receive SETUP packets */
1182:Drivers/STM32F1xx_HAL_Driver/Src/stm32f1xx_hal_pcd.c ****       (void)USB_EP0_OutStart(hpcd->Instance, (uint8_t *)hpcd->Setup);
1183:Drivers/STM32F1xx_HAL_Driver/Src/stm32f1xx_hal_pcd.c **** 
1184:Drivers/STM32F1xx_HAL_Driver/Src/stm32f1xx_hal_pcd.c ****       __HAL_PCD_CLEAR_FLAG(hpcd, USB_OTG_GINTSTS_USBRST);
1185:Drivers/STM32F1xx_HAL_Driver/Src/stm32f1xx_hal_pcd.c ****     }
1186:Drivers/STM32F1xx_HAL_Driver/Src/stm32f1xx_hal_pcd.c **** 
1187:Drivers/STM32F1xx_HAL_Driver/Src/stm32f1xx_hal_pcd.c ****     /* Handle Enumeration done Interrupt */
1188:Drivers/STM32F1xx_HAL_Driver/Src/stm32f1xx_hal_pcd.c ****     if (__HAL_PCD_GET_FLAG(hpcd, USB_OTG_GINTSTS_ENUMDNE))
1189:Drivers/STM32F1xx_HAL_Driver/Src/stm32f1xx_hal_pcd.c ****     {
1190:Drivers/STM32F1xx_HAL_Driver/Src/stm32f1xx_hal_pcd.c ****       (void)USB_ActivateSetup(hpcd->Instance);
1191:Drivers/STM32F1xx_HAL_Driver/Src/stm32f1xx_hal_pcd.c ****       hpcd->Init.speed = USB_GetDevSpeed(hpcd->Instance);
1192:Drivers/STM32F1xx_HAL_Driver/Src/stm32f1xx_hal_pcd.c **** 
1193:Drivers/STM32F1xx_HAL_Driver/Src/stm32f1xx_hal_pcd.c ****       /* Set USB Turnaround time */
1194:Drivers/STM32F1xx_HAL_Driver/Src/stm32f1xx_hal_pcd.c ****       (void)USB_SetTurnaroundTime(hpcd->Instance,
1195:Drivers/STM32F1xx_HAL_Driver/Src/stm32f1xx_hal_pcd.c ****                                   HAL_RCC_GetHCLKFreq(),
1196:Drivers/STM32F1xx_HAL_Driver/Src/stm32f1xx_hal_pcd.c ****                                   (uint8_t)hpcd->Init.speed);
1197:Drivers/STM32F1xx_HAL_Driver/Src/stm32f1xx_hal_pcd.c **** 
1198:Drivers/STM32F1xx_HAL_Driver/Src/stm32f1xx_hal_pcd.c **** #if (USE_HAL_PCD_REGISTER_CALLBACKS == 1U)
1199:Drivers/STM32F1xx_HAL_Driver/Src/stm32f1xx_hal_pcd.c ****       hpcd->ResetCallback(hpcd);
1200:Drivers/STM32F1xx_HAL_Driver/Src/stm32f1xx_hal_pcd.c **** #else
1201:Drivers/STM32F1xx_HAL_Driver/Src/stm32f1xx_hal_pcd.c ****       HAL_PCD_ResetCallback(hpcd);
1202:Drivers/STM32F1xx_HAL_Driver/Src/stm32f1xx_hal_pcd.c **** #endif /* USE_HAL_PCD_REGISTER_CALLBACKS */
1203:Drivers/STM32F1xx_HAL_Driver/Src/stm32f1xx_hal_pcd.c **** 
1204:Drivers/STM32F1xx_HAL_Driver/Src/stm32f1xx_hal_pcd.c ****       __HAL_PCD_CLEAR_FLAG(hpcd, USB_OTG_GINTSTS_ENUMDNE);
1205:Drivers/STM32F1xx_HAL_Driver/Src/stm32f1xx_hal_pcd.c ****     }
1206:Drivers/STM32F1xx_HAL_Driver/Src/stm32f1xx_hal_pcd.c **** 
1207:Drivers/STM32F1xx_HAL_Driver/Src/stm32f1xx_hal_pcd.c ****     /* Handle SOF Interrupt */
1208:Drivers/STM32F1xx_HAL_Driver/Src/stm32f1xx_hal_pcd.c ****     if (__HAL_PCD_GET_FLAG(hpcd, USB_OTG_GINTSTS_SOF))
1209:Drivers/STM32F1xx_HAL_Driver/Src/stm32f1xx_hal_pcd.c ****     {
1210:Drivers/STM32F1xx_HAL_Driver/Src/stm32f1xx_hal_pcd.c **** #if (USE_HAL_PCD_REGISTER_CALLBACKS == 1U)
1211:Drivers/STM32F1xx_HAL_Driver/Src/stm32f1xx_hal_pcd.c ****       hpcd->SOFCallback(hpcd);
1212:Drivers/STM32F1xx_HAL_Driver/Src/stm32f1xx_hal_pcd.c **** #else
1213:Drivers/STM32F1xx_HAL_Driver/Src/stm32f1xx_hal_pcd.c ****       HAL_PCD_SOFCallback(hpcd);
1214:Drivers/STM32F1xx_HAL_Driver/Src/stm32f1xx_hal_pcd.c **** #endif /* USE_HAL_PCD_REGISTER_CALLBACKS */
1215:Drivers/STM32F1xx_HAL_Driver/Src/stm32f1xx_hal_pcd.c **** 
1216:Drivers/STM32F1xx_HAL_Driver/Src/stm32f1xx_hal_pcd.c ****       __HAL_PCD_CLEAR_FLAG(hpcd, USB_OTG_GINTSTS_SOF);
1217:Drivers/STM32F1xx_HAL_Driver/Src/stm32f1xx_hal_pcd.c ****     }
1218:Drivers/STM32F1xx_HAL_Driver/Src/stm32f1xx_hal_pcd.c **** 
1219:Drivers/STM32F1xx_HAL_Driver/Src/stm32f1xx_hal_pcd.c ****     /* Handle Global OUT NAK effective Interrupt */
1220:Drivers/STM32F1xx_HAL_Driver/Src/stm32f1xx_hal_pcd.c ****     if (__HAL_PCD_GET_FLAG(hpcd, USB_OTG_GINTSTS_BOUTNAKEFF))
1221:Drivers/STM32F1xx_HAL_Driver/Src/stm32f1xx_hal_pcd.c ****     {
1222:Drivers/STM32F1xx_HAL_Driver/Src/stm32f1xx_hal_pcd.c ****       USBx->GINTMSK &= ~USB_OTG_GINTMSK_GONAKEFFM;
1223:Drivers/STM32F1xx_HAL_Driver/Src/stm32f1xx_hal_pcd.c **** 
1224:Drivers/STM32F1xx_HAL_Driver/Src/stm32f1xx_hal_pcd.c ****       for (epnum = 1U; epnum < hpcd->Init.dev_endpoints; epnum++)
1225:Drivers/STM32F1xx_HAL_Driver/Src/stm32f1xx_hal_pcd.c ****       {
1226:Drivers/STM32F1xx_HAL_Driver/Src/stm32f1xx_hal_pcd.c ****         if (hpcd->OUT_ep[epnum].is_iso_incomplete == 1U)
1227:Drivers/STM32F1xx_HAL_Driver/Src/stm32f1xx_hal_pcd.c ****         {
1228:Drivers/STM32F1xx_HAL_Driver/Src/stm32f1xx_hal_pcd.c ****           /* Abort current transaction and disable the EP */
1229:Drivers/STM32F1xx_HAL_Driver/Src/stm32f1xx_hal_pcd.c ****           (void)HAL_PCD_EP_Abort(hpcd, (uint8_t)epnum);
ARM GAS  C:\Users\crist\AppData\Local\Temp\ccYt1KLW.s 			page 23


1230:Drivers/STM32F1xx_HAL_Driver/Src/stm32f1xx_hal_pcd.c ****         }
1231:Drivers/STM32F1xx_HAL_Driver/Src/stm32f1xx_hal_pcd.c ****       }
1232:Drivers/STM32F1xx_HAL_Driver/Src/stm32f1xx_hal_pcd.c ****     }
1233:Drivers/STM32F1xx_HAL_Driver/Src/stm32f1xx_hal_pcd.c **** 
1234:Drivers/STM32F1xx_HAL_Driver/Src/stm32f1xx_hal_pcd.c ****     /* Handle Incomplete ISO IN Interrupt */
1235:Drivers/STM32F1xx_HAL_Driver/Src/stm32f1xx_hal_pcd.c ****     if (__HAL_PCD_GET_FLAG(hpcd, USB_OTG_GINTSTS_IISOIXFR))
1236:Drivers/STM32F1xx_HAL_Driver/Src/stm32f1xx_hal_pcd.c ****     {
1237:Drivers/STM32F1xx_HAL_Driver/Src/stm32f1xx_hal_pcd.c ****       for (epnum = 1U; epnum < hpcd->Init.dev_endpoints; epnum++)
1238:Drivers/STM32F1xx_HAL_Driver/Src/stm32f1xx_hal_pcd.c ****       {
1239:Drivers/STM32F1xx_HAL_Driver/Src/stm32f1xx_hal_pcd.c ****         RegVal = USBx_INEP(epnum)->DIEPCTL;
1240:Drivers/STM32F1xx_HAL_Driver/Src/stm32f1xx_hal_pcd.c **** 
1241:Drivers/STM32F1xx_HAL_Driver/Src/stm32f1xx_hal_pcd.c ****         if ((hpcd->IN_ep[epnum].type == EP_TYPE_ISOC) &&
1242:Drivers/STM32F1xx_HAL_Driver/Src/stm32f1xx_hal_pcd.c ****             ((RegVal & USB_OTG_DIEPCTL_EPENA) == USB_OTG_DIEPCTL_EPENA))
1243:Drivers/STM32F1xx_HAL_Driver/Src/stm32f1xx_hal_pcd.c ****         {
1244:Drivers/STM32F1xx_HAL_Driver/Src/stm32f1xx_hal_pcd.c ****           hpcd->IN_ep[epnum].is_iso_incomplete = 1U;
1245:Drivers/STM32F1xx_HAL_Driver/Src/stm32f1xx_hal_pcd.c **** 
1246:Drivers/STM32F1xx_HAL_Driver/Src/stm32f1xx_hal_pcd.c ****           /* Abort current transaction and disable the EP */
1247:Drivers/STM32F1xx_HAL_Driver/Src/stm32f1xx_hal_pcd.c ****           (void)HAL_PCD_EP_Abort(hpcd, (uint8_t)(epnum | 0x80U));
1248:Drivers/STM32F1xx_HAL_Driver/Src/stm32f1xx_hal_pcd.c ****         }
1249:Drivers/STM32F1xx_HAL_Driver/Src/stm32f1xx_hal_pcd.c ****       }
1250:Drivers/STM32F1xx_HAL_Driver/Src/stm32f1xx_hal_pcd.c **** 
1251:Drivers/STM32F1xx_HAL_Driver/Src/stm32f1xx_hal_pcd.c ****       __HAL_PCD_CLEAR_FLAG(hpcd, USB_OTG_GINTSTS_IISOIXFR);
1252:Drivers/STM32F1xx_HAL_Driver/Src/stm32f1xx_hal_pcd.c ****     }
1253:Drivers/STM32F1xx_HAL_Driver/Src/stm32f1xx_hal_pcd.c **** 
1254:Drivers/STM32F1xx_HAL_Driver/Src/stm32f1xx_hal_pcd.c ****     /* Handle Incomplete ISO OUT Interrupt */
1255:Drivers/STM32F1xx_HAL_Driver/Src/stm32f1xx_hal_pcd.c ****     if (__HAL_PCD_GET_FLAG(hpcd, USB_OTG_GINTSTS_PXFR_INCOMPISOOUT))
1256:Drivers/STM32F1xx_HAL_Driver/Src/stm32f1xx_hal_pcd.c ****     {
1257:Drivers/STM32F1xx_HAL_Driver/Src/stm32f1xx_hal_pcd.c ****       for (epnum = 1U; epnum < hpcd->Init.dev_endpoints; epnum++)
1258:Drivers/STM32F1xx_HAL_Driver/Src/stm32f1xx_hal_pcd.c ****       {
1259:Drivers/STM32F1xx_HAL_Driver/Src/stm32f1xx_hal_pcd.c ****         RegVal = USBx_OUTEP(epnum)->DOEPCTL;
1260:Drivers/STM32F1xx_HAL_Driver/Src/stm32f1xx_hal_pcd.c **** 
1261:Drivers/STM32F1xx_HAL_Driver/Src/stm32f1xx_hal_pcd.c ****         if ((hpcd->OUT_ep[epnum].type == EP_TYPE_ISOC) &&
1262:Drivers/STM32F1xx_HAL_Driver/Src/stm32f1xx_hal_pcd.c ****             ((RegVal & USB_OTG_DOEPCTL_EPENA) == USB_OTG_DOEPCTL_EPENA) &&
1263:Drivers/STM32F1xx_HAL_Driver/Src/stm32f1xx_hal_pcd.c ****             ((RegVal & (0x1U << 16)) == (hpcd->FrameNumber & 0x1U)))
1264:Drivers/STM32F1xx_HAL_Driver/Src/stm32f1xx_hal_pcd.c ****         {
1265:Drivers/STM32F1xx_HAL_Driver/Src/stm32f1xx_hal_pcd.c ****           hpcd->OUT_ep[epnum].is_iso_incomplete = 1U;
1266:Drivers/STM32F1xx_HAL_Driver/Src/stm32f1xx_hal_pcd.c **** 
1267:Drivers/STM32F1xx_HAL_Driver/Src/stm32f1xx_hal_pcd.c ****           USBx->GINTMSK |= USB_OTG_GINTMSK_GONAKEFFM;
1268:Drivers/STM32F1xx_HAL_Driver/Src/stm32f1xx_hal_pcd.c **** 
1269:Drivers/STM32F1xx_HAL_Driver/Src/stm32f1xx_hal_pcd.c ****           if ((USBx->GINTSTS & USB_OTG_GINTSTS_BOUTNAKEFF) == 0U)
1270:Drivers/STM32F1xx_HAL_Driver/Src/stm32f1xx_hal_pcd.c ****           {
1271:Drivers/STM32F1xx_HAL_Driver/Src/stm32f1xx_hal_pcd.c ****             USBx_DEVICE->DCTL |= USB_OTG_DCTL_SGONAK;
1272:Drivers/STM32F1xx_HAL_Driver/Src/stm32f1xx_hal_pcd.c ****             break;
1273:Drivers/STM32F1xx_HAL_Driver/Src/stm32f1xx_hal_pcd.c ****           }
1274:Drivers/STM32F1xx_HAL_Driver/Src/stm32f1xx_hal_pcd.c ****         }
1275:Drivers/STM32F1xx_HAL_Driver/Src/stm32f1xx_hal_pcd.c ****       }
1276:Drivers/STM32F1xx_HAL_Driver/Src/stm32f1xx_hal_pcd.c **** 
1277:Drivers/STM32F1xx_HAL_Driver/Src/stm32f1xx_hal_pcd.c ****       __HAL_PCD_CLEAR_FLAG(hpcd, USB_OTG_GINTSTS_PXFR_INCOMPISOOUT);
1278:Drivers/STM32F1xx_HAL_Driver/Src/stm32f1xx_hal_pcd.c ****     }
1279:Drivers/STM32F1xx_HAL_Driver/Src/stm32f1xx_hal_pcd.c **** 
1280:Drivers/STM32F1xx_HAL_Driver/Src/stm32f1xx_hal_pcd.c ****     /* Handle Connection event Interrupt */
1281:Drivers/STM32F1xx_HAL_Driver/Src/stm32f1xx_hal_pcd.c ****     if (__HAL_PCD_GET_FLAG(hpcd, USB_OTG_GINTSTS_SRQINT))
1282:Drivers/STM32F1xx_HAL_Driver/Src/stm32f1xx_hal_pcd.c ****     {
1283:Drivers/STM32F1xx_HAL_Driver/Src/stm32f1xx_hal_pcd.c **** #if (USE_HAL_PCD_REGISTER_CALLBACKS == 1U)
1284:Drivers/STM32F1xx_HAL_Driver/Src/stm32f1xx_hal_pcd.c ****       hpcd->ConnectCallback(hpcd);
1285:Drivers/STM32F1xx_HAL_Driver/Src/stm32f1xx_hal_pcd.c **** #else
1286:Drivers/STM32F1xx_HAL_Driver/Src/stm32f1xx_hal_pcd.c ****       HAL_PCD_ConnectCallback(hpcd);
ARM GAS  C:\Users\crist\AppData\Local\Temp\ccYt1KLW.s 			page 24


1287:Drivers/STM32F1xx_HAL_Driver/Src/stm32f1xx_hal_pcd.c **** #endif /* USE_HAL_PCD_REGISTER_CALLBACKS */
1288:Drivers/STM32F1xx_HAL_Driver/Src/stm32f1xx_hal_pcd.c **** 
1289:Drivers/STM32F1xx_HAL_Driver/Src/stm32f1xx_hal_pcd.c ****       __HAL_PCD_CLEAR_FLAG(hpcd, USB_OTG_GINTSTS_SRQINT);
1290:Drivers/STM32F1xx_HAL_Driver/Src/stm32f1xx_hal_pcd.c ****     }
1291:Drivers/STM32F1xx_HAL_Driver/Src/stm32f1xx_hal_pcd.c **** 
1292:Drivers/STM32F1xx_HAL_Driver/Src/stm32f1xx_hal_pcd.c ****     /* Handle Disconnection event Interrupt */
1293:Drivers/STM32F1xx_HAL_Driver/Src/stm32f1xx_hal_pcd.c ****     if (__HAL_PCD_GET_FLAG(hpcd, USB_OTG_GINTSTS_OTGINT))
1294:Drivers/STM32F1xx_HAL_Driver/Src/stm32f1xx_hal_pcd.c ****     {
1295:Drivers/STM32F1xx_HAL_Driver/Src/stm32f1xx_hal_pcd.c ****       RegVal = hpcd->Instance->GOTGINT;
1296:Drivers/STM32F1xx_HAL_Driver/Src/stm32f1xx_hal_pcd.c **** 
1297:Drivers/STM32F1xx_HAL_Driver/Src/stm32f1xx_hal_pcd.c ****       if ((RegVal & USB_OTG_GOTGINT_SEDET) == USB_OTG_GOTGINT_SEDET)
1298:Drivers/STM32F1xx_HAL_Driver/Src/stm32f1xx_hal_pcd.c ****       {
1299:Drivers/STM32F1xx_HAL_Driver/Src/stm32f1xx_hal_pcd.c **** #if (USE_HAL_PCD_REGISTER_CALLBACKS == 1U)
1300:Drivers/STM32F1xx_HAL_Driver/Src/stm32f1xx_hal_pcd.c ****         hpcd->DisconnectCallback(hpcd);
1301:Drivers/STM32F1xx_HAL_Driver/Src/stm32f1xx_hal_pcd.c **** #else
1302:Drivers/STM32F1xx_HAL_Driver/Src/stm32f1xx_hal_pcd.c ****         HAL_PCD_DisconnectCallback(hpcd);
1303:Drivers/STM32F1xx_HAL_Driver/Src/stm32f1xx_hal_pcd.c **** #endif /* USE_HAL_PCD_REGISTER_CALLBACKS */
1304:Drivers/STM32F1xx_HAL_Driver/Src/stm32f1xx_hal_pcd.c ****       }
1305:Drivers/STM32F1xx_HAL_Driver/Src/stm32f1xx_hal_pcd.c ****       hpcd->Instance->GOTGINT |= RegVal;
1306:Drivers/STM32F1xx_HAL_Driver/Src/stm32f1xx_hal_pcd.c ****     }
1307:Drivers/STM32F1xx_HAL_Driver/Src/stm32f1xx_hal_pcd.c ****   }
1308:Drivers/STM32F1xx_HAL_Driver/Src/stm32f1xx_hal_pcd.c **** }
1309:Drivers/STM32F1xx_HAL_Driver/Src/stm32f1xx_hal_pcd.c **** 
1310:Drivers/STM32F1xx_HAL_Driver/Src/stm32f1xx_hal_pcd.c **** 
1311:Drivers/STM32F1xx_HAL_Driver/Src/stm32f1xx_hal_pcd.c **** /**
1312:Drivers/STM32F1xx_HAL_Driver/Src/stm32f1xx_hal_pcd.c ****   * @brief  Handles PCD Wakeup interrupt request.
1313:Drivers/STM32F1xx_HAL_Driver/Src/stm32f1xx_hal_pcd.c ****   * @param  hpcd PCD handle
1314:Drivers/STM32F1xx_HAL_Driver/Src/stm32f1xx_hal_pcd.c ****   * @retval HAL status
1315:Drivers/STM32F1xx_HAL_Driver/Src/stm32f1xx_hal_pcd.c ****   */
1316:Drivers/STM32F1xx_HAL_Driver/Src/stm32f1xx_hal_pcd.c **** void HAL_PCD_WKUP_IRQHandler(PCD_HandleTypeDef *hpcd)
1317:Drivers/STM32F1xx_HAL_Driver/Src/stm32f1xx_hal_pcd.c **** {
1318:Drivers/STM32F1xx_HAL_Driver/Src/stm32f1xx_hal_pcd.c ****   /* Clear EXTI pending Bit */
1319:Drivers/STM32F1xx_HAL_Driver/Src/stm32f1xx_hal_pcd.c ****   __HAL_USB_OTG_FS_WAKEUP_EXTI_CLEAR_FLAG();
1320:Drivers/STM32F1xx_HAL_Driver/Src/stm32f1xx_hal_pcd.c **** }
1321:Drivers/STM32F1xx_HAL_Driver/Src/stm32f1xx_hal_pcd.c **** #endif /* defined (USB_OTG_FS) */
1322:Drivers/STM32F1xx_HAL_Driver/Src/stm32f1xx_hal_pcd.c **** 
1323:Drivers/STM32F1xx_HAL_Driver/Src/stm32f1xx_hal_pcd.c **** #if defined (USB)
1324:Drivers/STM32F1xx_HAL_Driver/Src/stm32f1xx_hal_pcd.c **** /**
1325:Drivers/STM32F1xx_HAL_Driver/Src/stm32f1xx_hal_pcd.c ****   * @brief  This function handles PCD interrupt request.
1326:Drivers/STM32F1xx_HAL_Driver/Src/stm32f1xx_hal_pcd.c ****   * @param  hpcd PCD handle
1327:Drivers/STM32F1xx_HAL_Driver/Src/stm32f1xx_hal_pcd.c ****   * @retval HAL status
1328:Drivers/STM32F1xx_HAL_Driver/Src/stm32f1xx_hal_pcd.c ****   */
1329:Drivers/STM32F1xx_HAL_Driver/Src/stm32f1xx_hal_pcd.c **** void HAL_PCD_IRQHandler(PCD_HandleTypeDef *hpcd)
1330:Drivers/STM32F1xx_HAL_Driver/Src/stm32f1xx_hal_pcd.c **** {
1331:Drivers/STM32F1xx_HAL_Driver/Src/stm32f1xx_hal_pcd.c ****   uint32_t wIstr = USB_ReadInterrupts(hpcd->Instance);
1332:Drivers/STM32F1xx_HAL_Driver/Src/stm32f1xx_hal_pcd.c ****   uint16_t store_ep[8];
1333:Drivers/STM32F1xx_HAL_Driver/Src/stm32f1xx_hal_pcd.c ****   uint8_t i;
1334:Drivers/STM32F1xx_HAL_Driver/Src/stm32f1xx_hal_pcd.c **** 
1335:Drivers/STM32F1xx_HAL_Driver/Src/stm32f1xx_hal_pcd.c ****   if ((wIstr & USB_ISTR_CTR) == USB_ISTR_CTR)
1336:Drivers/STM32F1xx_HAL_Driver/Src/stm32f1xx_hal_pcd.c ****   {
1337:Drivers/STM32F1xx_HAL_Driver/Src/stm32f1xx_hal_pcd.c ****     /* servicing of the endpoint correct transfer interrupt */
1338:Drivers/STM32F1xx_HAL_Driver/Src/stm32f1xx_hal_pcd.c ****     /* clear of the CTR flag into the sub */
1339:Drivers/STM32F1xx_HAL_Driver/Src/stm32f1xx_hal_pcd.c ****     (void)PCD_EP_ISR_Handler(hpcd);
1340:Drivers/STM32F1xx_HAL_Driver/Src/stm32f1xx_hal_pcd.c **** 
1341:Drivers/STM32F1xx_HAL_Driver/Src/stm32f1xx_hal_pcd.c ****     return;
1342:Drivers/STM32F1xx_HAL_Driver/Src/stm32f1xx_hal_pcd.c ****   }
1343:Drivers/STM32F1xx_HAL_Driver/Src/stm32f1xx_hal_pcd.c **** 
ARM GAS  C:\Users\crist\AppData\Local\Temp\ccYt1KLW.s 			page 25


1344:Drivers/STM32F1xx_HAL_Driver/Src/stm32f1xx_hal_pcd.c ****   if ((wIstr & USB_ISTR_RESET) == USB_ISTR_RESET)
1345:Drivers/STM32F1xx_HAL_Driver/Src/stm32f1xx_hal_pcd.c ****   {
1346:Drivers/STM32F1xx_HAL_Driver/Src/stm32f1xx_hal_pcd.c ****     __HAL_PCD_CLEAR_FLAG(hpcd, USB_ISTR_RESET);
1347:Drivers/STM32F1xx_HAL_Driver/Src/stm32f1xx_hal_pcd.c **** 
1348:Drivers/STM32F1xx_HAL_Driver/Src/stm32f1xx_hal_pcd.c **** #if (USE_HAL_PCD_REGISTER_CALLBACKS == 1U)
1349:Drivers/STM32F1xx_HAL_Driver/Src/stm32f1xx_hal_pcd.c ****     hpcd->ResetCallback(hpcd);
1350:Drivers/STM32F1xx_HAL_Driver/Src/stm32f1xx_hal_pcd.c **** #else
1351:Drivers/STM32F1xx_HAL_Driver/Src/stm32f1xx_hal_pcd.c ****     HAL_PCD_ResetCallback(hpcd);
1352:Drivers/STM32F1xx_HAL_Driver/Src/stm32f1xx_hal_pcd.c **** #endif /* USE_HAL_PCD_REGISTER_CALLBACKS */
1353:Drivers/STM32F1xx_HAL_Driver/Src/stm32f1xx_hal_pcd.c **** 
1354:Drivers/STM32F1xx_HAL_Driver/Src/stm32f1xx_hal_pcd.c ****     (void)HAL_PCD_SetAddress(hpcd, 0U);
1355:Drivers/STM32F1xx_HAL_Driver/Src/stm32f1xx_hal_pcd.c **** 
1356:Drivers/STM32F1xx_HAL_Driver/Src/stm32f1xx_hal_pcd.c ****     return;
1357:Drivers/STM32F1xx_HAL_Driver/Src/stm32f1xx_hal_pcd.c ****   }
1358:Drivers/STM32F1xx_HAL_Driver/Src/stm32f1xx_hal_pcd.c **** 
1359:Drivers/STM32F1xx_HAL_Driver/Src/stm32f1xx_hal_pcd.c ****   if ((wIstr & USB_ISTR_PMAOVR) == USB_ISTR_PMAOVR)
1360:Drivers/STM32F1xx_HAL_Driver/Src/stm32f1xx_hal_pcd.c ****   {
1361:Drivers/STM32F1xx_HAL_Driver/Src/stm32f1xx_hal_pcd.c ****     __HAL_PCD_CLEAR_FLAG(hpcd, USB_ISTR_PMAOVR);
1362:Drivers/STM32F1xx_HAL_Driver/Src/stm32f1xx_hal_pcd.c **** 
1363:Drivers/STM32F1xx_HAL_Driver/Src/stm32f1xx_hal_pcd.c ****     return;
1364:Drivers/STM32F1xx_HAL_Driver/Src/stm32f1xx_hal_pcd.c ****   }
1365:Drivers/STM32F1xx_HAL_Driver/Src/stm32f1xx_hal_pcd.c **** 
1366:Drivers/STM32F1xx_HAL_Driver/Src/stm32f1xx_hal_pcd.c ****   if ((wIstr & USB_ISTR_ERR) == USB_ISTR_ERR)
1367:Drivers/STM32F1xx_HAL_Driver/Src/stm32f1xx_hal_pcd.c ****   {
1368:Drivers/STM32F1xx_HAL_Driver/Src/stm32f1xx_hal_pcd.c ****     __HAL_PCD_CLEAR_FLAG(hpcd, USB_ISTR_ERR);
1369:Drivers/STM32F1xx_HAL_Driver/Src/stm32f1xx_hal_pcd.c **** 
1370:Drivers/STM32F1xx_HAL_Driver/Src/stm32f1xx_hal_pcd.c ****     return;
1371:Drivers/STM32F1xx_HAL_Driver/Src/stm32f1xx_hal_pcd.c ****   }
1372:Drivers/STM32F1xx_HAL_Driver/Src/stm32f1xx_hal_pcd.c **** 
1373:Drivers/STM32F1xx_HAL_Driver/Src/stm32f1xx_hal_pcd.c ****   if ((wIstr & USB_ISTR_WKUP) == USB_ISTR_WKUP)
1374:Drivers/STM32F1xx_HAL_Driver/Src/stm32f1xx_hal_pcd.c ****   {
1375:Drivers/STM32F1xx_HAL_Driver/Src/stm32f1xx_hal_pcd.c ****     hpcd->Instance->CNTR &= (uint16_t) ~(USB_CNTR_LP_MODE);
1376:Drivers/STM32F1xx_HAL_Driver/Src/stm32f1xx_hal_pcd.c ****     hpcd->Instance->CNTR &= (uint16_t) ~(USB_CNTR_FSUSP);
1377:Drivers/STM32F1xx_HAL_Driver/Src/stm32f1xx_hal_pcd.c **** 
1378:Drivers/STM32F1xx_HAL_Driver/Src/stm32f1xx_hal_pcd.c **** #if (USE_HAL_PCD_REGISTER_CALLBACKS == 1U)
1379:Drivers/STM32F1xx_HAL_Driver/Src/stm32f1xx_hal_pcd.c ****     hpcd->ResumeCallback(hpcd);
1380:Drivers/STM32F1xx_HAL_Driver/Src/stm32f1xx_hal_pcd.c **** #else
1381:Drivers/STM32F1xx_HAL_Driver/Src/stm32f1xx_hal_pcd.c ****     HAL_PCD_ResumeCallback(hpcd);
1382:Drivers/STM32F1xx_HAL_Driver/Src/stm32f1xx_hal_pcd.c **** #endif /* USE_HAL_PCD_REGISTER_CALLBACKS */
1383:Drivers/STM32F1xx_HAL_Driver/Src/stm32f1xx_hal_pcd.c **** 
1384:Drivers/STM32F1xx_HAL_Driver/Src/stm32f1xx_hal_pcd.c ****     __HAL_PCD_CLEAR_FLAG(hpcd, USB_ISTR_WKUP);
1385:Drivers/STM32F1xx_HAL_Driver/Src/stm32f1xx_hal_pcd.c **** 
1386:Drivers/STM32F1xx_HAL_Driver/Src/stm32f1xx_hal_pcd.c ****     return;
1387:Drivers/STM32F1xx_HAL_Driver/Src/stm32f1xx_hal_pcd.c ****   }
1388:Drivers/STM32F1xx_HAL_Driver/Src/stm32f1xx_hal_pcd.c **** 
1389:Drivers/STM32F1xx_HAL_Driver/Src/stm32f1xx_hal_pcd.c ****   if ((wIstr & USB_ISTR_SUSP) == USB_ISTR_SUSP)
1390:Drivers/STM32F1xx_HAL_Driver/Src/stm32f1xx_hal_pcd.c ****   {
1391:Drivers/STM32F1xx_HAL_Driver/Src/stm32f1xx_hal_pcd.c ****     /* WA: To Clear Wakeup flag if raised with suspend signal */
1392:Drivers/STM32F1xx_HAL_Driver/Src/stm32f1xx_hal_pcd.c **** 
1393:Drivers/STM32F1xx_HAL_Driver/Src/stm32f1xx_hal_pcd.c ****     /* Store Endpoint registers */
1394:Drivers/STM32F1xx_HAL_Driver/Src/stm32f1xx_hal_pcd.c ****     for (i = 0U; i < 8U; i++)
1395:Drivers/STM32F1xx_HAL_Driver/Src/stm32f1xx_hal_pcd.c ****     {
1396:Drivers/STM32F1xx_HAL_Driver/Src/stm32f1xx_hal_pcd.c ****       store_ep[i] = PCD_GET_ENDPOINT(hpcd->Instance, i);
1397:Drivers/STM32F1xx_HAL_Driver/Src/stm32f1xx_hal_pcd.c ****     }
1398:Drivers/STM32F1xx_HAL_Driver/Src/stm32f1xx_hal_pcd.c **** 
1399:Drivers/STM32F1xx_HAL_Driver/Src/stm32f1xx_hal_pcd.c ****     /* FORCE RESET */
1400:Drivers/STM32F1xx_HAL_Driver/Src/stm32f1xx_hal_pcd.c ****     hpcd->Instance->CNTR |= (uint16_t)(USB_CNTR_FRES);
ARM GAS  C:\Users\crist\AppData\Local\Temp\ccYt1KLW.s 			page 26


1401:Drivers/STM32F1xx_HAL_Driver/Src/stm32f1xx_hal_pcd.c **** 
1402:Drivers/STM32F1xx_HAL_Driver/Src/stm32f1xx_hal_pcd.c ****     /* CLEAR RESET */
1403:Drivers/STM32F1xx_HAL_Driver/Src/stm32f1xx_hal_pcd.c ****     hpcd->Instance->CNTR &= (uint16_t)(~USB_CNTR_FRES);
1404:Drivers/STM32F1xx_HAL_Driver/Src/stm32f1xx_hal_pcd.c **** 
1405:Drivers/STM32F1xx_HAL_Driver/Src/stm32f1xx_hal_pcd.c ****     /* wait for reset flag in ISTR */
1406:Drivers/STM32F1xx_HAL_Driver/Src/stm32f1xx_hal_pcd.c ****     while ((hpcd->Instance->ISTR & USB_ISTR_RESET) == 0U)
1407:Drivers/STM32F1xx_HAL_Driver/Src/stm32f1xx_hal_pcd.c ****     {
1408:Drivers/STM32F1xx_HAL_Driver/Src/stm32f1xx_hal_pcd.c ****     }
1409:Drivers/STM32F1xx_HAL_Driver/Src/stm32f1xx_hal_pcd.c **** 
1410:Drivers/STM32F1xx_HAL_Driver/Src/stm32f1xx_hal_pcd.c ****     /* Clear Reset Flag */
1411:Drivers/STM32F1xx_HAL_Driver/Src/stm32f1xx_hal_pcd.c ****     __HAL_PCD_CLEAR_FLAG(hpcd, USB_ISTR_RESET);
1412:Drivers/STM32F1xx_HAL_Driver/Src/stm32f1xx_hal_pcd.c **** 
1413:Drivers/STM32F1xx_HAL_Driver/Src/stm32f1xx_hal_pcd.c ****     /* Restore Registre */
1414:Drivers/STM32F1xx_HAL_Driver/Src/stm32f1xx_hal_pcd.c ****     for (i = 0U; i < 8U; i++)
1415:Drivers/STM32F1xx_HAL_Driver/Src/stm32f1xx_hal_pcd.c ****     {
1416:Drivers/STM32F1xx_HAL_Driver/Src/stm32f1xx_hal_pcd.c ****       PCD_SET_ENDPOINT(hpcd->Instance, i, store_ep[i]);
1417:Drivers/STM32F1xx_HAL_Driver/Src/stm32f1xx_hal_pcd.c ****     }
1418:Drivers/STM32F1xx_HAL_Driver/Src/stm32f1xx_hal_pcd.c **** 
1419:Drivers/STM32F1xx_HAL_Driver/Src/stm32f1xx_hal_pcd.c ****     /* Force low-power mode in the macrocell */
1420:Drivers/STM32F1xx_HAL_Driver/Src/stm32f1xx_hal_pcd.c ****     hpcd->Instance->CNTR |= (uint16_t)USB_CNTR_FSUSP;
1421:Drivers/STM32F1xx_HAL_Driver/Src/stm32f1xx_hal_pcd.c **** 
1422:Drivers/STM32F1xx_HAL_Driver/Src/stm32f1xx_hal_pcd.c ****     /* clear of the ISTR bit must be done after setting of CNTR_FSUSP */
1423:Drivers/STM32F1xx_HAL_Driver/Src/stm32f1xx_hal_pcd.c ****     __HAL_PCD_CLEAR_FLAG(hpcd, USB_ISTR_SUSP);
1424:Drivers/STM32F1xx_HAL_Driver/Src/stm32f1xx_hal_pcd.c **** 
1425:Drivers/STM32F1xx_HAL_Driver/Src/stm32f1xx_hal_pcd.c ****     hpcd->Instance->CNTR |= (uint16_t)USB_CNTR_LP_MODE;
1426:Drivers/STM32F1xx_HAL_Driver/Src/stm32f1xx_hal_pcd.c **** 
1427:Drivers/STM32F1xx_HAL_Driver/Src/stm32f1xx_hal_pcd.c **** #if (USE_HAL_PCD_REGISTER_CALLBACKS == 1U)
1428:Drivers/STM32F1xx_HAL_Driver/Src/stm32f1xx_hal_pcd.c ****     hpcd->SuspendCallback(hpcd);
1429:Drivers/STM32F1xx_HAL_Driver/Src/stm32f1xx_hal_pcd.c **** #else
1430:Drivers/STM32F1xx_HAL_Driver/Src/stm32f1xx_hal_pcd.c ****     HAL_PCD_SuspendCallback(hpcd);
1431:Drivers/STM32F1xx_HAL_Driver/Src/stm32f1xx_hal_pcd.c **** #endif /* USE_HAL_PCD_REGISTER_CALLBACKS */
1432:Drivers/STM32F1xx_HAL_Driver/Src/stm32f1xx_hal_pcd.c **** 
1433:Drivers/STM32F1xx_HAL_Driver/Src/stm32f1xx_hal_pcd.c ****     return;
1434:Drivers/STM32F1xx_HAL_Driver/Src/stm32f1xx_hal_pcd.c ****   }
1435:Drivers/STM32F1xx_HAL_Driver/Src/stm32f1xx_hal_pcd.c **** 
1436:Drivers/STM32F1xx_HAL_Driver/Src/stm32f1xx_hal_pcd.c ****   if ((wIstr & USB_ISTR_SOF) == USB_ISTR_SOF)
1437:Drivers/STM32F1xx_HAL_Driver/Src/stm32f1xx_hal_pcd.c ****   {
1438:Drivers/STM32F1xx_HAL_Driver/Src/stm32f1xx_hal_pcd.c ****     __HAL_PCD_CLEAR_FLAG(hpcd, USB_ISTR_SOF);
1439:Drivers/STM32F1xx_HAL_Driver/Src/stm32f1xx_hal_pcd.c **** 
1440:Drivers/STM32F1xx_HAL_Driver/Src/stm32f1xx_hal_pcd.c **** #if (USE_HAL_PCD_REGISTER_CALLBACKS == 1U)
1441:Drivers/STM32F1xx_HAL_Driver/Src/stm32f1xx_hal_pcd.c ****     hpcd->SOFCallback(hpcd);
1442:Drivers/STM32F1xx_HAL_Driver/Src/stm32f1xx_hal_pcd.c **** #else
1443:Drivers/STM32F1xx_HAL_Driver/Src/stm32f1xx_hal_pcd.c ****     HAL_PCD_SOFCallback(hpcd);
1444:Drivers/STM32F1xx_HAL_Driver/Src/stm32f1xx_hal_pcd.c **** #endif /* USE_HAL_PCD_REGISTER_CALLBACKS */
1445:Drivers/STM32F1xx_HAL_Driver/Src/stm32f1xx_hal_pcd.c **** 
1446:Drivers/STM32F1xx_HAL_Driver/Src/stm32f1xx_hal_pcd.c ****     return;
1447:Drivers/STM32F1xx_HAL_Driver/Src/stm32f1xx_hal_pcd.c ****   }
1448:Drivers/STM32F1xx_HAL_Driver/Src/stm32f1xx_hal_pcd.c **** 
1449:Drivers/STM32F1xx_HAL_Driver/Src/stm32f1xx_hal_pcd.c ****   if ((wIstr & USB_ISTR_ESOF) == USB_ISTR_ESOF)
1450:Drivers/STM32F1xx_HAL_Driver/Src/stm32f1xx_hal_pcd.c ****   {
1451:Drivers/STM32F1xx_HAL_Driver/Src/stm32f1xx_hal_pcd.c ****     /* clear ESOF flag in ISTR */
1452:Drivers/STM32F1xx_HAL_Driver/Src/stm32f1xx_hal_pcd.c ****     __HAL_PCD_CLEAR_FLAG(hpcd, USB_ISTR_ESOF);
1453:Drivers/STM32F1xx_HAL_Driver/Src/stm32f1xx_hal_pcd.c **** 
1454:Drivers/STM32F1xx_HAL_Driver/Src/stm32f1xx_hal_pcd.c ****     return;
1455:Drivers/STM32F1xx_HAL_Driver/Src/stm32f1xx_hal_pcd.c ****   }
1456:Drivers/STM32F1xx_HAL_Driver/Src/stm32f1xx_hal_pcd.c **** }
1457:Drivers/STM32F1xx_HAL_Driver/Src/stm32f1xx_hal_pcd.c **** 
ARM GAS  C:\Users\crist\AppData\Local\Temp\ccYt1KLW.s 			page 27


1458:Drivers/STM32F1xx_HAL_Driver/Src/stm32f1xx_hal_pcd.c **** 
1459:Drivers/STM32F1xx_HAL_Driver/Src/stm32f1xx_hal_pcd.c **** /**
1460:Drivers/STM32F1xx_HAL_Driver/Src/stm32f1xx_hal_pcd.c ****   * @brief  Handles PCD Wakeup interrupt request.
1461:Drivers/STM32F1xx_HAL_Driver/Src/stm32f1xx_hal_pcd.c ****   * @param  hpcd PCD handle
1462:Drivers/STM32F1xx_HAL_Driver/Src/stm32f1xx_hal_pcd.c ****   * @retval HAL status
1463:Drivers/STM32F1xx_HAL_Driver/Src/stm32f1xx_hal_pcd.c ****   */
1464:Drivers/STM32F1xx_HAL_Driver/Src/stm32f1xx_hal_pcd.c **** void HAL_PCD_WKUP_IRQHandler(PCD_HandleTypeDef *hpcd)
1465:Drivers/STM32F1xx_HAL_Driver/Src/stm32f1xx_hal_pcd.c **** {
1466:Drivers/STM32F1xx_HAL_Driver/Src/stm32f1xx_hal_pcd.c ****   /* Clear EXTI pending Bit */
1467:Drivers/STM32F1xx_HAL_Driver/Src/stm32f1xx_hal_pcd.c ****   __HAL_USB_WAKEUP_EXTI_CLEAR_FLAG();
1468:Drivers/STM32F1xx_HAL_Driver/Src/stm32f1xx_hal_pcd.c **** }
1469:Drivers/STM32F1xx_HAL_Driver/Src/stm32f1xx_hal_pcd.c **** #endif /* defined (USB) */
1470:Drivers/STM32F1xx_HAL_Driver/Src/stm32f1xx_hal_pcd.c **** 
1471:Drivers/STM32F1xx_HAL_Driver/Src/stm32f1xx_hal_pcd.c **** /**
1472:Drivers/STM32F1xx_HAL_Driver/Src/stm32f1xx_hal_pcd.c ****   * @brief  Data OUT stage callback.
1473:Drivers/STM32F1xx_HAL_Driver/Src/stm32f1xx_hal_pcd.c ****   * @param  hpcd PCD handle
1474:Drivers/STM32F1xx_HAL_Driver/Src/stm32f1xx_hal_pcd.c ****   * @param  epnum endpoint number
1475:Drivers/STM32F1xx_HAL_Driver/Src/stm32f1xx_hal_pcd.c ****   * @retval None
1476:Drivers/STM32F1xx_HAL_Driver/Src/stm32f1xx_hal_pcd.c ****   */
1477:Drivers/STM32F1xx_HAL_Driver/Src/stm32f1xx_hal_pcd.c **** __weak void HAL_PCD_DataOutStageCallback(PCD_HandleTypeDef *hpcd, uint8_t epnum)
1478:Drivers/STM32F1xx_HAL_Driver/Src/stm32f1xx_hal_pcd.c **** {
1479:Drivers/STM32F1xx_HAL_Driver/Src/stm32f1xx_hal_pcd.c ****   /* Prevent unused argument(s) compilation warning */
1480:Drivers/STM32F1xx_HAL_Driver/Src/stm32f1xx_hal_pcd.c ****   UNUSED(hpcd);
1481:Drivers/STM32F1xx_HAL_Driver/Src/stm32f1xx_hal_pcd.c ****   UNUSED(epnum);
1482:Drivers/STM32F1xx_HAL_Driver/Src/stm32f1xx_hal_pcd.c **** 
1483:Drivers/STM32F1xx_HAL_Driver/Src/stm32f1xx_hal_pcd.c ****   /* NOTE : This function should not be modified, when the callback is needed,
1484:Drivers/STM32F1xx_HAL_Driver/Src/stm32f1xx_hal_pcd.c ****             the HAL_PCD_DataOutStageCallback could be implemented in the user file
1485:Drivers/STM32F1xx_HAL_Driver/Src/stm32f1xx_hal_pcd.c ****    */
1486:Drivers/STM32F1xx_HAL_Driver/Src/stm32f1xx_hal_pcd.c **** }
1487:Drivers/STM32F1xx_HAL_Driver/Src/stm32f1xx_hal_pcd.c **** 
1488:Drivers/STM32F1xx_HAL_Driver/Src/stm32f1xx_hal_pcd.c **** /**
1489:Drivers/STM32F1xx_HAL_Driver/Src/stm32f1xx_hal_pcd.c ****   * @brief  Data IN stage callback
1490:Drivers/STM32F1xx_HAL_Driver/Src/stm32f1xx_hal_pcd.c ****   * @param  hpcd PCD handle
1491:Drivers/STM32F1xx_HAL_Driver/Src/stm32f1xx_hal_pcd.c ****   * @param  epnum endpoint number
1492:Drivers/STM32F1xx_HAL_Driver/Src/stm32f1xx_hal_pcd.c ****   * @retval None
1493:Drivers/STM32F1xx_HAL_Driver/Src/stm32f1xx_hal_pcd.c ****   */
1494:Drivers/STM32F1xx_HAL_Driver/Src/stm32f1xx_hal_pcd.c **** __weak void HAL_PCD_DataInStageCallback(PCD_HandleTypeDef *hpcd, uint8_t epnum)
1495:Drivers/STM32F1xx_HAL_Driver/Src/stm32f1xx_hal_pcd.c **** {
1496:Drivers/STM32F1xx_HAL_Driver/Src/stm32f1xx_hal_pcd.c ****   /* Prevent unused argument(s) compilation warning */
1497:Drivers/STM32F1xx_HAL_Driver/Src/stm32f1xx_hal_pcd.c ****   UNUSED(hpcd);
1498:Drivers/STM32F1xx_HAL_Driver/Src/stm32f1xx_hal_pcd.c ****   UNUSED(epnum);
1499:Drivers/STM32F1xx_HAL_Driver/Src/stm32f1xx_hal_pcd.c **** 
1500:Drivers/STM32F1xx_HAL_Driver/Src/stm32f1xx_hal_pcd.c ****   /* NOTE : This function should not be modified, when the callback is needed,
1501:Drivers/STM32F1xx_HAL_Driver/Src/stm32f1xx_hal_pcd.c ****             the HAL_PCD_DataInStageCallback could be implemented in the user file
1502:Drivers/STM32F1xx_HAL_Driver/Src/stm32f1xx_hal_pcd.c ****    */
1503:Drivers/STM32F1xx_HAL_Driver/Src/stm32f1xx_hal_pcd.c **** }
1504:Drivers/STM32F1xx_HAL_Driver/Src/stm32f1xx_hal_pcd.c **** /**
1505:Drivers/STM32F1xx_HAL_Driver/Src/stm32f1xx_hal_pcd.c ****   * @brief  Setup stage callback
1506:Drivers/STM32F1xx_HAL_Driver/Src/stm32f1xx_hal_pcd.c ****   * @param  hpcd PCD handle
1507:Drivers/STM32F1xx_HAL_Driver/Src/stm32f1xx_hal_pcd.c ****   * @retval None
1508:Drivers/STM32F1xx_HAL_Driver/Src/stm32f1xx_hal_pcd.c ****   */
1509:Drivers/STM32F1xx_HAL_Driver/Src/stm32f1xx_hal_pcd.c **** __weak void HAL_PCD_SetupStageCallback(PCD_HandleTypeDef *hpcd)
1510:Drivers/STM32F1xx_HAL_Driver/Src/stm32f1xx_hal_pcd.c **** {
1511:Drivers/STM32F1xx_HAL_Driver/Src/stm32f1xx_hal_pcd.c ****   /* Prevent unused argument(s) compilation warning */
1512:Drivers/STM32F1xx_HAL_Driver/Src/stm32f1xx_hal_pcd.c ****   UNUSED(hpcd);
1513:Drivers/STM32F1xx_HAL_Driver/Src/stm32f1xx_hal_pcd.c **** 
1514:Drivers/STM32F1xx_HAL_Driver/Src/stm32f1xx_hal_pcd.c ****   /* NOTE : This function should not be modified, when the callback is needed,
ARM GAS  C:\Users\crist\AppData\Local\Temp\ccYt1KLW.s 			page 28


1515:Drivers/STM32F1xx_HAL_Driver/Src/stm32f1xx_hal_pcd.c ****             the HAL_PCD_SetupStageCallback could be implemented in the user file
1516:Drivers/STM32F1xx_HAL_Driver/Src/stm32f1xx_hal_pcd.c ****    */
1517:Drivers/STM32F1xx_HAL_Driver/Src/stm32f1xx_hal_pcd.c **** }
1518:Drivers/STM32F1xx_HAL_Driver/Src/stm32f1xx_hal_pcd.c **** 
1519:Drivers/STM32F1xx_HAL_Driver/Src/stm32f1xx_hal_pcd.c **** /**
1520:Drivers/STM32F1xx_HAL_Driver/Src/stm32f1xx_hal_pcd.c ****   * @brief  USB Start Of Frame callback.
1521:Drivers/STM32F1xx_HAL_Driver/Src/stm32f1xx_hal_pcd.c ****   * @param  hpcd PCD handle
1522:Drivers/STM32F1xx_HAL_Driver/Src/stm32f1xx_hal_pcd.c ****   * @retval None
1523:Drivers/STM32F1xx_HAL_Driver/Src/stm32f1xx_hal_pcd.c ****   */
1524:Drivers/STM32F1xx_HAL_Driver/Src/stm32f1xx_hal_pcd.c **** __weak void HAL_PCD_SOFCallback(PCD_HandleTypeDef *hpcd)
1525:Drivers/STM32F1xx_HAL_Driver/Src/stm32f1xx_hal_pcd.c **** {
1526:Drivers/STM32F1xx_HAL_Driver/Src/stm32f1xx_hal_pcd.c ****   /* Prevent unused argument(s) compilation warning */
1527:Drivers/STM32F1xx_HAL_Driver/Src/stm32f1xx_hal_pcd.c ****   UNUSED(hpcd);
1528:Drivers/STM32F1xx_HAL_Driver/Src/stm32f1xx_hal_pcd.c **** 
1529:Drivers/STM32F1xx_HAL_Driver/Src/stm32f1xx_hal_pcd.c ****   /* NOTE : This function should not be modified, when the callback is needed,
1530:Drivers/STM32F1xx_HAL_Driver/Src/stm32f1xx_hal_pcd.c ****             the HAL_PCD_SOFCallback could be implemented in the user file
1531:Drivers/STM32F1xx_HAL_Driver/Src/stm32f1xx_hal_pcd.c ****    */
1532:Drivers/STM32F1xx_HAL_Driver/Src/stm32f1xx_hal_pcd.c **** }
1533:Drivers/STM32F1xx_HAL_Driver/Src/stm32f1xx_hal_pcd.c **** 
1534:Drivers/STM32F1xx_HAL_Driver/Src/stm32f1xx_hal_pcd.c **** /**
1535:Drivers/STM32F1xx_HAL_Driver/Src/stm32f1xx_hal_pcd.c ****   * @brief  USB Reset callback.
1536:Drivers/STM32F1xx_HAL_Driver/Src/stm32f1xx_hal_pcd.c ****   * @param  hpcd PCD handle
1537:Drivers/STM32F1xx_HAL_Driver/Src/stm32f1xx_hal_pcd.c ****   * @retval None
1538:Drivers/STM32F1xx_HAL_Driver/Src/stm32f1xx_hal_pcd.c ****   */
1539:Drivers/STM32F1xx_HAL_Driver/Src/stm32f1xx_hal_pcd.c **** __weak void HAL_PCD_ResetCallback(PCD_HandleTypeDef *hpcd)
1540:Drivers/STM32F1xx_HAL_Driver/Src/stm32f1xx_hal_pcd.c **** {
1541:Drivers/STM32F1xx_HAL_Driver/Src/stm32f1xx_hal_pcd.c ****   /* Prevent unused argument(s) compilation warning */
1542:Drivers/STM32F1xx_HAL_Driver/Src/stm32f1xx_hal_pcd.c ****   UNUSED(hpcd);
1543:Drivers/STM32F1xx_HAL_Driver/Src/stm32f1xx_hal_pcd.c **** 
1544:Drivers/STM32F1xx_HAL_Driver/Src/stm32f1xx_hal_pcd.c ****   /* NOTE : This function should not be modified, when the callback is needed,
1545:Drivers/STM32F1xx_HAL_Driver/Src/stm32f1xx_hal_pcd.c ****             the HAL_PCD_ResetCallback could be implemented in the user file
1546:Drivers/STM32F1xx_HAL_Driver/Src/stm32f1xx_hal_pcd.c ****    */
1547:Drivers/STM32F1xx_HAL_Driver/Src/stm32f1xx_hal_pcd.c **** }
1548:Drivers/STM32F1xx_HAL_Driver/Src/stm32f1xx_hal_pcd.c **** 
1549:Drivers/STM32F1xx_HAL_Driver/Src/stm32f1xx_hal_pcd.c **** /**
1550:Drivers/STM32F1xx_HAL_Driver/Src/stm32f1xx_hal_pcd.c ****   * @brief  Suspend event callback.
1551:Drivers/STM32F1xx_HAL_Driver/Src/stm32f1xx_hal_pcd.c ****   * @param  hpcd PCD handle
1552:Drivers/STM32F1xx_HAL_Driver/Src/stm32f1xx_hal_pcd.c ****   * @retval None
1553:Drivers/STM32F1xx_HAL_Driver/Src/stm32f1xx_hal_pcd.c ****   */
1554:Drivers/STM32F1xx_HAL_Driver/Src/stm32f1xx_hal_pcd.c **** __weak void HAL_PCD_SuspendCallback(PCD_HandleTypeDef *hpcd)
1555:Drivers/STM32F1xx_HAL_Driver/Src/stm32f1xx_hal_pcd.c **** {
1556:Drivers/STM32F1xx_HAL_Driver/Src/stm32f1xx_hal_pcd.c ****   /* Prevent unused argument(s) compilation warning */
1557:Drivers/STM32F1xx_HAL_Driver/Src/stm32f1xx_hal_pcd.c ****   UNUSED(hpcd);
1558:Drivers/STM32F1xx_HAL_Driver/Src/stm32f1xx_hal_pcd.c **** 
1559:Drivers/STM32F1xx_HAL_Driver/Src/stm32f1xx_hal_pcd.c ****   /* NOTE : This function should not be modified, when the callback is needed,
1560:Drivers/STM32F1xx_HAL_Driver/Src/stm32f1xx_hal_pcd.c ****             the HAL_PCD_SuspendCallback could be implemented in the user file
1561:Drivers/STM32F1xx_HAL_Driver/Src/stm32f1xx_hal_pcd.c ****    */
1562:Drivers/STM32F1xx_HAL_Driver/Src/stm32f1xx_hal_pcd.c **** }
1563:Drivers/STM32F1xx_HAL_Driver/Src/stm32f1xx_hal_pcd.c **** 
1564:Drivers/STM32F1xx_HAL_Driver/Src/stm32f1xx_hal_pcd.c **** /**
1565:Drivers/STM32F1xx_HAL_Driver/Src/stm32f1xx_hal_pcd.c ****   * @brief  Resume event callback.
1566:Drivers/STM32F1xx_HAL_Driver/Src/stm32f1xx_hal_pcd.c ****   * @param  hpcd PCD handle
1567:Drivers/STM32F1xx_HAL_Driver/Src/stm32f1xx_hal_pcd.c ****   * @retval None
1568:Drivers/STM32F1xx_HAL_Driver/Src/stm32f1xx_hal_pcd.c ****   */
1569:Drivers/STM32F1xx_HAL_Driver/Src/stm32f1xx_hal_pcd.c **** __weak void HAL_PCD_ResumeCallback(PCD_HandleTypeDef *hpcd)
1570:Drivers/STM32F1xx_HAL_Driver/Src/stm32f1xx_hal_pcd.c **** {
1571:Drivers/STM32F1xx_HAL_Driver/Src/stm32f1xx_hal_pcd.c ****   /* Prevent unused argument(s) compilation warning */
ARM GAS  C:\Users\crist\AppData\Local\Temp\ccYt1KLW.s 			page 29


1572:Drivers/STM32F1xx_HAL_Driver/Src/stm32f1xx_hal_pcd.c ****   UNUSED(hpcd);
1573:Drivers/STM32F1xx_HAL_Driver/Src/stm32f1xx_hal_pcd.c **** 
1574:Drivers/STM32F1xx_HAL_Driver/Src/stm32f1xx_hal_pcd.c ****   /* NOTE : This function should not be modified, when the callback is needed,
1575:Drivers/STM32F1xx_HAL_Driver/Src/stm32f1xx_hal_pcd.c ****             the HAL_PCD_ResumeCallback could be implemented in the user file
1576:Drivers/STM32F1xx_HAL_Driver/Src/stm32f1xx_hal_pcd.c ****    */
1577:Drivers/STM32F1xx_HAL_Driver/Src/stm32f1xx_hal_pcd.c **** }
1578:Drivers/STM32F1xx_HAL_Driver/Src/stm32f1xx_hal_pcd.c **** 
1579:Drivers/STM32F1xx_HAL_Driver/Src/stm32f1xx_hal_pcd.c **** /**
1580:Drivers/STM32F1xx_HAL_Driver/Src/stm32f1xx_hal_pcd.c ****   * @brief  Incomplete ISO OUT callback.
1581:Drivers/STM32F1xx_HAL_Driver/Src/stm32f1xx_hal_pcd.c ****   * @param  hpcd PCD handle
1582:Drivers/STM32F1xx_HAL_Driver/Src/stm32f1xx_hal_pcd.c ****   * @param  epnum endpoint number
1583:Drivers/STM32F1xx_HAL_Driver/Src/stm32f1xx_hal_pcd.c ****   * @retval None
1584:Drivers/STM32F1xx_HAL_Driver/Src/stm32f1xx_hal_pcd.c ****   */
1585:Drivers/STM32F1xx_HAL_Driver/Src/stm32f1xx_hal_pcd.c **** __weak void HAL_PCD_ISOOUTIncompleteCallback(PCD_HandleTypeDef *hpcd, uint8_t epnum)
1586:Drivers/STM32F1xx_HAL_Driver/Src/stm32f1xx_hal_pcd.c **** {
1587:Drivers/STM32F1xx_HAL_Driver/Src/stm32f1xx_hal_pcd.c ****   /* Prevent unused argument(s) compilation warning */
1588:Drivers/STM32F1xx_HAL_Driver/Src/stm32f1xx_hal_pcd.c ****   UNUSED(hpcd);
1589:Drivers/STM32F1xx_HAL_Driver/Src/stm32f1xx_hal_pcd.c ****   UNUSED(epnum);
1590:Drivers/STM32F1xx_HAL_Driver/Src/stm32f1xx_hal_pcd.c **** 
1591:Drivers/STM32F1xx_HAL_Driver/Src/stm32f1xx_hal_pcd.c ****   /* NOTE : This function should not be modified, when the callback is needed,
1592:Drivers/STM32F1xx_HAL_Driver/Src/stm32f1xx_hal_pcd.c ****             the HAL_PCD_ISOOUTIncompleteCallback could be implemented in the user file
1593:Drivers/STM32F1xx_HAL_Driver/Src/stm32f1xx_hal_pcd.c ****    */
1594:Drivers/STM32F1xx_HAL_Driver/Src/stm32f1xx_hal_pcd.c **** }
1595:Drivers/STM32F1xx_HAL_Driver/Src/stm32f1xx_hal_pcd.c **** 
1596:Drivers/STM32F1xx_HAL_Driver/Src/stm32f1xx_hal_pcd.c **** /**
1597:Drivers/STM32F1xx_HAL_Driver/Src/stm32f1xx_hal_pcd.c ****   * @brief  Incomplete ISO IN callback.
1598:Drivers/STM32F1xx_HAL_Driver/Src/stm32f1xx_hal_pcd.c ****   * @param  hpcd PCD handle
1599:Drivers/STM32F1xx_HAL_Driver/Src/stm32f1xx_hal_pcd.c ****   * @param  epnum endpoint number
1600:Drivers/STM32F1xx_HAL_Driver/Src/stm32f1xx_hal_pcd.c ****   * @retval None
1601:Drivers/STM32F1xx_HAL_Driver/Src/stm32f1xx_hal_pcd.c ****   */
1602:Drivers/STM32F1xx_HAL_Driver/Src/stm32f1xx_hal_pcd.c **** __weak void HAL_PCD_ISOINIncompleteCallback(PCD_HandleTypeDef *hpcd, uint8_t epnum)
1603:Drivers/STM32F1xx_HAL_Driver/Src/stm32f1xx_hal_pcd.c **** {
1604:Drivers/STM32F1xx_HAL_Driver/Src/stm32f1xx_hal_pcd.c ****   /* Prevent unused argument(s) compilation warning */
1605:Drivers/STM32F1xx_HAL_Driver/Src/stm32f1xx_hal_pcd.c ****   UNUSED(hpcd);
1606:Drivers/STM32F1xx_HAL_Driver/Src/stm32f1xx_hal_pcd.c ****   UNUSED(epnum);
1607:Drivers/STM32F1xx_HAL_Driver/Src/stm32f1xx_hal_pcd.c **** 
1608:Drivers/STM32F1xx_HAL_Driver/Src/stm32f1xx_hal_pcd.c ****   /* NOTE : This function should not be modified, when the callback is needed,
1609:Drivers/STM32F1xx_HAL_Driver/Src/stm32f1xx_hal_pcd.c ****             the HAL_PCD_ISOINIncompleteCallback could be implemented in the user file
1610:Drivers/STM32F1xx_HAL_Driver/Src/stm32f1xx_hal_pcd.c ****    */
1611:Drivers/STM32F1xx_HAL_Driver/Src/stm32f1xx_hal_pcd.c **** }
1612:Drivers/STM32F1xx_HAL_Driver/Src/stm32f1xx_hal_pcd.c **** 
1613:Drivers/STM32F1xx_HAL_Driver/Src/stm32f1xx_hal_pcd.c **** /**
1614:Drivers/STM32F1xx_HAL_Driver/Src/stm32f1xx_hal_pcd.c ****   * @brief  Connection event callback.
1615:Drivers/STM32F1xx_HAL_Driver/Src/stm32f1xx_hal_pcd.c ****   * @param  hpcd PCD handle
1616:Drivers/STM32F1xx_HAL_Driver/Src/stm32f1xx_hal_pcd.c ****   * @retval None
1617:Drivers/STM32F1xx_HAL_Driver/Src/stm32f1xx_hal_pcd.c ****   */
1618:Drivers/STM32F1xx_HAL_Driver/Src/stm32f1xx_hal_pcd.c **** __weak void HAL_PCD_ConnectCallback(PCD_HandleTypeDef *hpcd)
1619:Drivers/STM32F1xx_HAL_Driver/Src/stm32f1xx_hal_pcd.c **** {
1620:Drivers/STM32F1xx_HAL_Driver/Src/stm32f1xx_hal_pcd.c ****   /* Prevent unused argument(s) compilation warning */
1621:Drivers/STM32F1xx_HAL_Driver/Src/stm32f1xx_hal_pcd.c ****   UNUSED(hpcd);
1622:Drivers/STM32F1xx_HAL_Driver/Src/stm32f1xx_hal_pcd.c **** 
1623:Drivers/STM32F1xx_HAL_Driver/Src/stm32f1xx_hal_pcd.c ****   /* NOTE : This function should not be modified, when the callback is needed,
1624:Drivers/STM32F1xx_HAL_Driver/Src/stm32f1xx_hal_pcd.c ****             the HAL_PCD_ConnectCallback could be implemented in the user file
1625:Drivers/STM32F1xx_HAL_Driver/Src/stm32f1xx_hal_pcd.c ****    */
1626:Drivers/STM32F1xx_HAL_Driver/Src/stm32f1xx_hal_pcd.c **** }
1627:Drivers/STM32F1xx_HAL_Driver/Src/stm32f1xx_hal_pcd.c **** 
1628:Drivers/STM32F1xx_HAL_Driver/Src/stm32f1xx_hal_pcd.c **** /**
ARM GAS  C:\Users\crist\AppData\Local\Temp\ccYt1KLW.s 			page 30


1629:Drivers/STM32F1xx_HAL_Driver/Src/stm32f1xx_hal_pcd.c ****   * @brief  Disconnection event callback.
1630:Drivers/STM32F1xx_HAL_Driver/Src/stm32f1xx_hal_pcd.c ****   * @param  hpcd PCD handle
1631:Drivers/STM32F1xx_HAL_Driver/Src/stm32f1xx_hal_pcd.c ****   * @retval None
1632:Drivers/STM32F1xx_HAL_Driver/Src/stm32f1xx_hal_pcd.c ****   */
1633:Drivers/STM32F1xx_HAL_Driver/Src/stm32f1xx_hal_pcd.c **** __weak void HAL_PCD_DisconnectCallback(PCD_HandleTypeDef *hpcd)
1634:Drivers/STM32F1xx_HAL_Driver/Src/stm32f1xx_hal_pcd.c **** {
1635:Drivers/STM32F1xx_HAL_Driver/Src/stm32f1xx_hal_pcd.c ****   /* Prevent unused argument(s) compilation warning */
1636:Drivers/STM32F1xx_HAL_Driver/Src/stm32f1xx_hal_pcd.c ****   UNUSED(hpcd);
1637:Drivers/STM32F1xx_HAL_Driver/Src/stm32f1xx_hal_pcd.c **** 
1638:Drivers/STM32F1xx_HAL_Driver/Src/stm32f1xx_hal_pcd.c ****   /* NOTE : This function should not be modified, when the callback is needed,
1639:Drivers/STM32F1xx_HAL_Driver/Src/stm32f1xx_hal_pcd.c ****             the HAL_PCD_DisconnectCallback could be implemented in the user file
1640:Drivers/STM32F1xx_HAL_Driver/Src/stm32f1xx_hal_pcd.c ****    */
1641:Drivers/STM32F1xx_HAL_Driver/Src/stm32f1xx_hal_pcd.c **** }
1642:Drivers/STM32F1xx_HAL_Driver/Src/stm32f1xx_hal_pcd.c **** 
1643:Drivers/STM32F1xx_HAL_Driver/Src/stm32f1xx_hal_pcd.c **** /**
1644:Drivers/STM32F1xx_HAL_Driver/Src/stm32f1xx_hal_pcd.c ****   * @}
1645:Drivers/STM32F1xx_HAL_Driver/Src/stm32f1xx_hal_pcd.c ****   */
1646:Drivers/STM32F1xx_HAL_Driver/Src/stm32f1xx_hal_pcd.c **** 
1647:Drivers/STM32F1xx_HAL_Driver/Src/stm32f1xx_hal_pcd.c **** /** @defgroup PCD_Exported_Functions_Group3 Peripheral Control functions
1648:Drivers/STM32F1xx_HAL_Driver/Src/stm32f1xx_hal_pcd.c ****   *  @brief   management functions
1649:Drivers/STM32F1xx_HAL_Driver/Src/stm32f1xx_hal_pcd.c ****   *
1650:Drivers/STM32F1xx_HAL_Driver/Src/stm32f1xx_hal_pcd.c **** @verbatim
1651:Drivers/STM32F1xx_HAL_Driver/Src/stm32f1xx_hal_pcd.c ****  ===============================================================================
1652:Drivers/STM32F1xx_HAL_Driver/Src/stm32f1xx_hal_pcd.c ****                       ##### Peripheral Control functions #####
1653:Drivers/STM32F1xx_HAL_Driver/Src/stm32f1xx_hal_pcd.c ****  ===============================================================================
1654:Drivers/STM32F1xx_HAL_Driver/Src/stm32f1xx_hal_pcd.c ****     [..]
1655:Drivers/STM32F1xx_HAL_Driver/Src/stm32f1xx_hal_pcd.c ****     This subsection provides a set of functions allowing to control the PCD data
1656:Drivers/STM32F1xx_HAL_Driver/Src/stm32f1xx_hal_pcd.c ****     transfers.
1657:Drivers/STM32F1xx_HAL_Driver/Src/stm32f1xx_hal_pcd.c **** 
1658:Drivers/STM32F1xx_HAL_Driver/Src/stm32f1xx_hal_pcd.c **** @endverbatim
1659:Drivers/STM32F1xx_HAL_Driver/Src/stm32f1xx_hal_pcd.c ****   * @{
1660:Drivers/STM32F1xx_HAL_Driver/Src/stm32f1xx_hal_pcd.c ****   */
1661:Drivers/STM32F1xx_HAL_Driver/Src/stm32f1xx_hal_pcd.c **** 
1662:Drivers/STM32F1xx_HAL_Driver/Src/stm32f1xx_hal_pcd.c **** /**
1663:Drivers/STM32F1xx_HAL_Driver/Src/stm32f1xx_hal_pcd.c ****   * @brief  Connect the USB device
1664:Drivers/STM32F1xx_HAL_Driver/Src/stm32f1xx_hal_pcd.c ****   * @param  hpcd PCD handle
1665:Drivers/STM32F1xx_HAL_Driver/Src/stm32f1xx_hal_pcd.c ****   * @retval HAL status
1666:Drivers/STM32F1xx_HAL_Driver/Src/stm32f1xx_hal_pcd.c ****   */
1667:Drivers/STM32F1xx_HAL_Driver/Src/stm32f1xx_hal_pcd.c **** HAL_StatusTypeDef HAL_PCD_DevConnect(PCD_HandleTypeDef *hpcd)
1668:Drivers/STM32F1xx_HAL_Driver/Src/stm32f1xx_hal_pcd.c **** {
1669:Drivers/STM32F1xx_HAL_Driver/Src/stm32f1xx_hal_pcd.c ****   __HAL_LOCK(hpcd);
1670:Drivers/STM32F1xx_HAL_Driver/Src/stm32f1xx_hal_pcd.c **** 
1671:Drivers/STM32F1xx_HAL_Driver/Src/stm32f1xx_hal_pcd.c **** #if defined (USB)
1672:Drivers/STM32F1xx_HAL_Driver/Src/stm32f1xx_hal_pcd.c ****   HAL_PCDEx_SetConnectionState(hpcd, 1U);
1673:Drivers/STM32F1xx_HAL_Driver/Src/stm32f1xx_hal_pcd.c **** #endif /* defined (USB) */
1674:Drivers/STM32F1xx_HAL_Driver/Src/stm32f1xx_hal_pcd.c **** 
1675:Drivers/STM32F1xx_HAL_Driver/Src/stm32f1xx_hal_pcd.c ****   (void)USB_DevConnect(hpcd->Instance);
1676:Drivers/STM32F1xx_HAL_Driver/Src/stm32f1xx_hal_pcd.c ****   __HAL_UNLOCK(hpcd);
1677:Drivers/STM32F1xx_HAL_Driver/Src/stm32f1xx_hal_pcd.c **** 
1678:Drivers/STM32F1xx_HAL_Driver/Src/stm32f1xx_hal_pcd.c ****   return HAL_OK;
1679:Drivers/STM32F1xx_HAL_Driver/Src/stm32f1xx_hal_pcd.c **** }
1680:Drivers/STM32F1xx_HAL_Driver/Src/stm32f1xx_hal_pcd.c **** 
1681:Drivers/STM32F1xx_HAL_Driver/Src/stm32f1xx_hal_pcd.c **** /**
1682:Drivers/STM32F1xx_HAL_Driver/Src/stm32f1xx_hal_pcd.c ****   * @brief  Disconnect the USB device.
1683:Drivers/STM32F1xx_HAL_Driver/Src/stm32f1xx_hal_pcd.c ****   * @param  hpcd PCD handle
1684:Drivers/STM32F1xx_HAL_Driver/Src/stm32f1xx_hal_pcd.c ****   * @retval HAL status
1685:Drivers/STM32F1xx_HAL_Driver/Src/stm32f1xx_hal_pcd.c ****   */
ARM GAS  C:\Users\crist\AppData\Local\Temp\ccYt1KLW.s 			page 31


1686:Drivers/STM32F1xx_HAL_Driver/Src/stm32f1xx_hal_pcd.c **** HAL_StatusTypeDef HAL_PCD_DevDisconnect(PCD_HandleTypeDef *hpcd)
1687:Drivers/STM32F1xx_HAL_Driver/Src/stm32f1xx_hal_pcd.c **** {
1688:Drivers/STM32F1xx_HAL_Driver/Src/stm32f1xx_hal_pcd.c ****   __HAL_LOCK(hpcd);
1689:Drivers/STM32F1xx_HAL_Driver/Src/stm32f1xx_hal_pcd.c **** 
1690:Drivers/STM32F1xx_HAL_Driver/Src/stm32f1xx_hal_pcd.c **** #if defined (USB)
1691:Drivers/STM32F1xx_HAL_Driver/Src/stm32f1xx_hal_pcd.c ****   HAL_PCDEx_SetConnectionState(hpcd, 0U);
1692:Drivers/STM32F1xx_HAL_Driver/Src/stm32f1xx_hal_pcd.c **** #endif /* defined (USB) */
1693:Drivers/STM32F1xx_HAL_Driver/Src/stm32f1xx_hal_pcd.c **** 
1694:Drivers/STM32F1xx_HAL_Driver/Src/stm32f1xx_hal_pcd.c ****   (void)USB_DevDisconnect(hpcd->Instance);
1695:Drivers/STM32F1xx_HAL_Driver/Src/stm32f1xx_hal_pcd.c ****   __HAL_UNLOCK(hpcd);
1696:Drivers/STM32F1xx_HAL_Driver/Src/stm32f1xx_hal_pcd.c **** 
1697:Drivers/STM32F1xx_HAL_Driver/Src/stm32f1xx_hal_pcd.c ****   return HAL_OK;
1698:Drivers/STM32F1xx_HAL_Driver/Src/stm32f1xx_hal_pcd.c **** }
1699:Drivers/STM32F1xx_HAL_Driver/Src/stm32f1xx_hal_pcd.c **** 
1700:Drivers/STM32F1xx_HAL_Driver/Src/stm32f1xx_hal_pcd.c **** /**
1701:Drivers/STM32F1xx_HAL_Driver/Src/stm32f1xx_hal_pcd.c ****   * @brief  Set the USB Device address.
1702:Drivers/STM32F1xx_HAL_Driver/Src/stm32f1xx_hal_pcd.c ****   * @param  hpcd PCD handle
1703:Drivers/STM32F1xx_HAL_Driver/Src/stm32f1xx_hal_pcd.c ****   * @param  address new device address
1704:Drivers/STM32F1xx_HAL_Driver/Src/stm32f1xx_hal_pcd.c ****   * @retval HAL status
1705:Drivers/STM32F1xx_HAL_Driver/Src/stm32f1xx_hal_pcd.c ****   */
1706:Drivers/STM32F1xx_HAL_Driver/Src/stm32f1xx_hal_pcd.c **** HAL_StatusTypeDef HAL_PCD_SetAddress(PCD_HandleTypeDef *hpcd, uint8_t address)
1707:Drivers/STM32F1xx_HAL_Driver/Src/stm32f1xx_hal_pcd.c **** {
1708:Drivers/STM32F1xx_HAL_Driver/Src/stm32f1xx_hal_pcd.c ****   __HAL_LOCK(hpcd);
1709:Drivers/STM32F1xx_HAL_Driver/Src/stm32f1xx_hal_pcd.c ****   hpcd->USB_Address = address;
1710:Drivers/STM32F1xx_HAL_Driver/Src/stm32f1xx_hal_pcd.c ****   (void)USB_SetDevAddress(hpcd->Instance, address);
1711:Drivers/STM32F1xx_HAL_Driver/Src/stm32f1xx_hal_pcd.c ****   __HAL_UNLOCK(hpcd);
1712:Drivers/STM32F1xx_HAL_Driver/Src/stm32f1xx_hal_pcd.c **** 
1713:Drivers/STM32F1xx_HAL_Driver/Src/stm32f1xx_hal_pcd.c ****   return HAL_OK;
1714:Drivers/STM32F1xx_HAL_Driver/Src/stm32f1xx_hal_pcd.c **** }
1715:Drivers/STM32F1xx_HAL_Driver/Src/stm32f1xx_hal_pcd.c **** /**
1716:Drivers/STM32F1xx_HAL_Driver/Src/stm32f1xx_hal_pcd.c ****   * @brief  Open and configure an endpoint.
1717:Drivers/STM32F1xx_HAL_Driver/Src/stm32f1xx_hal_pcd.c ****   * @param  hpcd PCD handle
1718:Drivers/STM32F1xx_HAL_Driver/Src/stm32f1xx_hal_pcd.c ****   * @param  ep_addr endpoint address
1719:Drivers/STM32F1xx_HAL_Driver/Src/stm32f1xx_hal_pcd.c ****   * @param  ep_mps endpoint max packet size
1720:Drivers/STM32F1xx_HAL_Driver/Src/stm32f1xx_hal_pcd.c ****   * @param  ep_type endpoint type
1721:Drivers/STM32F1xx_HAL_Driver/Src/stm32f1xx_hal_pcd.c ****   * @retval HAL status
1722:Drivers/STM32F1xx_HAL_Driver/Src/stm32f1xx_hal_pcd.c ****   */
1723:Drivers/STM32F1xx_HAL_Driver/Src/stm32f1xx_hal_pcd.c **** HAL_StatusTypeDef HAL_PCD_EP_Open(PCD_HandleTypeDef *hpcd, uint8_t ep_addr,
1724:Drivers/STM32F1xx_HAL_Driver/Src/stm32f1xx_hal_pcd.c ****                                   uint16_t ep_mps, uint8_t ep_type)
1725:Drivers/STM32F1xx_HAL_Driver/Src/stm32f1xx_hal_pcd.c **** {
1726:Drivers/STM32F1xx_HAL_Driver/Src/stm32f1xx_hal_pcd.c ****   HAL_StatusTypeDef  ret = HAL_OK;
1727:Drivers/STM32F1xx_HAL_Driver/Src/stm32f1xx_hal_pcd.c ****   PCD_EPTypeDef *ep;
1728:Drivers/STM32F1xx_HAL_Driver/Src/stm32f1xx_hal_pcd.c **** 
1729:Drivers/STM32F1xx_HAL_Driver/Src/stm32f1xx_hal_pcd.c ****   if ((ep_addr & 0x80U) == 0x80U)
1730:Drivers/STM32F1xx_HAL_Driver/Src/stm32f1xx_hal_pcd.c ****   {
1731:Drivers/STM32F1xx_HAL_Driver/Src/stm32f1xx_hal_pcd.c ****     ep = &hpcd->IN_ep[ep_addr & EP_ADDR_MSK];
1732:Drivers/STM32F1xx_HAL_Driver/Src/stm32f1xx_hal_pcd.c ****     ep->is_in = 1U;
1733:Drivers/STM32F1xx_HAL_Driver/Src/stm32f1xx_hal_pcd.c ****   }
1734:Drivers/STM32F1xx_HAL_Driver/Src/stm32f1xx_hal_pcd.c ****   else
1735:Drivers/STM32F1xx_HAL_Driver/Src/stm32f1xx_hal_pcd.c ****   {
1736:Drivers/STM32F1xx_HAL_Driver/Src/stm32f1xx_hal_pcd.c ****     ep = &hpcd->OUT_ep[ep_addr & EP_ADDR_MSK];
1737:Drivers/STM32F1xx_HAL_Driver/Src/stm32f1xx_hal_pcd.c ****     ep->is_in = 0U;
1738:Drivers/STM32F1xx_HAL_Driver/Src/stm32f1xx_hal_pcd.c ****   }
1739:Drivers/STM32F1xx_HAL_Driver/Src/stm32f1xx_hal_pcd.c **** 
1740:Drivers/STM32F1xx_HAL_Driver/Src/stm32f1xx_hal_pcd.c ****   ep->num = ep_addr & EP_ADDR_MSK;
1741:Drivers/STM32F1xx_HAL_Driver/Src/stm32f1xx_hal_pcd.c ****   ep->maxpacket = ep_mps;
1742:Drivers/STM32F1xx_HAL_Driver/Src/stm32f1xx_hal_pcd.c ****   ep->type = ep_type;
ARM GAS  C:\Users\crist\AppData\Local\Temp\ccYt1KLW.s 			page 32


1743:Drivers/STM32F1xx_HAL_Driver/Src/stm32f1xx_hal_pcd.c **** 
1744:Drivers/STM32F1xx_HAL_Driver/Src/stm32f1xx_hal_pcd.c **** #if defined (USB_OTG_FS)
1745:Drivers/STM32F1xx_HAL_Driver/Src/stm32f1xx_hal_pcd.c ****   if (ep->is_in != 0U)
1746:Drivers/STM32F1xx_HAL_Driver/Src/stm32f1xx_hal_pcd.c ****   {
1747:Drivers/STM32F1xx_HAL_Driver/Src/stm32f1xx_hal_pcd.c ****     /* Assign a Tx FIFO */
1748:Drivers/STM32F1xx_HAL_Driver/Src/stm32f1xx_hal_pcd.c ****     ep->tx_fifo_num = ep->num;
1749:Drivers/STM32F1xx_HAL_Driver/Src/stm32f1xx_hal_pcd.c ****   }
1750:Drivers/STM32F1xx_HAL_Driver/Src/stm32f1xx_hal_pcd.c **** #endif /* defined (USB_OTG_FS) */
1751:Drivers/STM32F1xx_HAL_Driver/Src/stm32f1xx_hal_pcd.c **** 
1752:Drivers/STM32F1xx_HAL_Driver/Src/stm32f1xx_hal_pcd.c ****   /* Set initial data PID. */
1753:Drivers/STM32F1xx_HAL_Driver/Src/stm32f1xx_hal_pcd.c ****   if (ep_type == EP_TYPE_BULK)
1754:Drivers/STM32F1xx_HAL_Driver/Src/stm32f1xx_hal_pcd.c ****   {
1755:Drivers/STM32F1xx_HAL_Driver/Src/stm32f1xx_hal_pcd.c ****     ep->data_pid_start = 0U;
1756:Drivers/STM32F1xx_HAL_Driver/Src/stm32f1xx_hal_pcd.c ****   }
1757:Drivers/STM32F1xx_HAL_Driver/Src/stm32f1xx_hal_pcd.c **** 
1758:Drivers/STM32F1xx_HAL_Driver/Src/stm32f1xx_hal_pcd.c ****   __HAL_LOCK(hpcd);
1759:Drivers/STM32F1xx_HAL_Driver/Src/stm32f1xx_hal_pcd.c ****   (void)USB_ActivateEndpoint(hpcd->Instance, ep);
1760:Drivers/STM32F1xx_HAL_Driver/Src/stm32f1xx_hal_pcd.c ****   __HAL_UNLOCK(hpcd);
1761:Drivers/STM32F1xx_HAL_Driver/Src/stm32f1xx_hal_pcd.c **** 
1762:Drivers/STM32F1xx_HAL_Driver/Src/stm32f1xx_hal_pcd.c ****   return ret;
1763:Drivers/STM32F1xx_HAL_Driver/Src/stm32f1xx_hal_pcd.c **** }
1764:Drivers/STM32F1xx_HAL_Driver/Src/stm32f1xx_hal_pcd.c **** 
1765:Drivers/STM32F1xx_HAL_Driver/Src/stm32f1xx_hal_pcd.c **** /**
1766:Drivers/STM32F1xx_HAL_Driver/Src/stm32f1xx_hal_pcd.c ****   * @brief  Deactivate an endpoint.
1767:Drivers/STM32F1xx_HAL_Driver/Src/stm32f1xx_hal_pcd.c ****   * @param  hpcd PCD handle
1768:Drivers/STM32F1xx_HAL_Driver/Src/stm32f1xx_hal_pcd.c ****   * @param  ep_addr endpoint address
1769:Drivers/STM32F1xx_HAL_Driver/Src/stm32f1xx_hal_pcd.c ****   * @retval HAL status
1770:Drivers/STM32F1xx_HAL_Driver/Src/stm32f1xx_hal_pcd.c ****   */
1771:Drivers/STM32F1xx_HAL_Driver/Src/stm32f1xx_hal_pcd.c **** HAL_StatusTypeDef HAL_PCD_EP_Close(PCD_HandleTypeDef *hpcd, uint8_t ep_addr)
1772:Drivers/STM32F1xx_HAL_Driver/Src/stm32f1xx_hal_pcd.c **** {
1773:Drivers/STM32F1xx_HAL_Driver/Src/stm32f1xx_hal_pcd.c ****   PCD_EPTypeDef *ep;
1774:Drivers/STM32F1xx_HAL_Driver/Src/stm32f1xx_hal_pcd.c **** 
1775:Drivers/STM32F1xx_HAL_Driver/Src/stm32f1xx_hal_pcd.c ****   if ((ep_addr & 0x80U) == 0x80U)
1776:Drivers/STM32F1xx_HAL_Driver/Src/stm32f1xx_hal_pcd.c ****   {
1777:Drivers/STM32F1xx_HAL_Driver/Src/stm32f1xx_hal_pcd.c ****     ep = &hpcd->IN_ep[ep_addr & EP_ADDR_MSK];
1778:Drivers/STM32F1xx_HAL_Driver/Src/stm32f1xx_hal_pcd.c ****     ep->is_in = 1U;
1779:Drivers/STM32F1xx_HAL_Driver/Src/stm32f1xx_hal_pcd.c ****   }
1780:Drivers/STM32F1xx_HAL_Driver/Src/stm32f1xx_hal_pcd.c ****   else
1781:Drivers/STM32F1xx_HAL_Driver/Src/stm32f1xx_hal_pcd.c ****   {
1782:Drivers/STM32F1xx_HAL_Driver/Src/stm32f1xx_hal_pcd.c ****     ep = &hpcd->OUT_ep[ep_addr & EP_ADDR_MSK];
1783:Drivers/STM32F1xx_HAL_Driver/Src/stm32f1xx_hal_pcd.c ****     ep->is_in = 0U;
1784:Drivers/STM32F1xx_HAL_Driver/Src/stm32f1xx_hal_pcd.c ****   }
1785:Drivers/STM32F1xx_HAL_Driver/Src/stm32f1xx_hal_pcd.c ****   ep->num = ep_addr & EP_ADDR_MSK;
1786:Drivers/STM32F1xx_HAL_Driver/Src/stm32f1xx_hal_pcd.c **** 
1787:Drivers/STM32F1xx_HAL_Driver/Src/stm32f1xx_hal_pcd.c ****   __HAL_LOCK(hpcd);
1788:Drivers/STM32F1xx_HAL_Driver/Src/stm32f1xx_hal_pcd.c ****   (void)USB_DeactivateEndpoint(hpcd->Instance, ep);
1789:Drivers/STM32F1xx_HAL_Driver/Src/stm32f1xx_hal_pcd.c ****   __HAL_UNLOCK(hpcd);
1790:Drivers/STM32F1xx_HAL_Driver/Src/stm32f1xx_hal_pcd.c ****   return HAL_OK;
1791:Drivers/STM32F1xx_HAL_Driver/Src/stm32f1xx_hal_pcd.c **** }
1792:Drivers/STM32F1xx_HAL_Driver/Src/stm32f1xx_hal_pcd.c **** 
1793:Drivers/STM32F1xx_HAL_Driver/Src/stm32f1xx_hal_pcd.c **** 
1794:Drivers/STM32F1xx_HAL_Driver/Src/stm32f1xx_hal_pcd.c **** /**
1795:Drivers/STM32F1xx_HAL_Driver/Src/stm32f1xx_hal_pcd.c ****   * @brief  Receive an amount of data.
1796:Drivers/STM32F1xx_HAL_Driver/Src/stm32f1xx_hal_pcd.c ****   * @param  hpcd PCD handle
1797:Drivers/STM32F1xx_HAL_Driver/Src/stm32f1xx_hal_pcd.c ****   * @param  ep_addr endpoint address
1798:Drivers/STM32F1xx_HAL_Driver/Src/stm32f1xx_hal_pcd.c ****   * @param  pBuf pointer to the reception buffer
1799:Drivers/STM32F1xx_HAL_Driver/Src/stm32f1xx_hal_pcd.c ****   * @param  len amount of data to be received
ARM GAS  C:\Users\crist\AppData\Local\Temp\ccYt1KLW.s 			page 33


1800:Drivers/STM32F1xx_HAL_Driver/Src/stm32f1xx_hal_pcd.c ****   * @retval HAL status
1801:Drivers/STM32F1xx_HAL_Driver/Src/stm32f1xx_hal_pcd.c ****   */
1802:Drivers/STM32F1xx_HAL_Driver/Src/stm32f1xx_hal_pcd.c **** HAL_StatusTypeDef HAL_PCD_EP_Receive(PCD_HandleTypeDef *hpcd, uint8_t ep_addr, uint8_t *pBuf, uint3
1803:Drivers/STM32F1xx_HAL_Driver/Src/stm32f1xx_hal_pcd.c **** {
1804:Drivers/STM32F1xx_HAL_Driver/Src/stm32f1xx_hal_pcd.c ****   PCD_EPTypeDef *ep;
1805:Drivers/STM32F1xx_HAL_Driver/Src/stm32f1xx_hal_pcd.c **** 
1806:Drivers/STM32F1xx_HAL_Driver/Src/stm32f1xx_hal_pcd.c ****   ep = &hpcd->OUT_ep[ep_addr & EP_ADDR_MSK];
1807:Drivers/STM32F1xx_HAL_Driver/Src/stm32f1xx_hal_pcd.c **** 
1808:Drivers/STM32F1xx_HAL_Driver/Src/stm32f1xx_hal_pcd.c ****   /*setup and start the Xfer */
1809:Drivers/STM32F1xx_HAL_Driver/Src/stm32f1xx_hal_pcd.c ****   ep->xfer_buff = pBuf;
1810:Drivers/STM32F1xx_HAL_Driver/Src/stm32f1xx_hal_pcd.c ****   ep->xfer_len = len;
1811:Drivers/STM32F1xx_HAL_Driver/Src/stm32f1xx_hal_pcd.c ****   ep->xfer_count = 0U;
1812:Drivers/STM32F1xx_HAL_Driver/Src/stm32f1xx_hal_pcd.c ****   ep->is_in = 0U;
1813:Drivers/STM32F1xx_HAL_Driver/Src/stm32f1xx_hal_pcd.c ****   ep->num = ep_addr & EP_ADDR_MSK;
1814:Drivers/STM32F1xx_HAL_Driver/Src/stm32f1xx_hal_pcd.c **** 
1815:Drivers/STM32F1xx_HAL_Driver/Src/stm32f1xx_hal_pcd.c ****   (void)USB_EPStartXfer(hpcd->Instance, ep);
1816:Drivers/STM32F1xx_HAL_Driver/Src/stm32f1xx_hal_pcd.c **** 
1817:Drivers/STM32F1xx_HAL_Driver/Src/stm32f1xx_hal_pcd.c ****   return HAL_OK;
1818:Drivers/STM32F1xx_HAL_Driver/Src/stm32f1xx_hal_pcd.c **** }
1819:Drivers/STM32F1xx_HAL_Driver/Src/stm32f1xx_hal_pcd.c **** 
1820:Drivers/STM32F1xx_HAL_Driver/Src/stm32f1xx_hal_pcd.c **** /**
1821:Drivers/STM32F1xx_HAL_Driver/Src/stm32f1xx_hal_pcd.c ****   * @brief  Get Received Data Size
1822:Drivers/STM32F1xx_HAL_Driver/Src/stm32f1xx_hal_pcd.c ****   * @param  hpcd PCD handle
1823:Drivers/STM32F1xx_HAL_Driver/Src/stm32f1xx_hal_pcd.c ****   * @param  ep_addr endpoint address
1824:Drivers/STM32F1xx_HAL_Driver/Src/stm32f1xx_hal_pcd.c ****   * @retval Data Size
1825:Drivers/STM32F1xx_HAL_Driver/Src/stm32f1xx_hal_pcd.c ****   */
1826:Drivers/STM32F1xx_HAL_Driver/Src/stm32f1xx_hal_pcd.c **** uint32_t HAL_PCD_EP_GetRxCount(PCD_HandleTypeDef const *hpcd, uint8_t ep_addr)
1827:Drivers/STM32F1xx_HAL_Driver/Src/stm32f1xx_hal_pcd.c **** {
1828:Drivers/STM32F1xx_HAL_Driver/Src/stm32f1xx_hal_pcd.c ****   return hpcd->OUT_ep[ep_addr & EP_ADDR_MSK].xfer_count;
1829:Drivers/STM32F1xx_HAL_Driver/Src/stm32f1xx_hal_pcd.c **** }
1830:Drivers/STM32F1xx_HAL_Driver/Src/stm32f1xx_hal_pcd.c **** /**
1831:Drivers/STM32F1xx_HAL_Driver/Src/stm32f1xx_hal_pcd.c ****   * @brief  Send an amount of data
1832:Drivers/STM32F1xx_HAL_Driver/Src/stm32f1xx_hal_pcd.c ****   * @param  hpcd PCD handle
1833:Drivers/STM32F1xx_HAL_Driver/Src/stm32f1xx_hal_pcd.c ****   * @param  ep_addr endpoint address
1834:Drivers/STM32F1xx_HAL_Driver/Src/stm32f1xx_hal_pcd.c ****   * @param  pBuf pointer to the transmission buffer
1835:Drivers/STM32F1xx_HAL_Driver/Src/stm32f1xx_hal_pcd.c ****   * @param  len amount of data to be sent
1836:Drivers/STM32F1xx_HAL_Driver/Src/stm32f1xx_hal_pcd.c ****   * @retval HAL status
1837:Drivers/STM32F1xx_HAL_Driver/Src/stm32f1xx_hal_pcd.c ****   */
1838:Drivers/STM32F1xx_HAL_Driver/Src/stm32f1xx_hal_pcd.c **** HAL_StatusTypeDef HAL_PCD_EP_Transmit(PCD_HandleTypeDef *hpcd, uint8_t ep_addr, uint8_t *pBuf, uint
1839:Drivers/STM32F1xx_HAL_Driver/Src/stm32f1xx_hal_pcd.c **** {
1840:Drivers/STM32F1xx_HAL_Driver/Src/stm32f1xx_hal_pcd.c ****   PCD_EPTypeDef *ep;
1841:Drivers/STM32F1xx_HAL_Driver/Src/stm32f1xx_hal_pcd.c **** 
1842:Drivers/STM32F1xx_HAL_Driver/Src/stm32f1xx_hal_pcd.c ****   ep = &hpcd->IN_ep[ep_addr & EP_ADDR_MSK];
1843:Drivers/STM32F1xx_HAL_Driver/Src/stm32f1xx_hal_pcd.c **** 
1844:Drivers/STM32F1xx_HAL_Driver/Src/stm32f1xx_hal_pcd.c ****   /*setup and start the Xfer */
1845:Drivers/STM32F1xx_HAL_Driver/Src/stm32f1xx_hal_pcd.c ****   ep->xfer_buff = pBuf;
1846:Drivers/STM32F1xx_HAL_Driver/Src/stm32f1xx_hal_pcd.c ****   ep->xfer_len = len;
1847:Drivers/STM32F1xx_HAL_Driver/Src/stm32f1xx_hal_pcd.c **** #if defined (USB)
1848:Drivers/STM32F1xx_HAL_Driver/Src/stm32f1xx_hal_pcd.c ****   ep->xfer_fill_db = 1U;
1849:Drivers/STM32F1xx_HAL_Driver/Src/stm32f1xx_hal_pcd.c ****   ep->xfer_len_db = len;
1850:Drivers/STM32F1xx_HAL_Driver/Src/stm32f1xx_hal_pcd.c **** #endif /* defined (USB) */
1851:Drivers/STM32F1xx_HAL_Driver/Src/stm32f1xx_hal_pcd.c ****   ep->xfer_count = 0U;
1852:Drivers/STM32F1xx_HAL_Driver/Src/stm32f1xx_hal_pcd.c ****   ep->is_in = 1U;
1853:Drivers/STM32F1xx_HAL_Driver/Src/stm32f1xx_hal_pcd.c ****   ep->num = ep_addr & EP_ADDR_MSK;
1854:Drivers/STM32F1xx_HAL_Driver/Src/stm32f1xx_hal_pcd.c **** 
1855:Drivers/STM32F1xx_HAL_Driver/Src/stm32f1xx_hal_pcd.c ****   (void)USB_EPStartXfer(hpcd->Instance, ep);
1856:Drivers/STM32F1xx_HAL_Driver/Src/stm32f1xx_hal_pcd.c **** 
ARM GAS  C:\Users\crist\AppData\Local\Temp\ccYt1KLW.s 			page 34


1857:Drivers/STM32F1xx_HAL_Driver/Src/stm32f1xx_hal_pcd.c ****   return HAL_OK;
1858:Drivers/STM32F1xx_HAL_Driver/Src/stm32f1xx_hal_pcd.c **** }
1859:Drivers/STM32F1xx_HAL_Driver/Src/stm32f1xx_hal_pcd.c **** 
1860:Drivers/STM32F1xx_HAL_Driver/Src/stm32f1xx_hal_pcd.c **** /**
1861:Drivers/STM32F1xx_HAL_Driver/Src/stm32f1xx_hal_pcd.c ****   * @brief  Set a STALL condition over an endpoint
1862:Drivers/STM32F1xx_HAL_Driver/Src/stm32f1xx_hal_pcd.c ****   * @param  hpcd PCD handle
1863:Drivers/STM32F1xx_HAL_Driver/Src/stm32f1xx_hal_pcd.c ****   * @param  ep_addr endpoint address
1864:Drivers/STM32F1xx_HAL_Driver/Src/stm32f1xx_hal_pcd.c ****   * @retval HAL status
1865:Drivers/STM32F1xx_HAL_Driver/Src/stm32f1xx_hal_pcd.c ****   */
1866:Drivers/STM32F1xx_HAL_Driver/Src/stm32f1xx_hal_pcd.c **** HAL_StatusTypeDef HAL_PCD_EP_SetStall(PCD_HandleTypeDef *hpcd, uint8_t ep_addr)
1867:Drivers/STM32F1xx_HAL_Driver/Src/stm32f1xx_hal_pcd.c **** {
1868:Drivers/STM32F1xx_HAL_Driver/Src/stm32f1xx_hal_pcd.c ****   PCD_EPTypeDef *ep;
1869:Drivers/STM32F1xx_HAL_Driver/Src/stm32f1xx_hal_pcd.c **** 
1870:Drivers/STM32F1xx_HAL_Driver/Src/stm32f1xx_hal_pcd.c ****   if (((uint32_t)ep_addr & EP_ADDR_MSK) > hpcd->Init.dev_endpoints)
1871:Drivers/STM32F1xx_HAL_Driver/Src/stm32f1xx_hal_pcd.c ****   {
1872:Drivers/STM32F1xx_HAL_Driver/Src/stm32f1xx_hal_pcd.c ****     return HAL_ERROR;
1873:Drivers/STM32F1xx_HAL_Driver/Src/stm32f1xx_hal_pcd.c ****   }
1874:Drivers/STM32F1xx_HAL_Driver/Src/stm32f1xx_hal_pcd.c **** 
1875:Drivers/STM32F1xx_HAL_Driver/Src/stm32f1xx_hal_pcd.c ****   if ((0x80U & ep_addr) == 0x80U)
1876:Drivers/STM32F1xx_HAL_Driver/Src/stm32f1xx_hal_pcd.c ****   {
1877:Drivers/STM32F1xx_HAL_Driver/Src/stm32f1xx_hal_pcd.c ****     ep = &hpcd->IN_ep[ep_addr & EP_ADDR_MSK];
1878:Drivers/STM32F1xx_HAL_Driver/Src/stm32f1xx_hal_pcd.c ****     ep->is_in = 1U;
1879:Drivers/STM32F1xx_HAL_Driver/Src/stm32f1xx_hal_pcd.c ****   }
1880:Drivers/STM32F1xx_HAL_Driver/Src/stm32f1xx_hal_pcd.c ****   else
1881:Drivers/STM32F1xx_HAL_Driver/Src/stm32f1xx_hal_pcd.c ****   {
1882:Drivers/STM32F1xx_HAL_Driver/Src/stm32f1xx_hal_pcd.c ****     ep = &hpcd->OUT_ep[ep_addr];
1883:Drivers/STM32F1xx_HAL_Driver/Src/stm32f1xx_hal_pcd.c ****     ep->is_in = 0U;
1884:Drivers/STM32F1xx_HAL_Driver/Src/stm32f1xx_hal_pcd.c ****   }
1885:Drivers/STM32F1xx_HAL_Driver/Src/stm32f1xx_hal_pcd.c **** 
1886:Drivers/STM32F1xx_HAL_Driver/Src/stm32f1xx_hal_pcd.c ****   ep->is_stall = 1U;
1887:Drivers/STM32F1xx_HAL_Driver/Src/stm32f1xx_hal_pcd.c ****   ep->num = ep_addr & EP_ADDR_MSK;
1888:Drivers/STM32F1xx_HAL_Driver/Src/stm32f1xx_hal_pcd.c **** 
1889:Drivers/STM32F1xx_HAL_Driver/Src/stm32f1xx_hal_pcd.c ****   __HAL_LOCK(hpcd);
1890:Drivers/STM32F1xx_HAL_Driver/Src/stm32f1xx_hal_pcd.c **** 
1891:Drivers/STM32F1xx_HAL_Driver/Src/stm32f1xx_hal_pcd.c ****   (void)USB_EPSetStall(hpcd->Instance, ep);
1892:Drivers/STM32F1xx_HAL_Driver/Src/stm32f1xx_hal_pcd.c **** 
1893:Drivers/STM32F1xx_HAL_Driver/Src/stm32f1xx_hal_pcd.c ****   if ((ep_addr & EP_ADDR_MSK) == 0U)
1894:Drivers/STM32F1xx_HAL_Driver/Src/stm32f1xx_hal_pcd.c ****   {
1895:Drivers/STM32F1xx_HAL_Driver/Src/stm32f1xx_hal_pcd.c ****     (void)USB_EP0_OutStart(hpcd->Instance, (uint8_t *)hpcd->Setup);
1896:Drivers/STM32F1xx_HAL_Driver/Src/stm32f1xx_hal_pcd.c ****   }
1897:Drivers/STM32F1xx_HAL_Driver/Src/stm32f1xx_hal_pcd.c **** 
1898:Drivers/STM32F1xx_HAL_Driver/Src/stm32f1xx_hal_pcd.c ****   __HAL_UNLOCK(hpcd);
1899:Drivers/STM32F1xx_HAL_Driver/Src/stm32f1xx_hal_pcd.c **** 
1900:Drivers/STM32F1xx_HAL_Driver/Src/stm32f1xx_hal_pcd.c ****   return HAL_OK;
1901:Drivers/STM32F1xx_HAL_Driver/Src/stm32f1xx_hal_pcd.c **** }
1902:Drivers/STM32F1xx_HAL_Driver/Src/stm32f1xx_hal_pcd.c **** 
1903:Drivers/STM32F1xx_HAL_Driver/Src/stm32f1xx_hal_pcd.c **** /**
1904:Drivers/STM32F1xx_HAL_Driver/Src/stm32f1xx_hal_pcd.c ****   * @brief  Clear a STALL condition over in an endpoint
1905:Drivers/STM32F1xx_HAL_Driver/Src/stm32f1xx_hal_pcd.c ****   * @param  hpcd PCD handle
1906:Drivers/STM32F1xx_HAL_Driver/Src/stm32f1xx_hal_pcd.c ****   * @param  ep_addr endpoint address
1907:Drivers/STM32F1xx_HAL_Driver/Src/stm32f1xx_hal_pcd.c ****   * @retval HAL status
1908:Drivers/STM32F1xx_HAL_Driver/Src/stm32f1xx_hal_pcd.c ****   */
1909:Drivers/STM32F1xx_HAL_Driver/Src/stm32f1xx_hal_pcd.c **** HAL_StatusTypeDef HAL_PCD_EP_ClrStall(PCD_HandleTypeDef *hpcd, uint8_t ep_addr)
1910:Drivers/STM32F1xx_HAL_Driver/Src/stm32f1xx_hal_pcd.c **** {
1911:Drivers/STM32F1xx_HAL_Driver/Src/stm32f1xx_hal_pcd.c ****   PCD_EPTypeDef *ep;
1912:Drivers/STM32F1xx_HAL_Driver/Src/stm32f1xx_hal_pcd.c **** 
1913:Drivers/STM32F1xx_HAL_Driver/Src/stm32f1xx_hal_pcd.c ****   if (((uint32_t)ep_addr & 0x0FU) > hpcd->Init.dev_endpoints)
ARM GAS  C:\Users\crist\AppData\Local\Temp\ccYt1KLW.s 			page 35


1914:Drivers/STM32F1xx_HAL_Driver/Src/stm32f1xx_hal_pcd.c ****   {
1915:Drivers/STM32F1xx_HAL_Driver/Src/stm32f1xx_hal_pcd.c ****     return HAL_ERROR;
1916:Drivers/STM32F1xx_HAL_Driver/Src/stm32f1xx_hal_pcd.c ****   }
1917:Drivers/STM32F1xx_HAL_Driver/Src/stm32f1xx_hal_pcd.c **** 
1918:Drivers/STM32F1xx_HAL_Driver/Src/stm32f1xx_hal_pcd.c ****   if ((0x80U & ep_addr) == 0x80U)
1919:Drivers/STM32F1xx_HAL_Driver/Src/stm32f1xx_hal_pcd.c ****   {
1920:Drivers/STM32F1xx_HAL_Driver/Src/stm32f1xx_hal_pcd.c ****     ep = &hpcd->IN_ep[ep_addr & EP_ADDR_MSK];
1921:Drivers/STM32F1xx_HAL_Driver/Src/stm32f1xx_hal_pcd.c ****     ep->is_in = 1U;
1922:Drivers/STM32F1xx_HAL_Driver/Src/stm32f1xx_hal_pcd.c ****   }
1923:Drivers/STM32F1xx_HAL_Driver/Src/stm32f1xx_hal_pcd.c ****   else
1924:Drivers/STM32F1xx_HAL_Driver/Src/stm32f1xx_hal_pcd.c ****   {
1925:Drivers/STM32F1xx_HAL_Driver/Src/stm32f1xx_hal_pcd.c ****     ep = &hpcd->OUT_ep[ep_addr & EP_ADDR_MSK];
1926:Drivers/STM32F1xx_HAL_Driver/Src/stm32f1xx_hal_pcd.c ****     ep->is_in = 0U;
1927:Drivers/STM32F1xx_HAL_Driver/Src/stm32f1xx_hal_pcd.c ****   }
1928:Drivers/STM32F1xx_HAL_Driver/Src/stm32f1xx_hal_pcd.c **** 
1929:Drivers/STM32F1xx_HAL_Driver/Src/stm32f1xx_hal_pcd.c ****   ep->is_stall = 0U;
1930:Drivers/STM32F1xx_HAL_Driver/Src/stm32f1xx_hal_pcd.c ****   ep->num = ep_addr & EP_ADDR_MSK;
1931:Drivers/STM32F1xx_HAL_Driver/Src/stm32f1xx_hal_pcd.c **** 
1932:Drivers/STM32F1xx_HAL_Driver/Src/stm32f1xx_hal_pcd.c ****   __HAL_LOCK(hpcd);
1933:Drivers/STM32F1xx_HAL_Driver/Src/stm32f1xx_hal_pcd.c ****   (void)USB_EPClearStall(hpcd->Instance, ep);
1934:Drivers/STM32F1xx_HAL_Driver/Src/stm32f1xx_hal_pcd.c ****   __HAL_UNLOCK(hpcd);
1935:Drivers/STM32F1xx_HAL_Driver/Src/stm32f1xx_hal_pcd.c **** 
1936:Drivers/STM32F1xx_HAL_Driver/Src/stm32f1xx_hal_pcd.c ****   return HAL_OK;
1937:Drivers/STM32F1xx_HAL_Driver/Src/stm32f1xx_hal_pcd.c **** }
1938:Drivers/STM32F1xx_HAL_Driver/Src/stm32f1xx_hal_pcd.c **** 
1939:Drivers/STM32F1xx_HAL_Driver/Src/stm32f1xx_hal_pcd.c **** /**
1940:Drivers/STM32F1xx_HAL_Driver/Src/stm32f1xx_hal_pcd.c ****    * @brief  Abort an USB EP transaction.
1941:Drivers/STM32F1xx_HAL_Driver/Src/stm32f1xx_hal_pcd.c ****    * @param  hpcd PCD handle
1942:Drivers/STM32F1xx_HAL_Driver/Src/stm32f1xx_hal_pcd.c ****    * @param  ep_addr endpoint address
1943:Drivers/STM32F1xx_HAL_Driver/Src/stm32f1xx_hal_pcd.c ****    * @retval HAL status
1944:Drivers/STM32F1xx_HAL_Driver/Src/stm32f1xx_hal_pcd.c ****    */
1945:Drivers/STM32F1xx_HAL_Driver/Src/stm32f1xx_hal_pcd.c **** HAL_StatusTypeDef HAL_PCD_EP_Abort(PCD_HandleTypeDef *hpcd, uint8_t ep_addr)
1946:Drivers/STM32F1xx_HAL_Driver/Src/stm32f1xx_hal_pcd.c **** {
1947:Drivers/STM32F1xx_HAL_Driver/Src/stm32f1xx_hal_pcd.c ****   HAL_StatusTypeDef ret;
1948:Drivers/STM32F1xx_HAL_Driver/Src/stm32f1xx_hal_pcd.c ****   PCD_EPTypeDef *ep;
1949:Drivers/STM32F1xx_HAL_Driver/Src/stm32f1xx_hal_pcd.c **** 
1950:Drivers/STM32F1xx_HAL_Driver/Src/stm32f1xx_hal_pcd.c ****   if ((0x80U & ep_addr) == 0x80U)
1951:Drivers/STM32F1xx_HAL_Driver/Src/stm32f1xx_hal_pcd.c ****   {
1952:Drivers/STM32F1xx_HAL_Driver/Src/stm32f1xx_hal_pcd.c ****     ep = &hpcd->IN_ep[ep_addr & EP_ADDR_MSK];
1953:Drivers/STM32F1xx_HAL_Driver/Src/stm32f1xx_hal_pcd.c ****   }
1954:Drivers/STM32F1xx_HAL_Driver/Src/stm32f1xx_hal_pcd.c ****   else
1955:Drivers/STM32F1xx_HAL_Driver/Src/stm32f1xx_hal_pcd.c ****   {
1956:Drivers/STM32F1xx_HAL_Driver/Src/stm32f1xx_hal_pcd.c ****     ep = &hpcd->OUT_ep[ep_addr & EP_ADDR_MSK];
1957:Drivers/STM32F1xx_HAL_Driver/Src/stm32f1xx_hal_pcd.c ****   }
1958:Drivers/STM32F1xx_HAL_Driver/Src/stm32f1xx_hal_pcd.c **** 
1959:Drivers/STM32F1xx_HAL_Driver/Src/stm32f1xx_hal_pcd.c ****   /* Stop Xfer */
1960:Drivers/STM32F1xx_HAL_Driver/Src/stm32f1xx_hal_pcd.c ****   ret = USB_EPStopXfer(hpcd->Instance, ep);
1961:Drivers/STM32F1xx_HAL_Driver/Src/stm32f1xx_hal_pcd.c **** 
1962:Drivers/STM32F1xx_HAL_Driver/Src/stm32f1xx_hal_pcd.c ****   return ret;
1963:Drivers/STM32F1xx_HAL_Driver/Src/stm32f1xx_hal_pcd.c **** }
1964:Drivers/STM32F1xx_HAL_Driver/Src/stm32f1xx_hal_pcd.c **** 
1965:Drivers/STM32F1xx_HAL_Driver/Src/stm32f1xx_hal_pcd.c **** /**
1966:Drivers/STM32F1xx_HAL_Driver/Src/stm32f1xx_hal_pcd.c ****   * @brief  Flush an endpoint
1967:Drivers/STM32F1xx_HAL_Driver/Src/stm32f1xx_hal_pcd.c ****   * @param  hpcd PCD handle
1968:Drivers/STM32F1xx_HAL_Driver/Src/stm32f1xx_hal_pcd.c ****   * @param  ep_addr endpoint address
1969:Drivers/STM32F1xx_HAL_Driver/Src/stm32f1xx_hal_pcd.c ****   * @retval HAL status
1970:Drivers/STM32F1xx_HAL_Driver/Src/stm32f1xx_hal_pcd.c ****   */
ARM GAS  C:\Users\crist\AppData\Local\Temp\ccYt1KLW.s 			page 36


1971:Drivers/STM32F1xx_HAL_Driver/Src/stm32f1xx_hal_pcd.c **** HAL_StatusTypeDef HAL_PCD_EP_Flush(PCD_HandleTypeDef *hpcd, uint8_t ep_addr)
1972:Drivers/STM32F1xx_HAL_Driver/Src/stm32f1xx_hal_pcd.c **** {
1973:Drivers/STM32F1xx_HAL_Driver/Src/stm32f1xx_hal_pcd.c ****   __HAL_LOCK(hpcd);
1974:Drivers/STM32F1xx_HAL_Driver/Src/stm32f1xx_hal_pcd.c **** 
1975:Drivers/STM32F1xx_HAL_Driver/Src/stm32f1xx_hal_pcd.c ****   if ((ep_addr & 0x80U) == 0x80U)
1976:Drivers/STM32F1xx_HAL_Driver/Src/stm32f1xx_hal_pcd.c ****   {
1977:Drivers/STM32F1xx_HAL_Driver/Src/stm32f1xx_hal_pcd.c ****     (void)USB_FlushTxFifo(hpcd->Instance, (uint32_t)ep_addr & EP_ADDR_MSK);
1978:Drivers/STM32F1xx_HAL_Driver/Src/stm32f1xx_hal_pcd.c ****   }
1979:Drivers/STM32F1xx_HAL_Driver/Src/stm32f1xx_hal_pcd.c ****   else
1980:Drivers/STM32F1xx_HAL_Driver/Src/stm32f1xx_hal_pcd.c ****   {
1981:Drivers/STM32F1xx_HAL_Driver/Src/stm32f1xx_hal_pcd.c ****     (void)USB_FlushRxFifo(hpcd->Instance);
1982:Drivers/STM32F1xx_HAL_Driver/Src/stm32f1xx_hal_pcd.c ****   }
1983:Drivers/STM32F1xx_HAL_Driver/Src/stm32f1xx_hal_pcd.c **** 
1984:Drivers/STM32F1xx_HAL_Driver/Src/stm32f1xx_hal_pcd.c ****   __HAL_UNLOCK(hpcd);
1985:Drivers/STM32F1xx_HAL_Driver/Src/stm32f1xx_hal_pcd.c **** 
1986:Drivers/STM32F1xx_HAL_Driver/Src/stm32f1xx_hal_pcd.c ****   return HAL_OK;
1987:Drivers/STM32F1xx_HAL_Driver/Src/stm32f1xx_hal_pcd.c **** }
1988:Drivers/STM32F1xx_HAL_Driver/Src/stm32f1xx_hal_pcd.c **** 
1989:Drivers/STM32F1xx_HAL_Driver/Src/stm32f1xx_hal_pcd.c **** /**
1990:Drivers/STM32F1xx_HAL_Driver/Src/stm32f1xx_hal_pcd.c ****   * @brief  Activate remote wakeup signalling
1991:Drivers/STM32F1xx_HAL_Driver/Src/stm32f1xx_hal_pcd.c ****   * @param  hpcd PCD handle
1992:Drivers/STM32F1xx_HAL_Driver/Src/stm32f1xx_hal_pcd.c ****   * @retval HAL status
1993:Drivers/STM32F1xx_HAL_Driver/Src/stm32f1xx_hal_pcd.c ****   */
1994:Drivers/STM32F1xx_HAL_Driver/Src/stm32f1xx_hal_pcd.c **** HAL_StatusTypeDef HAL_PCD_ActivateRemoteWakeup(PCD_HandleTypeDef *hpcd)
1995:Drivers/STM32F1xx_HAL_Driver/Src/stm32f1xx_hal_pcd.c **** {
1996:Drivers/STM32F1xx_HAL_Driver/Src/stm32f1xx_hal_pcd.c ****   return (USB_ActivateRemoteWakeup(hpcd->Instance));
1997:Drivers/STM32F1xx_HAL_Driver/Src/stm32f1xx_hal_pcd.c **** }
1998:Drivers/STM32F1xx_HAL_Driver/Src/stm32f1xx_hal_pcd.c **** 
1999:Drivers/STM32F1xx_HAL_Driver/Src/stm32f1xx_hal_pcd.c **** /**
2000:Drivers/STM32F1xx_HAL_Driver/Src/stm32f1xx_hal_pcd.c ****   * @brief  De-activate remote wakeup signalling.
2001:Drivers/STM32F1xx_HAL_Driver/Src/stm32f1xx_hal_pcd.c ****   * @param  hpcd PCD handle
2002:Drivers/STM32F1xx_HAL_Driver/Src/stm32f1xx_hal_pcd.c ****   * @retval HAL status
2003:Drivers/STM32F1xx_HAL_Driver/Src/stm32f1xx_hal_pcd.c ****   */
2004:Drivers/STM32F1xx_HAL_Driver/Src/stm32f1xx_hal_pcd.c **** HAL_StatusTypeDef HAL_PCD_DeActivateRemoteWakeup(PCD_HandleTypeDef *hpcd)
2005:Drivers/STM32F1xx_HAL_Driver/Src/stm32f1xx_hal_pcd.c **** {
2006:Drivers/STM32F1xx_HAL_Driver/Src/stm32f1xx_hal_pcd.c ****   return (USB_DeActivateRemoteWakeup(hpcd->Instance));
2007:Drivers/STM32F1xx_HAL_Driver/Src/stm32f1xx_hal_pcd.c **** }
2008:Drivers/STM32F1xx_HAL_Driver/Src/stm32f1xx_hal_pcd.c **** 
2009:Drivers/STM32F1xx_HAL_Driver/Src/stm32f1xx_hal_pcd.c **** /**
2010:Drivers/STM32F1xx_HAL_Driver/Src/stm32f1xx_hal_pcd.c ****   * @}
2011:Drivers/STM32F1xx_HAL_Driver/Src/stm32f1xx_hal_pcd.c ****   */
2012:Drivers/STM32F1xx_HAL_Driver/Src/stm32f1xx_hal_pcd.c **** 
2013:Drivers/STM32F1xx_HAL_Driver/Src/stm32f1xx_hal_pcd.c **** /** @defgroup PCD_Exported_Functions_Group4 Peripheral State functions
2014:Drivers/STM32F1xx_HAL_Driver/Src/stm32f1xx_hal_pcd.c ****   *  @brief   Peripheral State functions
2015:Drivers/STM32F1xx_HAL_Driver/Src/stm32f1xx_hal_pcd.c ****   *
2016:Drivers/STM32F1xx_HAL_Driver/Src/stm32f1xx_hal_pcd.c **** @verbatim
2017:Drivers/STM32F1xx_HAL_Driver/Src/stm32f1xx_hal_pcd.c ****  ===============================================================================
2018:Drivers/STM32F1xx_HAL_Driver/Src/stm32f1xx_hal_pcd.c ****                       ##### Peripheral State functions #####
2019:Drivers/STM32F1xx_HAL_Driver/Src/stm32f1xx_hal_pcd.c ****  ===============================================================================
2020:Drivers/STM32F1xx_HAL_Driver/Src/stm32f1xx_hal_pcd.c ****     [..]
2021:Drivers/STM32F1xx_HAL_Driver/Src/stm32f1xx_hal_pcd.c ****     This subsection permits to get in run-time the status of the peripheral
2022:Drivers/STM32F1xx_HAL_Driver/Src/stm32f1xx_hal_pcd.c ****     and the data flow.
2023:Drivers/STM32F1xx_HAL_Driver/Src/stm32f1xx_hal_pcd.c **** 
2024:Drivers/STM32F1xx_HAL_Driver/Src/stm32f1xx_hal_pcd.c **** @endverbatim
2025:Drivers/STM32F1xx_HAL_Driver/Src/stm32f1xx_hal_pcd.c ****   * @{
2026:Drivers/STM32F1xx_HAL_Driver/Src/stm32f1xx_hal_pcd.c ****   */
2027:Drivers/STM32F1xx_HAL_Driver/Src/stm32f1xx_hal_pcd.c **** 
ARM GAS  C:\Users\crist\AppData\Local\Temp\ccYt1KLW.s 			page 37


2028:Drivers/STM32F1xx_HAL_Driver/Src/stm32f1xx_hal_pcd.c **** /**
2029:Drivers/STM32F1xx_HAL_Driver/Src/stm32f1xx_hal_pcd.c ****   * @brief  Return the PCD handle state.
2030:Drivers/STM32F1xx_HAL_Driver/Src/stm32f1xx_hal_pcd.c ****   * @param  hpcd PCD handle
2031:Drivers/STM32F1xx_HAL_Driver/Src/stm32f1xx_hal_pcd.c ****   * @retval HAL state
2032:Drivers/STM32F1xx_HAL_Driver/Src/stm32f1xx_hal_pcd.c ****   */
2033:Drivers/STM32F1xx_HAL_Driver/Src/stm32f1xx_hal_pcd.c **** PCD_StateTypeDef HAL_PCD_GetState(PCD_HandleTypeDef const *hpcd)
2034:Drivers/STM32F1xx_HAL_Driver/Src/stm32f1xx_hal_pcd.c **** {
2035:Drivers/STM32F1xx_HAL_Driver/Src/stm32f1xx_hal_pcd.c ****   return hpcd->State;
2036:Drivers/STM32F1xx_HAL_Driver/Src/stm32f1xx_hal_pcd.c **** }
2037:Drivers/STM32F1xx_HAL_Driver/Src/stm32f1xx_hal_pcd.c **** 
2038:Drivers/STM32F1xx_HAL_Driver/Src/stm32f1xx_hal_pcd.c **** /**
2039:Drivers/STM32F1xx_HAL_Driver/Src/stm32f1xx_hal_pcd.c ****   * @}
2040:Drivers/STM32F1xx_HAL_Driver/Src/stm32f1xx_hal_pcd.c ****   */
2041:Drivers/STM32F1xx_HAL_Driver/Src/stm32f1xx_hal_pcd.c **** 
2042:Drivers/STM32F1xx_HAL_Driver/Src/stm32f1xx_hal_pcd.c **** /**
2043:Drivers/STM32F1xx_HAL_Driver/Src/stm32f1xx_hal_pcd.c ****   * @}
2044:Drivers/STM32F1xx_HAL_Driver/Src/stm32f1xx_hal_pcd.c ****   */
2045:Drivers/STM32F1xx_HAL_Driver/Src/stm32f1xx_hal_pcd.c **** 
2046:Drivers/STM32F1xx_HAL_Driver/Src/stm32f1xx_hal_pcd.c **** /* Private functions ---------------------------------------------------------*/
2047:Drivers/STM32F1xx_HAL_Driver/Src/stm32f1xx_hal_pcd.c **** /** @addtogroup PCD_Private_Functions
2048:Drivers/STM32F1xx_HAL_Driver/Src/stm32f1xx_hal_pcd.c ****   * @{
2049:Drivers/STM32F1xx_HAL_Driver/Src/stm32f1xx_hal_pcd.c ****   */
2050:Drivers/STM32F1xx_HAL_Driver/Src/stm32f1xx_hal_pcd.c **** #if defined (USB_OTG_FS)
2051:Drivers/STM32F1xx_HAL_Driver/Src/stm32f1xx_hal_pcd.c **** /**
2052:Drivers/STM32F1xx_HAL_Driver/Src/stm32f1xx_hal_pcd.c ****   * @brief  Check FIFO for the next packet to be loaded.
2053:Drivers/STM32F1xx_HAL_Driver/Src/stm32f1xx_hal_pcd.c ****   * @param  hpcd PCD handle
2054:Drivers/STM32F1xx_HAL_Driver/Src/stm32f1xx_hal_pcd.c ****   * @param  epnum endpoint number
2055:Drivers/STM32F1xx_HAL_Driver/Src/stm32f1xx_hal_pcd.c ****   * @retval HAL status
2056:Drivers/STM32F1xx_HAL_Driver/Src/stm32f1xx_hal_pcd.c ****   */
2057:Drivers/STM32F1xx_HAL_Driver/Src/stm32f1xx_hal_pcd.c **** static HAL_StatusTypeDef PCD_WriteEmptyTxFifo(PCD_HandleTypeDef *hpcd, uint32_t epnum)
2058:Drivers/STM32F1xx_HAL_Driver/Src/stm32f1xx_hal_pcd.c **** {
2059:Drivers/STM32F1xx_HAL_Driver/Src/stm32f1xx_hal_pcd.c ****   USB_OTG_GlobalTypeDef *USBx = hpcd->Instance;
2060:Drivers/STM32F1xx_HAL_Driver/Src/stm32f1xx_hal_pcd.c ****   uint32_t USBx_BASE = (uint32_t)USBx;
2061:Drivers/STM32F1xx_HAL_Driver/Src/stm32f1xx_hal_pcd.c ****   USB_OTG_EPTypeDef *ep;
2062:Drivers/STM32F1xx_HAL_Driver/Src/stm32f1xx_hal_pcd.c ****   uint32_t len;
2063:Drivers/STM32F1xx_HAL_Driver/Src/stm32f1xx_hal_pcd.c ****   uint32_t len32b;
2064:Drivers/STM32F1xx_HAL_Driver/Src/stm32f1xx_hal_pcd.c ****   uint32_t fifoemptymsk;
2065:Drivers/STM32F1xx_HAL_Driver/Src/stm32f1xx_hal_pcd.c **** 
2066:Drivers/STM32F1xx_HAL_Driver/Src/stm32f1xx_hal_pcd.c ****   ep = &hpcd->IN_ep[epnum];
2067:Drivers/STM32F1xx_HAL_Driver/Src/stm32f1xx_hal_pcd.c **** 
2068:Drivers/STM32F1xx_HAL_Driver/Src/stm32f1xx_hal_pcd.c ****   if (ep->xfer_count > ep->xfer_len)
2069:Drivers/STM32F1xx_HAL_Driver/Src/stm32f1xx_hal_pcd.c ****   {
2070:Drivers/STM32F1xx_HAL_Driver/Src/stm32f1xx_hal_pcd.c ****     return HAL_ERROR;
2071:Drivers/STM32F1xx_HAL_Driver/Src/stm32f1xx_hal_pcd.c ****   }
2072:Drivers/STM32F1xx_HAL_Driver/Src/stm32f1xx_hal_pcd.c **** 
2073:Drivers/STM32F1xx_HAL_Driver/Src/stm32f1xx_hal_pcd.c ****   len = ep->xfer_len - ep->xfer_count;
2074:Drivers/STM32F1xx_HAL_Driver/Src/stm32f1xx_hal_pcd.c **** 
2075:Drivers/STM32F1xx_HAL_Driver/Src/stm32f1xx_hal_pcd.c ****   if (len > ep->maxpacket)
2076:Drivers/STM32F1xx_HAL_Driver/Src/stm32f1xx_hal_pcd.c ****   {
2077:Drivers/STM32F1xx_HAL_Driver/Src/stm32f1xx_hal_pcd.c ****     len = ep->maxpacket;
2078:Drivers/STM32F1xx_HAL_Driver/Src/stm32f1xx_hal_pcd.c ****   }
2079:Drivers/STM32F1xx_HAL_Driver/Src/stm32f1xx_hal_pcd.c **** 
2080:Drivers/STM32F1xx_HAL_Driver/Src/stm32f1xx_hal_pcd.c ****   len32b = (len + 3U) / 4U;
2081:Drivers/STM32F1xx_HAL_Driver/Src/stm32f1xx_hal_pcd.c **** 
2082:Drivers/STM32F1xx_HAL_Driver/Src/stm32f1xx_hal_pcd.c ****   while (((USBx_INEP(epnum)->DTXFSTS & USB_OTG_DTXFSTS_INEPTFSAV) >= len32b) &&
2083:Drivers/STM32F1xx_HAL_Driver/Src/stm32f1xx_hal_pcd.c ****          (ep->xfer_count < ep->xfer_len) && (ep->xfer_len != 0U))
2084:Drivers/STM32F1xx_HAL_Driver/Src/stm32f1xx_hal_pcd.c ****   {
ARM GAS  C:\Users\crist\AppData\Local\Temp\ccYt1KLW.s 			page 38


2085:Drivers/STM32F1xx_HAL_Driver/Src/stm32f1xx_hal_pcd.c ****     /* Write the FIFO */
2086:Drivers/STM32F1xx_HAL_Driver/Src/stm32f1xx_hal_pcd.c ****     len = ep->xfer_len - ep->xfer_count;
2087:Drivers/STM32F1xx_HAL_Driver/Src/stm32f1xx_hal_pcd.c **** 
2088:Drivers/STM32F1xx_HAL_Driver/Src/stm32f1xx_hal_pcd.c ****     if (len > ep->maxpacket)
2089:Drivers/STM32F1xx_HAL_Driver/Src/stm32f1xx_hal_pcd.c ****     {
2090:Drivers/STM32F1xx_HAL_Driver/Src/stm32f1xx_hal_pcd.c ****       len = ep->maxpacket;
2091:Drivers/STM32F1xx_HAL_Driver/Src/stm32f1xx_hal_pcd.c ****     }
2092:Drivers/STM32F1xx_HAL_Driver/Src/stm32f1xx_hal_pcd.c ****     len32b = (len + 3U) / 4U;
2093:Drivers/STM32F1xx_HAL_Driver/Src/stm32f1xx_hal_pcd.c **** 
2094:Drivers/STM32F1xx_HAL_Driver/Src/stm32f1xx_hal_pcd.c ****     (void)USB_WritePacket(USBx, ep->xfer_buff, (uint8_t)epnum, (uint16_t)len);
2095:Drivers/STM32F1xx_HAL_Driver/Src/stm32f1xx_hal_pcd.c **** 
2096:Drivers/STM32F1xx_HAL_Driver/Src/stm32f1xx_hal_pcd.c ****     ep->xfer_buff  += len;
2097:Drivers/STM32F1xx_HAL_Driver/Src/stm32f1xx_hal_pcd.c ****     ep->xfer_count += len;
2098:Drivers/STM32F1xx_HAL_Driver/Src/stm32f1xx_hal_pcd.c ****   }
2099:Drivers/STM32F1xx_HAL_Driver/Src/stm32f1xx_hal_pcd.c **** 
2100:Drivers/STM32F1xx_HAL_Driver/Src/stm32f1xx_hal_pcd.c ****   if (ep->xfer_len <= ep->xfer_count)
2101:Drivers/STM32F1xx_HAL_Driver/Src/stm32f1xx_hal_pcd.c ****   {
2102:Drivers/STM32F1xx_HAL_Driver/Src/stm32f1xx_hal_pcd.c ****     fifoemptymsk = (uint32_t)(0x1UL << (epnum & EP_ADDR_MSK));
2103:Drivers/STM32F1xx_HAL_Driver/Src/stm32f1xx_hal_pcd.c ****     USBx_DEVICE->DIEPEMPMSK &= ~fifoemptymsk;
2104:Drivers/STM32F1xx_HAL_Driver/Src/stm32f1xx_hal_pcd.c ****   }
2105:Drivers/STM32F1xx_HAL_Driver/Src/stm32f1xx_hal_pcd.c **** 
2106:Drivers/STM32F1xx_HAL_Driver/Src/stm32f1xx_hal_pcd.c ****   return HAL_OK;
2107:Drivers/STM32F1xx_HAL_Driver/Src/stm32f1xx_hal_pcd.c **** }
2108:Drivers/STM32F1xx_HAL_Driver/Src/stm32f1xx_hal_pcd.c **** 
2109:Drivers/STM32F1xx_HAL_Driver/Src/stm32f1xx_hal_pcd.c **** 
2110:Drivers/STM32F1xx_HAL_Driver/Src/stm32f1xx_hal_pcd.c **** /**
2111:Drivers/STM32F1xx_HAL_Driver/Src/stm32f1xx_hal_pcd.c ****   * @brief  process EP OUT transfer complete interrupt.
2112:Drivers/STM32F1xx_HAL_Driver/Src/stm32f1xx_hal_pcd.c ****   * @param  hpcd PCD handle
2113:Drivers/STM32F1xx_HAL_Driver/Src/stm32f1xx_hal_pcd.c ****   * @param  epnum endpoint number
2114:Drivers/STM32F1xx_HAL_Driver/Src/stm32f1xx_hal_pcd.c ****   * @retval HAL status
2115:Drivers/STM32F1xx_HAL_Driver/Src/stm32f1xx_hal_pcd.c ****   */
2116:Drivers/STM32F1xx_HAL_Driver/Src/stm32f1xx_hal_pcd.c **** static HAL_StatusTypeDef PCD_EP_OutXfrComplete_int(PCD_HandleTypeDef *hpcd, uint32_t epnum)
2117:Drivers/STM32F1xx_HAL_Driver/Src/stm32f1xx_hal_pcd.c **** {
2118:Drivers/STM32F1xx_HAL_Driver/Src/stm32f1xx_hal_pcd.c ****   USB_OTG_GlobalTypeDef *USBx = hpcd->Instance;
2119:Drivers/STM32F1xx_HAL_Driver/Src/stm32f1xx_hal_pcd.c ****   uint32_t USBx_BASE = (uint32_t)USBx;
2120:Drivers/STM32F1xx_HAL_Driver/Src/stm32f1xx_hal_pcd.c ****   uint32_t gSNPSiD = *(__IO uint32_t *)(&USBx->CID + 0x1U);
2121:Drivers/STM32F1xx_HAL_Driver/Src/stm32f1xx_hal_pcd.c ****   uint32_t DoepintReg = USBx_OUTEP(epnum)->DOEPINT;
2122:Drivers/STM32F1xx_HAL_Driver/Src/stm32f1xx_hal_pcd.c **** 
2123:Drivers/STM32F1xx_HAL_Driver/Src/stm32f1xx_hal_pcd.c ****   if (gSNPSiD == USB_OTG_CORE_ID_310A)
2124:Drivers/STM32F1xx_HAL_Driver/Src/stm32f1xx_hal_pcd.c ****   {
2125:Drivers/STM32F1xx_HAL_Driver/Src/stm32f1xx_hal_pcd.c ****     /* StupPktRcvd = 1 this is a setup packet */
2126:Drivers/STM32F1xx_HAL_Driver/Src/stm32f1xx_hal_pcd.c ****     if ((DoepintReg & USB_OTG_DOEPINT_STPKTRX) == USB_OTG_DOEPINT_STPKTRX)
2127:Drivers/STM32F1xx_HAL_Driver/Src/stm32f1xx_hal_pcd.c ****     {
2128:Drivers/STM32F1xx_HAL_Driver/Src/stm32f1xx_hal_pcd.c ****       CLEAR_OUT_EP_INTR(epnum, USB_OTG_DOEPINT_STPKTRX);
2129:Drivers/STM32F1xx_HAL_Driver/Src/stm32f1xx_hal_pcd.c ****     }
2130:Drivers/STM32F1xx_HAL_Driver/Src/stm32f1xx_hal_pcd.c ****     else
2131:Drivers/STM32F1xx_HAL_Driver/Src/stm32f1xx_hal_pcd.c ****     {
2132:Drivers/STM32F1xx_HAL_Driver/Src/stm32f1xx_hal_pcd.c ****       if ((DoepintReg & USB_OTG_DOEPINT_OTEPSPR) == USB_OTG_DOEPINT_OTEPSPR)
2133:Drivers/STM32F1xx_HAL_Driver/Src/stm32f1xx_hal_pcd.c ****       {
2134:Drivers/STM32F1xx_HAL_Driver/Src/stm32f1xx_hal_pcd.c ****         CLEAR_OUT_EP_INTR(epnum, USB_OTG_DOEPINT_OTEPSPR);
2135:Drivers/STM32F1xx_HAL_Driver/Src/stm32f1xx_hal_pcd.c ****       }
2136:Drivers/STM32F1xx_HAL_Driver/Src/stm32f1xx_hal_pcd.c **** 
2137:Drivers/STM32F1xx_HAL_Driver/Src/stm32f1xx_hal_pcd.c **** #if (USE_HAL_PCD_REGISTER_CALLBACKS == 1U)
2138:Drivers/STM32F1xx_HAL_Driver/Src/stm32f1xx_hal_pcd.c ****       hpcd->DataOutStageCallback(hpcd, (uint8_t)epnum);
2139:Drivers/STM32F1xx_HAL_Driver/Src/stm32f1xx_hal_pcd.c **** #else
2140:Drivers/STM32F1xx_HAL_Driver/Src/stm32f1xx_hal_pcd.c ****       HAL_PCD_DataOutStageCallback(hpcd, (uint8_t)epnum);
2141:Drivers/STM32F1xx_HAL_Driver/Src/stm32f1xx_hal_pcd.c **** #endif /* USE_HAL_PCD_REGISTER_CALLBACKS */
ARM GAS  C:\Users\crist\AppData\Local\Temp\ccYt1KLW.s 			page 39


2142:Drivers/STM32F1xx_HAL_Driver/Src/stm32f1xx_hal_pcd.c ****     }
2143:Drivers/STM32F1xx_HAL_Driver/Src/stm32f1xx_hal_pcd.c ****   }
2144:Drivers/STM32F1xx_HAL_Driver/Src/stm32f1xx_hal_pcd.c ****   else
2145:Drivers/STM32F1xx_HAL_Driver/Src/stm32f1xx_hal_pcd.c ****   {
2146:Drivers/STM32F1xx_HAL_Driver/Src/stm32f1xx_hal_pcd.c **** #if (USE_HAL_PCD_REGISTER_CALLBACKS == 1U)
2147:Drivers/STM32F1xx_HAL_Driver/Src/stm32f1xx_hal_pcd.c ****     hpcd->DataOutStageCallback(hpcd, (uint8_t)epnum);
2148:Drivers/STM32F1xx_HAL_Driver/Src/stm32f1xx_hal_pcd.c **** #else
2149:Drivers/STM32F1xx_HAL_Driver/Src/stm32f1xx_hal_pcd.c ****     HAL_PCD_DataOutStageCallback(hpcd, (uint8_t)epnum);
2150:Drivers/STM32F1xx_HAL_Driver/Src/stm32f1xx_hal_pcd.c **** #endif /* USE_HAL_PCD_REGISTER_CALLBACKS */
2151:Drivers/STM32F1xx_HAL_Driver/Src/stm32f1xx_hal_pcd.c ****   }
2152:Drivers/STM32F1xx_HAL_Driver/Src/stm32f1xx_hal_pcd.c **** 
2153:Drivers/STM32F1xx_HAL_Driver/Src/stm32f1xx_hal_pcd.c ****   return HAL_OK;
2154:Drivers/STM32F1xx_HAL_Driver/Src/stm32f1xx_hal_pcd.c **** }
2155:Drivers/STM32F1xx_HAL_Driver/Src/stm32f1xx_hal_pcd.c **** 
2156:Drivers/STM32F1xx_HAL_Driver/Src/stm32f1xx_hal_pcd.c **** 
2157:Drivers/STM32F1xx_HAL_Driver/Src/stm32f1xx_hal_pcd.c **** /**
2158:Drivers/STM32F1xx_HAL_Driver/Src/stm32f1xx_hal_pcd.c ****   * @brief  process EP OUT setup packet received interrupt.
2159:Drivers/STM32F1xx_HAL_Driver/Src/stm32f1xx_hal_pcd.c ****   * @param  hpcd PCD handle
2160:Drivers/STM32F1xx_HAL_Driver/Src/stm32f1xx_hal_pcd.c ****   * @param  epnum endpoint number
2161:Drivers/STM32F1xx_HAL_Driver/Src/stm32f1xx_hal_pcd.c ****   * @retval HAL status
2162:Drivers/STM32F1xx_HAL_Driver/Src/stm32f1xx_hal_pcd.c ****   */
2163:Drivers/STM32F1xx_HAL_Driver/Src/stm32f1xx_hal_pcd.c **** static HAL_StatusTypeDef PCD_EP_OutSetupPacket_int(PCD_HandleTypeDef *hpcd, uint32_t epnum)
2164:Drivers/STM32F1xx_HAL_Driver/Src/stm32f1xx_hal_pcd.c **** {
2165:Drivers/STM32F1xx_HAL_Driver/Src/stm32f1xx_hal_pcd.c ****   USB_OTG_GlobalTypeDef *USBx = hpcd->Instance;
2166:Drivers/STM32F1xx_HAL_Driver/Src/stm32f1xx_hal_pcd.c ****   uint32_t USBx_BASE = (uint32_t)USBx;
2167:Drivers/STM32F1xx_HAL_Driver/Src/stm32f1xx_hal_pcd.c ****   uint32_t gSNPSiD = *(__IO uint32_t *)(&USBx->CID + 0x1U);
2168:Drivers/STM32F1xx_HAL_Driver/Src/stm32f1xx_hal_pcd.c ****   uint32_t DoepintReg = USBx_OUTEP(epnum)->DOEPINT;
2169:Drivers/STM32F1xx_HAL_Driver/Src/stm32f1xx_hal_pcd.c **** 
2170:Drivers/STM32F1xx_HAL_Driver/Src/stm32f1xx_hal_pcd.c ****   if ((gSNPSiD > USB_OTG_CORE_ID_300A) &&
2171:Drivers/STM32F1xx_HAL_Driver/Src/stm32f1xx_hal_pcd.c ****       ((DoepintReg & USB_OTG_DOEPINT_STPKTRX) == USB_OTG_DOEPINT_STPKTRX))
2172:Drivers/STM32F1xx_HAL_Driver/Src/stm32f1xx_hal_pcd.c ****   {
2173:Drivers/STM32F1xx_HAL_Driver/Src/stm32f1xx_hal_pcd.c ****     CLEAR_OUT_EP_INTR(epnum, USB_OTG_DOEPINT_STPKTRX);
2174:Drivers/STM32F1xx_HAL_Driver/Src/stm32f1xx_hal_pcd.c ****   }
2175:Drivers/STM32F1xx_HAL_Driver/Src/stm32f1xx_hal_pcd.c **** 
2176:Drivers/STM32F1xx_HAL_Driver/Src/stm32f1xx_hal_pcd.c ****   /* Inform the upper layer that a setup packet is available */
2177:Drivers/STM32F1xx_HAL_Driver/Src/stm32f1xx_hal_pcd.c **** #if (USE_HAL_PCD_REGISTER_CALLBACKS == 1U)
2178:Drivers/STM32F1xx_HAL_Driver/Src/stm32f1xx_hal_pcd.c ****   hpcd->SetupStageCallback(hpcd);
2179:Drivers/STM32F1xx_HAL_Driver/Src/stm32f1xx_hal_pcd.c **** #else
2180:Drivers/STM32F1xx_HAL_Driver/Src/stm32f1xx_hal_pcd.c ****   HAL_PCD_SetupStageCallback(hpcd);
2181:Drivers/STM32F1xx_HAL_Driver/Src/stm32f1xx_hal_pcd.c **** #endif /* USE_HAL_PCD_REGISTER_CALLBACKS */
2182:Drivers/STM32F1xx_HAL_Driver/Src/stm32f1xx_hal_pcd.c **** 
2183:Drivers/STM32F1xx_HAL_Driver/Src/stm32f1xx_hal_pcd.c ****   return HAL_OK;
2184:Drivers/STM32F1xx_HAL_Driver/Src/stm32f1xx_hal_pcd.c **** }
2185:Drivers/STM32F1xx_HAL_Driver/Src/stm32f1xx_hal_pcd.c **** #endif /* defined (USB_OTG_FS) */
2186:Drivers/STM32F1xx_HAL_Driver/Src/stm32f1xx_hal_pcd.c **** 
2187:Drivers/STM32F1xx_HAL_Driver/Src/stm32f1xx_hal_pcd.c **** #if defined (USB)
2188:Drivers/STM32F1xx_HAL_Driver/Src/stm32f1xx_hal_pcd.c **** /**
2189:Drivers/STM32F1xx_HAL_Driver/Src/stm32f1xx_hal_pcd.c ****   * @brief  This function handles PCD Endpoint interrupt request.
2190:Drivers/STM32F1xx_HAL_Driver/Src/stm32f1xx_hal_pcd.c ****   * @param  hpcd PCD handle
2191:Drivers/STM32F1xx_HAL_Driver/Src/stm32f1xx_hal_pcd.c ****   * @retval HAL status
2192:Drivers/STM32F1xx_HAL_Driver/Src/stm32f1xx_hal_pcd.c ****   */
2193:Drivers/STM32F1xx_HAL_Driver/Src/stm32f1xx_hal_pcd.c **** static HAL_StatusTypeDef PCD_EP_ISR_Handler(PCD_HandleTypeDef *hpcd)
2194:Drivers/STM32F1xx_HAL_Driver/Src/stm32f1xx_hal_pcd.c **** {
2195:Drivers/STM32F1xx_HAL_Driver/Src/stm32f1xx_hal_pcd.c ****   PCD_EPTypeDef *ep;
2196:Drivers/STM32F1xx_HAL_Driver/Src/stm32f1xx_hal_pcd.c ****   uint16_t count;
2197:Drivers/STM32F1xx_HAL_Driver/Src/stm32f1xx_hal_pcd.c ****   uint16_t wIstr;
2198:Drivers/STM32F1xx_HAL_Driver/Src/stm32f1xx_hal_pcd.c ****   uint16_t wEPVal;
ARM GAS  C:\Users\crist\AppData\Local\Temp\ccYt1KLW.s 			page 40


2199:Drivers/STM32F1xx_HAL_Driver/Src/stm32f1xx_hal_pcd.c ****   uint16_t TxPctSize;
2200:Drivers/STM32F1xx_HAL_Driver/Src/stm32f1xx_hal_pcd.c ****   uint8_t epindex;
2201:Drivers/STM32F1xx_HAL_Driver/Src/stm32f1xx_hal_pcd.c **** 
2202:Drivers/STM32F1xx_HAL_Driver/Src/stm32f1xx_hal_pcd.c **** #if (USE_USB_DOUBLE_BUFFER != 1U)
2203:Drivers/STM32F1xx_HAL_Driver/Src/stm32f1xx_hal_pcd.c ****   count = 0U;
2204:Drivers/STM32F1xx_HAL_Driver/Src/stm32f1xx_hal_pcd.c **** #endif /* USE_USB_DOUBLE_BUFFER */
2205:Drivers/STM32F1xx_HAL_Driver/Src/stm32f1xx_hal_pcd.c **** 
2206:Drivers/STM32F1xx_HAL_Driver/Src/stm32f1xx_hal_pcd.c ****   /* stay in loop while pending interrupts */
2207:Drivers/STM32F1xx_HAL_Driver/Src/stm32f1xx_hal_pcd.c ****   while ((hpcd->Instance->ISTR & USB_ISTR_CTR) != 0U)
2208:Drivers/STM32F1xx_HAL_Driver/Src/stm32f1xx_hal_pcd.c ****   {
2209:Drivers/STM32F1xx_HAL_Driver/Src/stm32f1xx_hal_pcd.c ****     wIstr = hpcd->Instance->ISTR;
2210:Drivers/STM32F1xx_HAL_Driver/Src/stm32f1xx_hal_pcd.c **** 
2211:Drivers/STM32F1xx_HAL_Driver/Src/stm32f1xx_hal_pcd.c ****     /* extract highest priority endpoint number */
2212:Drivers/STM32F1xx_HAL_Driver/Src/stm32f1xx_hal_pcd.c ****     epindex = (uint8_t)(wIstr & USB_ISTR_EP_ID);
2213:Drivers/STM32F1xx_HAL_Driver/Src/stm32f1xx_hal_pcd.c **** 
2214:Drivers/STM32F1xx_HAL_Driver/Src/stm32f1xx_hal_pcd.c ****     if (epindex == 0U)
2215:Drivers/STM32F1xx_HAL_Driver/Src/stm32f1xx_hal_pcd.c ****     {
2216:Drivers/STM32F1xx_HAL_Driver/Src/stm32f1xx_hal_pcd.c ****       /* Decode and service control endpoint interrupt */
2217:Drivers/STM32F1xx_HAL_Driver/Src/stm32f1xx_hal_pcd.c **** 
2218:Drivers/STM32F1xx_HAL_Driver/Src/stm32f1xx_hal_pcd.c ****       /* DIR bit = origin of the interrupt */
2219:Drivers/STM32F1xx_HAL_Driver/Src/stm32f1xx_hal_pcd.c ****       if ((wIstr & USB_ISTR_DIR) == 0U)
2220:Drivers/STM32F1xx_HAL_Driver/Src/stm32f1xx_hal_pcd.c ****       {
2221:Drivers/STM32F1xx_HAL_Driver/Src/stm32f1xx_hal_pcd.c ****         /* DIR = 0 */
2222:Drivers/STM32F1xx_HAL_Driver/Src/stm32f1xx_hal_pcd.c **** 
2223:Drivers/STM32F1xx_HAL_Driver/Src/stm32f1xx_hal_pcd.c ****         /* DIR = 0 => IN  int */
2224:Drivers/STM32F1xx_HAL_Driver/Src/stm32f1xx_hal_pcd.c ****         /* DIR = 0 implies that (EP_CTR_TX = 1) always */
2225:Drivers/STM32F1xx_HAL_Driver/Src/stm32f1xx_hal_pcd.c ****         PCD_CLEAR_TX_EP_CTR(hpcd->Instance, PCD_ENDP0);
2226:Drivers/STM32F1xx_HAL_Driver/Src/stm32f1xx_hal_pcd.c ****         ep = &hpcd->IN_ep[0];
2227:Drivers/STM32F1xx_HAL_Driver/Src/stm32f1xx_hal_pcd.c **** 
2228:Drivers/STM32F1xx_HAL_Driver/Src/stm32f1xx_hal_pcd.c ****         ep->xfer_count = PCD_GET_EP_TX_CNT(hpcd->Instance, ep->num);
2229:Drivers/STM32F1xx_HAL_Driver/Src/stm32f1xx_hal_pcd.c ****         ep->xfer_buff += ep->xfer_count;
2230:Drivers/STM32F1xx_HAL_Driver/Src/stm32f1xx_hal_pcd.c **** 
2231:Drivers/STM32F1xx_HAL_Driver/Src/stm32f1xx_hal_pcd.c ****         /* TX COMPLETE */
2232:Drivers/STM32F1xx_HAL_Driver/Src/stm32f1xx_hal_pcd.c **** #if (USE_HAL_PCD_REGISTER_CALLBACKS == 1U)
2233:Drivers/STM32F1xx_HAL_Driver/Src/stm32f1xx_hal_pcd.c ****         hpcd->DataInStageCallback(hpcd, 0U);
2234:Drivers/STM32F1xx_HAL_Driver/Src/stm32f1xx_hal_pcd.c **** #else
2235:Drivers/STM32F1xx_HAL_Driver/Src/stm32f1xx_hal_pcd.c ****         HAL_PCD_DataInStageCallback(hpcd, 0U);
2236:Drivers/STM32F1xx_HAL_Driver/Src/stm32f1xx_hal_pcd.c **** #endif /* USE_HAL_PCD_REGISTER_CALLBACKS */
2237:Drivers/STM32F1xx_HAL_Driver/Src/stm32f1xx_hal_pcd.c **** 
2238:Drivers/STM32F1xx_HAL_Driver/Src/stm32f1xx_hal_pcd.c ****         if ((hpcd->USB_Address > 0U) && (ep->xfer_len == 0U))
2239:Drivers/STM32F1xx_HAL_Driver/Src/stm32f1xx_hal_pcd.c ****         {
2240:Drivers/STM32F1xx_HAL_Driver/Src/stm32f1xx_hal_pcd.c ****           hpcd->Instance->DADDR = ((uint16_t)hpcd->USB_Address | USB_DADDR_EF);
2241:Drivers/STM32F1xx_HAL_Driver/Src/stm32f1xx_hal_pcd.c ****           hpcd->USB_Address = 0U;
2242:Drivers/STM32F1xx_HAL_Driver/Src/stm32f1xx_hal_pcd.c ****         }
2243:Drivers/STM32F1xx_HAL_Driver/Src/stm32f1xx_hal_pcd.c ****       }
2244:Drivers/STM32F1xx_HAL_Driver/Src/stm32f1xx_hal_pcd.c ****       else
2245:Drivers/STM32F1xx_HAL_Driver/Src/stm32f1xx_hal_pcd.c ****       {
2246:Drivers/STM32F1xx_HAL_Driver/Src/stm32f1xx_hal_pcd.c ****         /* DIR = 1 */
2247:Drivers/STM32F1xx_HAL_Driver/Src/stm32f1xx_hal_pcd.c **** 
2248:Drivers/STM32F1xx_HAL_Driver/Src/stm32f1xx_hal_pcd.c ****         /* DIR = 1 & CTR_RX => SETUP or OUT int */
2249:Drivers/STM32F1xx_HAL_Driver/Src/stm32f1xx_hal_pcd.c ****         /* DIR = 1 & (CTR_TX | CTR_RX) => 2 int pending */
2250:Drivers/STM32F1xx_HAL_Driver/Src/stm32f1xx_hal_pcd.c ****         ep = &hpcd->OUT_ep[0];
2251:Drivers/STM32F1xx_HAL_Driver/Src/stm32f1xx_hal_pcd.c ****         wEPVal = PCD_GET_ENDPOINT(hpcd->Instance, PCD_ENDP0);
2252:Drivers/STM32F1xx_HAL_Driver/Src/stm32f1xx_hal_pcd.c **** 
2253:Drivers/STM32F1xx_HAL_Driver/Src/stm32f1xx_hal_pcd.c ****         if ((wEPVal & USB_EP_SETUP) != 0U)
2254:Drivers/STM32F1xx_HAL_Driver/Src/stm32f1xx_hal_pcd.c ****         {
2255:Drivers/STM32F1xx_HAL_Driver/Src/stm32f1xx_hal_pcd.c ****           /* Get SETUP Packet */
ARM GAS  C:\Users\crist\AppData\Local\Temp\ccYt1KLW.s 			page 41


2256:Drivers/STM32F1xx_HAL_Driver/Src/stm32f1xx_hal_pcd.c ****           ep->xfer_count = PCD_GET_EP_RX_CNT(hpcd->Instance, ep->num);
2257:Drivers/STM32F1xx_HAL_Driver/Src/stm32f1xx_hal_pcd.c **** 
2258:Drivers/STM32F1xx_HAL_Driver/Src/stm32f1xx_hal_pcd.c ****           USB_ReadPMA(hpcd->Instance, (uint8_t *)hpcd->Setup,
2259:Drivers/STM32F1xx_HAL_Driver/Src/stm32f1xx_hal_pcd.c ****                       ep->pmaadress, (uint16_t)ep->xfer_count);
2260:Drivers/STM32F1xx_HAL_Driver/Src/stm32f1xx_hal_pcd.c **** 
2261:Drivers/STM32F1xx_HAL_Driver/Src/stm32f1xx_hal_pcd.c ****           /* SETUP bit kept frozen while CTR_RX = 1 */
2262:Drivers/STM32F1xx_HAL_Driver/Src/stm32f1xx_hal_pcd.c ****           PCD_CLEAR_RX_EP_CTR(hpcd->Instance, PCD_ENDP0);
2263:Drivers/STM32F1xx_HAL_Driver/Src/stm32f1xx_hal_pcd.c **** 
2264:Drivers/STM32F1xx_HAL_Driver/Src/stm32f1xx_hal_pcd.c ****           /* Process SETUP Packet*/
2265:Drivers/STM32F1xx_HAL_Driver/Src/stm32f1xx_hal_pcd.c **** #if (USE_HAL_PCD_REGISTER_CALLBACKS == 1U)
2266:Drivers/STM32F1xx_HAL_Driver/Src/stm32f1xx_hal_pcd.c ****           hpcd->SetupStageCallback(hpcd);
2267:Drivers/STM32F1xx_HAL_Driver/Src/stm32f1xx_hal_pcd.c **** #else
2268:Drivers/STM32F1xx_HAL_Driver/Src/stm32f1xx_hal_pcd.c ****           HAL_PCD_SetupStageCallback(hpcd);
2269:Drivers/STM32F1xx_HAL_Driver/Src/stm32f1xx_hal_pcd.c **** #endif /* USE_HAL_PCD_REGISTER_CALLBACKS */
2270:Drivers/STM32F1xx_HAL_Driver/Src/stm32f1xx_hal_pcd.c ****         }
2271:Drivers/STM32F1xx_HAL_Driver/Src/stm32f1xx_hal_pcd.c ****         else if ((wEPVal & USB_EP_CTR_RX) != 0U)
2272:Drivers/STM32F1xx_HAL_Driver/Src/stm32f1xx_hal_pcd.c ****         {
2273:Drivers/STM32F1xx_HAL_Driver/Src/stm32f1xx_hal_pcd.c ****           PCD_CLEAR_RX_EP_CTR(hpcd->Instance, PCD_ENDP0);
2274:Drivers/STM32F1xx_HAL_Driver/Src/stm32f1xx_hal_pcd.c **** 
2275:Drivers/STM32F1xx_HAL_Driver/Src/stm32f1xx_hal_pcd.c ****           /* Get Control Data OUT Packet */
2276:Drivers/STM32F1xx_HAL_Driver/Src/stm32f1xx_hal_pcd.c ****           ep->xfer_count = PCD_GET_EP_RX_CNT(hpcd->Instance, ep->num);
2277:Drivers/STM32F1xx_HAL_Driver/Src/stm32f1xx_hal_pcd.c **** 
2278:Drivers/STM32F1xx_HAL_Driver/Src/stm32f1xx_hal_pcd.c ****           if ((ep->xfer_count != 0U) && (ep->xfer_buff != 0U))
2279:Drivers/STM32F1xx_HAL_Driver/Src/stm32f1xx_hal_pcd.c ****           {
2280:Drivers/STM32F1xx_HAL_Driver/Src/stm32f1xx_hal_pcd.c ****             USB_ReadPMA(hpcd->Instance, ep->xfer_buff,
2281:Drivers/STM32F1xx_HAL_Driver/Src/stm32f1xx_hal_pcd.c ****                         ep->pmaadress, (uint16_t)ep->xfer_count);
2282:Drivers/STM32F1xx_HAL_Driver/Src/stm32f1xx_hal_pcd.c **** 
2283:Drivers/STM32F1xx_HAL_Driver/Src/stm32f1xx_hal_pcd.c ****             ep->xfer_buff += ep->xfer_count;
2284:Drivers/STM32F1xx_HAL_Driver/Src/stm32f1xx_hal_pcd.c **** 
2285:Drivers/STM32F1xx_HAL_Driver/Src/stm32f1xx_hal_pcd.c ****             /* Process Control Data OUT Packet */
2286:Drivers/STM32F1xx_HAL_Driver/Src/stm32f1xx_hal_pcd.c **** #if (USE_HAL_PCD_REGISTER_CALLBACKS == 1U)
2287:Drivers/STM32F1xx_HAL_Driver/Src/stm32f1xx_hal_pcd.c ****             hpcd->DataOutStageCallback(hpcd, 0U);
2288:Drivers/STM32F1xx_HAL_Driver/Src/stm32f1xx_hal_pcd.c **** #else
2289:Drivers/STM32F1xx_HAL_Driver/Src/stm32f1xx_hal_pcd.c ****             HAL_PCD_DataOutStageCallback(hpcd, 0U);
2290:Drivers/STM32F1xx_HAL_Driver/Src/stm32f1xx_hal_pcd.c **** #endif /* USE_HAL_PCD_REGISTER_CALLBACKS */
2291:Drivers/STM32F1xx_HAL_Driver/Src/stm32f1xx_hal_pcd.c ****           }
2292:Drivers/STM32F1xx_HAL_Driver/Src/stm32f1xx_hal_pcd.c **** 
2293:Drivers/STM32F1xx_HAL_Driver/Src/stm32f1xx_hal_pcd.c ****           wEPVal = (uint16_t)PCD_GET_ENDPOINT(hpcd->Instance, PCD_ENDP0);
2294:Drivers/STM32F1xx_HAL_Driver/Src/stm32f1xx_hal_pcd.c **** 
2295:Drivers/STM32F1xx_HAL_Driver/Src/stm32f1xx_hal_pcd.c ****           if (((wEPVal & USB_EP_SETUP) == 0U) && ((wEPVal & USB_EP_RX_STRX) != USB_EP_RX_VALID))
2296:Drivers/STM32F1xx_HAL_Driver/Src/stm32f1xx_hal_pcd.c ****           {
2297:Drivers/STM32F1xx_HAL_Driver/Src/stm32f1xx_hal_pcd.c ****             PCD_SET_EP_RX_CNT(hpcd->Instance, PCD_ENDP0, ep->maxpacket);
2298:Drivers/STM32F1xx_HAL_Driver/Src/stm32f1xx_hal_pcd.c ****             PCD_SET_EP_RX_STATUS(hpcd->Instance, PCD_ENDP0, USB_EP_RX_VALID);
2299:Drivers/STM32F1xx_HAL_Driver/Src/stm32f1xx_hal_pcd.c ****           }
2300:Drivers/STM32F1xx_HAL_Driver/Src/stm32f1xx_hal_pcd.c ****         }
2301:Drivers/STM32F1xx_HAL_Driver/Src/stm32f1xx_hal_pcd.c ****       }
2302:Drivers/STM32F1xx_HAL_Driver/Src/stm32f1xx_hal_pcd.c ****     }
2303:Drivers/STM32F1xx_HAL_Driver/Src/stm32f1xx_hal_pcd.c ****     else
2304:Drivers/STM32F1xx_HAL_Driver/Src/stm32f1xx_hal_pcd.c ****     {
2305:Drivers/STM32F1xx_HAL_Driver/Src/stm32f1xx_hal_pcd.c ****       /* Decode and service non control endpoints interrupt */
2306:Drivers/STM32F1xx_HAL_Driver/Src/stm32f1xx_hal_pcd.c ****       /* process related endpoint register */
2307:Drivers/STM32F1xx_HAL_Driver/Src/stm32f1xx_hal_pcd.c ****       wEPVal = PCD_GET_ENDPOINT(hpcd->Instance, epindex);
2308:Drivers/STM32F1xx_HAL_Driver/Src/stm32f1xx_hal_pcd.c **** 
2309:Drivers/STM32F1xx_HAL_Driver/Src/stm32f1xx_hal_pcd.c ****       if ((wEPVal & USB_EP_CTR_RX) != 0U)
2310:Drivers/STM32F1xx_HAL_Driver/Src/stm32f1xx_hal_pcd.c ****       {
2311:Drivers/STM32F1xx_HAL_Driver/Src/stm32f1xx_hal_pcd.c ****         /* clear int flag */
2312:Drivers/STM32F1xx_HAL_Driver/Src/stm32f1xx_hal_pcd.c ****         PCD_CLEAR_RX_EP_CTR(hpcd->Instance, epindex);
ARM GAS  C:\Users\crist\AppData\Local\Temp\ccYt1KLW.s 			page 42


2313:Drivers/STM32F1xx_HAL_Driver/Src/stm32f1xx_hal_pcd.c ****         ep = &hpcd->OUT_ep[epindex];
2314:Drivers/STM32F1xx_HAL_Driver/Src/stm32f1xx_hal_pcd.c **** 
2315:Drivers/STM32F1xx_HAL_Driver/Src/stm32f1xx_hal_pcd.c ****         /* OUT Single Buffering */
2316:Drivers/STM32F1xx_HAL_Driver/Src/stm32f1xx_hal_pcd.c ****         if (ep->doublebuffer == 0U)
2317:Drivers/STM32F1xx_HAL_Driver/Src/stm32f1xx_hal_pcd.c ****         {
2318:Drivers/STM32F1xx_HAL_Driver/Src/stm32f1xx_hal_pcd.c ****           count = (uint16_t)PCD_GET_EP_RX_CNT(hpcd->Instance, ep->num);
2319:Drivers/STM32F1xx_HAL_Driver/Src/stm32f1xx_hal_pcd.c **** 
2320:Drivers/STM32F1xx_HAL_Driver/Src/stm32f1xx_hal_pcd.c ****           if (count != 0U)
2321:Drivers/STM32F1xx_HAL_Driver/Src/stm32f1xx_hal_pcd.c ****           {
2322:Drivers/STM32F1xx_HAL_Driver/Src/stm32f1xx_hal_pcd.c ****             USB_ReadPMA(hpcd->Instance, ep->xfer_buff, ep->pmaadress, count);
2323:Drivers/STM32F1xx_HAL_Driver/Src/stm32f1xx_hal_pcd.c ****           }
2324:Drivers/STM32F1xx_HAL_Driver/Src/stm32f1xx_hal_pcd.c ****         }
2325:Drivers/STM32F1xx_HAL_Driver/Src/stm32f1xx_hal_pcd.c **** #if (USE_USB_DOUBLE_BUFFER == 1U)
2326:Drivers/STM32F1xx_HAL_Driver/Src/stm32f1xx_hal_pcd.c ****         else
2327:Drivers/STM32F1xx_HAL_Driver/Src/stm32f1xx_hal_pcd.c ****         {
2328:Drivers/STM32F1xx_HAL_Driver/Src/stm32f1xx_hal_pcd.c ****           /* manage double buffer bulk out */
2329:Drivers/STM32F1xx_HAL_Driver/Src/stm32f1xx_hal_pcd.c ****           if (ep->type == EP_TYPE_BULK)
2330:Drivers/STM32F1xx_HAL_Driver/Src/stm32f1xx_hal_pcd.c ****           {
2331:Drivers/STM32F1xx_HAL_Driver/Src/stm32f1xx_hal_pcd.c ****             count = HAL_PCD_EP_DB_Receive(hpcd, ep, wEPVal);
2332:Drivers/STM32F1xx_HAL_Driver/Src/stm32f1xx_hal_pcd.c ****           }
2333:Drivers/STM32F1xx_HAL_Driver/Src/stm32f1xx_hal_pcd.c ****           else /* manage double buffer iso out */
2334:Drivers/STM32F1xx_HAL_Driver/Src/stm32f1xx_hal_pcd.c ****           {
2335:Drivers/STM32F1xx_HAL_Driver/Src/stm32f1xx_hal_pcd.c ****             /* free EP OUT Buffer */
2336:Drivers/STM32F1xx_HAL_Driver/Src/stm32f1xx_hal_pcd.c ****             PCD_FREE_USER_BUFFER(hpcd->Instance, ep->num, 0U);
2337:Drivers/STM32F1xx_HAL_Driver/Src/stm32f1xx_hal_pcd.c **** 
2338:Drivers/STM32F1xx_HAL_Driver/Src/stm32f1xx_hal_pcd.c ****             if ((PCD_GET_ENDPOINT(hpcd->Instance, ep->num) & USB_EP_DTOG_RX) != 0U)
2339:Drivers/STM32F1xx_HAL_Driver/Src/stm32f1xx_hal_pcd.c ****             {
2340:Drivers/STM32F1xx_HAL_Driver/Src/stm32f1xx_hal_pcd.c ****               /* read from endpoint BUF0Addr buffer */
2341:Drivers/STM32F1xx_HAL_Driver/Src/stm32f1xx_hal_pcd.c ****               count = (uint16_t)PCD_GET_EP_DBUF0_CNT(hpcd->Instance, ep->num);
2342:Drivers/STM32F1xx_HAL_Driver/Src/stm32f1xx_hal_pcd.c **** 
2343:Drivers/STM32F1xx_HAL_Driver/Src/stm32f1xx_hal_pcd.c ****               if (count != 0U)
2344:Drivers/STM32F1xx_HAL_Driver/Src/stm32f1xx_hal_pcd.c ****               {
2345:Drivers/STM32F1xx_HAL_Driver/Src/stm32f1xx_hal_pcd.c ****                 USB_ReadPMA(hpcd->Instance, ep->xfer_buff, ep->pmaaddr0, count);
2346:Drivers/STM32F1xx_HAL_Driver/Src/stm32f1xx_hal_pcd.c ****               }
2347:Drivers/STM32F1xx_HAL_Driver/Src/stm32f1xx_hal_pcd.c ****             }
2348:Drivers/STM32F1xx_HAL_Driver/Src/stm32f1xx_hal_pcd.c ****             else
2349:Drivers/STM32F1xx_HAL_Driver/Src/stm32f1xx_hal_pcd.c ****             {
2350:Drivers/STM32F1xx_HAL_Driver/Src/stm32f1xx_hal_pcd.c ****               /* read from endpoint BUF1Addr buffer */
2351:Drivers/STM32F1xx_HAL_Driver/Src/stm32f1xx_hal_pcd.c ****               count = (uint16_t)PCD_GET_EP_DBUF1_CNT(hpcd->Instance, ep->num);
2352:Drivers/STM32F1xx_HAL_Driver/Src/stm32f1xx_hal_pcd.c **** 
2353:Drivers/STM32F1xx_HAL_Driver/Src/stm32f1xx_hal_pcd.c ****               if (count != 0U)
2354:Drivers/STM32F1xx_HAL_Driver/Src/stm32f1xx_hal_pcd.c ****               {
2355:Drivers/STM32F1xx_HAL_Driver/Src/stm32f1xx_hal_pcd.c ****                 USB_ReadPMA(hpcd->Instance, ep->xfer_buff, ep->pmaaddr1, count);
2356:Drivers/STM32F1xx_HAL_Driver/Src/stm32f1xx_hal_pcd.c ****               }
2357:Drivers/STM32F1xx_HAL_Driver/Src/stm32f1xx_hal_pcd.c ****             }
2358:Drivers/STM32F1xx_HAL_Driver/Src/stm32f1xx_hal_pcd.c ****           }
2359:Drivers/STM32F1xx_HAL_Driver/Src/stm32f1xx_hal_pcd.c ****         }
2360:Drivers/STM32F1xx_HAL_Driver/Src/stm32f1xx_hal_pcd.c **** #endif /* (USE_USB_DOUBLE_BUFFER == 1U) */
2361:Drivers/STM32F1xx_HAL_Driver/Src/stm32f1xx_hal_pcd.c **** 
2362:Drivers/STM32F1xx_HAL_Driver/Src/stm32f1xx_hal_pcd.c ****         /* multi-packet on the NON control OUT endpoint */
2363:Drivers/STM32F1xx_HAL_Driver/Src/stm32f1xx_hal_pcd.c ****         ep->xfer_count += count;
2364:Drivers/STM32F1xx_HAL_Driver/Src/stm32f1xx_hal_pcd.c ****         ep->xfer_buff += count;
2365:Drivers/STM32F1xx_HAL_Driver/Src/stm32f1xx_hal_pcd.c **** 
2366:Drivers/STM32F1xx_HAL_Driver/Src/stm32f1xx_hal_pcd.c ****         if ((ep->xfer_len == 0U) || (count < ep->maxpacket))
2367:Drivers/STM32F1xx_HAL_Driver/Src/stm32f1xx_hal_pcd.c ****         {
2368:Drivers/STM32F1xx_HAL_Driver/Src/stm32f1xx_hal_pcd.c ****           /* RX COMPLETE */
2369:Drivers/STM32F1xx_HAL_Driver/Src/stm32f1xx_hal_pcd.c **** #if (USE_HAL_PCD_REGISTER_CALLBACKS == 1U)
ARM GAS  C:\Users\crist\AppData\Local\Temp\ccYt1KLW.s 			page 43


2370:Drivers/STM32F1xx_HAL_Driver/Src/stm32f1xx_hal_pcd.c ****           hpcd->DataOutStageCallback(hpcd, ep->num);
2371:Drivers/STM32F1xx_HAL_Driver/Src/stm32f1xx_hal_pcd.c **** #else
2372:Drivers/STM32F1xx_HAL_Driver/Src/stm32f1xx_hal_pcd.c ****           HAL_PCD_DataOutStageCallback(hpcd, ep->num);
2373:Drivers/STM32F1xx_HAL_Driver/Src/stm32f1xx_hal_pcd.c **** #endif /* USE_HAL_PCD_REGISTER_CALLBACKS */
2374:Drivers/STM32F1xx_HAL_Driver/Src/stm32f1xx_hal_pcd.c ****         }
2375:Drivers/STM32F1xx_HAL_Driver/Src/stm32f1xx_hal_pcd.c ****         else
2376:Drivers/STM32F1xx_HAL_Driver/Src/stm32f1xx_hal_pcd.c ****         {
2377:Drivers/STM32F1xx_HAL_Driver/Src/stm32f1xx_hal_pcd.c ****           (void)USB_EPStartXfer(hpcd->Instance, ep);
2378:Drivers/STM32F1xx_HAL_Driver/Src/stm32f1xx_hal_pcd.c ****         }
2379:Drivers/STM32F1xx_HAL_Driver/Src/stm32f1xx_hal_pcd.c ****       }
2380:Drivers/STM32F1xx_HAL_Driver/Src/stm32f1xx_hal_pcd.c **** 
2381:Drivers/STM32F1xx_HAL_Driver/Src/stm32f1xx_hal_pcd.c ****       if ((wEPVal & USB_EP_CTR_TX) != 0U)
2382:Drivers/STM32F1xx_HAL_Driver/Src/stm32f1xx_hal_pcd.c ****       {
2383:Drivers/STM32F1xx_HAL_Driver/Src/stm32f1xx_hal_pcd.c ****         ep = &hpcd->IN_ep[epindex];
2384:Drivers/STM32F1xx_HAL_Driver/Src/stm32f1xx_hal_pcd.c **** 
2385:Drivers/STM32F1xx_HAL_Driver/Src/stm32f1xx_hal_pcd.c ****         /* clear int flag */
2386:Drivers/STM32F1xx_HAL_Driver/Src/stm32f1xx_hal_pcd.c ****         PCD_CLEAR_TX_EP_CTR(hpcd->Instance, epindex);
2387:Drivers/STM32F1xx_HAL_Driver/Src/stm32f1xx_hal_pcd.c **** 
2388:Drivers/STM32F1xx_HAL_Driver/Src/stm32f1xx_hal_pcd.c ****         if (ep->type == EP_TYPE_ISOC)
2389:Drivers/STM32F1xx_HAL_Driver/Src/stm32f1xx_hal_pcd.c ****         {
2390:Drivers/STM32F1xx_HAL_Driver/Src/stm32f1xx_hal_pcd.c ****           ep->xfer_len = 0U;
2391:Drivers/STM32F1xx_HAL_Driver/Src/stm32f1xx_hal_pcd.c **** 
2392:Drivers/STM32F1xx_HAL_Driver/Src/stm32f1xx_hal_pcd.c **** #if (USE_USB_DOUBLE_BUFFER == 1U)
2393:Drivers/STM32F1xx_HAL_Driver/Src/stm32f1xx_hal_pcd.c ****           if (ep->doublebuffer != 0U)
2394:Drivers/STM32F1xx_HAL_Driver/Src/stm32f1xx_hal_pcd.c ****           {
2395:Drivers/STM32F1xx_HAL_Driver/Src/stm32f1xx_hal_pcd.c ****             if ((wEPVal & USB_EP_DTOG_TX) != 0U)
2396:Drivers/STM32F1xx_HAL_Driver/Src/stm32f1xx_hal_pcd.c ****             {
2397:Drivers/STM32F1xx_HAL_Driver/Src/stm32f1xx_hal_pcd.c ****               PCD_SET_EP_DBUF0_CNT(hpcd->Instance, ep->num, ep->is_in, 0U);
2398:Drivers/STM32F1xx_HAL_Driver/Src/stm32f1xx_hal_pcd.c ****             }
2399:Drivers/STM32F1xx_HAL_Driver/Src/stm32f1xx_hal_pcd.c ****             else
2400:Drivers/STM32F1xx_HAL_Driver/Src/stm32f1xx_hal_pcd.c ****             {
2401:Drivers/STM32F1xx_HAL_Driver/Src/stm32f1xx_hal_pcd.c ****               PCD_SET_EP_DBUF1_CNT(hpcd->Instance, ep->num, ep->is_in, 0U);
2402:Drivers/STM32F1xx_HAL_Driver/Src/stm32f1xx_hal_pcd.c ****             }
2403:Drivers/STM32F1xx_HAL_Driver/Src/stm32f1xx_hal_pcd.c ****           }
2404:Drivers/STM32F1xx_HAL_Driver/Src/stm32f1xx_hal_pcd.c **** #endif /* (USE_USB_DOUBLE_BUFFER == 1U) */
2405:Drivers/STM32F1xx_HAL_Driver/Src/stm32f1xx_hal_pcd.c **** 
2406:Drivers/STM32F1xx_HAL_Driver/Src/stm32f1xx_hal_pcd.c ****           /* TX COMPLETE */
2407:Drivers/STM32F1xx_HAL_Driver/Src/stm32f1xx_hal_pcd.c **** #if (USE_HAL_PCD_REGISTER_CALLBACKS == 1U)
2408:Drivers/STM32F1xx_HAL_Driver/Src/stm32f1xx_hal_pcd.c ****           hpcd->DataInStageCallback(hpcd, ep->num);
2409:Drivers/STM32F1xx_HAL_Driver/Src/stm32f1xx_hal_pcd.c **** #else
2410:Drivers/STM32F1xx_HAL_Driver/Src/stm32f1xx_hal_pcd.c ****           HAL_PCD_DataInStageCallback(hpcd, ep->num);
2411:Drivers/STM32F1xx_HAL_Driver/Src/stm32f1xx_hal_pcd.c **** #endif /* USE_HAL_PCD_REGISTER_CALLBACKS */
2412:Drivers/STM32F1xx_HAL_Driver/Src/stm32f1xx_hal_pcd.c ****         }
2413:Drivers/STM32F1xx_HAL_Driver/Src/stm32f1xx_hal_pcd.c ****         else
2414:Drivers/STM32F1xx_HAL_Driver/Src/stm32f1xx_hal_pcd.c ****         {
2415:Drivers/STM32F1xx_HAL_Driver/Src/stm32f1xx_hal_pcd.c ****           /* Manage Single Buffer Transaction */
2416:Drivers/STM32F1xx_HAL_Driver/Src/stm32f1xx_hal_pcd.c ****           if ((wEPVal & USB_EP_KIND) == 0U)
2417:Drivers/STM32F1xx_HAL_Driver/Src/stm32f1xx_hal_pcd.c ****           {
2418:Drivers/STM32F1xx_HAL_Driver/Src/stm32f1xx_hal_pcd.c ****             /* multi-packet on the NON control IN endpoint */
2419:Drivers/STM32F1xx_HAL_Driver/Src/stm32f1xx_hal_pcd.c ****             TxPctSize = (uint16_t)PCD_GET_EP_TX_CNT(hpcd->Instance, ep->num);
2420:Drivers/STM32F1xx_HAL_Driver/Src/stm32f1xx_hal_pcd.c **** 
2421:Drivers/STM32F1xx_HAL_Driver/Src/stm32f1xx_hal_pcd.c ****             if (ep->xfer_len > TxPctSize)
2422:Drivers/STM32F1xx_HAL_Driver/Src/stm32f1xx_hal_pcd.c ****             {
2423:Drivers/STM32F1xx_HAL_Driver/Src/stm32f1xx_hal_pcd.c ****               ep->xfer_len -= TxPctSize;
2424:Drivers/STM32F1xx_HAL_Driver/Src/stm32f1xx_hal_pcd.c ****             }
2425:Drivers/STM32F1xx_HAL_Driver/Src/stm32f1xx_hal_pcd.c ****             else
2426:Drivers/STM32F1xx_HAL_Driver/Src/stm32f1xx_hal_pcd.c ****             {
ARM GAS  C:\Users\crist\AppData\Local\Temp\ccYt1KLW.s 			page 44


2427:Drivers/STM32F1xx_HAL_Driver/Src/stm32f1xx_hal_pcd.c ****               ep->xfer_len = 0U;
2428:Drivers/STM32F1xx_HAL_Driver/Src/stm32f1xx_hal_pcd.c ****             }
2429:Drivers/STM32F1xx_HAL_Driver/Src/stm32f1xx_hal_pcd.c **** 
2430:Drivers/STM32F1xx_HAL_Driver/Src/stm32f1xx_hal_pcd.c ****             /* Zero Length Packet? */
2431:Drivers/STM32F1xx_HAL_Driver/Src/stm32f1xx_hal_pcd.c ****             if (ep->xfer_len == 0U)
2432:Drivers/STM32F1xx_HAL_Driver/Src/stm32f1xx_hal_pcd.c ****             {
2433:Drivers/STM32F1xx_HAL_Driver/Src/stm32f1xx_hal_pcd.c ****               /* TX COMPLETE */
2434:Drivers/STM32F1xx_HAL_Driver/Src/stm32f1xx_hal_pcd.c **** #if (USE_HAL_PCD_REGISTER_CALLBACKS == 1U)
2435:Drivers/STM32F1xx_HAL_Driver/Src/stm32f1xx_hal_pcd.c ****               hpcd->DataInStageCallback(hpcd, ep->num);
2436:Drivers/STM32F1xx_HAL_Driver/Src/stm32f1xx_hal_pcd.c **** #else
2437:Drivers/STM32F1xx_HAL_Driver/Src/stm32f1xx_hal_pcd.c ****               HAL_PCD_DataInStageCallback(hpcd, ep->num);
2438:Drivers/STM32F1xx_HAL_Driver/Src/stm32f1xx_hal_pcd.c **** #endif /* USE_HAL_PCD_REGISTER_CALLBACKS */
2439:Drivers/STM32F1xx_HAL_Driver/Src/stm32f1xx_hal_pcd.c ****             }
2440:Drivers/STM32F1xx_HAL_Driver/Src/stm32f1xx_hal_pcd.c ****             else
2441:Drivers/STM32F1xx_HAL_Driver/Src/stm32f1xx_hal_pcd.c ****             {
2442:Drivers/STM32F1xx_HAL_Driver/Src/stm32f1xx_hal_pcd.c ****               /* Transfer is not yet Done */
2443:Drivers/STM32F1xx_HAL_Driver/Src/stm32f1xx_hal_pcd.c ****               ep->xfer_buff += TxPctSize;
2444:Drivers/STM32F1xx_HAL_Driver/Src/stm32f1xx_hal_pcd.c ****               ep->xfer_count += TxPctSize;
2445:Drivers/STM32F1xx_HAL_Driver/Src/stm32f1xx_hal_pcd.c ****               (void)USB_EPStartXfer(hpcd->Instance, ep);
2446:Drivers/STM32F1xx_HAL_Driver/Src/stm32f1xx_hal_pcd.c ****             }
2447:Drivers/STM32F1xx_HAL_Driver/Src/stm32f1xx_hal_pcd.c ****           }
2448:Drivers/STM32F1xx_HAL_Driver/Src/stm32f1xx_hal_pcd.c **** #if (USE_USB_DOUBLE_BUFFER == 1U)
2449:Drivers/STM32F1xx_HAL_Driver/Src/stm32f1xx_hal_pcd.c ****           /* Double Buffer bulk IN (bulk transfer Len > Ep_Mps) */
2450:Drivers/STM32F1xx_HAL_Driver/Src/stm32f1xx_hal_pcd.c ****           else
2451:Drivers/STM32F1xx_HAL_Driver/Src/stm32f1xx_hal_pcd.c ****           {
2452:Drivers/STM32F1xx_HAL_Driver/Src/stm32f1xx_hal_pcd.c ****             (void)HAL_PCD_EP_DB_Transmit(hpcd, ep, wEPVal);
2453:Drivers/STM32F1xx_HAL_Driver/Src/stm32f1xx_hal_pcd.c ****           }
2454:Drivers/STM32F1xx_HAL_Driver/Src/stm32f1xx_hal_pcd.c **** #endif /* (USE_USB_DOUBLE_BUFFER == 1U) */
2455:Drivers/STM32F1xx_HAL_Driver/Src/stm32f1xx_hal_pcd.c ****         }
2456:Drivers/STM32F1xx_HAL_Driver/Src/stm32f1xx_hal_pcd.c ****       }
2457:Drivers/STM32F1xx_HAL_Driver/Src/stm32f1xx_hal_pcd.c ****     }
2458:Drivers/STM32F1xx_HAL_Driver/Src/stm32f1xx_hal_pcd.c ****   }
2459:Drivers/STM32F1xx_HAL_Driver/Src/stm32f1xx_hal_pcd.c **** 
2460:Drivers/STM32F1xx_HAL_Driver/Src/stm32f1xx_hal_pcd.c ****   return HAL_OK;
2461:Drivers/STM32F1xx_HAL_Driver/Src/stm32f1xx_hal_pcd.c **** }
2462:Drivers/STM32F1xx_HAL_Driver/Src/stm32f1xx_hal_pcd.c **** 
2463:Drivers/STM32F1xx_HAL_Driver/Src/stm32f1xx_hal_pcd.c **** 
2464:Drivers/STM32F1xx_HAL_Driver/Src/stm32f1xx_hal_pcd.c **** #if (USE_USB_DOUBLE_BUFFER == 1U)
2465:Drivers/STM32F1xx_HAL_Driver/Src/stm32f1xx_hal_pcd.c **** /**
2466:Drivers/STM32F1xx_HAL_Driver/Src/stm32f1xx_hal_pcd.c ****   * @brief  Manage double buffer bulk out transaction from ISR
2467:Drivers/STM32F1xx_HAL_Driver/Src/stm32f1xx_hal_pcd.c ****   * @param  hpcd PCD handle
2468:Drivers/STM32F1xx_HAL_Driver/Src/stm32f1xx_hal_pcd.c ****   * @param  ep current endpoint handle
2469:Drivers/STM32F1xx_HAL_Driver/Src/stm32f1xx_hal_pcd.c ****   * @param  wEPVal Last snapshot of EPRx register value taken in ISR
2470:Drivers/STM32F1xx_HAL_Driver/Src/stm32f1xx_hal_pcd.c ****   * @retval HAL status
2471:Drivers/STM32F1xx_HAL_Driver/Src/stm32f1xx_hal_pcd.c ****   */
2472:Drivers/STM32F1xx_HAL_Driver/Src/stm32f1xx_hal_pcd.c **** static uint16_t HAL_PCD_EP_DB_Receive(PCD_HandleTypeDef *hpcd,
2473:Drivers/STM32F1xx_HAL_Driver/Src/stm32f1xx_hal_pcd.c ****                                       PCD_EPTypeDef *ep, uint16_t wEPVal)
2474:Drivers/STM32F1xx_HAL_Driver/Src/stm32f1xx_hal_pcd.c **** {
  27              		.loc 1 2474 1 view -0
  28              		.cfi_startproc
  29              		@ args = 0, pretend = 0, frame = 0
  30              		@ frame_needed = 0, uses_anonymous_args = 0
  31              		.loc 1 2474 1 is_stmt 0 view .LVU1
  32 0000 38B5     		push	{r3, r4, r5, lr}
  33              	.LCFI0:
  34              		.cfi_def_cfa_offset 16
  35              		.cfi_offset 3, -16
ARM GAS  C:\Users\crist\AppData\Local\Temp\ccYt1KLW.s 			page 45


  36              		.cfi_offset 4, -12
  37              		.cfi_offset 5, -8
  38              		.cfi_offset 14, -4
2475:Drivers/STM32F1xx_HAL_Driver/Src/stm32f1xx_hal_pcd.c ****   uint16_t count;
  39              		.loc 1 2475 3 is_stmt 1 view .LVU2
2476:Drivers/STM32F1xx_HAL_Driver/Src/stm32f1xx_hal_pcd.c **** 
2477:Drivers/STM32F1xx_HAL_Driver/Src/stm32f1xx_hal_pcd.c ****   /* Manage Buffer0 OUT */
2478:Drivers/STM32F1xx_HAL_Driver/Src/stm32f1xx_hal_pcd.c ****   if ((wEPVal & USB_EP_DTOG_RX) != 0U)
  40              		.loc 1 2478 3 view .LVU3
  41              		.loc 1 2478 6 is_stmt 0 view .LVU4
  42 0002 12F4804F 		tst	r2, #16384
  43 0006 44D0     		beq	.L2
2479:Drivers/STM32F1xx_HAL_Driver/Src/stm32f1xx_hal_pcd.c ****   {
2480:Drivers/STM32F1xx_HAL_Driver/Src/stm32f1xx_hal_pcd.c ****     /* Get count of received Data on buffer0 */
2481:Drivers/STM32F1xx_HAL_Driver/Src/stm32f1xx_hal_pcd.c ****     count = (uint16_t)PCD_GET_EP_DBUF0_CNT(hpcd->Instance, ep->num);
  44              		.loc 1 2481 5 is_stmt 1 view .LVU5
  45              		.loc 1 2481 23 is_stmt 0 view .LVU6
  46 0008 0468     		ldr	r4, [r0]
  47 000a B4F85030 		ldrh	r3, [r4, #80]
  48 000e 9BB2     		uxth	r3, r3
  49 0010 91F800C0 		ldrb	ip, [r1]	@ zero_extendqisi2
  50 0014 03EBCC03 		add	r3, r3, ip, lsl #3
  51 0018 0233     		adds	r3, r3, #2
  52 001a 04EB4304 		add	r4, r4, r3, lsl #1
  53 001e B4F80044 		ldrh	r4, [r4, #1024]
  54              		.loc 1 2481 11 view .LVU7
  55 0022 C4F30904 		ubfx	r4, r4, #0, #10
  56              	.LVL1:
2482:Drivers/STM32F1xx_HAL_Driver/Src/stm32f1xx_hal_pcd.c **** 
2483:Drivers/STM32F1xx_HAL_Driver/Src/stm32f1xx_hal_pcd.c ****     if (ep->xfer_len >= count)
  57              		.loc 1 2483 5 is_stmt 1 view .LVU8
  58              		.loc 1 2483 11 is_stmt 0 view .LVU9
  59 0026 8B69     		ldr	r3, [r1, #24]
  60              		.loc 1 2483 8 view .LVU10
  61 0028 A342     		cmp	r3, r4
  62 002a 28D3     		bcc	.L3
2484:Drivers/STM32F1xx_HAL_Driver/Src/stm32f1xx_hal_pcd.c ****     {
2485:Drivers/STM32F1xx_HAL_Driver/Src/stm32f1xx_hal_pcd.c ****       ep->xfer_len -= count;
  63              		.loc 1 2485 7 is_stmt 1 view .LVU11
  64              		.loc 1 2485 20 is_stmt 0 view .LVU12
  65 002c 1B1B     		subs	r3, r3, r4
  66 002e 8B61     		str	r3, [r1, #24]
  67              	.L4:
2486:Drivers/STM32F1xx_HAL_Driver/Src/stm32f1xx_hal_pcd.c ****     }
2487:Drivers/STM32F1xx_HAL_Driver/Src/stm32f1xx_hal_pcd.c ****     else
2488:Drivers/STM32F1xx_HAL_Driver/Src/stm32f1xx_hal_pcd.c ****     {
2489:Drivers/STM32F1xx_HAL_Driver/Src/stm32f1xx_hal_pcd.c ****       ep->xfer_len = 0U;
2490:Drivers/STM32F1xx_HAL_Driver/Src/stm32f1xx_hal_pcd.c ****     }
2491:Drivers/STM32F1xx_HAL_Driver/Src/stm32f1xx_hal_pcd.c **** 
2492:Drivers/STM32F1xx_HAL_Driver/Src/stm32f1xx_hal_pcd.c ****     if (ep->xfer_len == 0U)
  68              		.loc 1 2492 5 is_stmt 1 view .LVU13
  69              		.loc 1 2492 11 is_stmt 0 view .LVU14
  70 0030 8B69     		ldr	r3, [r1, #24]
  71              		.loc 1 2492 8 view .LVU15
  72 0032 7BB9     		cbnz	r3, .L5
2493:Drivers/STM32F1xx_HAL_Driver/Src/stm32f1xx_hal_pcd.c ****     {
2494:Drivers/STM32F1xx_HAL_Driver/Src/stm32f1xx_hal_pcd.c ****       /* set NAK to OUT endpoint since double buffer is enabled */
ARM GAS  C:\Users\crist\AppData\Local\Temp\ccYt1KLW.s 			page 46


2495:Drivers/STM32F1xx_HAL_Driver/Src/stm32f1xx_hal_pcd.c ****       PCD_SET_EP_RX_STATUS(hpcd->Instance, ep->num, USB_EP_RX_NAK);
  73              		.loc 1 2495 7 is_stmt 1 view .LVU16
  74              	.LBB2:
  75              		.loc 1 2495 7 view .LVU17
  76              		.loc 1 2495 7 view .LVU18
  77 0034 0568     		ldr	r5, [r0]
  78 0036 35F82C30 		ldrh	r3, [r5, ip, lsl #2]
  79 003a 9BB2     		uxth	r3, r3
  80 003c 23F48043 		bic	r3, r3, #16384
  81 0040 23F07003 		bic	r3, r3, #112
  82              	.LVL2:
  83              		.loc 1 2495 7 view .LVU19
  84              		.loc 1 2495 7 discriminator 3 view .LVU20
  85              		.loc 1 2495 7 discriminator 4 view .LVU21
  86 0044 83F40053 		eor	r3, r3, #8192
  87              	.LVL3:
  88              		.loc 1 2495 7 discriminator 6 view .LVU22
  89 0048 43F40043 		orr	r3, r3, #32768
  90              	.LVL4:
  91              		.loc 1 2495 7 is_stmt 0 discriminator 6 view .LVU23
  92 004c 43F08003 		orr	r3, r3, #128
  93 0050 25F82C30 		strh	r3, [r5, ip, lsl #2]	@ movhi
  94              	.LVL5:
  95              	.L5:
  96              		.loc 1 2495 7 discriminator 6 view .LVU24
  97              	.LBE2:
  98              		.loc 1 2495 7 is_stmt 1 view .LVU25
2496:Drivers/STM32F1xx_HAL_Driver/Src/stm32f1xx_hal_pcd.c ****     }
2497:Drivers/STM32F1xx_HAL_Driver/Src/stm32f1xx_hal_pcd.c **** 
2498:Drivers/STM32F1xx_HAL_Driver/Src/stm32f1xx_hal_pcd.c ****     /* Check if Buffer1 is in blocked state which requires to toggle */
2499:Drivers/STM32F1xx_HAL_Driver/Src/stm32f1xx_hal_pcd.c ****     if ((wEPVal & USB_EP_DTOG_TX) != 0U)
  99              		.loc 1 2499 5 view .LVU26
 100              		.loc 1 2499 8 is_stmt 0 view .LVU27
 101 0054 12F0400F 		tst	r2, #64
 102 0058 0ED0     		beq	.L6
2500:Drivers/STM32F1xx_HAL_Driver/Src/stm32f1xx_hal_pcd.c ****     {
2501:Drivers/STM32F1xx_HAL_Driver/Src/stm32f1xx_hal_pcd.c ****       PCD_FREE_USER_BUFFER(hpcd->Instance, ep->num, 0U);
 103              		.loc 1 2501 7 is_stmt 1 view .LVU28
 104              		.loc 1 2501 7 view .LVU29
 105              		.loc 1 2501 7 discriminator 1 view .LVU30
 106              	.LBB3:
 107              		.loc 1 2501 7 discriminator 1 view .LVU31
 108              		.loc 1 2501 7 discriminator 1 view .LVU32
 109 005a 0268     		ldr	r2, [r0]
 110              	.LVL6:
 111              		.loc 1 2501 7 is_stmt 0 discriminator 1 view .LVU33
 112 005c 0D78     		ldrb	r5, [r1]	@ zero_extendqisi2
 113 005e 32F82530 		ldrh	r3, [r2, r5, lsl #2]
 114 0062 9BB2     		uxth	r3, r3
 115 0064 23F4E043 		bic	r3, r3, #28672
 116 0068 23F07003 		bic	r3, r3, #112
 117              	.LVL7:
 118              		.loc 1 2501 7 is_stmt 1 view .LVU34
 119              		.loc 1 2501 7 is_stmt 0 discriminator 1 view .LVU35
 120 006c 43F40043 		orr	r3, r3, #32768
 121              	.LVL8:
 122              		.loc 1 2501 7 discriminator 1 view .LVU36
ARM GAS  C:\Users\crist\AppData\Local\Temp\ccYt1KLW.s 			page 47


 123 0070 43F0C003 		orr	r3, r3, #192
 124 0074 22F82530 		strh	r3, [r2, r5, lsl #2]	@ movhi
 125              	.LBE3:
 126              		.loc 1 2501 7 is_stmt 1 view .LVU37
 127              	.LVL9:
 128              	.L6:
 129              		.loc 1 2501 7 view .LVU38
 130              		.loc 1 2501 7 view .LVU39
2502:Drivers/STM32F1xx_HAL_Driver/Src/stm32f1xx_hal_pcd.c ****     }
2503:Drivers/STM32F1xx_HAL_Driver/Src/stm32f1xx_hal_pcd.c **** 
2504:Drivers/STM32F1xx_HAL_Driver/Src/stm32f1xx_hal_pcd.c ****     if (count != 0U)
 131              		.loc 1 2504 5 view .LVU40
 132              		.loc 1 2504 8 is_stmt 0 view .LVU41
 133 0078 24B9     		cbnz	r4, .L13
 134              	.LVL10:
 135              	.L7:
2505:Drivers/STM32F1xx_HAL_Driver/Src/stm32f1xx_hal_pcd.c ****     {
2506:Drivers/STM32F1xx_HAL_Driver/Src/stm32f1xx_hal_pcd.c ****       USB_ReadPMA(hpcd->Instance, ep->xfer_buff, ep->pmaaddr0, count);
2507:Drivers/STM32F1xx_HAL_Driver/Src/stm32f1xx_hal_pcd.c ****     }
2508:Drivers/STM32F1xx_HAL_Driver/Src/stm32f1xx_hal_pcd.c ****   }
2509:Drivers/STM32F1xx_HAL_Driver/Src/stm32f1xx_hal_pcd.c ****   /* Manage Buffer 1 DTOG_RX=0 */
2510:Drivers/STM32F1xx_HAL_Driver/Src/stm32f1xx_hal_pcd.c ****   else
2511:Drivers/STM32F1xx_HAL_Driver/Src/stm32f1xx_hal_pcd.c ****   {
2512:Drivers/STM32F1xx_HAL_Driver/Src/stm32f1xx_hal_pcd.c ****     /* Get count of received data */
2513:Drivers/STM32F1xx_HAL_Driver/Src/stm32f1xx_hal_pcd.c ****     count = (uint16_t)PCD_GET_EP_DBUF1_CNT(hpcd->Instance, ep->num);
2514:Drivers/STM32F1xx_HAL_Driver/Src/stm32f1xx_hal_pcd.c **** 
2515:Drivers/STM32F1xx_HAL_Driver/Src/stm32f1xx_hal_pcd.c ****     if (ep->xfer_len >= count)
2516:Drivers/STM32F1xx_HAL_Driver/Src/stm32f1xx_hal_pcd.c ****     {
2517:Drivers/STM32F1xx_HAL_Driver/Src/stm32f1xx_hal_pcd.c ****       ep->xfer_len -= count;
2518:Drivers/STM32F1xx_HAL_Driver/Src/stm32f1xx_hal_pcd.c ****     }
2519:Drivers/STM32F1xx_HAL_Driver/Src/stm32f1xx_hal_pcd.c ****     else
2520:Drivers/STM32F1xx_HAL_Driver/Src/stm32f1xx_hal_pcd.c ****     {
2521:Drivers/STM32F1xx_HAL_Driver/Src/stm32f1xx_hal_pcd.c ****       ep->xfer_len = 0U;
2522:Drivers/STM32F1xx_HAL_Driver/Src/stm32f1xx_hal_pcd.c ****     }
2523:Drivers/STM32F1xx_HAL_Driver/Src/stm32f1xx_hal_pcd.c **** 
2524:Drivers/STM32F1xx_HAL_Driver/Src/stm32f1xx_hal_pcd.c ****     if (ep->xfer_len == 0U)
2525:Drivers/STM32F1xx_HAL_Driver/Src/stm32f1xx_hal_pcd.c ****     {
2526:Drivers/STM32F1xx_HAL_Driver/Src/stm32f1xx_hal_pcd.c ****       /* set NAK on the current endpoint */
2527:Drivers/STM32F1xx_HAL_Driver/Src/stm32f1xx_hal_pcd.c ****       PCD_SET_EP_RX_STATUS(hpcd->Instance, ep->num, USB_EP_RX_NAK);
2528:Drivers/STM32F1xx_HAL_Driver/Src/stm32f1xx_hal_pcd.c ****     }
2529:Drivers/STM32F1xx_HAL_Driver/Src/stm32f1xx_hal_pcd.c **** 
2530:Drivers/STM32F1xx_HAL_Driver/Src/stm32f1xx_hal_pcd.c ****     /*Need to FreeUser Buffer*/
2531:Drivers/STM32F1xx_HAL_Driver/Src/stm32f1xx_hal_pcd.c ****     if ((wEPVal & USB_EP_DTOG_TX) == 0U)
2532:Drivers/STM32F1xx_HAL_Driver/Src/stm32f1xx_hal_pcd.c ****     {
2533:Drivers/STM32F1xx_HAL_Driver/Src/stm32f1xx_hal_pcd.c ****       PCD_FREE_USER_BUFFER(hpcd->Instance, ep->num, 0U);
2534:Drivers/STM32F1xx_HAL_Driver/Src/stm32f1xx_hal_pcd.c ****     }
2535:Drivers/STM32F1xx_HAL_Driver/Src/stm32f1xx_hal_pcd.c **** 
2536:Drivers/STM32F1xx_HAL_Driver/Src/stm32f1xx_hal_pcd.c ****     if (count != 0U)
2537:Drivers/STM32F1xx_HAL_Driver/Src/stm32f1xx_hal_pcd.c ****     {
2538:Drivers/STM32F1xx_HAL_Driver/Src/stm32f1xx_hal_pcd.c ****       USB_ReadPMA(hpcd->Instance, ep->xfer_buff, ep->pmaaddr1, count);
2539:Drivers/STM32F1xx_HAL_Driver/Src/stm32f1xx_hal_pcd.c ****     }
2540:Drivers/STM32F1xx_HAL_Driver/Src/stm32f1xx_hal_pcd.c ****   }
2541:Drivers/STM32F1xx_HAL_Driver/Src/stm32f1xx_hal_pcd.c **** 
2542:Drivers/STM32F1xx_HAL_Driver/Src/stm32f1xx_hal_pcd.c ****   return count;
 136              		.loc 1 2542 3 is_stmt 1 view .LVU42
2543:Drivers/STM32F1xx_HAL_Driver/Src/stm32f1xx_hal_pcd.c **** }
 137              		.loc 1 2543 1 is_stmt 0 view .LVU43
ARM GAS  C:\Users\crist\AppData\Local\Temp\ccYt1KLW.s 			page 48


 138 007a 2046     		mov	r0, r4
 139 007c 38BD     		pop	{r3, r4, r5, pc}
 140              	.LVL11:
 141              	.L3:
2489:Drivers/STM32F1xx_HAL_Driver/Src/stm32f1xx_hal_pcd.c ****     }
 142              		.loc 1 2489 7 is_stmt 1 view .LVU44
2489:Drivers/STM32F1xx_HAL_Driver/Src/stm32f1xx_hal_pcd.c ****     }
 143              		.loc 1 2489 20 is_stmt 0 view .LVU45
 144 007e 0023     		movs	r3, #0
 145 0080 8B61     		str	r3, [r1, #24]
 146 0082 D5E7     		b	.L4
 147              	.LVL12:
 148              	.L13:
2506:Drivers/STM32F1xx_HAL_Driver/Src/stm32f1xx_hal_pcd.c ****     }
 149              		.loc 1 2506 7 is_stmt 1 view .LVU46
 150 0084 2346     		mov	r3, r4
 151 0086 0A89     		ldrh	r2, [r1, #8]
 152 0088 4969     		ldr	r1, [r1, #20]
 153              	.LVL13:
2506:Drivers/STM32F1xx_HAL_Driver/Src/stm32f1xx_hal_pcd.c ****     }
 154              		.loc 1 2506 7 is_stmt 0 view .LVU47
 155 008a 0068     		ldr	r0, [r0]
 156              	.LVL14:
2506:Drivers/STM32F1xx_HAL_Driver/Src/stm32f1xx_hal_pcd.c ****     }
 157              		.loc 1 2506 7 view .LVU48
 158 008c FFF7FEFF 		bl	USB_ReadPMA
 159              	.LVL15:
 160 0090 F3E7     		b	.L7
 161              	.LVL16:
 162              	.L2:
2513:Drivers/STM32F1xx_HAL_Driver/Src/stm32f1xx_hal_pcd.c **** 
 163              		.loc 1 2513 5 is_stmt 1 view .LVU49
2513:Drivers/STM32F1xx_HAL_Driver/Src/stm32f1xx_hal_pcd.c **** 
 164              		.loc 1 2513 23 is_stmt 0 view .LVU50
 165 0092 0468     		ldr	r4, [r0]
 166 0094 B4F85030 		ldrh	r3, [r4, #80]
 167 0098 9BB2     		uxth	r3, r3
 168 009a 91F800C0 		ldrb	ip, [r1]	@ zero_extendqisi2
 169 009e 03EBCC03 		add	r3, r3, ip, lsl #3
 170 00a2 0633     		adds	r3, r3, #6
 171 00a4 04EB4304 		add	r4, r4, r3, lsl #1
 172 00a8 B4F80044 		ldrh	r4, [r4, #1024]
2513:Drivers/STM32F1xx_HAL_Driver/Src/stm32f1xx_hal_pcd.c **** 
 173              		.loc 1 2513 11 view .LVU51
 174 00ac C4F30904 		ubfx	r4, r4, #0, #10
 175              	.LVL17:
2515:Drivers/STM32F1xx_HAL_Driver/Src/stm32f1xx_hal_pcd.c ****     {
 176              		.loc 1 2515 5 is_stmt 1 view .LVU52
2515:Drivers/STM32F1xx_HAL_Driver/Src/stm32f1xx_hal_pcd.c ****     {
 177              		.loc 1 2515 11 is_stmt 0 view .LVU53
 178 00b0 8B69     		ldr	r3, [r1, #24]
2515:Drivers/STM32F1xx_HAL_Driver/Src/stm32f1xx_hal_pcd.c ****     {
 179              		.loc 1 2515 8 view .LVU54
 180 00b2 A342     		cmp	r3, r4
 181 00b4 2FD3     		bcc	.L8
2517:Drivers/STM32F1xx_HAL_Driver/Src/stm32f1xx_hal_pcd.c ****     }
 182              		.loc 1 2517 7 is_stmt 1 view .LVU55
ARM GAS  C:\Users\crist\AppData\Local\Temp\ccYt1KLW.s 			page 49


2517:Drivers/STM32F1xx_HAL_Driver/Src/stm32f1xx_hal_pcd.c ****     }
 183              		.loc 1 2517 20 is_stmt 0 view .LVU56
 184 00b6 1B1B     		subs	r3, r3, r4
 185 00b8 8B61     		str	r3, [r1, #24]
 186              	.L9:
2524:Drivers/STM32F1xx_HAL_Driver/Src/stm32f1xx_hal_pcd.c ****     {
 187              		.loc 1 2524 5 is_stmt 1 view .LVU57
2524:Drivers/STM32F1xx_HAL_Driver/Src/stm32f1xx_hal_pcd.c ****     {
 188              		.loc 1 2524 11 is_stmt 0 view .LVU58
 189 00ba 8B69     		ldr	r3, [r1, #24]
2524:Drivers/STM32F1xx_HAL_Driver/Src/stm32f1xx_hal_pcd.c ****     {
 190              		.loc 1 2524 8 view .LVU59
 191 00bc 7BB9     		cbnz	r3, .L10
2527:Drivers/STM32F1xx_HAL_Driver/Src/stm32f1xx_hal_pcd.c ****     }
 192              		.loc 1 2527 7 is_stmt 1 view .LVU60
 193              	.LBB4:
2527:Drivers/STM32F1xx_HAL_Driver/Src/stm32f1xx_hal_pcd.c ****     }
 194              		.loc 1 2527 7 view .LVU61
2527:Drivers/STM32F1xx_HAL_Driver/Src/stm32f1xx_hal_pcd.c ****     }
 195              		.loc 1 2527 7 view .LVU62
 196 00be 0568     		ldr	r5, [r0]
 197 00c0 35F82C30 		ldrh	r3, [r5, ip, lsl #2]
 198 00c4 9BB2     		uxth	r3, r3
 199 00c6 23F48043 		bic	r3, r3, #16384
 200 00ca 23F07003 		bic	r3, r3, #112
 201              	.LVL18:
2527:Drivers/STM32F1xx_HAL_Driver/Src/stm32f1xx_hal_pcd.c ****     }
 202              		.loc 1 2527 7 view .LVU63
2527:Drivers/STM32F1xx_HAL_Driver/Src/stm32f1xx_hal_pcd.c ****     }
 203              		.loc 1 2527 7 discriminator 3 view .LVU64
2527:Drivers/STM32F1xx_HAL_Driver/Src/stm32f1xx_hal_pcd.c ****     }
 204              		.loc 1 2527 7 discriminator 4 view .LVU65
 205 00ce 83F40053 		eor	r3, r3, #8192
 206              	.LVL19:
2527:Drivers/STM32F1xx_HAL_Driver/Src/stm32f1xx_hal_pcd.c ****     }
 207              		.loc 1 2527 7 discriminator 6 view .LVU66
 208 00d2 43F40043 		orr	r3, r3, #32768
 209              	.LVL20:
2527:Drivers/STM32F1xx_HAL_Driver/Src/stm32f1xx_hal_pcd.c ****     }
 210              		.loc 1 2527 7 is_stmt 0 discriminator 6 view .LVU67
 211 00d6 43F08003 		orr	r3, r3, #128
 212 00da 25F82C30 		strh	r3, [r5, ip, lsl #2]	@ movhi
 213              	.LVL21:
 214              	.L10:
2527:Drivers/STM32F1xx_HAL_Driver/Src/stm32f1xx_hal_pcd.c ****     }
 215              		.loc 1 2527 7 discriminator 6 view .LVU68
 216              	.LBE4:
2527:Drivers/STM32F1xx_HAL_Driver/Src/stm32f1xx_hal_pcd.c ****     }
 217              		.loc 1 2527 7 is_stmt 1 view .LVU69
2531:Drivers/STM32F1xx_HAL_Driver/Src/stm32f1xx_hal_pcd.c ****     {
 218              		.loc 1 2531 5 view .LVU70
2531:Drivers/STM32F1xx_HAL_Driver/Src/stm32f1xx_hal_pcd.c ****     {
 219              		.loc 1 2531 8 is_stmt 0 view .LVU71
 220 00de 12F0400F 		tst	r2, #64
 221 00e2 0FD1     		bne	.L11
2533:Drivers/STM32F1xx_HAL_Driver/Src/stm32f1xx_hal_pcd.c ****     }
 222              		.loc 1 2533 7 is_stmt 1 view .LVU72
ARM GAS  C:\Users\crist\AppData\Local\Temp\ccYt1KLW.s 			page 50


2533:Drivers/STM32F1xx_HAL_Driver/Src/stm32f1xx_hal_pcd.c ****     }
 223              		.loc 1 2533 7 view .LVU73
2533:Drivers/STM32F1xx_HAL_Driver/Src/stm32f1xx_hal_pcd.c ****     }
 224              		.loc 1 2533 7 discriminator 1 view .LVU74
 225              	.LBB5:
2533:Drivers/STM32F1xx_HAL_Driver/Src/stm32f1xx_hal_pcd.c ****     }
 226              		.loc 1 2533 7 discriminator 1 view .LVU75
2533:Drivers/STM32F1xx_HAL_Driver/Src/stm32f1xx_hal_pcd.c ****     }
 227              		.loc 1 2533 7 discriminator 1 view .LVU76
 228 00e4 0268     		ldr	r2, [r0]
 229              	.LVL22:
2533:Drivers/STM32F1xx_HAL_Driver/Src/stm32f1xx_hal_pcd.c ****     }
 230              		.loc 1 2533 7 is_stmt 0 discriminator 1 view .LVU77
 231 00e6 91F800C0 		ldrb	ip, [r1]	@ zero_extendqisi2
 232 00ea 32F82C30 		ldrh	r3, [r2, ip, lsl #2]
 233 00ee 9BB2     		uxth	r3, r3
 234 00f0 23F4E043 		bic	r3, r3, #28672
 235 00f4 23F07003 		bic	r3, r3, #112
 236              	.LVL23:
2533:Drivers/STM32F1xx_HAL_Driver/Src/stm32f1xx_hal_pcd.c ****     }
 237              		.loc 1 2533 7 is_stmt 1 view .LVU78
2533:Drivers/STM32F1xx_HAL_Driver/Src/stm32f1xx_hal_pcd.c ****     }
 238              		.loc 1 2533 7 is_stmt 0 discriminator 1 view .LVU79
 239 00f8 43F40043 		orr	r3, r3, #32768
 240              	.LVL24:
2533:Drivers/STM32F1xx_HAL_Driver/Src/stm32f1xx_hal_pcd.c ****     }
 241              		.loc 1 2533 7 discriminator 1 view .LVU80
 242 00fc 43F0C003 		orr	r3, r3, #192
 243 0100 22F82C30 		strh	r3, [r2, ip, lsl #2]	@ movhi
 244              	.LBE5:
2533:Drivers/STM32F1xx_HAL_Driver/Src/stm32f1xx_hal_pcd.c ****     }
 245              		.loc 1 2533 7 is_stmt 1 view .LVU81
 246              	.LVL25:
 247              	.L11:
2533:Drivers/STM32F1xx_HAL_Driver/Src/stm32f1xx_hal_pcd.c ****     }
 248              		.loc 1 2533 7 view .LVU82
2533:Drivers/STM32F1xx_HAL_Driver/Src/stm32f1xx_hal_pcd.c ****     }
 249              		.loc 1 2533 7 view .LVU83
2536:Drivers/STM32F1xx_HAL_Driver/Src/stm32f1xx_hal_pcd.c ****     {
 250              		.loc 1 2536 5 view .LVU84
2536:Drivers/STM32F1xx_HAL_Driver/Src/stm32f1xx_hal_pcd.c ****     {
 251              		.loc 1 2536 8 is_stmt 0 view .LVU85
 252 0104 002C     		cmp	r4, #0
 253 0106 B8D0     		beq	.L7
2538:Drivers/STM32F1xx_HAL_Driver/Src/stm32f1xx_hal_pcd.c ****     }
 254              		.loc 1 2538 7 is_stmt 1 view .LVU86
 255 0108 2346     		mov	r3, r4
 256 010a 4A89     		ldrh	r2, [r1, #10]
 257 010c 4969     		ldr	r1, [r1, #20]
 258              	.LVL26:
2538:Drivers/STM32F1xx_HAL_Driver/Src/stm32f1xx_hal_pcd.c ****     }
 259              		.loc 1 2538 7 is_stmt 0 view .LVU87
 260 010e 0068     		ldr	r0, [r0]
 261              	.LVL27:
2538:Drivers/STM32F1xx_HAL_Driver/Src/stm32f1xx_hal_pcd.c ****     }
 262              		.loc 1 2538 7 view .LVU88
 263 0110 FFF7FEFF 		bl	USB_ReadPMA
ARM GAS  C:\Users\crist\AppData\Local\Temp\ccYt1KLW.s 			page 51


 264              	.LVL28:
 265 0114 B1E7     		b	.L7
 266              	.LVL29:
 267              	.L8:
2521:Drivers/STM32F1xx_HAL_Driver/Src/stm32f1xx_hal_pcd.c ****     }
 268              		.loc 1 2521 7 is_stmt 1 view .LVU89
2521:Drivers/STM32F1xx_HAL_Driver/Src/stm32f1xx_hal_pcd.c ****     }
 269              		.loc 1 2521 20 is_stmt 0 view .LVU90
 270 0116 0023     		movs	r3, #0
 271 0118 8B61     		str	r3, [r1, #24]
 272 011a CEE7     		b	.L9
 273              		.cfi_endproc
 274              	.LFE100:
 276              		.section	.text.HAL_PCD_MspInit,"ax",%progbits
 277              		.align	1
 278              		.weak	HAL_PCD_MspInit
 279              		.syntax unified
 280              		.thumb
 281              		.thumb_func
 283              	HAL_PCD_MspInit:
 284              	.LVL30:
 285              	.LFB67:
 291:Drivers/STM32F1xx_HAL_Driver/Src/stm32f1xx_hal_pcd.c ****   /* Prevent unused argument(s) compilation warning */
 286              		.loc 1 291 1 is_stmt 1 view -0
 287              		.cfi_startproc
 288              		@ args = 0, pretend = 0, frame = 0
 289              		@ frame_needed = 0, uses_anonymous_args = 0
 290              		@ link register save eliminated.
 293:Drivers/STM32F1xx_HAL_Driver/Src/stm32f1xx_hal_pcd.c **** 
 291              		.loc 1 293 3 view .LVU92
 298:Drivers/STM32F1xx_HAL_Driver/Src/stm32f1xx_hal_pcd.c **** 
 292              		.loc 1 298 1 is_stmt 0 view .LVU93
 293 0000 7047     		bx	lr
 294              		.cfi_endproc
 295              	.LFE67:
 297              		.section	.text.HAL_PCD_Init,"ax",%progbits
 298              		.align	1
 299              		.global	HAL_PCD_Init
 300              		.syntax unified
 301              		.thumb
 302              		.thumb_func
 304              	HAL_PCD_Init:
 305              	.LVL31:
 306              	.LFB65:
 132:Drivers/STM32F1xx_HAL_Driver/Src/stm32f1xx_hal_pcd.c **** #if defined (USB_OTG_FS)
 307              		.loc 1 132 1 is_stmt 1 view -0
 308              		.cfi_startproc
 309              		@ args = 0, pretend = 0, frame = 0
 310              		@ frame_needed = 0, uses_anonymous_args = 0
 132:Drivers/STM32F1xx_HAL_Driver/Src/stm32f1xx_hal_pcd.c **** #if defined (USB_OTG_FS)
 311              		.loc 1 132 1 is_stmt 0 view .LVU95
 312 0000 70B5     		push	{r4, r5, r6, lr}
 313              	.LCFI1:
 314              		.cfi_def_cfa_offset 16
 315              		.cfi_offset 4, -16
 316              		.cfi_offset 5, -12
 317              		.cfi_offset 6, -8
ARM GAS  C:\Users\crist\AppData\Local\Temp\ccYt1KLW.s 			page 52


 318              		.cfi_offset 14, -4
 319 0002 86B0     		sub	sp, sp, #24
 320              	.LCFI2:
 321              		.cfi_def_cfa_offset 40
 136:Drivers/STM32F1xx_HAL_Driver/Src/stm32f1xx_hal_pcd.c **** 
 322              		.loc 1 136 3 is_stmt 1 view .LVU96
 139:Drivers/STM32F1xx_HAL_Driver/Src/stm32f1xx_hal_pcd.c ****   {
 323              		.loc 1 139 3 view .LVU97
 139:Drivers/STM32F1xx_HAL_Driver/Src/stm32f1xx_hal_pcd.c ****   {
 324              		.loc 1 139 6 is_stmt 0 view .LVU98
 325 0004 0028     		cmp	r0, #0
 326 0006 00F08180 		beq	.L24
 327 000a 0446     		mov	r4, r0
 145:Drivers/STM32F1xx_HAL_Driver/Src/stm32f1xx_hal_pcd.c **** 
 328              		.loc 1 145 3 is_stmt 1 view .LVU99
 151:Drivers/STM32F1xx_HAL_Driver/Src/stm32f1xx_hal_pcd.c ****   {
 329              		.loc 1 151 3 view .LVU100
 151:Drivers/STM32F1xx_HAL_Driver/Src/stm32f1xx_hal_pcd.c ****   {
 330              		.loc 1 151 11 is_stmt 0 view .LVU101
 331 000c 90F8A932 		ldrb	r3, [r0, #681]	@ zero_extendqisi2
 151:Drivers/STM32F1xx_HAL_Driver/Src/stm32f1xx_hal_pcd.c ****   {
 332              		.loc 1 151 6 view .LVU102
 333 0010 EBB1     		cbz	r3, .L26
 334              	.LVL32:
 335              	.L17:
 182:Drivers/STM32F1xx_HAL_Driver/Src/stm32f1xx_hal_pcd.c **** 
 336              		.loc 1 182 3 is_stmt 1 view .LVU103
 182:Drivers/STM32F1xx_HAL_Driver/Src/stm32f1xx_hal_pcd.c **** 
 337              		.loc 1 182 15 is_stmt 0 view .LVU104
 338 0012 0323     		movs	r3, #3
 339 0014 84F8A932 		strb	r3, [r4, #681]
 193:Drivers/STM32F1xx_HAL_Driver/Src/stm32f1xx_hal_pcd.c **** 
 340              		.loc 1 193 3 is_stmt 1 view .LVU105
 341 0018 2068     		ldr	r0, [r4]
 342 001a FFF7FEFF 		bl	USB_DisableGlobalInt
 343              	.LVL33:
 196:Drivers/STM32F1xx_HAL_Driver/Src/stm32f1xx_hal_pcd.c ****   {
 344              		.loc 1 196 3 view .LVU106
 196:Drivers/STM32F1xx_HAL_Driver/Src/stm32f1xx_hal_pcd.c ****   {
 345              		.loc 1 196 24 is_stmt 0 view .LVU107
 346 001e 2546     		mov	r5, r4
 347 0020 55F8106B 		ldr	r6, [r5], #16
 196:Drivers/STM32F1xx_HAL_Driver/Src/stm32f1xx_hal_pcd.c ****   {
 348              		.loc 1 196 7 view .LVU108
 349 0024 EC46     		mov	ip, sp
 350 0026 0FCD     		ldmia	r5!, {r0, r1, r2, r3}
 351 0028 ACE80F00 		stmia	ip!, {r0, r1, r2, r3}
 352 002c 2B68     		ldr	r3, [r5]
 353 002e CCF80030 		str	r3, [ip]
 354 0032 231D     		adds	r3, r4, #4
 355 0034 0ECB     		ldm	r3, {r1, r2, r3}
 356 0036 3046     		mov	r0, r6
 357 0038 FFF7FEFF 		bl	USB_CoreInit
 358              	.LVL34:
 196:Drivers/STM32F1xx_HAL_Driver/Src/stm32f1xx_hal_pcd.c ****   {
 359              		.loc 1 196 6 discriminator 1 view .LVU109
 360 003c 0546     		mov	r5, r0
ARM GAS  C:\Users\crist\AppData\Local\Temp\ccYt1KLW.s 			page 53


 361 003e 58B1     		cbz	r0, .L18
 198:Drivers/STM32F1xx_HAL_Driver/Src/stm32f1xx_hal_pcd.c ****     return HAL_ERROR;
 362              		.loc 1 198 5 is_stmt 1 view .LVU110
 198:Drivers/STM32F1xx_HAL_Driver/Src/stm32f1xx_hal_pcd.c ****     return HAL_ERROR;
 363              		.loc 1 198 17 is_stmt 0 view .LVU111
 364 0040 0223     		movs	r3, #2
 365 0042 84F8A932 		strb	r3, [r4, #681]
 199:Drivers/STM32F1xx_HAL_Driver/Src/stm32f1xx_hal_pcd.c ****   }
 366              		.loc 1 199 5 is_stmt 1 view .LVU112
 199:Drivers/STM32F1xx_HAL_Driver/Src/stm32f1xx_hal_pcd.c ****   }
 367              		.loc 1 199 12 is_stmt 0 view .LVU113
 368 0046 0125     		movs	r5, #1
 369              	.LVL35:
 370              	.L16:
 244:Drivers/STM32F1xx_HAL_Driver/Src/stm32f1xx_hal_pcd.c **** 
 371              		.loc 1 244 1 view .LVU114
 372 0048 2846     		mov	r0, r5
 373 004a 06B0     		add	sp, sp, #24
 374              	.LCFI3:
 375              		.cfi_remember_state
 376              		.cfi_def_cfa_offset 16
 377              		@ sp needed
 378 004c 70BD     		pop	{r4, r5, r6, pc}
 379              	.LVL36:
 380              	.L26:
 381              	.LCFI4:
 382              		.cfi_restore_state
 154:Drivers/STM32F1xx_HAL_Driver/Src/stm32f1xx_hal_pcd.c **** 
 383              		.loc 1 154 5 is_stmt 1 view .LVU115
 154:Drivers/STM32F1xx_HAL_Driver/Src/stm32f1xx_hal_pcd.c **** 
 384              		.loc 1 154 16 is_stmt 0 view .LVU116
 385 004e 80F8A832 		strb	r3, [r0, #680]
 178:Drivers/STM32F1xx_HAL_Driver/Src/stm32f1xx_hal_pcd.c **** #endif /* (USE_HAL_PCD_REGISTER_CALLBACKS) */
 386              		.loc 1 178 5 is_stmt 1 view .LVU117
 387 0052 FFF7FEFF 		bl	HAL_PCD_MspInit
 388              	.LVL37:
 178:Drivers/STM32F1xx_HAL_Driver/Src/stm32f1xx_hal_pcd.c **** #endif /* (USE_HAL_PCD_REGISTER_CALLBACKS) */
 389              		.loc 1 178 5 is_stmt 0 view .LVU118
 390 0056 DCE7     		b	.L17
 391              	.L18:
 203:Drivers/STM32F1xx_HAL_Driver/Src/stm32f1xx_hal_pcd.c **** 
 392              		.loc 1 203 3 is_stmt 1 view .LVU119
 203:Drivers/STM32F1xx_HAL_Driver/Src/stm32f1xx_hal_pcd.c **** 
 393              		.loc 1 203 9 is_stmt 0 view .LVU120
 394 0058 0021     		movs	r1, #0
 395 005a 2068     		ldr	r0, [r4]
 396 005c FFF7FEFF 		bl	USB_SetCurrentMode
 397              	.LVL38:
 206:Drivers/STM32F1xx_HAL_Driver/Src/stm32f1xx_hal_pcd.c ****   {
 398              		.loc 1 206 3 is_stmt 1 view .LVU121
 206:Drivers/STM32F1xx_HAL_Driver/Src/stm32f1xx_hal_pcd.c ****   {
 399              		.loc 1 206 10 is_stmt 0 view .LVU122
 400 0060 2B46     		mov	r3, r5
 206:Drivers/STM32F1xx_HAL_Driver/Src/stm32f1xx_hal_pcd.c ****   {
 401              		.loc 1 206 3 view .LVU123
 402 0062 16E0     		b	.L19
 403              	.LVL39:
ARM GAS  C:\Users\crist\AppData\Local\Temp\ccYt1KLW.s 			page 54


 404              	.L20:
 209:Drivers/STM32F1xx_HAL_Driver/Src/stm32f1xx_hal_pcd.c ****     hpcd->IN_ep[i].num = i;
 405              		.loc 1 209 5 is_stmt 1 view .LVU124
 209:Drivers/STM32F1xx_HAL_Driver/Src/stm32f1xx_hal_pcd.c ****     hpcd->IN_ep[i].num = i;
 406              		.loc 1 209 26 is_stmt 0 view .LVU125
 407 0064 5A1C     		adds	r2, r3, #1
 408 0066 02EB8201 		add	r1, r2, r2, lsl #2
 409 006a 04EBC101 		add	r1, r4, r1, lsl #3
 410 006e 0120     		movs	r0, #1
 411 0070 4870     		strb	r0, [r1, #1]
 210:Drivers/STM32F1xx_HAL_Driver/Src/stm32f1xx_hal_pcd.c **** #if defined (USB_OTG_FS)
 412              		.loc 1 210 5 is_stmt 1 view .LVU126
 210:Drivers/STM32F1xx_HAL_Driver/Src/stm32f1xx_hal_pcd.c **** #if defined (USB_OTG_FS)
 413              		.loc 1 210 24 is_stmt 0 view .LVU127
 414 0072 02EB8201 		add	r1, r2, r2, lsl #2
 415 0076 04F83130 		strb	r3, [r4, r1, lsl #3]
 215:Drivers/STM32F1xx_HAL_Driver/Src/stm32f1xx_hal_pcd.c ****     hpcd->IN_ep[i].maxpacket = 0U;
 416              		.loc 1 215 5 is_stmt 1 view .LVU128
 215:Drivers/STM32F1xx_HAL_Driver/Src/stm32f1xx_hal_pcd.c ****     hpcd->IN_ep[i].maxpacket = 0U;
 417              		.loc 1 215 25 is_stmt 0 view .LVU129
 418 007a 04EBC100 		add	r0, r4, r1, lsl #3
 419 007e 0021     		movs	r1, #0
 420 0080 C170     		strb	r1, [r0, #3]
 216:Drivers/STM32F1xx_HAL_Driver/Src/stm32f1xx_hal_pcd.c ****     hpcd->IN_ep[i].xfer_buff = 0U;
 421              		.loc 1 216 5 is_stmt 1 view .LVU130
 216:Drivers/STM32F1xx_HAL_Driver/Src/stm32f1xx_hal_pcd.c ****     hpcd->IN_ep[i].xfer_buff = 0U;
 422              		.loc 1 216 30 is_stmt 0 view .LVU131
 423 0082 03EB8300 		add	r0, r3, r3, lsl #2
 424 0086 04EBC000 		add	r0, r4, r0, lsl #3
 425 008a 8163     		str	r1, [r0, #56]
 217:Drivers/STM32F1xx_HAL_Driver/Src/stm32f1xx_hal_pcd.c ****     hpcd->IN_ep[i].xfer_len = 0U;
 426              		.loc 1 217 5 is_stmt 1 view .LVU132
 217:Drivers/STM32F1xx_HAL_Driver/Src/stm32f1xx_hal_pcd.c ****     hpcd->IN_ep[i].xfer_len = 0U;
 427              		.loc 1 217 30 is_stmt 0 view .LVU133
 428 008c C163     		str	r1, [r0, #60]
 218:Drivers/STM32F1xx_HAL_Driver/Src/stm32f1xx_hal_pcd.c ****   }
 429              		.loc 1 218 5 is_stmt 1 view .LVU134
 218:Drivers/STM32F1xx_HAL_Driver/Src/stm32f1xx_hal_pcd.c ****   }
 430              		.loc 1 218 29 is_stmt 0 view .LVU135
 431 008e 0164     		str	r1, [r0, #64]
 206:Drivers/STM32F1xx_HAL_Driver/Src/stm32f1xx_hal_pcd.c ****   {
 432              		.loc 1 206 47 is_stmt 1 discriminator 3 view .LVU136
 433 0090 D3B2     		uxtb	r3, r2
 434              	.LVL40:
 435              	.L19:
 206:Drivers/STM32F1xx_HAL_Driver/Src/stm32f1xx_hal_pcd.c ****   {
 436              		.loc 1 206 18 discriminator 1 view .LVU137
 206:Drivers/STM32F1xx_HAL_Driver/Src/stm32f1xx_hal_pcd.c ****   {
 437              		.loc 1 206 30 is_stmt 0 discriminator 1 view .LVU138
 438 0092 6168     		ldr	r1, [r4, #4]
 206:Drivers/STM32F1xx_HAL_Driver/Src/stm32f1xx_hal_pcd.c ****   {
 439              		.loc 1 206 18 discriminator 1 view .LVU139
 440 0094 8B42     		cmp	r3, r1
 441 0096 E5D3     		bcc	.L20
 442 0098 16E0     		b	.L21
 443              	.LVL41:
 444              	.L22:
ARM GAS  C:\Users\crist\AppData\Local\Temp\ccYt1KLW.s 			page 55


 223:Drivers/STM32F1xx_HAL_Driver/Src/stm32f1xx_hal_pcd.c ****     hpcd->OUT_ep[i].num = i;
 445              		.loc 1 223 5 is_stmt 1 view .LVU140
 223:Drivers/STM32F1xx_HAL_Driver/Src/stm32f1xx_hal_pcd.c ****     hpcd->OUT_ep[i].num = i;
 446              		.loc 1 223 27 is_stmt 0 view .LVU141
 447 009a 05EB8503 		add	r3, r5, r5, lsl #2
 448 009e 04EBC303 		add	r3, r4, r3, lsl #3
 449 00a2 0022     		movs	r2, #0
 450 00a4 83F86921 		strb	r2, [r3, #361]
 224:Drivers/STM32F1xx_HAL_Driver/Src/stm32f1xx_hal_pcd.c ****     /* Control until ep is activated */
 451              		.loc 1 224 5 is_stmt 1 view .LVU142
 224:Drivers/STM32F1xx_HAL_Driver/Src/stm32f1xx_hal_pcd.c ****     /* Control until ep is activated */
 452              		.loc 1 224 25 is_stmt 0 view .LVU143
 453 00a8 83F86851 		strb	r5, [r3, #360]
 226:Drivers/STM32F1xx_HAL_Driver/Src/stm32f1xx_hal_pcd.c ****     hpcd->OUT_ep[i].maxpacket = 0U;
 454              		.loc 1 226 5 is_stmt 1 view .LVU144
 226:Drivers/STM32F1xx_HAL_Driver/Src/stm32f1xx_hal_pcd.c ****     hpcd->OUT_ep[i].maxpacket = 0U;
 455              		.loc 1 226 26 is_stmt 0 view .LVU145
 456 00ac 83F86B21 		strb	r2, [r3, #363]
 227:Drivers/STM32F1xx_HAL_Driver/Src/stm32f1xx_hal_pcd.c ****     hpcd->OUT_ep[i].xfer_buff = 0U;
 457              		.loc 1 227 5 is_stmt 1 view .LVU146
 227:Drivers/STM32F1xx_HAL_Driver/Src/stm32f1xx_hal_pcd.c ****     hpcd->OUT_ep[i].xfer_buff = 0U;
 458              		.loc 1 227 31 is_stmt 0 view .LVU147
 459 00b0 C3F87821 		str	r2, [r3, #376]
 228:Drivers/STM32F1xx_HAL_Driver/Src/stm32f1xx_hal_pcd.c ****     hpcd->OUT_ep[i].xfer_len = 0U;
 460              		.loc 1 228 5 is_stmt 1 view .LVU148
 228:Drivers/STM32F1xx_HAL_Driver/Src/stm32f1xx_hal_pcd.c ****     hpcd->OUT_ep[i].xfer_len = 0U;
 461              		.loc 1 228 31 is_stmt 0 view .LVU149
 462 00b4 C3F87C21 		str	r2, [r3, #380]
 229:Drivers/STM32F1xx_HAL_Driver/Src/stm32f1xx_hal_pcd.c ****   }
 463              		.loc 1 229 5 is_stmt 1 view .LVU150
 229:Drivers/STM32F1xx_HAL_Driver/Src/stm32f1xx_hal_pcd.c ****   }
 464              		.loc 1 229 30 is_stmt 0 view .LVU151
 465 00b8 05EB8503 		add	r3, r5, r5, lsl #2
 466 00bc 04EBC303 		add	r3, r4, r3, lsl #3
 467 00c0 C3F88021 		str	r2, [r3, #384]
 221:Drivers/STM32F1xx_HAL_Driver/Src/stm32f1xx_hal_pcd.c ****   {
 468              		.loc 1 221 47 is_stmt 1 discriminator 3 view .LVU152
 469 00c4 0135     		adds	r5, r5, #1
 470              	.LVL42:
 221:Drivers/STM32F1xx_HAL_Driver/Src/stm32f1xx_hal_pcd.c ****   {
 471              		.loc 1 221 47 is_stmt 0 discriminator 3 view .LVU153
 472 00c6 EDB2     		uxtb	r5, r5
 473              	.LVL43:
 474              	.L21:
 221:Drivers/STM32F1xx_HAL_Driver/Src/stm32f1xx_hal_pcd.c ****   {
 475              		.loc 1 221 18 is_stmt 1 discriminator 1 view .LVU154
 476 00c8 A942     		cmp	r1, r5
 477 00ca E6D8     		bhi	.L22
 233:Drivers/STM32F1xx_HAL_Driver/Src/stm32f1xx_hal_pcd.c ****   {
 478              		.loc 1 233 3 view .LVU155
 233:Drivers/STM32F1xx_HAL_Driver/Src/stm32f1xx_hal_pcd.c ****   {
 479              		.loc 1 233 23 is_stmt 0 view .LVU156
 480 00cc 2546     		mov	r5, r4
 481              	.LVL44:
 233:Drivers/STM32F1xx_HAL_Driver/Src/stm32f1xx_hal_pcd.c ****   {
 482              		.loc 1 233 23 view .LVU157
 483 00ce 55F8106B 		ldr	r6, [r5], #16
ARM GAS  C:\Users\crist\AppData\Local\Temp\ccYt1KLW.s 			page 56


 233:Drivers/STM32F1xx_HAL_Driver/Src/stm32f1xx_hal_pcd.c ****   {
 484              		.loc 1 233 7 view .LVU158
 485 00d2 EC46     		mov	ip, sp
 486 00d4 0FCD     		ldmia	r5!, {r0, r1, r2, r3}
 487 00d6 ACE80F00 		stmia	ip!, {r0, r1, r2, r3}
 488 00da 2B68     		ldr	r3, [r5]
 489 00dc CCF80030 		str	r3, [ip]
 490 00e0 231D     		adds	r3, r4, #4
 491 00e2 0ECB     		ldm	r3, {r1, r2, r3}
 492 00e4 3046     		mov	r0, r6
 493 00e6 FFF7FEFF 		bl	USB_DevInit
 494              	.LVL45:
 233:Drivers/STM32F1xx_HAL_Driver/Src/stm32f1xx_hal_pcd.c ****   {
 495              		.loc 1 233 6 discriminator 1 view .LVU159
 496 00ea 0546     		mov	r5, r0
 497 00ec 20B1     		cbz	r0, .L23
 235:Drivers/STM32F1xx_HAL_Driver/Src/stm32f1xx_hal_pcd.c ****     return HAL_ERROR;
 498              		.loc 1 235 5 is_stmt 1 view .LVU160
 235:Drivers/STM32F1xx_HAL_Driver/Src/stm32f1xx_hal_pcd.c ****     return HAL_ERROR;
 499              		.loc 1 235 17 is_stmt 0 view .LVU161
 500 00ee 0223     		movs	r3, #2
 501 00f0 84F8A932 		strb	r3, [r4, #681]
 236:Drivers/STM32F1xx_HAL_Driver/Src/stm32f1xx_hal_pcd.c ****   }
 502              		.loc 1 236 5 is_stmt 1 view .LVU162
 236:Drivers/STM32F1xx_HAL_Driver/Src/stm32f1xx_hal_pcd.c ****   }
 503              		.loc 1 236 12 is_stmt 0 view .LVU163
 504 00f4 0125     		movs	r5, #1
 505 00f6 A7E7     		b	.L16
 506              	.L23:
 239:Drivers/STM32F1xx_HAL_Driver/Src/stm32f1xx_hal_pcd.c ****   hpcd->State = HAL_PCD_STATE_READY;
 507              		.loc 1 239 3 is_stmt 1 view .LVU164
 239:Drivers/STM32F1xx_HAL_Driver/Src/stm32f1xx_hal_pcd.c ****   hpcd->State = HAL_PCD_STATE_READY;
 508              		.loc 1 239 21 is_stmt 0 view .LVU165
 509 00f8 0023     		movs	r3, #0
 510 00fa 84F82430 		strb	r3, [r4, #36]
 240:Drivers/STM32F1xx_HAL_Driver/Src/stm32f1xx_hal_pcd.c ****   (void)USB_DevDisconnect(hpcd->Instance);
 511              		.loc 1 240 3 is_stmt 1 view .LVU166
 240:Drivers/STM32F1xx_HAL_Driver/Src/stm32f1xx_hal_pcd.c ****   (void)USB_DevDisconnect(hpcd->Instance);
 512              		.loc 1 240 15 is_stmt 0 view .LVU167
 513 00fe 0123     		movs	r3, #1
 514 0100 84F8A932 		strb	r3, [r4, #681]
 241:Drivers/STM32F1xx_HAL_Driver/Src/stm32f1xx_hal_pcd.c **** 
 515              		.loc 1 241 3 is_stmt 1 view .LVU168
 241:Drivers/STM32F1xx_HAL_Driver/Src/stm32f1xx_hal_pcd.c **** 
 516              		.loc 1 241 9 is_stmt 0 view .LVU169
 517 0104 2068     		ldr	r0, [r4]
 518 0106 FFF7FEFF 		bl	USB_DevDisconnect
 519              	.LVL46:
 243:Drivers/STM32F1xx_HAL_Driver/Src/stm32f1xx_hal_pcd.c **** }
 520              		.loc 1 243 3 is_stmt 1 view .LVU170
 243:Drivers/STM32F1xx_HAL_Driver/Src/stm32f1xx_hal_pcd.c **** }
 521              		.loc 1 243 10 is_stmt 0 view .LVU171
 522 010a 9DE7     		b	.L16
 523              	.LVL47:
 524              	.L24:
 141:Drivers/STM32F1xx_HAL_Driver/Src/stm32f1xx_hal_pcd.c ****   }
 525              		.loc 1 141 12 view .LVU172
ARM GAS  C:\Users\crist\AppData\Local\Temp\ccYt1KLW.s 			page 57


 526 010c 0125     		movs	r5, #1
 527 010e 9BE7     		b	.L16
 528              		.cfi_endproc
 529              	.LFE65:
 531              		.section	.text.HAL_PCD_MspDeInit,"ax",%progbits
 532              		.align	1
 533              		.weak	HAL_PCD_MspDeInit
 534              		.syntax unified
 535              		.thumb
 536              		.thumb_func
 538              	HAL_PCD_MspDeInit:
 539              	.LVL48:
 540              	.LFB68:
 306:Drivers/STM32F1xx_HAL_Driver/Src/stm32f1xx_hal_pcd.c ****   /* Prevent unused argument(s) compilation warning */
 541              		.loc 1 306 1 is_stmt 1 view -0
 542              		.cfi_startproc
 543              		@ args = 0, pretend = 0, frame = 0
 544              		@ frame_needed = 0, uses_anonymous_args = 0
 545              		@ link register save eliminated.
 308:Drivers/STM32F1xx_HAL_Driver/Src/stm32f1xx_hal_pcd.c **** 
 546              		.loc 1 308 3 view .LVU174
 313:Drivers/STM32F1xx_HAL_Driver/Src/stm32f1xx_hal_pcd.c **** 
 547              		.loc 1 313 1 is_stmt 0 view .LVU175
 548 0000 7047     		bx	lr
 549              		.cfi_endproc
 550              	.LFE68:
 552              		.section	.text.HAL_PCD_DeInit,"ax",%progbits
 553              		.align	1
 554              		.global	HAL_PCD_DeInit
 555              		.syntax unified
 556              		.thumb
 557              		.thumb_func
 559              	HAL_PCD_DeInit:
 560              	.LVL49:
 561              	.LFB66:
 252:Drivers/STM32F1xx_HAL_Driver/Src/stm32f1xx_hal_pcd.c ****   /* Check the PCD handle allocation */
 562              		.loc 1 252 1 is_stmt 1 view -0
 563              		.cfi_startproc
 564              		@ args = 0, pretend = 0, frame = 0
 565              		@ frame_needed = 0, uses_anonymous_args = 0
 252:Drivers/STM32F1xx_HAL_Driver/Src/stm32f1xx_hal_pcd.c ****   /* Check the PCD handle allocation */
 566              		.loc 1 252 1 is_stmt 0 view .LVU177
 567 0000 38B5     		push	{r3, r4, r5, lr}
 568              	.LCFI5:
 569              		.cfi_def_cfa_offset 16
 570              		.cfi_offset 3, -16
 571              		.cfi_offset 4, -12
 572              		.cfi_offset 5, -8
 573              		.cfi_offset 14, -4
 254:Drivers/STM32F1xx_HAL_Driver/Src/stm32f1xx_hal_pcd.c ****   {
 574              		.loc 1 254 3 is_stmt 1 view .LVU178
 254:Drivers/STM32F1xx_HAL_Driver/Src/stm32f1xx_hal_pcd.c ****   {
 575              		.loc 1 254 6 is_stmt 0 view .LVU179
 576 0002 90B1     		cbz	r0, .L30
 577 0004 0446     		mov	r4, r0
 259:Drivers/STM32F1xx_HAL_Driver/Src/stm32f1xx_hal_pcd.c **** 
 578              		.loc 1 259 3 is_stmt 1 view .LVU180
ARM GAS  C:\Users\crist\AppData\Local\Temp\ccYt1KLW.s 			page 58


 259:Drivers/STM32F1xx_HAL_Driver/Src/stm32f1xx_hal_pcd.c **** 
 579              		.loc 1 259 15 is_stmt 0 view .LVU181
 580 0006 0323     		movs	r3, #3
 581 0008 80F8A932 		strb	r3, [r0, #681]
 262:Drivers/STM32F1xx_HAL_Driver/Src/stm32f1xx_hal_pcd.c ****   {
 582              		.loc 1 262 3 is_stmt 1 view .LVU182
 262:Drivers/STM32F1xx_HAL_Driver/Src/stm32f1xx_hal_pcd.c ****   {
 583              		.loc 1 262 7 is_stmt 0 view .LVU183
 584 000c 0068     		ldr	r0, [r0]
 585              	.LVL50:
 262:Drivers/STM32F1xx_HAL_Driver/Src/stm32f1xx_hal_pcd.c ****   {
 586              		.loc 1 262 7 view .LVU184
 587 000e FFF7FEFF 		bl	USB_StopDevice
 588              	.LVL51:
 262:Drivers/STM32F1xx_HAL_Driver/Src/stm32f1xx_hal_pcd.c ****   {
 589              		.loc 1 262 6 discriminator 1 view .LVU185
 590 0012 0546     		mov	r5, r0
 591 0014 10B1     		cbz	r0, .L33
 264:Drivers/STM32F1xx_HAL_Driver/Src/stm32f1xx_hal_pcd.c ****   }
 592              		.loc 1 264 12 view .LVU186
 593 0016 0125     		movs	r5, #1
 594              	.LVL52:
 595              	.L29:
 283:Drivers/STM32F1xx_HAL_Driver/Src/stm32f1xx_hal_pcd.c **** 
 596              		.loc 1 283 1 view .LVU187
 597 0018 2846     		mov	r0, r5
 598 001a 38BD     		pop	{r3, r4, r5, pc}
 599              	.LVL53:
 600              	.L33:
 277:Drivers/STM32F1xx_HAL_Driver/Src/stm32f1xx_hal_pcd.c **** #endif /* USE_HAL_PCD_REGISTER_CALLBACKS */
 601              		.loc 1 277 3 is_stmt 1 view .LVU188
 602 001c 2046     		mov	r0, r4
 603 001e FFF7FEFF 		bl	HAL_PCD_MspDeInit
 604              	.LVL54:
 280:Drivers/STM32F1xx_HAL_Driver/Src/stm32f1xx_hal_pcd.c **** 
 605              		.loc 1 280 3 view .LVU189
 280:Drivers/STM32F1xx_HAL_Driver/Src/stm32f1xx_hal_pcd.c **** 
 606              		.loc 1 280 15 is_stmt 0 view .LVU190
 607 0022 0023     		movs	r3, #0
 608 0024 84F8A932 		strb	r3, [r4, #681]
 282:Drivers/STM32F1xx_HAL_Driver/Src/stm32f1xx_hal_pcd.c **** }
 609              		.loc 1 282 3 is_stmt 1 view .LVU191
 282:Drivers/STM32F1xx_HAL_Driver/Src/stm32f1xx_hal_pcd.c **** }
 610              		.loc 1 282 10 is_stmt 0 view .LVU192
 611 0028 F6E7     		b	.L29
 612              	.LVL55:
 613              	.L30:
 256:Drivers/STM32F1xx_HAL_Driver/Src/stm32f1xx_hal_pcd.c ****   }
 614              		.loc 1 256 12 view .LVU193
 615 002a 0125     		movs	r5, #1
 616 002c F4E7     		b	.L29
 617              		.cfi_endproc
 618              	.LFE66:
 620              		.section	.text.HAL_PCD_Start,"ax",%progbits
 621              		.align	1
 622              		.global	HAL_PCD_Start
 623              		.syntax unified
ARM GAS  C:\Users\crist\AppData\Local\Temp\ccYt1KLW.s 			page 59


 624              		.thumb
 625              		.thumb_func
 627              	HAL_PCD_Start:
 628              	.LVL56:
 629              	.LFB69:
 864:Drivers/STM32F1xx_HAL_Driver/Src/stm32f1xx_hal_pcd.c ****   __HAL_LOCK(hpcd);
 630              		.loc 1 864 1 is_stmt 1 view -0
 631              		.cfi_startproc
 632              		@ args = 0, pretend = 0, frame = 0
 633              		@ frame_needed = 0, uses_anonymous_args = 0
 864:Drivers/STM32F1xx_HAL_Driver/Src/stm32f1xx_hal_pcd.c ****   __HAL_LOCK(hpcd);
 634              		.loc 1 864 1 is_stmt 0 view .LVU195
 635 0000 38B5     		push	{r3, r4, r5, lr}
 636              	.LCFI6:
 637              		.cfi_def_cfa_offset 16
 638              		.cfi_offset 3, -16
 639              		.cfi_offset 4, -12
 640              		.cfi_offset 5, -8
 641              		.cfi_offset 14, -4
 865:Drivers/STM32F1xx_HAL_Driver/Src/stm32f1xx_hal_pcd.c ****   __HAL_PCD_ENABLE(hpcd);
 642              		.loc 1 865 3 is_stmt 1 view .LVU196
 865:Drivers/STM32F1xx_HAL_Driver/Src/stm32f1xx_hal_pcd.c ****   __HAL_PCD_ENABLE(hpcd);
 643              		.loc 1 865 3 view .LVU197
 644 0002 90F8A832 		ldrb	r3, [r0, #680]	@ zero_extendqisi2
 645 0006 012B     		cmp	r3, #1
 646 0008 11D0     		beq	.L36
 647 000a 0446     		mov	r4, r0
 865:Drivers/STM32F1xx_HAL_Driver/Src/stm32f1xx_hal_pcd.c ****   __HAL_PCD_ENABLE(hpcd);
 648              		.loc 1 865 3 discriminator 2 view .LVU198
 649 000c 0125     		movs	r5, #1
 650 000e 80F8A852 		strb	r5, [r0, #680]
 865:Drivers/STM32F1xx_HAL_Driver/Src/stm32f1xx_hal_pcd.c ****   __HAL_PCD_ENABLE(hpcd);
 651              		.loc 1 865 3 view .LVU199
 866:Drivers/STM32F1xx_HAL_Driver/Src/stm32f1xx_hal_pcd.c **** 
 652              		.loc 1 866 3 view .LVU200
 653 0012 0068     		ldr	r0, [r0]
 654              	.LVL57:
 866:Drivers/STM32F1xx_HAL_Driver/Src/stm32f1xx_hal_pcd.c **** 
 655              		.loc 1 866 3 is_stmt 0 view .LVU201
 656 0014 FFF7FEFF 		bl	USB_EnableGlobalInt
 657              	.LVL58:
 869:Drivers/STM32F1xx_HAL_Driver/Src/stm32f1xx_hal_pcd.c **** #endif /* defined (USB) */
 658              		.loc 1 869 3 is_stmt 1 view .LVU202
 659 0018 2946     		mov	r1, r5
 660 001a 2046     		mov	r0, r4
 661 001c FFF7FEFF 		bl	HAL_PCDEx_SetConnectionState
 662              	.LVL59:
 872:Drivers/STM32F1xx_HAL_Driver/Src/stm32f1xx_hal_pcd.c ****   __HAL_UNLOCK(hpcd);
 663              		.loc 1 872 3 view .LVU203
 872:Drivers/STM32F1xx_HAL_Driver/Src/stm32f1xx_hal_pcd.c ****   __HAL_UNLOCK(hpcd);
 664              		.loc 1 872 9 is_stmt 0 view .LVU204
 665 0020 2068     		ldr	r0, [r4]
 666 0022 FFF7FEFF 		bl	USB_DevConnect
 667              	.LVL60:
 873:Drivers/STM32F1xx_HAL_Driver/Src/stm32f1xx_hal_pcd.c **** 
 668              		.loc 1 873 3 is_stmt 1 view .LVU205
 873:Drivers/STM32F1xx_HAL_Driver/Src/stm32f1xx_hal_pcd.c **** 
ARM GAS  C:\Users\crist\AppData\Local\Temp\ccYt1KLW.s 			page 60


 669              		.loc 1 873 3 view .LVU206
 670 0026 0020     		movs	r0, #0
 671 0028 84F8A802 		strb	r0, [r4, #680]
 873:Drivers/STM32F1xx_HAL_Driver/Src/stm32f1xx_hal_pcd.c **** 
 672              		.loc 1 873 3 view .LVU207
 875:Drivers/STM32F1xx_HAL_Driver/Src/stm32f1xx_hal_pcd.c **** }
 673              		.loc 1 875 3 view .LVU208
 674              	.LVL61:
 675              	.L35:
 876:Drivers/STM32F1xx_HAL_Driver/Src/stm32f1xx_hal_pcd.c **** 
 676              		.loc 1 876 1 is_stmt 0 view .LVU209
 677 002c 38BD     		pop	{r3, r4, r5, pc}
 678              	.LVL62:
 679              	.L36:
 865:Drivers/STM32F1xx_HAL_Driver/Src/stm32f1xx_hal_pcd.c ****   __HAL_PCD_ENABLE(hpcd);
 680              		.loc 1 865 3 discriminator 1 view .LVU210
 681 002e 0220     		movs	r0, #2
 682              	.LVL63:
 865:Drivers/STM32F1xx_HAL_Driver/Src/stm32f1xx_hal_pcd.c ****   __HAL_PCD_ENABLE(hpcd);
 683              		.loc 1 865 3 discriminator 1 view .LVU211
 684 0030 FCE7     		b	.L35
 685              		.cfi_endproc
 686              	.LFE69:
 688              		.section	.text.HAL_PCD_Stop,"ax",%progbits
 689              		.align	1
 690              		.global	HAL_PCD_Stop
 691              		.syntax unified
 692              		.thumb
 693              		.thumb_func
 695              	HAL_PCD_Stop:
 696              	.LVL64:
 697              	.LFB70:
 884:Drivers/STM32F1xx_HAL_Driver/Src/stm32f1xx_hal_pcd.c ****   __HAL_LOCK(hpcd);
 698              		.loc 1 884 1 is_stmt 1 view -0
 699              		.cfi_startproc
 700              		@ args = 0, pretend = 0, frame = 0
 701              		@ frame_needed = 0, uses_anonymous_args = 0
 885:Drivers/STM32F1xx_HAL_Driver/Src/stm32f1xx_hal_pcd.c ****   __HAL_PCD_DISABLE(hpcd);
 702              		.loc 1 885 3 view .LVU213
 885:Drivers/STM32F1xx_HAL_Driver/Src/stm32f1xx_hal_pcd.c ****   __HAL_PCD_DISABLE(hpcd);
 703              		.loc 1 885 3 view .LVU214
 704 0000 90F8A832 		ldrb	r3, [r0, #680]	@ zero_extendqisi2
 705 0004 012B     		cmp	r3, #1
 706 0006 12D0     		beq	.L40
 884:Drivers/STM32F1xx_HAL_Driver/Src/stm32f1xx_hal_pcd.c ****   __HAL_LOCK(hpcd);
 707              		.loc 1 884 1 is_stmt 0 view .LVU215
 708 0008 10B5     		push	{r4, lr}
 709              	.LCFI7:
 710              		.cfi_def_cfa_offset 8
 711              		.cfi_offset 4, -8
 712              		.cfi_offset 14, -4
 713 000a 0446     		mov	r4, r0
 885:Drivers/STM32F1xx_HAL_Driver/Src/stm32f1xx_hal_pcd.c ****   __HAL_PCD_DISABLE(hpcd);
 714              		.loc 1 885 3 is_stmt 1 discriminator 2 view .LVU216
 715 000c 0123     		movs	r3, #1
 716 000e 80F8A832 		strb	r3, [r0, #680]
 885:Drivers/STM32F1xx_HAL_Driver/Src/stm32f1xx_hal_pcd.c ****   __HAL_PCD_DISABLE(hpcd);
ARM GAS  C:\Users\crist\AppData\Local\Temp\ccYt1KLW.s 			page 61


 717              		.loc 1 885 3 view .LVU217
 886:Drivers/STM32F1xx_HAL_Driver/Src/stm32f1xx_hal_pcd.c **** 
 718              		.loc 1 886 3 view .LVU218
 719 0012 0068     		ldr	r0, [r0]
 720              	.LVL65:
 886:Drivers/STM32F1xx_HAL_Driver/Src/stm32f1xx_hal_pcd.c **** 
 721              		.loc 1 886 3 is_stmt 0 view .LVU219
 722 0014 FFF7FEFF 		bl	USB_DisableGlobalInt
 723              	.LVL66:
 889:Drivers/STM32F1xx_HAL_Driver/Src/stm32f1xx_hal_pcd.c **** #endif /* defined (USB) */
 724              		.loc 1 889 3 is_stmt 1 view .LVU220
 725 0018 0021     		movs	r1, #0
 726 001a 2046     		mov	r0, r4
 727 001c FFF7FEFF 		bl	HAL_PCDEx_SetConnectionState
 728              	.LVL67:
 892:Drivers/STM32F1xx_HAL_Driver/Src/stm32f1xx_hal_pcd.c **** 
 729              		.loc 1 892 3 view .LVU221
 892:Drivers/STM32F1xx_HAL_Driver/Src/stm32f1xx_hal_pcd.c **** 
 730              		.loc 1 892 9 is_stmt 0 view .LVU222
 731 0020 2068     		ldr	r0, [r4]
 732 0022 FFF7FEFF 		bl	USB_DevDisconnect
 733              	.LVL68:
 898:Drivers/STM32F1xx_HAL_Driver/Src/stm32f1xx_hal_pcd.c **** 
 734              		.loc 1 898 3 is_stmt 1 view .LVU223
 898:Drivers/STM32F1xx_HAL_Driver/Src/stm32f1xx_hal_pcd.c **** 
 735              		.loc 1 898 3 view .LVU224
 736 0026 0020     		movs	r0, #0
 737 0028 84F8A802 		strb	r0, [r4, #680]
 898:Drivers/STM32F1xx_HAL_Driver/Src/stm32f1xx_hal_pcd.c **** 
 738              		.loc 1 898 3 view .LVU225
 900:Drivers/STM32F1xx_HAL_Driver/Src/stm32f1xx_hal_pcd.c **** }
 739              		.loc 1 900 3 view .LVU226
 901:Drivers/STM32F1xx_HAL_Driver/Src/stm32f1xx_hal_pcd.c **** 
 740              		.loc 1 901 1 is_stmt 0 view .LVU227
 741 002c 10BD     		pop	{r4, pc}
 742              	.LVL69:
 743              	.L40:
 744              	.LCFI8:
 745              		.cfi_def_cfa_offset 0
 746              		.cfi_restore 4
 747              		.cfi_restore 14
 885:Drivers/STM32F1xx_HAL_Driver/Src/stm32f1xx_hal_pcd.c ****   __HAL_PCD_DISABLE(hpcd);
 748              		.loc 1 885 3 discriminator 1 view .LVU228
 749 002e 0220     		movs	r0, #2
 750              	.LVL70:
 901:Drivers/STM32F1xx_HAL_Driver/Src/stm32f1xx_hal_pcd.c **** 
 751              		.loc 1 901 1 view .LVU229
 752 0030 7047     		bx	lr
 753              		.cfi_endproc
 754              	.LFE70:
 756              		.section	.text.HAL_PCD_WKUP_IRQHandler,"ax",%progbits
 757              		.align	1
 758              		.global	HAL_PCD_WKUP_IRQHandler
 759              		.syntax unified
 760              		.thumb
 761              		.thumb_func
 763              	HAL_PCD_WKUP_IRQHandler:
ARM GAS  C:\Users\crist\AppData\Local\Temp\ccYt1KLW.s 			page 62


 764              	.LVL71:
 765              	.LFB72:
1465:Drivers/STM32F1xx_HAL_Driver/Src/stm32f1xx_hal_pcd.c ****   /* Clear EXTI pending Bit */
 766              		.loc 1 1465 1 is_stmt 1 view -0
 767              		.cfi_startproc
 768              		@ args = 0, pretend = 0, frame = 0
 769              		@ frame_needed = 0, uses_anonymous_args = 0
 770              		@ link register save eliminated.
1467:Drivers/STM32F1xx_HAL_Driver/Src/stm32f1xx_hal_pcd.c **** }
 771              		.loc 1 1467 3 view .LVU231
 772 0000 024B     		ldr	r3, .L46
 773 0002 4FF48022 		mov	r2, #262144
 774 0006 5A61     		str	r2, [r3, #20]
1468:Drivers/STM32F1xx_HAL_Driver/Src/stm32f1xx_hal_pcd.c **** #endif /* defined (USB) */
 775              		.loc 1 1468 1 is_stmt 0 view .LVU232
 776 0008 7047     		bx	lr
 777              	.L47:
 778 000a 00BF     		.align	2
 779              	.L46:
 780 000c 00040140 		.word	1073808384
 781              		.cfi_endproc
 782              	.LFE72:
 784              		.section	.text.HAL_PCD_DataOutStageCallback,"ax",%progbits
 785              		.align	1
 786              		.weak	HAL_PCD_DataOutStageCallback
 787              		.syntax unified
 788              		.thumb
 789              		.thumb_func
 791              	HAL_PCD_DataOutStageCallback:
 792              	.LVL72:
 793              	.LFB73:
1478:Drivers/STM32F1xx_HAL_Driver/Src/stm32f1xx_hal_pcd.c ****   /* Prevent unused argument(s) compilation warning */
 794              		.loc 1 1478 1 is_stmt 1 view -0
 795              		.cfi_startproc
 796              		@ args = 0, pretend = 0, frame = 0
 797              		@ frame_needed = 0, uses_anonymous_args = 0
 798              		@ link register save eliminated.
1480:Drivers/STM32F1xx_HAL_Driver/Src/stm32f1xx_hal_pcd.c ****   UNUSED(epnum);
 799              		.loc 1 1480 3 view .LVU234
1481:Drivers/STM32F1xx_HAL_Driver/Src/stm32f1xx_hal_pcd.c **** 
 800              		.loc 1 1481 3 view .LVU235
1486:Drivers/STM32F1xx_HAL_Driver/Src/stm32f1xx_hal_pcd.c **** 
 801              		.loc 1 1486 1 is_stmt 0 view .LVU236
 802 0000 7047     		bx	lr
 803              		.cfi_endproc
 804              	.LFE73:
 806              		.section	.text.HAL_PCD_DataInStageCallback,"ax",%progbits
 807              		.align	1
 808              		.weak	HAL_PCD_DataInStageCallback
 809              		.syntax unified
 810              		.thumb
 811              		.thumb_func
 813              	HAL_PCD_DataInStageCallback:
 814              	.LVL73:
 815              	.LFB74:
1495:Drivers/STM32F1xx_HAL_Driver/Src/stm32f1xx_hal_pcd.c ****   /* Prevent unused argument(s) compilation warning */
 816              		.loc 1 1495 1 is_stmt 1 view -0
ARM GAS  C:\Users\crist\AppData\Local\Temp\ccYt1KLW.s 			page 63


 817              		.cfi_startproc
 818              		@ args = 0, pretend = 0, frame = 0
 819              		@ frame_needed = 0, uses_anonymous_args = 0
 820              		@ link register save eliminated.
1497:Drivers/STM32F1xx_HAL_Driver/Src/stm32f1xx_hal_pcd.c ****   UNUSED(epnum);
 821              		.loc 1 1497 3 view .LVU238
1498:Drivers/STM32F1xx_HAL_Driver/Src/stm32f1xx_hal_pcd.c **** 
 822              		.loc 1 1498 3 view .LVU239
1503:Drivers/STM32F1xx_HAL_Driver/Src/stm32f1xx_hal_pcd.c **** /**
 823              		.loc 1 1503 1 is_stmt 0 view .LVU240
 824 0000 7047     		bx	lr
 825              		.cfi_endproc
 826              	.LFE74:
 828              		.section	.text.HAL_PCD_EP_DB_Transmit,"ax",%progbits
 829              		.align	1
 830              		.syntax unified
 831              		.thumb
 832              		.thumb_func
 834              	HAL_PCD_EP_DB_Transmit:
 835              	.LVL74:
 836              	.LFB101:
2544:Drivers/STM32F1xx_HAL_Driver/Src/stm32f1xx_hal_pcd.c **** 
2545:Drivers/STM32F1xx_HAL_Driver/Src/stm32f1xx_hal_pcd.c **** 
2546:Drivers/STM32F1xx_HAL_Driver/Src/stm32f1xx_hal_pcd.c **** /**
2547:Drivers/STM32F1xx_HAL_Driver/Src/stm32f1xx_hal_pcd.c ****   * @brief  Manage double buffer bulk IN transaction from ISR
2548:Drivers/STM32F1xx_HAL_Driver/Src/stm32f1xx_hal_pcd.c ****   * @param  hpcd PCD handle
2549:Drivers/STM32F1xx_HAL_Driver/Src/stm32f1xx_hal_pcd.c ****   * @param  ep current endpoint handle
2550:Drivers/STM32F1xx_HAL_Driver/Src/stm32f1xx_hal_pcd.c ****   * @param  wEPVal Last snapshot of EPRx register value taken in ISR
2551:Drivers/STM32F1xx_HAL_Driver/Src/stm32f1xx_hal_pcd.c ****   * @retval HAL status
2552:Drivers/STM32F1xx_HAL_Driver/Src/stm32f1xx_hal_pcd.c ****   */
2553:Drivers/STM32F1xx_HAL_Driver/Src/stm32f1xx_hal_pcd.c **** static HAL_StatusTypeDef HAL_PCD_EP_DB_Transmit(PCD_HandleTypeDef *hpcd,
2554:Drivers/STM32F1xx_HAL_Driver/Src/stm32f1xx_hal_pcd.c ****                                                 PCD_EPTypeDef *ep, uint16_t wEPVal)
2555:Drivers/STM32F1xx_HAL_Driver/Src/stm32f1xx_hal_pcd.c **** {
 837              		.loc 1 2555 1 is_stmt 1 view -0
 838              		.cfi_startproc
 839              		@ args = 0, pretend = 0, frame = 0
 840              		@ frame_needed = 0, uses_anonymous_args = 0
 841              		.loc 1 2555 1 is_stmt 0 view .LVU242
 842 0000 70B5     		push	{r4, r5, r6, lr}
 843              	.LCFI9:
 844              		.cfi_def_cfa_offset 16
 845              		.cfi_offset 4, -16
 846              		.cfi_offset 5, -12
 847              		.cfi_offset 6, -8
 848              		.cfi_offset 14, -4
 849 0002 0546     		mov	r5, r0
 850 0004 0C46     		mov	r4, r1
 851 0006 1646     		mov	r6, r2
2556:Drivers/STM32F1xx_HAL_Driver/Src/stm32f1xx_hal_pcd.c ****   uint32_t len;
 852              		.loc 1 2556 3 is_stmt 1 view .LVU243
2557:Drivers/STM32F1xx_HAL_Driver/Src/stm32f1xx_hal_pcd.c ****   uint16_t TxPctSize;
 853              		.loc 1 2557 3 view .LVU244
2558:Drivers/STM32F1xx_HAL_Driver/Src/stm32f1xx_hal_pcd.c **** 
2559:Drivers/STM32F1xx_HAL_Driver/Src/stm32f1xx_hal_pcd.c ****   /* Data Buffer0 ACK received */
2560:Drivers/STM32F1xx_HAL_Driver/Src/stm32f1xx_hal_pcd.c ****   if ((wEPVal & USB_EP_DTOG_TX) != 0U)
 854              		.loc 1 2560 3 view .LVU245
 855              		.loc 1 2560 6 is_stmt 0 view .LVU246
ARM GAS  C:\Users\crist\AppData\Local\Temp\ccYt1KLW.s 			page 64


 856 0008 12F0400F 		tst	r2, #64
 857 000c 00F00E81 		beq	.L51
2561:Drivers/STM32F1xx_HAL_Driver/Src/stm32f1xx_hal_pcd.c ****   {
2562:Drivers/STM32F1xx_HAL_Driver/Src/stm32f1xx_hal_pcd.c ****     /* multi-packet on the NON control IN endpoint */
2563:Drivers/STM32F1xx_HAL_Driver/Src/stm32f1xx_hal_pcd.c ****     TxPctSize = (uint16_t)PCD_GET_EP_DBUF0_CNT(hpcd->Instance, ep->num);
 858              		.loc 1 2563 5 is_stmt 1 view .LVU247
 859              		.loc 1 2563 27 is_stmt 0 view .LVU248
 860 0010 0268     		ldr	r2, [r0]
 861              	.LVL75:
 862              		.loc 1 2563 27 view .LVU249
 863 0012 B2F85030 		ldrh	r3, [r2, #80]
 864 0016 9BB2     		uxth	r3, r3
 865 0018 0978     		ldrb	r1, [r1]	@ zero_extendqisi2
 866              	.LVL76:
 867              		.loc 1 2563 27 view .LVU250
 868 001a 03EBC103 		add	r3, r3, r1, lsl #3
 869 001e 0233     		adds	r3, r3, #2
 870 0020 02EB4302 		add	r2, r2, r3, lsl #1
 871 0024 B2F80024 		ldrh	r2, [r2, #1024]
 872              		.loc 1 2563 15 view .LVU251
 873 0028 C2F30902 		ubfx	r2, r2, #0, #10
 874              	.LVL77:
2564:Drivers/STM32F1xx_HAL_Driver/Src/stm32f1xx_hal_pcd.c **** 
2565:Drivers/STM32F1xx_HAL_Driver/Src/stm32f1xx_hal_pcd.c ****     if (ep->xfer_len > TxPctSize)
 875              		.loc 1 2565 5 is_stmt 1 view .LVU252
 876              		.loc 1 2565 11 is_stmt 0 view .LVU253
 877 002c A369     		ldr	r3, [r4, #24]
 878              		.loc 1 2565 8 view .LVU254
 879 002e 9342     		cmp	r3, r2
 880 0030 4ED9     		bls	.L52
2566:Drivers/STM32F1xx_HAL_Driver/Src/stm32f1xx_hal_pcd.c ****     {
2567:Drivers/STM32F1xx_HAL_Driver/Src/stm32f1xx_hal_pcd.c ****       ep->xfer_len -= TxPctSize;
 881              		.loc 1 2567 7 is_stmt 1 view .LVU255
 882              		.loc 1 2567 20 is_stmt 0 view .LVU256
 883 0032 9B1A     		subs	r3, r3, r2
 884 0034 A361     		str	r3, [r4, #24]
 885              	.L53:
2568:Drivers/STM32F1xx_HAL_Driver/Src/stm32f1xx_hal_pcd.c ****     }
2569:Drivers/STM32F1xx_HAL_Driver/Src/stm32f1xx_hal_pcd.c ****     else
2570:Drivers/STM32F1xx_HAL_Driver/Src/stm32f1xx_hal_pcd.c ****     {
2571:Drivers/STM32F1xx_HAL_Driver/Src/stm32f1xx_hal_pcd.c ****       ep->xfer_len = 0U;
2572:Drivers/STM32F1xx_HAL_Driver/Src/stm32f1xx_hal_pcd.c ****     }
2573:Drivers/STM32F1xx_HAL_Driver/Src/stm32f1xx_hal_pcd.c **** 
2574:Drivers/STM32F1xx_HAL_Driver/Src/stm32f1xx_hal_pcd.c ****     /* Transfer is completed */
2575:Drivers/STM32F1xx_HAL_Driver/Src/stm32f1xx_hal_pcd.c ****     if (ep->xfer_len == 0U)
 886              		.loc 1 2575 5 is_stmt 1 view .LVU257
 887              		.loc 1 2575 11 is_stmt 0 view .LVU258
 888 0036 A369     		ldr	r3, [r4, #24]
 889              		.loc 1 2575 8 view .LVU259
 890 0038 002B     		cmp	r3, #0
 891 003a 66D1     		bne	.L54
2576:Drivers/STM32F1xx_HAL_Driver/Src/stm32f1xx_hal_pcd.c ****     {
2577:Drivers/STM32F1xx_HAL_Driver/Src/stm32f1xx_hal_pcd.c ****       PCD_SET_EP_DBUF0_CNT(hpcd->Instance, ep->num, ep->is_in, 0U);
 892              		.loc 1 2577 7 is_stmt 1 view .LVU260
 893              		.loc 1 2577 7 view .LVU261
 894 003c 6378     		ldrb	r3, [r4, #1]	@ zero_extendqisi2
 895 003e 002B     		cmp	r3, #0
ARM GAS  C:\Users\crist\AppData\Local\Temp\ccYt1KLW.s 			page 65


 896 0040 49D1     		bne	.L55
 897              		.loc 1 2577 7 discriminator 1 view .LVU262
 898              	.LBB6:
 899              		.loc 1 2577 7 discriminator 1 view .LVU263
 900 0042 2B68     		ldr	r3, [r5]
 901              	.LVL78:
 902              		.loc 1 2577 7 view .LVU264
 903              		.loc 1 2577 7 view .LVU265
 904              		.loc 1 2577 7 is_stmt 0 discriminator 1 view .LVU266
 905 0044 B3F85020 		ldrh	r2, [r3, #80]
 906              	.LVL79:
 907              		.loc 1 2577 7 discriminator 1 view .LVU267
 908 0048 92B2     		uxth	r2, r2
 909 004a 1344     		add	r3, r3, r2
 910              	.LVL80:
 911              		.loc 1 2577 7 is_stmt 1 view .LVU268
 912              		.loc 1 2577 7 is_stmt 0 discriminator 1 view .LVU269
 913 004c 03EB0113 		add	r3, r3, r1, lsl #4
 914              	.LVL81:
 915              		.loc 1 2577 7 is_stmt 1 view .LVU270
 916              	.LBB7:
 917              		.loc 1 2577 7 view .LVU271
 918              		.loc 1 2577 7 view .LVU272
 919              		.loc 1 2577 7 is_stmt 0 discriminator 1 view .LVU273
 920 0050 B3F80424 		ldrh	r2, [r3, #1028]
 921              	.LVL82:
 922              		.loc 1 2577 7 discriminator 1 view .LVU274
 923 0054 C2F30902 		ubfx	r2, r2, #0, #10
 924 0058 A3F80424 		strh	r2, [r3, #1028]	@ movhi
 925              		.loc 1 2577 7 is_stmt 1 view .LVU275
 926              		.loc 1 2577 7 discriminator 4 view .LVU276
 927              		.loc 1 2577 7 discriminator 8 view .LVU277
 928 005c B3F80424 		ldrh	r2, [r3, #1028]
 929 0060 6FEA4242 		mvn	r2, r2, lsl #17
 930 0064 6FEA5242 		mvn	r2, r2, lsr #17
 931 0068 92B2     		uxth	r2, r2
 932 006a A3F80424 		strh	r2, [r3, #1028]	@ movhi
 933              		.loc 1 2577 7 view .LVU278
 934              	.LBE7:
 935              		.loc 1 2577 7 view .LVU279
 936              	.LBE6:
 937              		.loc 1 2577 7 view .LVU280
 938              	.LVL83:
 939              	.L56:
 940              		.loc 1 2577 7 view .LVU281
 941              		.loc 1 2577 7 view .LVU282
2578:Drivers/STM32F1xx_HAL_Driver/Src/stm32f1xx_hal_pcd.c ****       PCD_SET_EP_DBUF1_CNT(hpcd->Instance, ep->num, ep->is_in, 0U);
 942              		.loc 1 2578 7 view .LVU283
 943              	.LBB8:
 944              		.loc 1 2578 7 view .LVU284
 945 006e 2B68     		ldr	r3, [r5]
 946              	.LVL84:
 947              		.loc 1 2578 7 view .LVU285
 948              		.loc 1 2578 7 view .LVU286
 949 0070 6278     		ldrb	r2, [r4, #1]	@ zero_extendqisi2
 950 0072 002A     		cmp	r2, #0
 951 0074 3CD1     		bne	.L57
ARM GAS  C:\Users\crist\AppData\Local\Temp\ccYt1KLW.s 			page 66


 952              		.loc 1 2578 7 discriminator 1 view .LVU287
 953              	.LBB9:
 954              		.loc 1 2578 7 discriminator 1 view .LVU288
 955              	.LVL85:
 956              		.loc 1 2578 7 view .LVU289
 957              		.loc 1 2578 7 view .LVU290
 958              		.loc 1 2578 7 is_stmt 0 discriminator 1 view .LVU291
 959 0076 B3F85020 		ldrh	r2, [r3, #80]
 960 007a 92B2     		uxth	r2, r2
 961 007c 1344     		add	r3, r3, r2
 962              	.LVL86:
 963              		.loc 1 2578 7 is_stmt 1 view .LVU292
 964              		.loc 1 2578 7 is_stmt 0 discriminator 1 view .LVU293
 965 007e 2278     		ldrb	r2, [r4]	@ zero_extendqisi2
 966 0080 03EB0213 		add	r3, r3, r2, lsl #4
 967              	.LVL87:
 968              		.loc 1 2578 7 is_stmt 1 view .LVU294
 969              	.LBB10:
 970              		.loc 1 2578 7 view .LVU295
 971              		.loc 1 2578 7 view .LVU296
 972              		.loc 1 2578 7 is_stmt 0 discriminator 1 view .LVU297
 973 0084 B3F80C24 		ldrh	r2, [r3, #1036]
 974 0088 C2F30902 		ubfx	r2, r2, #0, #10
 975 008c A3F80C24 		strh	r2, [r3, #1036]	@ movhi
 976              	.LVL88:
 977              		.loc 1 2578 7 is_stmt 1 view .LVU298
 978              		.loc 1 2578 7 discriminator 4 view .LVU299
 979              		.loc 1 2578 7 discriminator 8 view .LVU300
 980 0090 B3F80C24 		ldrh	r2, [r3, #1036]
 981 0094 6FEA4242 		mvn	r2, r2, lsl #17
 982 0098 6FEA5242 		mvn	r2, r2, lsr #17
 983 009c 92B2     		uxth	r2, r2
 984 009e A3F80C24 		strh	r2, [r3, #1036]	@ movhi
 985              		.loc 1 2578 7 view .LVU301
 986              	.LBE10:
 987              		.loc 1 2578 7 view .LVU302
 988              	.LBE9:
 989              		.loc 1 2578 7 view .LVU303
 990              	.LVL89:
 991              	.L58:
 992              		.loc 1 2578 7 is_stmt 0 view .LVU304
 993              	.LBE8:
 994              		.loc 1 2578 7 is_stmt 1 view .LVU305
2579:Drivers/STM32F1xx_HAL_Driver/Src/stm32f1xx_hal_pcd.c **** 
2580:Drivers/STM32F1xx_HAL_Driver/Src/stm32f1xx_hal_pcd.c ****       /* TX COMPLETE */
2581:Drivers/STM32F1xx_HAL_Driver/Src/stm32f1xx_hal_pcd.c **** #if (USE_HAL_PCD_REGISTER_CALLBACKS == 1U)
2582:Drivers/STM32F1xx_HAL_Driver/Src/stm32f1xx_hal_pcd.c ****       hpcd->DataInStageCallback(hpcd, ep->num);
2583:Drivers/STM32F1xx_HAL_Driver/Src/stm32f1xx_hal_pcd.c **** #else
2584:Drivers/STM32F1xx_HAL_Driver/Src/stm32f1xx_hal_pcd.c ****       HAL_PCD_DataInStageCallback(hpcd, ep->num);
 995              		.loc 1 2584 7 view .LVU306
 996 00a2 2178     		ldrb	r1, [r4]	@ zero_extendqisi2
 997 00a4 2846     		mov	r0, r5
 998              	.LVL90:
 999              		.loc 1 2584 7 is_stmt 0 view .LVU307
 1000 00a6 FFF7FEFF 		bl	HAL_PCD_DataInStageCallback
 1001              	.LVL91:
2585:Drivers/STM32F1xx_HAL_Driver/Src/stm32f1xx_hal_pcd.c **** #endif /* USE_HAL_PCD_REGISTER_CALLBACKS */
ARM GAS  C:\Users\crist\AppData\Local\Temp\ccYt1KLW.s 			page 67


2586:Drivers/STM32F1xx_HAL_Driver/Src/stm32f1xx_hal_pcd.c **** 
2587:Drivers/STM32F1xx_HAL_Driver/Src/stm32f1xx_hal_pcd.c ****       if ((wEPVal & USB_EP_DTOG_RX) != 0U)
 1002              		.loc 1 2587 7 is_stmt 1 view .LVU308
 1003              		.loc 1 2587 10 is_stmt 0 view .LVU309
 1004 00aa 16F4804F 		tst	r6, #16384
 1005 00ae 41D0     		beq	.L59
2588:Drivers/STM32F1xx_HAL_Driver/Src/stm32f1xx_hal_pcd.c ****       {
2589:Drivers/STM32F1xx_HAL_Driver/Src/stm32f1xx_hal_pcd.c ****         PCD_FREE_USER_BUFFER(hpcd->Instance, ep->num, 1U);
 1006              		.loc 1 2589 9 is_stmt 1 view .LVU310
 1007              		.loc 1 2589 9 view .LVU311
 1008              		.loc 1 2589 9 discriminator 2 view .LVU312
 1009              		.loc 1 2589 9 discriminator 3 view .LVU313
 1010              	.LBB11:
 1011              		.loc 1 2589 9 discriminator 3 view .LVU314
 1012              		.loc 1 2589 9 discriminator 3 view .LVU315
 1013 00b0 2A68     		ldr	r2, [r5]
 1014 00b2 2178     		ldrb	r1, [r4]	@ zero_extendqisi2
 1015 00b4 32F82130 		ldrh	r3, [r2, r1, lsl #2]
 1016 00b8 9BB2     		uxth	r3, r3
 1017 00ba 23F4E043 		bic	r3, r3, #28672
 1018 00be 23F07003 		bic	r3, r3, #112
 1019              	.LVL92:
 1020              		.loc 1 2589 9 view .LVU316
 1021              		.loc 1 2589 9 is_stmt 0 discriminator 3 view .LVU317
 1022 00c2 43F44043 		orr	r3, r3, #49152
 1023              	.LVL93:
 1024              		.loc 1 2589 9 discriminator 3 view .LVU318
 1025 00c6 43F08003 		orr	r3, r3, #128
 1026 00ca 22F82130 		strh	r3, [r2, r1, lsl #2]	@ movhi
 1027 00ce 31E0     		b	.L59
 1028              	.LVL94:
 1029              	.L52:
 1030              		.loc 1 2589 9 discriminator 3 view .LVU319
 1031              	.LBE11:
2571:Drivers/STM32F1xx_HAL_Driver/Src/stm32f1xx_hal_pcd.c ****     }
 1032              		.loc 1 2571 7 is_stmt 1 view .LVU320
2571:Drivers/STM32F1xx_HAL_Driver/Src/stm32f1xx_hal_pcd.c ****     }
 1033              		.loc 1 2571 20 is_stmt 0 view .LVU321
 1034 00d0 0023     		movs	r3, #0
 1035 00d2 A361     		str	r3, [r4, #24]
 1036 00d4 AFE7     		b	.L53
 1037              	.L55:
2577:Drivers/STM32F1xx_HAL_Driver/Src/stm32f1xx_hal_pcd.c ****       PCD_SET_EP_DBUF1_CNT(hpcd->Instance, ep->num, ep->is_in, 0U);
 1038              		.loc 1 2577 7 is_stmt 1 discriminator 2 view .LVU322
 1039 00d6 012B     		cmp	r3, #1
 1040 00d8 C9D1     		bne	.L56
2577:Drivers/STM32F1xx_HAL_Driver/Src/stm32f1xx_hal_pcd.c ****       PCD_SET_EP_DBUF1_CNT(hpcd->Instance, ep->num, ep->is_in, 0U);
 1041              		.loc 1 2577 7 discriminator 13 view .LVU323
 1042              	.LBB12:
2577:Drivers/STM32F1xx_HAL_Driver/Src/stm32f1xx_hal_pcd.c ****       PCD_SET_EP_DBUF1_CNT(hpcd->Instance, ep->num, ep->is_in, 0U);
 1043              		.loc 1 2577 7 discriminator 13 view .LVU324
 1044 00da 2B68     		ldr	r3, [r5]
 1045              	.LVL95:
2577:Drivers/STM32F1xx_HAL_Driver/Src/stm32f1xx_hal_pcd.c ****       PCD_SET_EP_DBUF1_CNT(hpcd->Instance, ep->num, ep->is_in, 0U);
 1046              		.loc 1 2577 7 view .LVU325
2577:Drivers/STM32F1xx_HAL_Driver/Src/stm32f1xx_hal_pcd.c ****       PCD_SET_EP_DBUF1_CNT(hpcd->Instance, ep->num, ep->is_in, 0U);
 1047              		.loc 1 2577 7 view .LVU326
ARM GAS  C:\Users\crist\AppData\Local\Temp\ccYt1KLW.s 			page 68


2577:Drivers/STM32F1xx_HAL_Driver/Src/stm32f1xx_hal_pcd.c ****       PCD_SET_EP_DBUF1_CNT(hpcd->Instance, ep->num, ep->is_in, 0U);
 1048              		.loc 1 2577 7 is_stmt 0 discriminator 13 view .LVU327
 1049 00dc B3F85020 		ldrh	r2, [r3, #80]
 1050              	.LVL96:
2577:Drivers/STM32F1xx_HAL_Driver/Src/stm32f1xx_hal_pcd.c ****       PCD_SET_EP_DBUF1_CNT(hpcd->Instance, ep->num, ep->is_in, 0U);
 1051              		.loc 1 2577 7 discriminator 13 view .LVU328
 1052 00e0 92B2     		uxth	r2, r2
 1053 00e2 1344     		add	r3, r3, r2
 1054              	.LVL97:
2577:Drivers/STM32F1xx_HAL_Driver/Src/stm32f1xx_hal_pcd.c ****       PCD_SET_EP_DBUF1_CNT(hpcd->Instance, ep->num, ep->is_in, 0U);
 1055              		.loc 1 2577 7 is_stmt 1 view .LVU329
2577:Drivers/STM32F1xx_HAL_Driver/Src/stm32f1xx_hal_pcd.c ****       PCD_SET_EP_DBUF1_CNT(hpcd->Instance, ep->num, ep->is_in, 0U);
 1056              		.loc 1 2577 7 is_stmt 0 discriminator 13 view .LVU330
 1057 00e4 03EB0113 		add	r3, r3, r1, lsl #4
 1058              	.LVL98:
2577:Drivers/STM32F1xx_HAL_Driver/Src/stm32f1xx_hal_pcd.c ****       PCD_SET_EP_DBUF1_CNT(hpcd->Instance, ep->num, ep->is_in, 0U);
 1059              		.loc 1 2577 7 is_stmt 1 view .LVU331
2577:Drivers/STM32F1xx_HAL_Driver/Src/stm32f1xx_hal_pcd.c ****       PCD_SET_EP_DBUF1_CNT(hpcd->Instance, ep->num, ep->is_in, 0U);
 1060              		.loc 1 2577 7 is_stmt 0 discriminator 13 view .LVU332
 1061 00e8 0022     		movs	r2, #0
 1062              	.LVL99:
2577:Drivers/STM32F1xx_HAL_Driver/Src/stm32f1xx_hal_pcd.c ****       PCD_SET_EP_DBUF1_CNT(hpcd->Instance, ep->num, ep->is_in, 0U);
 1063              		.loc 1 2577 7 discriminator 13 view .LVU333
 1064 00ea A3F80424 		strh	r2, [r3, #1028]	@ movhi
2577:Drivers/STM32F1xx_HAL_Driver/Src/stm32f1xx_hal_pcd.c ****       PCD_SET_EP_DBUF1_CNT(hpcd->Instance, ep->num, ep->is_in, 0U);
 1065              		.loc 1 2577 7 discriminator 13 view .LVU334
 1066 00ee BEE7     		b	.L56
 1067              	.LVL100:
 1068              	.L57:
2577:Drivers/STM32F1xx_HAL_Driver/Src/stm32f1xx_hal_pcd.c ****       PCD_SET_EP_DBUF1_CNT(hpcd->Instance, ep->num, ep->is_in, 0U);
 1069              		.loc 1 2577 7 discriminator 13 view .LVU335
 1070              	.LBE12:
 1071              	.LBB13:
2578:Drivers/STM32F1xx_HAL_Driver/Src/stm32f1xx_hal_pcd.c **** 
 1072              		.loc 1 2578 7 is_stmt 1 discriminator 2 view .LVU336
 1073 00f0 012A     		cmp	r2, #1
 1074 00f2 D6D1     		bne	.L58
2578:Drivers/STM32F1xx_HAL_Driver/Src/stm32f1xx_hal_pcd.c **** 
 1075              		.loc 1 2578 7 discriminator 13 view .LVU337
 1076 00f4 B3F85020 		ldrh	r2, [r3, #80]
 1077 00f8 92B2     		uxth	r2, r2
 1078 00fa 1344     		add	r3, r3, r2
 1079              	.LVL101:
2578:Drivers/STM32F1xx_HAL_Driver/Src/stm32f1xx_hal_pcd.c **** 
 1080              		.loc 1 2578 7 view .LVU338
2578:Drivers/STM32F1xx_HAL_Driver/Src/stm32f1xx_hal_pcd.c **** 
 1081              		.loc 1 2578 7 is_stmt 0 discriminator 13 view .LVU339
 1082 00fc 2278     		ldrb	r2, [r4]	@ zero_extendqisi2
 1083 00fe 03EB0213 		add	r3, r3, r2, lsl #4
 1084              	.LVL102:
2578:Drivers/STM32F1xx_HAL_Driver/Src/stm32f1xx_hal_pcd.c **** 
 1085              		.loc 1 2578 7 is_stmt 1 view .LVU340
2578:Drivers/STM32F1xx_HAL_Driver/Src/stm32f1xx_hal_pcd.c **** 
 1086              		.loc 1 2578 7 is_stmt 0 discriminator 13 view .LVU341
 1087 0102 0022     		movs	r2, #0
 1088 0104 A3F80C24 		strh	r2, [r3, #1036]	@ movhi
2578:Drivers/STM32F1xx_HAL_Driver/Src/stm32f1xx_hal_pcd.c **** 
ARM GAS  C:\Users\crist\AppData\Local\Temp\ccYt1KLW.s 			page 69


 1089              		.loc 1 2578 7 discriminator 13 view .LVU342
 1090 0108 CBE7     		b	.L58
 1091              	.LVL103:
 1092              	.L54:
2578:Drivers/STM32F1xx_HAL_Driver/Src/stm32f1xx_hal_pcd.c **** 
 1093              		.loc 1 2578 7 discriminator 13 view .LVU343
 1094              	.LBE13:
2590:Drivers/STM32F1xx_HAL_Driver/Src/stm32f1xx_hal_pcd.c ****       }
2591:Drivers/STM32F1xx_HAL_Driver/Src/stm32f1xx_hal_pcd.c ****     }
2592:Drivers/STM32F1xx_HAL_Driver/Src/stm32f1xx_hal_pcd.c ****     else /* Transfer is not yet Done */
2593:Drivers/STM32F1xx_HAL_Driver/Src/stm32f1xx_hal_pcd.c ****     {
2594:Drivers/STM32F1xx_HAL_Driver/Src/stm32f1xx_hal_pcd.c ****       /* need to Free USB Buff */
2595:Drivers/STM32F1xx_HAL_Driver/Src/stm32f1xx_hal_pcd.c ****       if ((wEPVal & USB_EP_DTOG_RX) != 0U)
 1095              		.loc 1 2595 7 is_stmt 1 view .LVU344
 1096              		.loc 1 2595 10 is_stmt 0 view .LVU345
 1097 010a 16F4804F 		tst	r6, #16384
 1098 010e 0DD0     		beq	.L60
2596:Drivers/STM32F1xx_HAL_Driver/Src/stm32f1xx_hal_pcd.c ****       {
2597:Drivers/STM32F1xx_HAL_Driver/Src/stm32f1xx_hal_pcd.c ****         PCD_FREE_USER_BUFFER(hpcd->Instance, ep->num, 1U);
 1099              		.loc 1 2597 9 is_stmt 1 view .LVU346
 1100              		.loc 1 2597 9 view .LVU347
 1101              		.loc 1 2597 9 discriminator 2 view .LVU348
 1102              		.loc 1 2597 9 discriminator 3 view .LVU349
 1103              	.LBB14:
 1104              		.loc 1 2597 9 discriminator 3 view .LVU350
 1105              		.loc 1 2597 9 discriminator 3 view .LVU351
 1106 0110 2868     		ldr	r0, [r5]
 1107              	.LVL104:
 1108              		.loc 1 2597 9 is_stmt 0 discriminator 3 view .LVU352
 1109 0112 30F82130 		ldrh	r3, [r0, r1, lsl #2]
 1110 0116 9BB2     		uxth	r3, r3
 1111 0118 23F4E043 		bic	r3, r3, #28672
 1112 011c 23F07003 		bic	r3, r3, #112
 1113              	.LVL105:
 1114              		.loc 1 2597 9 is_stmt 1 view .LVU353
 1115              		.loc 1 2597 9 is_stmt 0 discriminator 3 view .LVU354
 1116 0120 43F44043 		orr	r3, r3, #49152
 1117              	.LVL106:
 1118              		.loc 1 2597 9 discriminator 3 view .LVU355
 1119 0124 43F08003 		orr	r3, r3, #128
 1120 0128 20F82130 		strh	r3, [r0, r1, lsl #2]	@ movhi
 1121              	.LVL107:
 1122              	.L60:
 1123              		.loc 1 2597 9 discriminator 3 view .LVU356
 1124              	.LBE14:
 1125              		.loc 1 2597 9 is_stmt 1 view .LVU357
 1126              		.loc 1 2597 9 view .LVU358
2598:Drivers/STM32F1xx_HAL_Driver/Src/stm32f1xx_hal_pcd.c ****       }
2599:Drivers/STM32F1xx_HAL_Driver/Src/stm32f1xx_hal_pcd.c **** 
2600:Drivers/STM32F1xx_HAL_Driver/Src/stm32f1xx_hal_pcd.c ****       /* Still there is data to Fill in the next Buffer */
2601:Drivers/STM32F1xx_HAL_Driver/Src/stm32f1xx_hal_pcd.c ****       if (ep->xfer_fill_db == 1U)
 1127              		.loc 1 2601 7 view .LVU359
 1128              		.loc 1 2601 13 is_stmt 0 view .LVU360
 1129 012c 94F82430 		ldrb	r3, [r4, #36]	@ zero_extendqisi2
 1130              		.loc 1 2601 10 view .LVU361
 1131 0130 012B     		cmp	r3, #1
 1132 0132 12D0     		beq	.L88
ARM GAS  C:\Users\crist\AppData\Local\Temp\ccYt1KLW.s 			page 70


 1133              	.LVL108:
 1134              	.L59:
2602:Drivers/STM32F1xx_HAL_Driver/Src/stm32f1xx_hal_pcd.c ****       {
2603:Drivers/STM32F1xx_HAL_Driver/Src/stm32f1xx_hal_pcd.c ****         ep->xfer_buff += TxPctSize;
2604:Drivers/STM32F1xx_HAL_Driver/Src/stm32f1xx_hal_pcd.c ****         ep->xfer_count += TxPctSize;
2605:Drivers/STM32F1xx_HAL_Driver/Src/stm32f1xx_hal_pcd.c **** 
2606:Drivers/STM32F1xx_HAL_Driver/Src/stm32f1xx_hal_pcd.c ****         /* Calculate the len of the new buffer to fill */
2607:Drivers/STM32F1xx_HAL_Driver/Src/stm32f1xx_hal_pcd.c ****         if (ep->xfer_len_db >= ep->maxpacket)
2608:Drivers/STM32F1xx_HAL_Driver/Src/stm32f1xx_hal_pcd.c ****         {
2609:Drivers/STM32F1xx_HAL_Driver/Src/stm32f1xx_hal_pcd.c ****           len = ep->maxpacket;
2610:Drivers/STM32F1xx_HAL_Driver/Src/stm32f1xx_hal_pcd.c ****           ep->xfer_len_db -= len;
2611:Drivers/STM32F1xx_HAL_Driver/Src/stm32f1xx_hal_pcd.c ****         }
2612:Drivers/STM32F1xx_HAL_Driver/Src/stm32f1xx_hal_pcd.c ****         else if (ep->xfer_len_db == 0U)
2613:Drivers/STM32F1xx_HAL_Driver/Src/stm32f1xx_hal_pcd.c ****         {
2614:Drivers/STM32F1xx_HAL_Driver/Src/stm32f1xx_hal_pcd.c ****           len = TxPctSize;
2615:Drivers/STM32F1xx_HAL_Driver/Src/stm32f1xx_hal_pcd.c ****           ep->xfer_fill_db = 0U;
2616:Drivers/STM32F1xx_HAL_Driver/Src/stm32f1xx_hal_pcd.c ****         }
2617:Drivers/STM32F1xx_HAL_Driver/Src/stm32f1xx_hal_pcd.c ****         else
2618:Drivers/STM32F1xx_HAL_Driver/Src/stm32f1xx_hal_pcd.c ****         {
2619:Drivers/STM32F1xx_HAL_Driver/Src/stm32f1xx_hal_pcd.c ****           ep->xfer_fill_db = 0U;
2620:Drivers/STM32F1xx_HAL_Driver/Src/stm32f1xx_hal_pcd.c ****           len = ep->xfer_len_db;
2621:Drivers/STM32F1xx_HAL_Driver/Src/stm32f1xx_hal_pcd.c ****           ep->xfer_len_db = 0U;
2622:Drivers/STM32F1xx_HAL_Driver/Src/stm32f1xx_hal_pcd.c ****         }
2623:Drivers/STM32F1xx_HAL_Driver/Src/stm32f1xx_hal_pcd.c **** 
2624:Drivers/STM32F1xx_HAL_Driver/Src/stm32f1xx_hal_pcd.c ****         /* Write remaining Data to Buffer */
2625:Drivers/STM32F1xx_HAL_Driver/Src/stm32f1xx_hal_pcd.c ****         /* Set the Double buffer counter for pma buffer1 */
2626:Drivers/STM32F1xx_HAL_Driver/Src/stm32f1xx_hal_pcd.c ****         PCD_SET_EP_DBUF0_CNT(hpcd->Instance, ep->num, ep->is_in, len);
2627:Drivers/STM32F1xx_HAL_Driver/Src/stm32f1xx_hal_pcd.c **** 
2628:Drivers/STM32F1xx_HAL_Driver/Src/stm32f1xx_hal_pcd.c ****         /* Copy user buffer to USB PMA */
2629:Drivers/STM32F1xx_HAL_Driver/Src/stm32f1xx_hal_pcd.c ****         USB_WritePMA(hpcd->Instance, ep->xfer_buff,  ep->pmaaddr0, (uint16_t)len);
2630:Drivers/STM32F1xx_HAL_Driver/Src/stm32f1xx_hal_pcd.c ****       }
2631:Drivers/STM32F1xx_HAL_Driver/Src/stm32f1xx_hal_pcd.c ****     }
2632:Drivers/STM32F1xx_HAL_Driver/Src/stm32f1xx_hal_pcd.c ****   }
2633:Drivers/STM32F1xx_HAL_Driver/Src/stm32f1xx_hal_pcd.c ****   else /* Data Buffer1 ACK received */
2634:Drivers/STM32F1xx_HAL_Driver/Src/stm32f1xx_hal_pcd.c ****   {
2635:Drivers/STM32F1xx_HAL_Driver/Src/stm32f1xx_hal_pcd.c ****     /* multi-packet on the NON control IN endpoint */
2636:Drivers/STM32F1xx_HAL_Driver/Src/stm32f1xx_hal_pcd.c ****     TxPctSize = (uint16_t)PCD_GET_EP_DBUF1_CNT(hpcd->Instance, ep->num);
2637:Drivers/STM32F1xx_HAL_Driver/Src/stm32f1xx_hal_pcd.c **** 
2638:Drivers/STM32F1xx_HAL_Driver/Src/stm32f1xx_hal_pcd.c ****     if (ep->xfer_len >= TxPctSize)
2639:Drivers/STM32F1xx_HAL_Driver/Src/stm32f1xx_hal_pcd.c ****     {
2640:Drivers/STM32F1xx_HAL_Driver/Src/stm32f1xx_hal_pcd.c ****       ep->xfer_len -= TxPctSize;
2641:Drivers/STM32F1xx_HAL_Driver/Src/stm32f1xx_hal_pcd.c ****     }
2642:Drivers/STM32F1xx_HAL_Driver/Src/stm32f1xx_hal_pcd.c ****     else
2643:Drivers/STM32F1xx_HAL_Driver/Src/stm32f1xx_hal_pcd.c ****     {
2644:Drivers/STM32F1xx_HAL_Driver/Src/stm32f1xx_hal_pcd.c ****       ep->xfer_len = 0U;
2645:Drivers/STM32F1xx_HAL_Driver/Src/stm32f1xx_hal_pcd.c ****     }
2646:Drivers/STM32F1xx_HAL_Driver/Src/stm32f1xx_hal_pcd.c **** 
2647:Drivers/STM32F1xx_HAL_Driver/Src/stm32f1xx_hal_pcd.c ****     /* Transfer is completed */
2648:Drivers/STM32F1xx_HAL_Driver/Src/stm32f1xx_hal_pcd.c ****     if (ep->xfer_len == 0U)
2649:Drivers/STM32F1xx_HAL_Driver/Src/stm32f1xx_hal_pcd.c ****     {
2650:Drivers/STM32F1xx_HAL_Driver/Src/stm32f1xx_hal_pcd.c ****       PCD_SET_EP_DBUF0_CNT(hpcd->Instance, ep->num, ep->is_in, 0U);
2651:Drivers/STM32F1xx_HAL_Driver/Src/stm32f1xx_hal_pcd.c ****       PCD_SET_EP_DBUF1_CNT(hpcd->Instance, ep->num, ep->is_in, 0U);
2652:Drivers/STM32F1xx_HAL_Driver/Src/stm32f1xx_hal_pcd.c **** 
2653:Drivers/STM32F1xx_HAL_Driver/Src/stm32f1xx_hal_pcd.c ****       /* TX COMPLETE */
2654:Drivers/STM32F1xx_HAL_Driver/Src/stm32f1xx_hal_pcd.c **** #if (USE_HAL_PCD_REGISTER_CALLBACKS == 1U)
2655:Drivers/STM32F1xx_HAL_Driver/Src/stm32f1xx_hal_pcd.c ****       hpcd->DataInStageCallback(hpcd, ep->num);
2656:Drivers/STM32F1xx_HAL_Driver/Src/stm32f1xx_hal_pcd.c **** #else
ARM GAS  C:\Users\crist\AppData\Local\Temp\ccYt1KLW.s 			page 71


2657:Drivers/STM32F1xx_HAL_Driver/Src/stm32f1xx_hal_pcd.c ****       HAL_PCD_DataInStageCallback(hpcd, ep->num);
2658:Drivers/STM32F1xx_HAL_Driver/Src/stm32f1xx_hal_pcd.c **** #endif /* USE_HAL_PCD_REGISTER_CALLBACKS */
2659:Drivers/STM32F1xx_HAL_Driver/Src/stm32f1xx_hal_pcd.c **** 
2660:Drivers/STM32F1xx_HAL_Driver/Src/stm32f1xx_hal_pcd.c ****       /* need to Free USB Buff */
2661:Drivers/STM32F1xx_HAL_Driver/Src/stm32f1xx_hal_pcd.c ****       if ((wEPVal & USB_EP_DTOG_RX) == 0U)
2662:Drivers/STM32F1xx_HAL_Driver/Src/stm32f1xx_hal_pcd.c ****       {
2663:Drivers/STM32F1xx_HAL_Driver/Src/stm32f1xx_hal_pcd.c ****         PCD_FREE_USER_BUFFER(hpcd->Instance, ep->num, 1U);
2664:Drivers/STM32F1xx_HAL_Driver/Src/stm32f1xx_hal_pcd.c ****       }
2665:Drivers/STM32F1xx_HAL_Driver/Src/stm32f1xx_hal_pcd.c ****     }
2666:Drivers/STM32F1xx_HAL_Driver/Src/stm32f1xx_hal_pcd.c ****     else /* Transfer is not yet Done */
2667:Drivers/STM32F1xx_HAL_Driver/Src/stm32f1xx_hal_pcd.c ****     {
2668:Drivers/STM32F1xx_HAL_Driver/Src/stm32f1xx_hal_pcd.c ****       /* need to Free USB Buff */
2669:Drivers/STM32F1xx_HAL_Driver/Src/stm32f1xx_hal_pcd.c ****       if ((wEPVal & USB_EP_DTOG_RX) == 0U)
2670:Drivers/STM32F1xx_HAL_Driver/Src/stm32f1xx_hal_pcd.c ****       {
2671:Drivers/STM32F1xx_HAL_Driver/Src/stm32f1xx_hal_pcd.c ****         PCD_FREE_USER_BUFFER(hpcd->Instance, ep->num, 1U);
2672:Drivers/STM32F1xx_HAL_Driver/Src/stm32f1xx_hal_pcd.c ****       }
2673:Drivers/STM32F1xx_HAL_Driver/Src/stm32f1xx_hal_pcd.c **** 
2674:Drivers/STM32F1xx_HAL_Driver/Src/stm32f1xx_hal_pcd.c ****       /* Still there is data to Fill in the next Buffer */
2675:Drivers/STM32F1xx_HAL_Driver/Src/stm32f1xx_hal_pcd.c ****       if (ep->xfer_fill_db == 1U)
2676:Drivers/STM32F1xx_HAL_Driver/Src/stm32f1xx_hal_pcd.c ****       {
2677:Drivers/STM32F1xx_HAL_Driver/Src/stm32f1xx_hal_pcd.c ****         ep->xfer_buff += TxPctSize;
2678:Drivers/STM32F1xx_HAL_Driver/Src/stm32f1xx_hal_pcd.c ****         ep->xfer_count += TxPctSize;
2679:Drivers/STM32F1xx_HAL_Driver/Src/stm32f1xx_hal_pcd.c **** 
2680:Drivers/STM32F1xx_HAL_Driver/Src/stm32f1xx_hal_pcd.c ****         /* Calculate the len of the new buffer to fill */
2681:Drivers/STM32F1xx_HAL_Driver/Src/stm32f1xx_hal_pcd.c ****         if (ep->xfer_len_db >= ep->maxpacket)
2682:Drivers/STM32F1xx_HAL_Driver/Src/stm32f1xx_hal_pcd.c ****         {
2683:Drivers/STM32F1xx_HAL_Driver/Src/stm32f1xx_hal_pcd.c ****           len = ep->maxpacket;
2684:Drivers/STM32F1xx_HAL_Driver/Src/stm32f1xx_hal_pcd.c ****           ep->xfer_len_db -= len;
2685:Drivers/STM32F1xx_HAL_Driver/Src/stm32f1xx_hal_pcd.c ****         }
2686:Drivers/STM32F1xx_HAL_Driver/Src/stm32f1xx_hal_pcd.c ****         else if (ep->xfer_len_db == 0U)
2687:Drivers/STM32F1xx_HAL_Driver/Src/stm32f1xx_hal_pcd.c ****         {
2688:Drivers/STM32F1xx_HAL_Driver/Src/stm32f1xx_hal_pcd.c ****           len = TxPctSize;
2689:Drivers/STM32F1xx_HAL_Driver/Src/stm32f1xx_hal_pcd.c ****           ep->xfer_fill_db = 0U;
2690:Drivers/STM32F1xx_HAL_Driver/Src/stm32f1xx_hal_pcd.c ****         }
2691:Drivers/STM32F1xx_HAL_Driver/Src/stm32f1xx_hal_pcd.c ****         else
2692:Drivers/STM32F1xx_HAL_Driver/Src/stm32f1xx_hal_pcd.c ****         {
2693:Drivers/STM32F1xx_HAL_Driver/Src/stm32f1xx_hal_pcd.c ****           len = ep->xfer_len_db;
2694:Drivers/STM32F1xx_HAL_Driver/Src/stm32f1xx_hal_pcd.c ****           ep->xfer_len_db = 0U;
2695:Drivers/STM32F1xx_HAL_Driver/Src/stm32f1xx_hal_pcd.c ****           ep->xfer_fill_db = 0;
2696:Drivers/STM32F1xx_HAL_Driver/Src/stm32f1xx_hal_pcd.c ****         }
2697:Drivers/STM32F1xx_HAL_Driver/Src/stm32f1xx_hal_pcd.c **** 
2698:Drivers/STM32F1xx_HAL_Driver/Src/stm32f1xx_hal_pcd.c ****         /* Set the Double buffer counter for pmabuffer1 */
2699:Drivers/STM32F1xx_HAL_Driver/Src/stm32f1xx_hal_pcd.c ****         PCD_SET_EP_DBUF1_CNT(hpcd->Instance, ep->num, ep->is_in, len);
2700:Drivers/STM32F1xx_HAL_Driver/Src/stm32f1xx_hal_pcd.c **** 
2701:Drivers/STM32F1xx_HAL_Driver/Src/stm32f1xx_hal_pcd.c ****         /* Copy the user buffer to USB PMA */
2702:Drivers/STM32F1xx_HAL_Driver/Src/stm32f1xx_hal_pcd.c ****         USB_WritePMA(hpcd->Instance, ep->xfer_buff,  ep->pmaaddr1, (uint16_t)len);
2703:Drivers/STM32F1xx_HAL_Driver/Src/stm32f1xx_hal_pcd.c ****       }
2704:Drivers/STM32F1xx_HAL_Driver/Src/stm32f1xx_hal_pcd.c ****     }
2705:Drivers/STM32F1xx_HAL_Driver/Src/stm32f1xx_hal_pcd.c ****   }
2706:Drivers/STM32F1xx_HAL_Driver/Src/stm32f1xx_hal_pcd.c **** 
2707:Drivers/STM32F1xx_HAL_Driver/Src/stm32f1xx_hal_pcd.c ****   /*enable endpoint IN*/
2708:Drivers/STM32F1xx_HAL_Driver/Src/stm32f1xx_hal_pcd.c ****   PCD_SET_EP_TX_STATUS(hpcd->Instance, ep->num, USB_EP_TX_VALID);
 1135              		.loc 1 2708 3 is_stmt 1 view .LVU362
 1136              	.LBB15:
 1137              		.loc 1 2708 3 view .LVU363
 1138              		.loc 1 2708 3 view .LVU364
 1139 0134 2A68     		ldr	r2, [r5]
ARM GAS  C:\Users\crist\AppData\Local\Temp\ccYt1KLW.s 			page 72


 1140 0136 2178     		ldrb	r1, [r4]	@ zero_extendqisi2
 1141 0138 32F82130 		ldrh	r3, [r2, r1, lsl #2]
 1142 013c 9BB2     		uxth	r3, r3
 1143 013e 23F4E043 		bic	r3, r3, #28672
 1144 0142 23F04003 		bic	r3, r3, #64
 1145              	.LVL109:
 1146              		.loc 1 2708 3 view .LVU365
 1147              		.loc 1 2708 3 discriminator 1 view .LVU366
 1148              		.loc 1 2708 3 discriminator 3 view .LVU367
 1149              		.loc 1 2708 3 discriminator 4 view .LVU368
 1150 0146 83F03003 		eor	r3, r3, #48
 1151              	.LVL110:
 1152              		.loc 1 2708 3 discriminator 6 view .LVU369
 1153 014a 43F40043 		orr	r3, r3, #32768
 1154              	.LVL111:
 1155              		.loc 1 2708 3 is_stmt 0 discriminator 6 view .LVU370
 1156 014e 43F08003 		orr	r3, r3, #128
 1157 0152 22F82130 		strh	r3, [r2, r1, lsl #2]	@ movhi
 1158              	.LBE15:
 1159              		.loc 1 2708 3 is_stmt 1 view .LVU371
2709:Drivers/STM32F1xx_HAL_Driver/Src/stm32f1xx_hal_pcd.c **** 
2710:Drivers/STM32F1xx_HAL_Driver/Src/stm32f1xx_hal_pcd.c ****   return HAL_OK;
 1160              		.loc 1 2710 3 view .LVU372
2711:Drivers/STM32F1xx_HAL_Driver/Src/stm32f1xx_hal_pcd.c **** }
 1161              		.loc 1 2711 1 is_stmt 0 view .LVU373
 1162 0156 0020     		movs	r0, #0
 1163 0158 70BD     		pop	{r4, r5, r6, pc}
 1164              	.LVL112:
 1165              	.L88:
2603:Drivers/STM32F1xx_HAL_Driver/Src/stm32f1xx_hal_pcd.c ****         ep->xfer_count += TxPctSize;
 1166              		.loc 1 2603 9 is_stmt 1 view .LVU374
2603:Drivers/STM32F1xx_HAL_Driver/Src/stm32f1xx_hal_pcd.c ****         ep->xfer_count += TxPctSize;
 1167              		.loc 1 2603 11 is_stmt 0 view .LVU375
 1168 015a 6369     		ldr	r3, [r4, #20]
2603:Drivers/STM32F1xx_HAL_Driver/Src/stm32f1xx_hal_pcd.c ****         ep->xfer_count += TxPctSize;
 1169              		.loc 1 2603 23 view .LVU376
 1170 015c 1344     		add	r3, r3, r2
 1171 015e 6361     		str	r3, [r4, #20]
2604:Drivers/STM32F1xx_HAL_Driver/Src/stm32f1xx_hal_pcd.c **** 
 1172              		.loc 1 2604 9 is_stmt 1 view .LVU377
2604:Drivers/STM32F1xx_HAL_Driver/Src/stm32f1xx_hal_pcd.c **** 
 1173              		.loc 1 2604 11 is_stmt 0 view .LVU378
 1174 0160 E369     		ldr	r3, [r4, #28]
2604:Drivers/STM32F1xx_HAL_Driver/Src/stm32f1xx_hal_pcd.c **** 
 1175              		.loc 1 2604 24 view .LVU379
 1176 0162 1344     		add	r3, r3, r2
 1177 0164 E361     		str	r3, [r4, #28]
2607:Drivers/STM32F1xx_HAL_Driver/Src/stm32f1xx_hal_pcd.c ****         {
 1178              		.loc 1 2607 9 is_stmt 1 view .LVU380
2607:Drivers/STM32F1xx_HAL_Driver/Src/stm32f1xx_hal_pcd.c ****         {
 1179              		.loc 1 2607 15 is_stmt 0 view .LVU381
 1180 0166 216A     		ldr	r1, [r4, #32]
2607:Drivers/STM32F1xx_HAL_Driver/Src/stm32f1xx_hal_pcd.c ****         {
 1181              		.loc 1 2607 34 view .LVU382
 1182 0168 2369     		ldr	r3, [r4, #16]
2607:Drivers/STM32F1xx_HAL_Driver/Src/stm32f1xx_hal_pcd.c ****         {
 1183              		.loc 1 2607 12 view .LVU383
ARM GAS  C:\Users\crist\AppData\Local\Temp\ccYt1KLW.s 			page 73


 1184 016a 9942     		cmp	r1, r3
 1185 016c 24D3     		bcc	.L61
2609:Drivers/STM32F1xx_HAL_Driver/Src/stm32f1xx_hal_pcd.c ****           ep->xfer_len_db -= len;
 1186              		.loc 1 2609 11 is_stmt 1 view .LVU384
 1187              	.LVL113:
2610:Drivers/STM32F1xx_HAL_Driver/Src/stm32f1xx_hal_pcd.c ****         }
 1188              		.loc 1 2610 11 view .LVU385
2610:Drivers/STM32F1xx_HAL_Driver/Src/stm32f1xx_hal_pcd.c ****         }
 1189              		.loc 1 2610 27 is_stmt 0 view .LVU386
 1190 016e C91A     		subs	r1, r1, r3
 1191 0170 2162     		str	r1, [r4, #32]
 1192              	.L62:
2626:Drivers/STM32F1xx_HAL_Driver/Src/stm32f1xx_hal_pcd.c **** 
 1193              		.loc 1 2626 9 is_stmt 1 view .LVU387
2626:Drivers/STM32F1xx_HAL_Driver/Src/stm32f1xx_hal_pcd.c **** 
 1194              		.loc 1 2626 9 view .LVU388
 1195 0172 6278     		ldrb	r2, [r4, #1]	@ zero_extendqisi2
 1196              	.LVL114:
2626:Drivers/STM32F1xx_HAL_Driver/Src/stm32f1xx_hal_pcd.c **** 
 1197              		.loc 1 2626 9 is_stmt 0 view .LVU389
 1198 0174 002A     		cmp	r2, #0
 1199 0176 44D1     		bne	.L64
2626:Drivers/STM32F1xx_HAL_Driver/Src/stm32f1xx_hal_pcd.c **** 
 1200              		.loc 1 2626 9 is_stmt 1 discriminator 1 view .LVU390
 1201              	.LBB16:
2626:Drivers/STM32F1xx_HAL_Driver/Src/stm32f1xx_hal_pcd.c **** 
 1202              		.loc 1 2626 9 discriminator 1 view .LVU391
 1203 0178 2A68     		ldr	r2, [r5]
 1204              	.LVL115:
2626:Drivers/STM32F1xx_HAL_Driver/Src/stm32f1xx_hal_pcd.c **** 
 1205              		.loc 1 2626 9 view .LVU392
2626:Drivers/STM32F1xx_HAL_Driver/Src/stm32f1xx_hal_pcd.c **** 
 1206              		.loc 1 2626 9 view .LVU393
2626:Drivers/STM32F1xx_HAL_Driver/Src/stm32f1xx_hal_pcd.c **** 
 1207              		.loc 1 2626 9 is_stmt 0 discriminator 1 view .LVU394
 1208 017a B2F85010 		ldrh	r1, [r2, #80]
 1209 017e 89B2     		uxth	r1, r1
 1210 0180 0A44     		add	r2, r2, r1
 1211              	.LVL116:
2626:Drivers/STM32F1xx_HAL_Driver/Src/stm32f1xx_hal_pcd.c **** 
 1212              		.loc 1 2626 9 is_stmt 1 view .LVU395
2626:Drivers/STM32F1xx_HAL_Driver/Src/stm32f1xx_hal_pcd.c **** 
 1213              		.loc 1 2626 9 is_stmt 0 discriminator 1 view .LVU396
 1214 0182 2178     		ldrb	r1, [r4]	@ zero_extendqisi2
 1215 0184 02EB0112 		add	r2, r2, r1, lsl #4
 1216              	.LVL117:
2626:Drivers/STM32F1xx_HAL_Driver/Src/stm32f1xx_hal_pcd.c **** 
 1217              		.loc 1 2626 9 is_stmt 1 view .LVU397
 1218              	.LBB17:
2626:Drivers/STM32F1xx_HAL_Driver/Src/stm32f1xx_hal_pcd.c **** 
 1219              		.loc 1 2626 9 view .LVU398
2626:Drivers/STM32F1xx_HAL_Driver/Src/stm32f1xx_hal_pcd.c **** 
 1220              		.loc 1 2626 9 view .LVU399
2626:Drivers/STM32F1xx_HAL_Driver/Src/stm32f1xx_hal_pcd.c **** 
 1221              		.loc 1 2626 9 is_stmt 0 discriminator 1 view .LVU400
 1222 0188 B2F80414 		ldrh	r1, [r2, #1028]
 1223 018c C1F30901 		ubfx	r1, r1, #0, #10
ARM GAS  C:\Users\crist\AppData\Local\Temp\ccYt1KLW.s 			page 74


 1224 0190 A2F80414 		strh	r1, [r2, #1028]	@ movhi
2626:Drivers/STM32F1xx_HAL_Driver/Src/stm32f1xx_hal_pcd.c **** 
 1225              		.loc 1 2626 9 is_stmt 1 view .LVU401
2626:Drivers/STM32F1xx_HAL_Driver/Src/stm32f1xx_hal_pcd.c **** 
 1226              		.loc 1 2626 9 is_stmt 0 discriminator 1 view .LVU402
 1227 0194 3E2B     		cmp	r3, #62
 1228 0196 1BD9     		bls	.L65
2626:Drivers/STM32F1xx_HAL_Driver/Src/stm32f1xx_hal_pcd.c **** 
 1229              		.loc 1 2626 9 is_stmt 1 discriminator 3 view .LVU403
2626:Drivers/STM32F1xx_HAL_Driver/Src/stm32f1xx_hal_pcd.c **** 
 1230              		.loc 1 2626 9 discriminator 3 view .LVU404
 1231 0198 5809     		lsrs	r0, r3, #5
 1232              	.LVL118:
2626:Drivers/STM32F1xx_HAL_Driver/Src/stm32f1xx_hal_pcd.c **** 
 1233              		.loc 1 2626 9 view .LVU405
2626:Drivers/STM32F1xx_HAL_Driver/Src/stm32f1xx_hal_pcd.c **** 
 1234              		.loc 1 2626 9 is_stmt 0 discriminator 3 view .LVU406
 1235 019a 13F01F0F 		tst	r3, #31
 1236 019e 00D1     		bne	.L66
2626:Drivers/STM32F1xx_HAL_Driver/Src/stm32f1xx_hal_pcd.c **** 
 1237              		.loc 1 2626 9 is_stmt 1 discriminator 5 view .LVU407
 1238 01a0 0138     		subs	r0, r0, #1
 1239              	.LVL119:
 1240              	.L66:
2626:Drivers/STM32F1xx_HAL_Driver/Src/stm32f1xx_hal_pcd.c **** 
 1241              		.loc 1 2626 9 discriminator 7 view .LVU408
 1242 01a2 B2F80414 		ldrh	r1, [r2, #1028]
 1243 01a6 89B2     		uxth	r1, r1
 1244 01a8 8002     		lsls	r0, r0, #10
 1245              	.LVL120:
2626:Drivers/STM32F1xx_HAL_Driver/Src/stm32f1xx_hal_pcd.c **** 
 1246              		.loc 1 2626 9 is_stmt 0 discriminator 7 view .LVU409
 1247 01aa 80B2     		uxth	r0, r0
 1248 01ac 0143     		orrs	r1, r1, r0
 1249 01ae 41F40041 		orr	r1, r1, #32768
 1250 01b2 A2F80414 		strh	r1, [r2, #1028]	@ movhi
2626:Drivers/STM32F1xx_HAL_Driver/Src/stm32f1xx_hal_pcd.c **** 
 1251              		.loc 1 2626 9 is_stmt 1 view .LVU410
 1252 01b6 26E0     		b	.L67
 1253              	.LVL121:
 1254              	.L61:
2626:Drivers/STM32F1xx_HAL_Driver/Src/stm32f1xx_hal_pcd.c **** 
 1255              		.loc 1 2626 9 is_stmt 0 view .LVU411
 1256              	.LBE17:
 1257              	.LBE16:
2612:Drivers/STM32F1xx_HAL_Driver/Src/stm32f1xx_hal_pcd.c ****         {
 1258              		.loc 1 2612 14 is_stmt 1 view .LVU412
2612:Drivers/STM32F1xx_HAL_Driver/Src/stm32f1xx_hal_pcd.c ****         {
 1259              		.loc 1 2612 17 is_stmt 0 view .LVU413
 1260 01b8 21B9     		cbnz	r1, .L63
2614:Drivers/STM32F1xx_HAL_Driver/Src/stm32f1xx_hal_pcd.c ****           ep->xfer_fill_db = 0U;
 1261              		.loc 1 2614 11 is_stmt 1 view .LVU414
 1262              	.LVL122:
2615:Drivers/STM32F1xx_HAL_Driver/Src/stm32f1xx_hal_pcd.c ****         }
 1263              		.loc 1 2615 11 view .LVU415
2615:Drivers/STM32F1xx_HAL_Driver/Src/stm32f1xx_hal_pcd.c ****         }
 1264              		.loc 1 2615 28 is_stmt 0 view .LVU416
ARM GAS  C:\Users\crist\AppData\Local\Temp\ccYt1KLW.s 			page 75


 1265 01ba 0023     		movs	r3, #0
 1266 01bc 84F82430 		strb	r3, [r4, #36]
2614:Drivers/STM32F1xx_HAL_Driver/Src/stm32f1xx_hal_pcd.c ****           ep->xfer_fill_db = 0U;
 1267              		.loc 1 2614 15 view .LVU417
 1268 01c0 1346     		mov	r3, r2
 1269 01c2 D6E7     		b	.L62
 1270              	.LVL123:
 1271              	.L63:
2619:Drivers/STM32F1xx_HAL_Driver/Src/stm32f1xx_hal_pcd.c ****           len = ep->xfer_len_db;
 1272              		.loc 1 2619 11 is_stmt 1 view .LVU418
2619:Drivers/STM32F1xx_HAL_Driver/Src/stm32f1xx_hal_pcd.c ****           len = ep->xfer_len_db;
 1273              		.loc 1 2619 28 is_stmt 0 view .LVU419
 1274 01c4 0023     		movs	r3, #0
 1275 01c6 84F82430 		strb	r3, [r4, #36]
2620:Drivers/STM32F1xx_HAL_Driver/Src/stm32f1xx_hal_pcd.c ****           ep->xfer_len_db = 0U;
 1276              		.loc 1 2620 11 is_stmt 1 view .LVU420
 1277              	.LVL124:
2621:Drivers/STM32F1xx_HAL_Driver/Src/stm32f1xx_hal_pcd.c ****         }
 1278              		.loc 1 2621 11 view .LVU421
2621:Drivers/STM32F1xx_HAL_Driver/Src/stm32f1xx_hal_pcd.c ****         }
 1279              		.loc 1 2621 27 is_stmt 0 view .LVU422
 1280 01ca 2362     		str	r3, [r4, #32]
2620:Drivers/STM32F1xx_HAL_Driver/Src/stm32f1xx_hal_pcd.c ****           ep->xfer_len_db = 0U;
 1281              		.loc 1 2620 15 view .LVU423
 1282 01cc 0B46     		mov	r3, r1
 1283 01ce D0E7     		b	.L62
 1284              	.LVL125:
 1285              	.L65:
 1286              	.LBB19:
 1287              	.LBB18:
2626:Drivers/STM32F1xx_HAL_Driver/Src/stm32f1xx_hal_pcd.c **** 
 1288              		.loc 1 2626 9 is_stmt 1 discriminator 4 view .LVU424
 1289 01d0 4BB9     		cbnz	r3, .L68
2626:Drivers/STM32F1xx_HAL_Driver/Src/stm32f1xx_hal_pcd.c **** 
 1290              		.loc 1 2626 9 discriminator 8 view .LVU425
 1291 01d2 B2F80414 		ldrh	r1, [r2, #1028]
 1292 01d6 6FEA4141 		mvn	r1, r1, lsl #17
 1293 01da 6FEA5141 		mvn	r1, r1, lsr #17
 1294 01de 89B2     		uxth	r1, r1
 1295 01e0 A2F80414 		strh	r1, [r2, #1028]	@ movhi
 1296 01e4 0FE0     		b	.L67
 1297              	.L68:
2626:Drivers/STM32F1xx_HAL_Driver/Src/stm32f1xx_hal_pcd.c **** 
 1298              		.loc 1 2626 9 discriminator 9 view .LVU426
2626:Drivers/STM32F1xx_HAL_Driver/Src/stm32f1xx_hal_pcd.c **** 
 1299              		.loc 1 2626 9 discriminator 9 view .LVU427
 1300 01e6 5908     		lsrs	r1, r3, #1
 1301              	.LVL126:
2626:Drivers/STM32F1xx_HAL_Driver/Src/stm32f1xx_hal_pcd.c **** 
 1302              		.loc 1 2626 9 view .LVU428
2626:Drivers/STM32F1xx_HAL_Driver/Src/stm32f1xx_hal_pcd.c **** 
 1303              		.loc 1 2626 9 is_stmt 0 discriminator 9 view .LVU429
 1304 01e8 13F0010F 		tst	r3, #1
 1305 01ec 00D0     		beq	.L69
2626:Drivers/STM32F1xx_HAL_Driver/Src/stm32f1xx_hal_pcd.c **** 
 1306              		.loc 1 2626 9 is_stmt 1 discriminator 10 view .LVU430
 1307 01ee 0131     		adds	r1, r1, #1
ARM GAS  C:\Users\crist\AppData\Local\Temp\ccYt1KLW.s 			page 76


 1308              	.LVL127:
 1309              	.L69:
2626:Drivers/STM32F1xx_HAL_Driver/Src/stm32f1xx_hal_pcd.c **** 
 1310              		.loc 1 2626 9 discriminator 12 view .LVU431
 1311 01f0 B2F80404 		ldrh	r0, [r2, #1028]
 1312 01f4 80B2     		uxth	r0, r0
 1313 01f6 8902     		lsls	r1, r1, #10
 1314              	.LVL128:
2626:Drivers/STM32F1xx_HAL_Driver/Src/stm32f1xx_hal_pcd.c **** 
 1315              		.loc 1 2626 9 is_stmt 0 discriminator 12 view .LVU432
 1316 01f8 89B2     		uxth	r1, r1
 1317 01fa 0143     		orrs	r1, r1, r0
 1318 01fc A2F80414 		strh	r1, [r2, #1028]	@ movhi
 1319 0200 01E0     		b	.L67
 1320              	.LVL129:
 1321              	.L64:
2626:Drivers/STM32F1xx_HAL_Driver/Src/stm32f1xx_hal_pcd.c **** 
 1322              		.loc 1 2626 9 discriminator 12 view .LVU433
 1323              	.LBE18:
 1324              	.LBE19:
2626:Drivers/STM32F1xx_HAL_Driver/Src/stm32f1xx_hal_pcd.c **** 
 1325              		.loc 1 2626 9 is_stmt 1 discriminator 2 view .LVU434
 1326 0202 012A     		cmp	r2, #1
 1327 0204 06D0     		beq	.L89
 1328              	.L67:
2626:Drivers/STM32F1xx_HAL_Driver/Src/stm32f1xx_hal_pcd.c **** 
 1329              		.loc 1 2626 9 view .LVU435
2626:Drivers/STM32F1xx_HAL_Driver/Src/stm32f1xx_hal_pcd.c **** 
 1330              		.loc 1 2626 9 view .LVU436
2629:Drivers/STM32F1xx_HAL_Driver/Src/stm32f1xx_hal_pcd.c ****       }
 1331              		.loc 1 2629 9 view .LVU437
 1332 0206 9BB2     		uxth	r3, r3
 1333              	.LVL130:
2629:Drivers/STM32F1xx_HAL_Driver/Src/stm32f1xx_hal_pcd.c ****       }
 1334              		.loc 1 2629 9 is_stmt 0 view .LVU438
 1335 0208 2289     		ldrh	r2, [r4, #8]
 1336 020a 6169     		ldr	r1, [r4, #20]
 1337 020c 2868     		ldr	r0, [r5]
 1338 020e FFF7FEFF 		bl	USB_WritePMA
 1339              	.LVL131:
 1340 0212 8FE7     		b	.L59
 1341              	.LVL132:
 1342              	.L89:
2626:Drivers/STM32F1xx_HAL_Driver/Src/stm32f1xx_hal_pcd.c **** 
 1343              		.loc 1 2626 9 is_stmt 1 discriminator 13 view .LVU439
 1344              	.LBB20:
2626:Drivers/STM32F1xx_HAL_Driver/Src/stm32f1xx_hal_pcd.c **** 
 1345              		.loc 1 2626 9 discriminator 13 view .LVU440
 1346 0214 2A68     		ldr	r2, [r5]
 1347              	.LVL133:
2626:Drivers/STM32F1xx_HAL_Driver/Src/stm32f1xx_hal_pcd.c **** 
 1348              		.loc 1 2626 9 view .LVU441
2626:Drivers/STM32F1xx_HAL_Driver/Src/stm32f1xx_hal_pcd.c **** 
 1349              		.loc 1 2626 9 view .LVU442
2626:Drivers/STM32F1xx_HAL_Driver/Src/stm32f1xx_hal_pcd.c **** 
 1350              		.loc 1 2626 9 is_stmt 0 discriminator 13 view .LVU443
 1351 0216 B2F85010 		ldrh	r1, [r2, #80]
ARM GAS  C:\Users\crist\AppData\Local\Temp\ccYt1KLW.s 			page 77


 1352 021a 89B2     		uxth	r1, r1
 1353 021c 0A44     		add	r2, r2, r1
 1354              	.LVL134:
2626:Drivers/STM32F1xx_HAL_Driver/Src/stm32f1xx_hal_pcd.c **** 
 1355              		.loc 1 2626 9 is_stmt 1 view .LVU444
2626:Drivers/STM32F1xx_HAL_Driver/Src/stm32f1xx_hal_pcd.c **** 
 1356              		.loc 1 2626 9 is_stmt 0 discriminator 13 view .LVU445
 1357 021e 2178     		ldrb	r1, [r4]	@ zero_extendqisi2
 1358 0220 02EB0112 		add	r2, r2, r1, lsl #4
 1359              	.LVL135:
2626:Drivers/STM32F1xx_HAL_Driver/Src/stm32f1xx_hal_pcd.c **** 
 1360              		.loc 1 2626 9 is_stmt 1 view .LVU446
2626:Drivers/STM32F1xx_HAL_Driver/Src/stm32f1xx_hal_pcd.c **** 
 1361              		.loc 1 2626 9 is_stmt 0 discriminator 13 view .LVU447
 1362 0224 99B2     		uxth	r1, r3
 1363 0226 A2F80414 		strh	r1, [r2, #1028]	@ movhi
2626:Drivers/STM32F1xx_HAL_Driver/Src/stm32f1xx_hal_pcd.c **** 
 1364              		.loc 1 2626 9 discriminator 13 view .LVU448
 1365 022a ECE7     		b	.L67
 1366              	.LVL136:
 1367              	.L51:
2626:Drivers/STM32F1xx_HAL_Driver/Src/stm32f1xx_hal_pcd.c **** 
 1368              		.loc 1 2626 9 discriminator 13 view .LVU449
 1369              	.LBE20:
2636:Drivers/STM32F1xx_HAL_Driver/Src/stm32f1xx_hal_pcd.c **** 
 1370              		.loc 1 2636 5 is_stmt 1 view .LVU450
2636:Drivers/STM32F1xx_HAL_Driver/Src/stm32f1xx_hal_pcd.c **** 
 1371              		.loc 1 2636 27 is_stmt 0 view .LVU451
 1372 022c 0268     		ldr	r2, [r0]
 1373              	.LVL137:
2636:Drivers/STM32F1xx_HAL_Driver/Src/stm32f1xx_hal_pcd.c **** 
 1374              		.loc 1 2636 27 view .LVU452
 1375 022e B2F85030 		ldrh	r3, [r2, #80]
 1376 0232 9BB2     		uxth	r3, r3
 1377 0234 0978     		ldrb	r1, [r1]	@ zero_extendqisi2
 1378              	.LVL138:
2636:Drivers/STM32F1xx_HAL_Driver/Src/stm32f1xx_hal_pcd.c **** 
 1379              		.loc 1 2636 27 view .LVU453
 1380 0236 03EBC103 		add	r3, r3, r1, lsl #3
 1381 023a 0633     		adds	r3, r3, #6
 1382 023c 02EB4302 		add	r2, r2, r3, lsl #1
 1383 0240 B2F80024 		ldrh	r2, [r2, #1024]
2636:Drivers/STM32F1xx_HAL_Driver/Src/stm32f1xx_hal_pcd.c **** 
 1384              		.loc 1 2636 15 view .LVU454
 1385 0244 C2F30902 		ubfx	r2, r2, #0, #10
 1386              	.LVL139:
2638:Drivers/STM32F1xx_HAL_Driver/Src/stm32f1xx_hal_pcd.c ****     {
 1387              		.loc 1 2638 5 is_stmt 1 view .LVU455
2638:Drivers/STM32F1xx_HAL_Driver/Src/stm32f1xx_hal_pcd.c ****     {
 1388              		.loc 1 2638 11 is_stmt 0 view .LVU456
 1389 0248 A369     		ldr	r3, [r4, #24]
2638:Drivers/STM32F1xx_HAL_Driver/Src/stm32f1xx_hal_pcd.c ****     {
 1390              		.loc 1 2638 8 view .LVU457
 1391 024a 9342     		cmp	r3, r2
 1392 024c 4FD3     		bcc	.L70
2640:Drivers/STM32F1xx_HAL_Driver/Src/stm32f1xx_hal_pcd.c ****     }
 1393              		.loc 1 2640 7 is_stmt 1 view .LVU458
ARM GAS  C:\Users\crist\AppData\Local\Temp\ccYt1KLW.s 			page 78


2640:Drivers/STM32F1xx_HAL_Driver/Src/stm32f1xx_hal_pcd.c ****     }
 1394              		.loc 1 2640 20 is_stmt 0 view .LVU459
 1395 024e 9B1A     		subs	r3, r3, r2
 1396 0250 A361     		str	r3, [r4, #24]
 1397              	.L71:
2648:Drivers/STM32F1xx_HAL_Driver/Src/stm32f1xx_hal_pcd.c ****     {
 1398              		.loc 1 2648 5 is_stmt 1 view .LVU460
2648:Drivers/STM32F1xx_HAL_Driver/Src/stm32f1xx_hal_pcd.c ****     {
 1399              		.loc 1 2648 11 is_stmt 0 view .LVU461
 1400 0252 A369     		ldr	r3, [r4, #24]
2648:Drivers/STM32F1xx_HAL_Driver/Src/stm32f1xx_hal_pcd.c ****     {
 1401              		.loc 1 2648 8 view .LVU462
 1402 0254 002B     		cmp	r3, #0
 1403 0256 67D1     		bne	.L72
2650:Drivers/STM32F1xx_HAL_Driver/Src/stm32f1xx_hal_pcd.c ****       PCD_SET_EP_DBUF1_CNT(hpcd->Instance, ep->num, ep->is_in, 0U);
 1404              		.loc 1 2650 7 is_stmt 1 view .LVU463
2650:Drivers/STM32F1xx_HAL_Driver/Src/stm32f1xx_hal_pcd.c ****       PCD_SET_EP_DBUF1_CNT(hpcd->Instance, ep->num, ep->is_in, 0U);
 1405              		.loc 1 2650 7 view .LVU464
 1406 0258 6378     		ldrb	r3, [r4, #1]	@ zero_extendqisi2
 1407 025a 002B     		cmp	r3, #0
 1408 025c 4AD1     		bne	.L73
2650:Drivers/STM32F1xx_HAL_Driver/Src/stm32f1xx_hal_pcd.c ****       PCD_SET_EP_DBUF1_CNT(hpcd->Instance, ep->num, ep->is_in, 0U);
 1409              		.loc 1 2650 7 discriminator 1 view .LVU465
 1410              	.LBB21:
2650:Drivers/STM32F1xx_HAL_Driver/Src/stm32f1xx_hal_pcd.c ****       PCD_SET_EP_DBUF1_CNT(hpcd->Instance, ep->num, ep->is_in, 0U);
 1411              		.loc 1 2650 7 discriminator 1 view .LVU466
 1412 025e 2B68     		ldr	r3, [r5]
 1413              	.LVL140:
2650:Drivers/STM32F1xx_HAL_Driver/Src/stm32f1xx_hal_pcd.c ****       PCD_SET_EP_DBUF1_CNT(hpcd->Instance, ep->num, ep->is_in, 0U);
 1414              		.loc 1 2650 7 view .LVU467
2650:Drivers/STM32F1xx_HAL_Driver/Src/stm32f1xx_hal_pcd.c ****       PCD_SET_EP_DBUF1_CNT(hpcd->Instance, ep->num, ep->is_in, 0U);
 1415              		.loc 1 2650 7 view .LVU468
2650:Drivers/STM32F1xx_HAL_Driver/Src/stm32f1xx_hal_pcd.c ****       PCD_SET_EP_DBUF1_CNT(hpcd->Instance, ep->num, ep->is_in, 0U);
 1416              		.loc 1 2650 7 is_stmt 0 discriminator 1 view .LVU469
 1417 0260 B3F85020 		ldrh	r2, [r3, #80]
 1418              	.LVL141:
2650:Drivers/STM32F1xx_HAL_Driver/Src/stm32f1xx_hal_pcd.c ****       PCD_SET_EP_DBUF1_CNT(hpcd->Instance, ep->num, ep->is_in, 0U);
 1419              		.loc 1 2650 7 discriminator 1 view .LVU470
 1420 0264 92B2     		uxth	r2, r2
 1421 0266 1344     		add	r3, r3, r2
 1422              	.LVL142:
2650:Drivers/STM32F1xx_HAL_Driver/Src/stm32f1xx_hal_pcd.c ****       PCD_SET_EP_DBUF1_CNT(hpcd->Instance, ep->num, ep->is_in, 0U);
 1423              		.loc 1 2650 7 is_stmt 1 view .LVU471
2650:Drivers/STM32F1xx_HAL_Driver/Src/stm32f1xx_hal_pcd.c ****       PCD_SET_EP_DBUF1_CNT(hpcd->Instance, ep->num, ep->is_in, 0U);
 1424              		.loc 1 2650 7 is_stmt 0 discriminator 1 view .LVU472
 1425 0268 03EB0113 		add	r3, r3, r1, lsl #4
 1426              	.LVL143:
2650:Drivers/STM32F1xx_HAL_Driver/Src/stm32f1xx_hal_pcd.c ****       PCD_SET_EP_DBUF1_CNT(hpcd->Instance, ep->num, ep->is_in, 0U);
 1427              		.loc 1 2650 7 is_stmt 1 view .LVU473
 1428              	.LBB22:
2650:Drivers/STM32F1xx_HAL_Driver/Src/stm32f1xx_hal_pcd.c ****       PCD_SET_EP_DBUF1_CNT(hpcd->Instance, ep->num, ep->is_in, 0U);
 1429              		.loc 1 2650 7 view .LVU474
2650:Drivers/STM32F1xx_HAL_Driver/Src/stm32f1xx_hal_pcd.c ****       PCD_SET_EP_DBUF1_CNT(hpcd->Instance, ep->num, ep->is_in, 0U);
 1430              		.loc 1 2650 7 view .LVU475
2650:Drivers/STM32F1xx_HAL_Driver/Src/stm32f1xx_hal_pcd.c ****       PCD_SET_EP_DBUF1_CNT(hpcd->Instance, ep->num, ep->is_in, 0U);
 1431              		.loc 1 2650 7 is_stmt 0 discriminator 1 view .LVU476
 1432 026c B3F80424 		ldrh	r2, [r3, #1028]
ARM GAS  C:\Users\crist\AppData\Local\Temp\ccYt1KLW.s 			page 79


 1433              	.LVL144:
2650:Drivers/STM32F1xx_HAL_Driver/Src/stm32f1xx_hal_pcd.c ****       PCD_SET_EP_DBUF1_CNT(hpcd->Instance, ep->num, ep->is_in, 0U);
 1434              		.loc 1 2650 7 discriminator 1 view .LVU477
 1435 0270 C2F30902 		ubfx	r2, r2, #0, #10
 1436 0274 A3F80424 		strh	r2, [r3, #1028]	@ movhi
2650:Drivers/STM32F1xx_HAL_Driver/Src/stm32f1xx_hal_pcd.c ****       PCD_SET_EP_DBUF1_CNT(hpcd->Instance, ep->num, ep->is_in, 0U);
 1437              		.loc 1 2650 7 is_stmt 1 view .LVU478
2650:Drivers/STM32F1xx_HAL_Driver/Src/stm32f1xx_hal_pcd.c ****       PCD_SET_EP_DBUF1_CNT(hpcd->Instance, ep->num, ep->is_in, 0U);
 1438              		.loc 1 2650 7 discriminator 4 view .LVU479
2650:Drivers/STM32F1xx_HAL_Driver/Src/stm32f1xx_hal_pcd.c ****       PCD_SET_EP_DBUF1_CNT(hpcd->Instance, ep->num, ep->is_in, 0U);
 1439              		.loc 1 2650 7 discriminator 8 view .LVU480
 1440 0278 B3F80424 		ldrh	r2, [r3, #1028]
 1441 027c 6FEA4242 		mvn	r2, r2, lsl #17
 1442 0280 6FEA5242 		mvn	r2, r2, lsr #17
 1443 0284 92B2     		uxth	r2, r2
 1444 0286 A3F80424 		strh	r2, [r3, #1028]	@ movhi
2650:Drivers/STM32F1xx_HAL_Driver/Src/stm32f1xx_hal_pcd.c ****       PCD_SET_EP_DBUF1_CNT(hpcd->Instance, ep->num, ep->is_in, 0U);
 1445              		.loc 1 2650 7 view .LVU481
 1446              	.LBE22:
2650:Drivers/STM32F1xx_HAL_Driver/Src/stm32f1xx_hal_pcd.c ****       PCD_SET_EP_DBUF1_CNT(hpcd->Instance, ep->num, ep->is_in, 0U);
 1447              		.loc 1 2650 7 view .LVU482
 1448              	.LBE21:
2650:Drivers/STM32F1xx_HAL_Driver/Src/stm32f1xx_hal_pcd.c ****       PCD_SET_EP_DBUF1_CNT(hpcd->Instance, ep->num, ep->is_in, 0U);
 1449              		.loc 1 2650 7 view .LVU483
 1450              	.LVL145:
 1451              	.L74:
2650:Drivers/STM32F1xx_HAL_Driver/Src/stm32f1xx_hal_pcd.c ****       PCD_SET_EP_DBUF1_CNT(hpcd->Instance, ep->num, ep->is_in, 0U);
 1452              		.loc 1 2650 7 view .LVU484
2650:Drivers/STM32F1xx_HAL_Driver/Src/stm32f1xx_hal_pcd.c ****       PCD_SET_EP_DBUF1_CNT(hpcd->Instance, ep->num, ep->is_in, 0U);
 1453              		.loc 1 2650 7 view .LVU485
2651:Drivers/STM32F1xx_HAL_Driver/Src/stm32f1xx_hal_pcd.c **** 
 1454              		.loc 1 2651 7 view .LVU486
 1455              	.LBB23:
2651:Drivers/STM32F1xx_HAL_Driver/Src/stm32f1xx_hal_pcd.c **** 
 1456              		.loc 1 2651 7 view .LVU487
 1457 028a 2B68     		ldr	r3, [r5]
 1458              	.LVL146:
2651:Drivers/STM32F1xx_HAL_Driver/Src/stm32f1xx_hal_pcd.c **** 
 1459              		.loc 1 2651 7 view .LVU488
2651:Drivers/STM32F1xx_HAL_Driver/Src/stm32f1xx_hal_pcd.c **** 
 1460              		.loc 1 2651 7 view .LVU489
 1461 028c 6278     		ldrb	r2, [r4, #1]	@ zero_extendqisi2
 1462 028e 002A     		cmp	r2, #0
 1463 0290 3DD1     		bne	.L75
2651:Drivers/STM32F1xx_HAL_Driver/Src/stm32f1xx_hal_pcd.c **** 
 1464              		.loc 1 2651 7 discriminator 1 view .LVU490
 1465              	.LBB24:
2651:Drivers/STM32F1xx_HAL_Driver/Src/stm32f1xx_hal_pcd.c **** 
 1466              		.loc 1 2651 7 discriminator 1 view .LVU491
 1467              	.LVL147:
2651:Drivers/STM32F1xx_HAL_Driver/Src/stm32f1xx_hal_pcd.c **** 
 1468              		.loc 1 2651 7 view .LVU492
2651:Drivers/STM32F1xx_HAL_Driver/Src/stm32f1xx_hal_pcd.c **** 
 1469              		.loc 1 2651 7 view .LVU493
2651:Drivers/STM32F1xx_HAL_Driver/Src/stm32f1xx_hal_pcd.c **** 
 1470              		.loc 1 2651 7 is_stmt 0 discriminator 1 view .LVU494
 1471 0292 B3F85020 		ldrh	r2, [r3, #80]
ARM GAS  C:\Users\crist\AppData\Local\Temp\ccYt1KLW.s 			page 80


 1472 0296 92B2     		uxth	r2, r2
 1473 0298 1344     		add	r3, r3, r2
 1474              	.LVL148:
2651:Drivers/STM32F1xx_HAL_Driver/Src/stm32f1xx_hal_pcd.c **** 
 1475              		.loc 1 2651 7 is_stmt 1 view .LVU495
2651:Drivers/STM32F1xx_HAL_Driver/Src/stm32f1xx_hal_pcd.c **** 
 1476              		.loc 1 2651 7 is_stmt 0 discriminator 1 view .LVU496
 1477 029a 2278     		ldrb	r2, [r4]	@ zero_extendqisi2
 1478 029c 03EB0213 		add	r3, r3, r2, lsl #4
 1479              	.LVL149:
2651:Drivers/STM32F1xx_HAL_Driver/Src/stm32f1xx_hal_pcd.c **** 
 1480              		.loc 1 2651 7 is_stmt 1 view .LVU497
 1481              	.LBB25:
2651:Drivers/STM32F1xx_HAL_Driver/Src/stm32f1xx_hal_pcd.c **** 
 1482              		.loc 1 2651 7 view .LVU498
2651:Drivers/STM32F1xx_HAL_Driver/Src/stm32f1xx_hal_pcd.c **** 
 1483              		.loc 1 2651 7 view .LVU499
2651:Drivers/STM32F1xx_HAL_Driver/Src/stm32f1xx_hal_pcd.c **** 
 1484              		.loc 1 2651 7 is_stmt 0 discriminator 1 view .LVU500
 1485 02a0 B3F80C24 		ldrh	r2, [r3, #1036]
 1486 02a4 C2F30902 		ubfx	r2, r2, #0, #10
 1487 02a8 A3F80C24 		strh	r2, [r3, #1036]	@ movhi
 1488              	.LVL150:
2651:Drivers/STM32F1xx_HAL_Driver/Src/stm32f1xx_hal_pcd.c **** 
 1489              		.loc 1 2651 7 is_stmt 1 view .LVU501
2651:Drivers/STM32F1xx_HAL_Driver/Src/stm32f1xx_hal_pcd.c **** 
 1490              		.loc 1 2651 7 discriminator 4 view .LVU502
2651:Drivers/STM32F1xx_HAL_Driver/Src/stm32f1xx_hal_pcd.c **** 
 1491              		.loc 1 2651 7 discriminator 8 view .LVU503
 1492 02ac B3F80C24 		ldrh	r2, [r3, #1036]
 1493 02b0 6FEA4242 		mvn	r2, r2, lsl #17
 1494 02b4 6FEA5242 		mvn	r2, r2, lsr #17
 1495 02b8 92B2     		uxth	r2, r2
 1496 02ba A3F80C24 		strh	r2, [r3, #1036]	@ movhi
2651:Drivers/STM32F1xx_HAL_Driver/Src/stm32f1xx_hal_pcd.c **** 
 1497              		.loc 1 2651 7 view .LVU504
 1498              	.LBE25:
2651:Drivers/STM32F1xx_HAL_Driver/Src/stm32f1xx_hal_pcd.c **** 
 1499              		.loc 1 2651 7 view .LVU505
 1500              	.LBE24:
2651:Drivers/STM32F1xx_HAL_Driver/Src/stm32f1xx_hal_pcd.c **** 
 1501              		.loc 1 2651 7 view .LVU506
 1502              	.LVL151:
 1503              	.L76:
2651:Drivers/STM32F1xx_HAL_Driver/Src/stm32f1xx_hal_pcd.c **** 
 1504              		.loc 1 2651 7 is_stmt 0 view .LVU507
 1505              	.LBE23:
2651:Drivers/STM32F1xx_HAL_Driver/Src/stm32f1xx_hal_pcd.c **** 
 1506              		.loc 1 2651 7 is_stmt 1 view .LVU508
2657:Drivers/STM32F1xx_HAL_Driver/Src/stm32f1xx_hal_pcd.c **** #endif /* USE_HAL_PCD_REGISTER_CALLBACKS */
 1507              		.loc 1 2657 7 view .LVU509
 1508 02be 2178     		ldrb	r1, [r4]	@ zero_extendqisi2
 1509 02c0 2846     		mov	r0, r5
 1510              	.LVL152:
2657:Drivers/STM32F1xx_HAL_Driver/Src/stm32f1xx_hal_pcd.c **** #endif /* USE_HAL_PCD_REGISTER_CALLBACKS */
 1511              		.loc 1 2657 7 is_stmt 0 view .LVU510
 1512 02c2 FFF7FEFF 		bl	HAL_PCD_DataInStageCallback
ARM GAS  C:\Users\crist\AppData\Local\Temp\ccYt1KLW.s 			page 81


 1513              	.LVL153:
2661:Drivers/STM32F1xx_HAL_Driver/Src/stm32f1xx_hal_pcd.c ****       {
 1514              		.loc 1 2661 7 is_stmt 1 view .LVU511
2661:Drivers/STM32F1xx_HAL_Driver/Src/stm32f1xx_hal_pcd.c ****       {
 1515              		.loc 1 2661 10 is_stmt 0 view .LVU512
 1516 02c6 16F4804F 		tst	r6, #16384
 1517 02ca 7FF433AF 		bne	.L59
2663:Drivers/STM32F1xx_HAL_Driver/Src/stm32f1xx_hal_pcd.c ****       }
 1518              		.loc 1 2663 9 is_stmt 1 view .LVU513
2663:Drivers/STM32F1xx_HAL_Driver/Src/stm32f1xx_hal_pcd.c ****       }
 1519              		.loc 1 2663 9 view .LVU514
2663:Drivers/STM32F1xx_HAL_Driver/Src/stm32f1xx_hal_pcd.c ****       }
 1520              		.loc 1 2663 9 discriminator 2 view .LVU515
2663:Drivers/STM32F1xx_HAL_Driver/Src/stm32f1xx_hal_pcd.c ****       }
 1521              		.loc 1 2663 9 discriminator 3 view .LVU516
 1522              	.LBB26:
2663:Drivers/STM32F1xx_HAL_Driver/Src/stm32f1xx_hal_pcd.c ****       }
 1523              		.loc 1 2663 9 discriminator 3 view .LVU517
2663:Drivers/STM32F1xx_HAL_Driver/Src/stm32f1xx_hal_pcd.c ****       }
 1524              		.loc 1 2663 9 discriminator 3 view .LVU518
 1525 02ce 2A68     		ldr	r2, [r5]
 1526 02d0 2178     		ldrb	r1, [r4]	@ zero_extendqisi2
 1527 02d2 32F82130 		ldrh	r3, [r2, r1, lsl #2]
 1528 02d6 9BB2     		uxth	r3, r3
 1529 02d8 23F4E043 		bic	r3, r3, #28672
 1530 02dc 23F07003 		bic	r3, r3, #112
 1531              	.LVL154:
2663:Drivers/STM32F1xx_HAL_Driver/Src/stm32f1xx_hal_pcd.c ****       }
 1532              		.loc 1 2663 9 view .LVU519
2663:Drivers/STM32F1xx_HAL_Driver/Src/stm32f1xx_hal_pcd.c ****       }
 1533              		.loc 1 2663 9 is_stmt 0 discriminator 3 view .LVU520
 1534 02e0 43F44043 		orr	r3, r3, #49152
 1535              	.LVL155:
2663:Drivers/STM32F1xx_HAL_Driver/Src/stm32f1xx_hal_pcd.c ****       }
 1536              		.loc 1 2663 9 discriminator 3 view .LVU521
 1537 02e4 43F08003 		orr	r3, r3, #128
 1538 02e8 22F82130 		strh	r3, [r2, r1, lsl #2]	@ movhi
 1539 02ec 22E7     		b	.L59
 1540              	.LVL156:
 1541              	.L70:
2663:Drivers/STM32F1xx_HAL_Driver/Src/stm32f1xx_hal_pcd.c ****       }
 1542              		.loc 1 2663 9 discriminator 3 view .LVU522
 1543              	.LBE26:
2644:Drivers/STM32F1xx_HAL_Driver/Src/stm32f1xx_hal_pcd.c ****     }
 1544              		.loc 1 2644 7 is_stmt 1 view .LVU523
2644:Drivers/STM32F1xx_HAL_Driver/Src/stm32f1xx_hal_pcd.c ****     }
 1545              		.loc 1 2644 20 is_stmt 0 view .LVU524
 1546 02ee 0023     		movs	r3, #0
 1547 02f0 A361     		str	r3, [r4, #24]
 1548 02f2 AEE7     		b	.L71
 1549              	.L73:
2650:Drivers/STM32F1xx_HAL_Driver/Src/stm32f1xx_hal_pcd.c ****       PCD_SET_EP_DBUF1_CNT(hpcd->Instance, ep->num, ep->is_in, 0U);
 1550              		.loc 1 2650 7 is_stmt 1 discriminator 2 view .LVU525
 1551 02f4 012B     		cmp	r3, #1
 1552 02f6 C8D1     		bne	.L74
2650:Drivers/STM32F1xx_HAL_Driver/Src/stm32f1xx_hal_pcd.c ****       PCD_SET_EP_DBUF1_CNT(hpcd->Instance, ep->num, ep->is_in, 0U);
 1553              		.loc 1 2650 7 discriminator 13 view .LVU526
ARM GAS  C:\Users\crist\AppData\Local\Temp\ccYt1KLW.s 			page 82


 1554              	.LBB27:
2650:Drivers/STM32F1xx_HAL_Driver/Src/stm32f1xx_hal_pcd.c ****       PCD_SET_EP_DBUF1_CNT(hpcd->Instance, ep->num, ep->is_in, 0U);
 1555              		.loc 1 2650 7 discriminator 13 view .LVU527
 1556 02f8 2B68     		ldr	r3, [r5]
 1557              	.LVL157:
2650:Drivers/STM32F1xx_HAL_Driver/Src/stm32f1xx_hal_pcd.c ****       PCD_SET_EP_DBUF1_CNT(hpcd->Instance, ep->num, ep->is_in, 0U);
 1558              		.loc 1 2650 7 view .LVU528
2650:Drivers/STM32F1xx_HAL_Driver/Src/stm32f1xx_hal_pcd.c ****       PCD_SET_EP_DBUF1_CNT(hpcd->Instance, ep->num, ep->is_in, 0U);
 1559              		.loc 1 2650 7 view .LVU529
2650:Drivers/STM32F1xx_HAL_Driver/Src/stm32f1xx_hal_pcd.c ****       PCD_SET_EP_DBUF1_CNT(hpcd->Instance, ep->num, ep->is_in, 0U);
 1560              		.loc 1 2650 7 is_stmt 0 discriminator 13 view .LVU530
 1561 02fa B3F85020 		ldrh	r2, [r3, #80]
 1562              	.LVL158:
2650:Drivers/STM32F1xx_HAL_Driver/Src/stm32f1xx_hal_pcd.c ****       PCD_SET_EP_DBUF1_CNT(hpcd->Instance, ep->num, ep->is_in, 0U);
 1563              		.loc 1 2650 7 discriminator 13 view .LVU531
 1564 02fe 92B2     		uxth	r2, r2
 1565 0300 1344     		add	r3, r3, r2
 1566              	.LVL159:
2650:Drivers/STM32F1xx_HAL_Driver/Src/stm32f1xx_hal_pcd.c ****       PCD_SET_EP_DBUF1_CNT(hpcd->Instance, ep->num, ep->is_in, 0U);
 1567              		.loc 1 2650 7 is_stmt 1 view .LVU532
2650:Drivers/STM32F1xx_HAL_Driver/Src/stm32f1xx_hal_pcd.c ****       PCD_SET_EP_DBUF1_CNT(hpcd->Instance, ep->num, ep->is_in, 0U);
 1568              		.loc 1 2650 7 is_stmt 0 discriminator 13 view .LVU533
 1569 0302 03EB0113 		add	r3, r3, r1, lsl #4
 1570              	.LVL160:
2650:Drivers/STM32F1xx_HAL_Driver/Src/stm32f1xx_hal_pcd.c ****       PCD_SET_EP_DBUF1_CNT(hpcd->Instance, ep->num, ep->is_in, 0U);
 1571              		.loc 1 2650 7 is_stmt 1 view .LVU534
2650:Drivers/STM32F1xx_HAL_Driver/Src/stm32f1xx_hal_pcd.c ****       PCD_SET_EP_DBUF1_CNT(hpcd->Instance, ep->num, ep->is_in, 0U);
 1572              		.loc 1 2650 7 is_stmt 0 discriminator 13 view .LVU535
 1573 0306 0022     		movs	r2, #0
 1574              	.LVL161:
2650:Drivers/STM32F1xx_HAL_Driver/Src/stm32f1xx_hal_pcd.c ****       PCD_SET_EP_DBUF1_CNT(hpcd->Instance, ep->num, ep->is_in, 0U);
 1575              		.loc 1 2650 7 discriminator 13 view .LVU536
 1576 0308 A3F80424 		strh	r2, [r3, #1028]	@ movhi
2650:Drivers/STM32F1xx_HAL_Driver/Src/stm32f1xx_hal_pcd.c ****       PCD_SET_EP_DBUF1_CNT(hpcd->Instance, ep->num, ep->is_in, 0U);
 1577              		.loc 1 2650 7 discriminator 13 view .LVU537
 1578 030c BDE7     		b	.L74
 1579              	.LVL162:
 1580              	.L75:
2650:Drivers/STM32F1xx_HAL_Driver/Src/stm32f1xx_hal_pcd.c ****       PCD_SET_EP_DBUF1_CNT(hpcd->Instance, ep->num, ep->is_in, 0U);
 1581              		.loc 1 2650 7 discriminator 13 view .LVU538
 1582              	.LBE27:
 1583              	.LBB28:
2651:Drivers/STM32F1xx_HAL_Driver/Src/stm32f1xx_hal_pcd.c **** 
 1584              		.loc 1 2651 7 is_stmt 1 discriminator 2 view .LVU539
 1585 030e 012A     		cmp	r2, #1
 1586 0310 D5D1     		bne	.L76
2651:Drivers/STM32F1xx_HAL_Driver/Src/stm32f1xx_hal_pcd.c **** 
 1587              		.loc 1 2651 7 discriminator 13 view .LVU540
 1588 0312 B3F85020 		ldrh	r2, [r3, #80]
 1589 0316 92B2     		uxth	r2, r2
 1590 0318 1344     		add	r3, r3, r2
 1591              	.LVL163:
2651:Drivers/STM32F1xx_HAL_Driver/Src/stm32f1xx_hal_pcd.c **** 
 1592              		.loc 1 2651 7 view .LVU541
2651:Drivers/STM32F1xx_HAL_Driver/Src/stm32f1xx_hal_pcd.c **** 
 1593              		.loc 1 2651 7 is_stmt 0 discriminator 13 view .LVU542
 1594 031a 2278     		ldrb	r2, [r4]	@ zero_extendqisi2
ARM GAS  C:\Users\crist\AppData\Local\Temp\ccYt1KLW.s 			page 83


 1595 031c 03EB0213 		add	r3, r3, r2, lsl #4
 1596              	.LVL164:
2651:Drivers/STM32F1xx_HAL_Driver/Src/stm32f1xx_hal_pcd.c **** 
 1597              		.loc 1 2651 7 is_stmt 1 view .LVU543
2651:Drivers/STM32F1xx_HAL_Driver/Src/stm32f1xx_hal_pcd.c **** 
 1598              		.loc 1 2651 7 is_stmt 0 discriminator 13 view .LVU544
 1599 0320 0022     		movs	r2, #0
 1600 0322 A3F80C24 		strh	r2, [r3, #1036]	@ movhi
2651:Drivers/STM32F1xx_HAL_Driver/Src/stm32f1xx_hal_pcd.c **** 
 1601              		.loc 1 2651 7 discriminator 13 view .LVU545
 1602 0326 CAE7     		b	.L76
 1603              	.LVL165:
 1604              	.L72:
2651:Drivers/STM32F1xx_HAL_Driver/Src/stm32f1xx_hal_pcd.c **** 
 1605              		.loc 1 2651 7 discriminator 13 view .LVU546
 1606              	.LBE28:
2669:Drivers/STM32F1xx_HAL_Driver/Src/stm32f1xx_hal_pcd.c ****       {
 1607              		.loc 1 2669 7 is_stmt 1 view .LVU547
2669:Drivers/STM32F1xx_HAL_Driver/Src/stm32f1xx_hal_pcd.c ****       {
 1608              		.loc 1 2669 10 is_stmt 0 view .LVU548
 1609 0328 16F4804F 		tst	r6, #16384
 1610 032c 0DD1     		bne	.L77
2671:Drivers/STM32F1xx_HAL_Driver/Src/stm32f1xx_hal_pcd.c ****       }
 1611              		.loc 1 2671 9 is_stmt 1 view .LVU549
2671:Drivers/STM32F1xx_HAL_Driver/Src/stm32f1xx_hal_pcd.c ****       }
 1612              		.loc 1 2671 9 view .LVU550
2671:Drivers/STM32F1xx_HAL_Driver/Src/stm32f1xx_hal_pcd.c ****       }
 1613              		.loc 1 2671 9 discriminator 2 view .LVU551
2671:Drivers/STM32F1xx_HAL_Driver/Src/stm32f1xx_hal_pcd.c ****       }
 1614              		.loc 1 2671 9 discriminator 3 view .LVU552
 1615              	.LBB29:
2671:Drivers/STM32F1xx_HAL_Driver/Src/stm32f1xx_hal_pcd.c ****       }
 1616              		.loc 1 2671 9 discriminator 3 view .LVU553
2671:Drivers/STM32F1xx_HAL_Driver/Src/stm32f1xx_hal_pcd.c ****       }
 1617              		.loc 1 2671 9 discriminator 3 view .LVU554
 1618 032e 2868     		ldr	r0, [r5]
 1619              	.LVL166:
2671:Drivers/STM32F1xx_HAL_Driver/Src/stm32f1xx_hal_pcd.c ****       }
 1620              		.loc 1 2671 9 is_stmt 0 discriminator 3 view .LVU555
 1621 0330 30F82130 		ldrh	r3, [r0, r1, lsl #2]
 1622 0334 9BB2     		uxth	r3, r3
 1623 0336 23F4E043 		bic	r3, r3, #28672
 1624 033a 23F07003 		bic	r3, r3, #112
 1625              	.LVL167:
2671:Drivers/STM32F1xx_HAL_Driver/Src/stm32f1xx_hal_pcd.c ****       }
 1626              		.loc 1 2671 9 is_stmt 1 view .LVU556
2671:Drivers/STM32F1xx_HAL_Driver/Src/stm32f1xx_hal_pcd.c ****       }
 1627              		.loc 1 2671 9 is_stmt 0 discriminator 3 view .LVU557
 1628 033e 43F44043 		orr	r3, r3, #49152
 1629              	.LVL168:
2671:Drivers/STM32F1xx_HAL_Driver/Src/stm32f1xx_hal_pcd.c ****       }
 1630              		.loc 1 2671 9 discriminator 3 view .LVU558
 1631 0342 43F08003 		orr	r3, r3, #128
 1632 0346 20F82130 		strh	r3, [r0, r1, lsl #2]	@ movhi
 1633              	.LVL169:
 1634              	.L77:
2671:Drivers/STM32F1xx_HAL_Driver/Src/stm32f1xx_hal_pcd.c ****       }
ARM GAS  C:\Users\crist\AppData\Local\Temp\ccYt1KLW.s 			page 84


 1635              		.loc 1 2671 9 discriminator 3 view .LVU559
 1636              	.LBE29:
2671:Drivers/STM32F1xx_HAL_Driver/Src/stm32f1xx_hal_pcd.c ****       }
 1637              		.loc 1 2671 9 is_stmt 1 view .LVU560
2671:Drivers/STM32F1xx_HAL_Driver/Src/stm32f1xx_hal_pcd.c ****       }
 1638              		.loc 1 2671 9 view .LVU561
2675:Drivers/STM32F1xx_HAL_Driver/Src/stm32f1xx_hal_pcd.c ****       {
 1639              		.loc 1 2675 7 view .LVU562
2675:Drivers/STM32F1xx_HAL_Driver/Src/stm32f1xx_hal_pcd.c ****       {
 1640              		.loc 1 2675 13 is_stmt 0 view .LVU563
 1641 034a 94F82430 		ldrb	r3, [r4, #36]	@ zero_extendqisi2
2675:Drivers/STM32F1xx_HAL_Driver/Src/stm32f1xx_hal_pcd.c ****       {
 1642              		.loc 1 2675 10 view .LVU564
 1643 034e 012B     		cmp	r3, #1
 1644 0350 7FF4F0AE 		bne	.L59
2677:Drivers/STM32F1xx_HAL_Driver/Src/stm32f1xx_hal_pcd.c ****         ep->xfer_count += TxPctSize;
 1645              		.loc 1 2677 9 is_stmt 1 view .LVU565
2677:Drivers/STM32F1xx_HAL_Driver/Src/stm32f1xx_hal_pcd.c ****         ep->xfer_count += TxPctSize;
 1646              		.loc 1 2677 11 is_stmt 0 view .LVU566
 1647 0354 6369     		ldr	r3, [r4, #20]
2677:Drivers/STM32F1xx_HAL_Driver/Src/stm32f1xx_hal_pcd.c ****         ep->xfer_count += TxPctSize;
 1648              		.loc 1 2677 23 view .LVU567
 1649 0356 1344     		add	r3, r3, r2
 1650 0358 6361     		str	r3, [r4, #20]
2678:Drivers/STM32F1xx_HAL_Driver/Src/stm32f1xx_hal_pcd.c **** 
 1651              		.loc 1 2678 9 is_stmt 1 view .LVU568
2678:Drivers/STM32F1xx_HAL_Driver/Src/stm32f1xx_hal_pcd.c **** 
 1652              		.loc 1 2678 11 is_stmt 0 view .LVU569
 1653 035a E369     		ldr	r3, [r4, #28]
2678:Drivers/STM32F1xx_HAL_Driver/Src/stm32f1xx_hal_pcd.c **** 
 1654              		.loc 1 2678 24 view .LVU570
 1655 035c 1344     		add	r3, r3, r2
 1656 035e E361     		str	r3, [r4, #28]
2681:Drivers/STM32F1xx_HAL_Driver/Src/stm32f1xx_hal_pcd.c ****         {
 1657              		.loc 1 2681 9 is_stmt 1 view .LVU571
2681:Drivers/STM32F1xx_HAL_Driver/Src/stm32f1xx_hal_pcd.c ****         {
 1658              		.loc 1 2681 15 is_stmt 0 view .LVU572
 1659 0360 216A     		ldr	r1, [r4, #32]
2681:Drivers/STM32F1xx_HAL_Driver/Src/stm32f1xx_hal_pcd.c ****         {
 1660              		.loc 1 2681 34 view .LVU573
 1661 0362 2369     		ldr	r3, [r4, #16]
2681:Drivers/STM32F1xx_HAL_Driver/Src/stm32f1xx_hal_pcd.c ****         {
 1662              		.loc 1 2681 12 view .LVU574
 1663 0364 9942     		cmp	r1, r3
 1664 0366 24D3     		bcc	.L78
2683:Drivers/STM32F1xx_HAL_Driver/Src/stm32f1xx_hal_pcd.c ****           ep->xfer_len_db -= len;
 1665              		.loc 1 2683 11 is_stmt 1 view .LVU575
 1666              	.LVL170:
2684:Drivers/STM32F1xx_HAL_Driver/Src/stm32f1xx_hal_pcd.c ****         }
 1667              		.loc 1 2684 11 view .LVU576
2684:Drivers/STM32F1xx_HAL_Driver/Src/stm32f1xx_hal_pcd.c ****         }
 1668              		.loc 1 2684 27 is_stmt 0 view .LVU577
 1669 0368 C91A     		subs	r1, r1, r3
 1670 036a 2162     		str	r1, [r4, #32]
 1671              	.L79:
2699:Drivers/STM32F1xx_HAL_Driver/Src/stm32f1xx_hal_pcd.c **** 
 1672              		.loc 1 2699 9 is_stmt 1 view .LVU578
ARM GAS  C:\Users\crist\AppData\Local\Temp\ccYt1KLW.s 			page 85


 1673              	.LBB30:
2699:Drivers/STM32F1xx_HAL_Driver/Src/stm32f1xx_hal_pcd.c **** 
 1674              		.loc 1 2699 9 view .LVU579
 1675 036c 2A68     		ldr	r2, [r5]
 1676              	.LVL171:
2699:Drivers/STM32F1xx_HAL_Driver/Src/stm32f1xx_hal_pcd.c **** 
 1677              		.loc 1 2699 9 view .LVU580
2699:Drivers/STM32F1xx_HAL_Driver/Src/stm32f1xx_hal_pcd.c **** 
 1678              		.loc 1 2699 9 view .LVU581
 1679 036e 6178     		ldrb	r1, [r4, #1]	@ zero_extendqisi2
 1680 0370 0029     		cmp	r1, #0
 1681 0372 43D1     		bne	.L81
2699:Drivers/STM32F1xx_HAL_Driver/Src/stm32f1xx_hal_pcd.c **** 
 1682              		.loc 1 2699 9 discriminator 1 view .LVU582
 1683              	.LBB31:
2699:Drivers/STM32F1xx_HAL_Driver/Src/stm32f1xx_hal_pcd.c **** 
 1684              		.loc 1 2699 9 discriminator 1 view .LVU583
 1685              	.LVL172:
2699:Drivers/STM32F1xx_HAL_Driver/Src/stm32f1xx_hal_pcd.c **** 
 1686              		.loc 1 2699 9 view .LVU584
2699:Drivers/STM32F1xx_HAL_Driver/Src/stm32f1xx_hal_pcd.c **** 
 1687              		.loc 1 2699 9 view .LVU585
2699:Drivers/STM32F1xx_HAL_Driver/Src/stm32f1xx_hal_pcd.c **** 
 1688              		.loc 1 2699 9 is_stmt 0 discriminator 1 view .LVU586
 1689 0374 B2F85010 		ldrh	r1, [r2, #80]
 1690 0378 89B2     		uxth	r1, r1
 1691 037a 0A44     		add	r2, r2, r1
 1692              	.LVL173:
2699:Drivers/STM32F1xx_HAL_Driver/Src/stm32f1xx_hal_pcd.c **** 
 1693              		.loc 1 2699 9 is_stmt 1 view .LVU587
2699:Drivers/STM32F1xx_HAL_Driver/Src/stm32f1xx_hal_pcd.c **** 
 1694              		.loc 1 2699 9 is_stmt 0 discriminator 1 view .LVU588
 1695 037c 2178     		ldrb	r1, [r4]	@ zero_extendqisi2
 1696 037e 02EB0112 		add	r2, r2, r1, lsl #4
 1697              	.LVL174:
2699:Drivers/STM32F1xx_HAL_Driver/Src/stm32f1xx_hal_pcd.c **** 
 1698              		.loc 1 2699 9 is_stmt 1 view .LVU589
 1699              	.LBB32:
2699:Drivers/STM32F1xx_HAL_Driver/Src/stm32f1xx_hal_pcd.c **** 
 1700              		.loc 1 2699 9 view .LVU590
2699:Drivers/STM32F1xx_HAL_Driver/Src/stm32f1xx_hal_pcd.c **** 
 1701              		.loc 1 2699 9 view .LVU591
2699:Drivers/STM32F1xx_HAL_Driver/Src/stm32f1xx_hal_pcd.c **** 
 1702              		.loc 1 2699 9 is_stmt 0 discriminator 1 view .LVU592
 1703 0382 B2F80C14 		ldrh	r1, [r2, #1036]
 1704 0386 C1F30901 		ubfx	r1, r1, #0, #10
 1705 038a A2F80C14 		strh	r1, [r2, #1036]	@ movhi
 1706              	.LVL175:
2699:Drivers/STM32F1xx_HAL_Driver/Src/stm32f1xx_hal_pcd.c **** 
 1707              		.loc 1 2699 9 is_stmt 1 view .LVU593
2699:Drivers/STM32F1xx_HAL_Driver/Src/stm32f1xx_hal_pcd.c **** 
 1708              		.loc 1 2699 9 is_stmt 0 discriminator 1 view .LVU594
 1709 038e 3E2B     		cmp	r3, #62
 1710 0390 1BD9     		bls	.L82
2699:Drivers/STM32F1xx_HAL_Driver/Src/stm32f1xx_hal_pcd.c **** 
 1711              		.loc 1 2699 9 is_stmt 1 discriminator 3 view .LVU595
2699:Drivers/STM32F1xx_HAL_Driver/Src/stm32f1xx_hal_pcd.c **** 
ARM GAS  C:\Users\crist\AppData\Local\Temp\ccYt1KLW.s 			page 86


 1712              		.loc 1 2699 9 discriminator 3 view .LVU596
 1713 0392 5809     		lsrs	r0, r3, #5
 1714              	.LVL176:
2699:Drivers/STM32F1xx_HAL_Driver/Src/stm32f1xx_hal_pcd.c **** 
 1715              		.loc 1 2699 9 view .LVU597
2699:Drivers/STM32F1xx_HAL_Driver/Src/stm32f1xx_hal_pcd.c **** 
 1716              		.loc 1 2699 9 is_stmt 0 discriminator 3 view .LVU598
 1717 0394 13F01F0F 		tst	r3, #31
 1718 0398 00D1     		bne	.L83
2699:Drivers/STM32F1xx_HAL_Driver/Src/stm32f1xx_hal_pcd.c **** 
 1719              		.loc 1 2699 9 is_stmt 1 discriminator 5 view .LVU599
 1720 039a 0138     		subs	r0, r0, #1
 1721              	.LVL177:
 1722              	.L83:
2699:Drivers/STM32F1xx_HAL_Driver/Src/stm32f1xx_hal_pcd.c **** 
 1723              		.loc 1 2699 9 discriminator 7 view .LVU600
 1724 039c B2F80C14 		ldrh	r1, [r2, #1036]
 1725 03a0 89B2     		uxth	r1, r1
 1726 03a2 8002     		lsls	r0, r0, #10
 1727              	.LVL178:
2699:Drivers/STM32F1xx_HAL_Driver/Src/stm32f1xx_hal_pcd.c **** 
 1728              		.loc 1 2699 9 is_stmt 0 discriminator 7 view .LVU601
 1729 03a4 80B2     		uxth	r0, r0
 1730 03a6 0143     		orrs	r1, r1, r0
 1731 03a8 41F40041 		orr	r1, r1, #32768
 1732 03ac A2F80C14 		strh	r1, [r2, #1036]	@ movhi
2699:Drivers/STM32F1xx_HAL_Driver/Src/stm32f1xx_hal_pcd.c **** 
 1733              		.loc 1 2699 9 is_stmt 1 view .LVU602
 1734 03b0 26E0     		b	.L84
 1735              	.LVL179:
 1736              	.L78:
2699:Drivers/STM32F1xx_HAL_Driver/Src/stm32f1xx_hal_pcd.c **** 
 1737              		.loc 1 2699 9 is_stmt 0 view .LVU603
 1738              	.LBE32:
 1739              	.LBE31:
 1740              	.LBE30:
2686:Drivers/STM32F1xx_HAL_Driver/Src/stm32f1xx_hal_pcd.c ****         {
 1741              		.loc 1 2686 14 is_stmt 1 view .LVU604
2686:Drivers/STM32F1xx_HAL_Driver/Src/stm32f1xx_hal_pcd.c ****         {
 1742              		.loc 1 2686 17 is_stmt 0 view .LVU605
 1743 03b2 21B9     		cbnz	r1, .L80
2688:Drivers/STM32F1xx_HAL_Driver/Src/stm32f1xx_hal_pcd.c ****           ep->xfer_fill_db = 0U;
 1744              		.loc 1 2688 11 is_stmt 1 view .LVU606
 1745              	.LVL180:
2689:Drivers/STM32F1xx_HAL_Driver/Src/stm32f1xx_hal_pcd.c ****         }
 1746              		.loc 1 2689 11 view .LVU607
2689:Drivers/STM32F1xx_HAL_Driver/Src/stm32f1xx_hal_pcd.c ****         }
 1747              		.loc 1 2689 28 is_stmt 0 view .LVU608
 1748 03b4 0023     		movs	r3, #0
 1749 03b6 84F82430 		strb	r3, [r4, #36]
2688:Drivers/STM32F1xx_HAL_Driver/Src/stm32f1xx_hal_pcd.c ****           ep->xfer_fill_db = 0U;
 1750              		.loc 1 2688 15 view .LVU609
 1751 03ba 1346     		mov	r3, r2
 1752 03bc D6E7     		b	.L79
 1753              	.LVL181:
 1754              	.L80:
2693:Drivers/STM32F1xx_HAL_Driver/Src/stm32f1xx_hal_pcd.c ****           ep->xfer_len_db = 0U;
ARM GAS  C:\Users\crist\AppData\Local\Temp\ccYt1KLW.s 			page 87


 1755              		.loc 1 2693 11 is_stmt 1 view .LVU610
2694:Drivers/STM32F1xx_HAL_Driver/Src/stm32f1xx_hal_pcd.c ****           ep->xfer_fill_db = 0;
 1756              		.loc 1 2694 11 view .LVU611
2694:Drivers/STM32F1xx_HAL_Driver/Src/stm32f1xx_hal_pcd.c ****           ep->xfer_fill_db = 0;
 1757              		.loc 1 2694 27 is_stmt 0 view .LVU612
 1758 03be 0023     		movs	r3, #0
 1759 03c0 2362     		str	r3, [r4, #32]
2695:Drivers/STM32F1xx_HAL_Driver/Src/stm32f1xx_hal_pcd.c ****         }
 1760              		.loc 1 2695 11 is_stmt 1 view .LVU613
2695:Drivers/STM32F1xx_HAL_Driver/Src/stm32f1xx_hal_pcd.c ****         }
 1761              		.loc 1 2695 28 is_stmt 0 view .LVU614
 1762 03c2 84F82430 		strb	r3, [r4, #36]
2693:Drivers/STM32F1xx_HAL_Driver/Src/stm32f1xx_hal_pcd.c ****           ep->xfer_len_db = 0U;
 1763              		.loc 1 2693 15 view .LVU615
 1764 03c6 0B46     		mov	r3, r1
 1765 03c8 D0E7     		b	.L79
 1766              	.LVL182:
 1767              	.L82:
 1768              	.LBB35:
 1769              	.LBB34:
 1770              	.LBB33:
2699:Drivers/STM32F1xx_HAL_Driver/Src/stm32f1xx_hal_pcd.c **** 
 1771              		.loc 1 2699 9 is_stmt 1 discriminator 4 view .LVU616
 1772 03ca 4BB9     		cbnz	r3, .L85
2699:Drivers/STM32F1xx_HAL_Driver/Src/stm32f1xx_hal_pcd.c **** 
 1773              		.loc 1 2699 9 discriminator 8 view .LVU617
 1774 03cc B2F80C14 		ldrh	r1, [r2, #1036]
 1775 03d0 6FEA4141 		mvn	r1, r1, lsl #17
 1776 03d4 6FEA5141 		mvn	r1, r1, lsr #17
 1777 03d8 89B2     		uxth	r1, r1
 1778 03da A2F80C14 		strh	r1, [r2, #1036]	@ movhi
 1779 03de 0FE0     		b	.L84
 1780              	.L85:
2699:Drivers/STM32F1xx_HAL_Driver/Src/stm32f1xx_hal_pcd.c **** 
 1781              		.loc 1 2699 9 discriminator 9 view .LVU618
2699:Drivers/STM32F1xx_HAL_Driver/Src/stm32f1xx_hal_pcd.c **** 
 1782              		.loc 1 2699 9 discriminator 9 view .LVU619
 1783 03e0 5908     		lsrs	r1, r3, #1
 1784              	.LVL183:
2699:Drivers/STM32F1xx_HAL_Driver/Src/stm32f1xx_hal_pcd.c **** 
 1785              		.loc 1 2699 9 view .LVU620
2699:Drivers/STM32F1xx_HAL_Driver/Src/stm32f1xx_hal_pcd.c **** 
 1786              		.loc 1 2699 9 is_stmt 0 discriminator 9 view .LVU621
 1787 03e2 13F0010F 		tst	r3, #1
 1788 03e6 00D0     		beq	.L86
2699:Drivers/STM32F1xx_HAL_Driver/Src/stm32f1xx_hal_pcd.c **** 
 1789              		.loc 1 2699 9 is_stmt 1 discriminator 10 view .LVU622
 1790 03e8 0131     		adds	r1, r1, #1
 1791              	.LVL184:
 1792              	.L86:
2699:Drivers/STM32F1xx_HAL_Driver/Src/stm32f1xx_hal_pcd.c **** 
 1793              		.loc 1 2699 9 discriminator 12 view .LVU623
 1794 03ea B2F80C04 		ldrh	r0, [r2, #1036]
 1795 03ee 80B2     		uxth	r0, r0
 1796 03f0 8902     		lsls	r1, r1, #10
 1797              	.LVL185:
2699:Drivers/STM32F1xx_HAL_Driver/Src/stm32f1xx_hal_pcd.c **** 
ARM GAS  C:\Users\crist\AppData\Local\Temp\ccYt1KLW.s 			page 88


 1798              		.loc 1 2699 9 is_stmt 0 discriminator 12 view .LVU624
 1799 03f2 89B2     		uxth	r1, r1
 1800 03f4 0143     		orrs	r1, r1, r0
 1801 03f6 A2F80C14 		strh	r1, [r2, #1036]	@ movhi
 1802 03fa 01E0     		b	.L84
 1803              	.LVL186:
 1804              	.L81:
2699:Drivers/STM32F1xx_HAL_Driver/Src/stm32f1xx_hal_pcd.c **** 
 1805              		.loc 1 2699 9 discriminator 12 view .LVU625
 1806              	.LBE33:
 1807              	.LBE34:
2699:Drivers/STM32F1xx_HAL_Driver/Src/stm32f1xx_hal_pcd.c **** 
 1808              		.loc 1 2699 9 is_stmt 1 discriminator 2 view .LVU626
 1809 03fc 0129     		cmp	r1, #1
 1810 03fe 06D0     		beq	.L90
 1811              	.LVL187:
 1812              	.L84:
2699:Drivers/STM32F1xx_HAL_Driver/Src/stm32f1xx_hal_pcd.c **** 
 1813              		.loc 1 2699 9 is_stmt 0 discriminator 2 view .LVU627
 1814              	.LBE35:
2699:Drivers/STM32F1xx_HAL_Driver/Src/stm32f1xx_hal_pcd.c **** 
 1815              		.loc 1 2699 9 is_stmt 1 view .LVU628
2702:Drivers/STM32F1xx_HAL_Driver/Src/stm32f1xx_hal_pcd.c ****       }
 1816              		.loc 1 2702 9 view .LVU629
 1817 0400 9BB2     		uxth	r3, r3
 1818              	.LVL188:
2702:Drivers/STM32F1xx_HAL_Driver/Src/stm32f1xx_hal_pcd.c ****       }
 1819              		.loc 1 2702 9 is_stmt 0 view .LVU630
 1820 0402 6289     		ldrh	r2, [r4, #10]
 1821 0404 6169     		ldr	r1, [r4, #20]
 1822 0406 2868     		ldr	r0, [r5]
 1823 0408 FFF7FEFF 		bl	USB_WritePMA
 1824              	.LVL189:
 1825 040c 92E6     		b	.L59
 1826              	.LVL190:
 1827              	.L90:
 1828              	.LBB36:
2699:Drivers/STM32F1xx_HAL_Driver/Src/stm32f1xx_hal_pcd.c **** 
 1829              		.loc 1 2699 9 is_stmt 1 discriminator 13 view .LVU631
 1830 040e B2F85010 		ldrh	r1, [r2, #80]
 1831 0412 89B2     		uxth	r1, r1
 1832 0414 0A44     		add	r2, r2, r1
 1833              	.LVL191:
2699:Drivers/STM32F1xx_HAL_Driver/Src/stm32f1xx_hal_pcd.c **** 
 1834              		.loc 1 2699 9 view .LVU632
2699:Drivers/STM32F1xx_HAL_Driver/Src/stm32f1xx_hal_pcd.c **** 
 1835              		.loc 1 2699 9 is_stmt 0 discriminator 13 view .LVU633
 1836 0416 2178     		ldrb	r1, [r4]	@ zero_extendqisi2
 1837 0418 02EB0112 		add	r2, r2, r1, lsl #4
 1838              	.LVL192:
2699:Drivers/STM32F1xx_HAL_Driver/Src/stm32f1xx_hal_pcd.c **** 
 1839              		.loc 1 2699 9 is_stmt 1 view .LVU634
2699:Drivers/STM32F1xx_HAL_Driver/Src/stm32f1xx_hal_pcd.c **** 
 1840              		.loc 1 2699 9 is_stmt 0 discriminator 13 view .LVU635
 1841 041c 99B2     		uxth	r1, r3
 1842 041e A2F80C14 		strh	r1, [r2, #1036]	@ movhi
2699:Drivers/STM32F1xx_HAL_Driver/Src/stm32f1xx_hal_pcd.c **** 
ARM GAS  C:\Users\crist\AppData\Local\Temp\ccYt1KLW.s 			page 89


 1843              		.loc 1 2699 9 discriminator 13 view .LVU636
 1844 0422 EDE7     		b	.L84
 1845              	.LBE36:
 1846              		.cfi_endproc
 1847              	.LFE101:
 1849              		.section	.text.HAL_PCD_SetupStageCallback,"ax",%progbits
 1850              		.align	1
 1851              		.weak	HAL_PCD_SetupStageCallback
 1852              		.syntax unified
 1853              		.thumb
 1854              		.thumb_func
 1856              	HAL_PCD_SetupStageCallback:
 1857              	.LVL193:
 1858              	.LFB75:
1510:Drivers/STM32F1xx_HAL_Driver/Src/stm32f1xx_hal_pcd.c ****   /* Prevent unused argument(s) compilation warning */
 1859              		.loc 1 1510 1 is_stmt 1 view -0
 1860              		.cfi_startproc
 1861              		@ args = 0, pretend = 0, frame = 0
 1862              		@ frame_needed = 0, uses_anonymous_args = 0
 1863              		@ link register save eliminated.
1512:Drivers/STM32F1xx_HAL_Driver/Src/stm32f1xx_hal_pcd.c **** 
 1864              		.loc 1 1512 3 view .LVU638
1517:Drivers/STM32F1xx_HAL_Driver/Src/stm32f1xx_hal_pcd.c **** 
 1865              		.loc 1 1517 1 is_stmt 0 view .LVU639
 1866 0000 7047     		bx	lr
 1867              		.cfi_endproc
 1868              	.LFE75:
 1870              		.section	.text.PCD_EP_ISR_Handler,"ax",%progbits
 1871              		.align	1
 1872              		.syntax unified
 1873              		.thumb
 1874              		.thumb_func
 1876              	PCD_EP_ISR_Handler:
 1877              	.LVL194:
 1878              	.LFB99:
2194:Drivers/STM32F1xx_HAL_Driver/Src/stm32f1xx_hal_pcd.c ****   PCD_EPTypeDef *ep;
 1879              		.loc 1 2194 1 is_stmt 1 view -0
 1880              		.cfi_startproc
 1881              		@ args = 0, pretend = 0, frame = 0
 1882              		@ frame_needed = 0, uses_anonymous_args = 0
2194:Drivers/STM32F1xx_HAL_Driver/Src/stm32f1xx_hal_pcd.c ****   PCD_EPTypeDef *ep;
 1883              		.loc 1 2194 1 is_stmt 0 view .LVU641
 1884 0000 2DE9F041 		push	{r4, r5, r6, r7, r8, lr}
 1885              	.LCFI10:
 1886              		.cfi_def_cfa_offset 24
 1887              		.cfi_offset 4, -24
 1888              		.cfi_offset 5, -20
 1889              		.cfi_offset 6, -16
 1890              		.cfi_offset 7, -12
 1891              		.cfi_offset 8, -8
 1892              		.cfi_offset 14, -4
 1893 0004 0546     		mov	r5, r0
2195:Drivers/STM32F1xx_HAL_Driver/Src/stm32f1xx_hal_pcd.c ****   uint16_t count;
 1894              		.loc 1 2195 3 is_stmt 1 view .LVU642
2196:Drivers/STM32F1xx_HAL_Driver/Src/stm32f1xx_hal_pcd.c ****   uint16_t wIstr;
 1895              		.loc 1 2196 3 view .LVU643
2197:Drivers/STM32F1xx_HAL_Driver/Src/stm32f1xx_hal_pcd.c ****   uint16_t wEPVal;
ARM GAS  C:\Users\crist\AppData\Local\Temp\ccYt1KLW.s 			page 90


 1896              		.loc 1 2197 3 view .LVU644
2198:Drivers/STM32F1xx_HAL_Driver/Src/stm32f1xx_hal_pcd.c ****   uint16_t TxPctSize;
 1897              		.loc 1 2198 3 view .LVU645
2199:Drivers/STM32F1xx_HAL_Driver/Src/stm32f1xx_hal_pcd.c ****   uint8_t epindex;
 1898              		.loc 1 2199 3 view .LVU646
2200:Drivers/STM32F1xx_HAL_Driver/Src/stm32f1xx_hal_pcd.c **** 
 1899              		.loc 1 2200 3 view .LVU647
2207:Drivers/STM32F1xx_HAL_Driver/Src/stm32f1xx_hal_pcd.c ****   {
 1900              		.loc 1 2207 3 view .LVU648
 1901              	.LVL195:
 1902              	.L93:
2207:Drivers/STM32F1xx_HAL_Driver/Src/stm32f1xx_hal_pcd.c ****   {
 1903              		.loc 1 2207 48 view .LVU649
2207:Drivers/STM32F1xx_HAL_Driver/Src/stm32f1xx_hal_pcd.c ****   {
 1904              		.loc 1 2207 15 is_stmt 0 view .LVU650
 1905 0006 2868     		ldr	r0, [r5]
2207:Drivers/STM32F1xx_HAL_Driver/Src/stm32f1xx_hal_pcd.c ****   {
 1906              		.loc 1 2207 25 view .LVU651
 1907 0008 B0F84430 		ldrh	r3, [r0, #68]
2207:Drivers/STM32F1xx_HAL_Driver/Src/stm32f1xx_hal_pcd.c ****   {
 1908              		.loc 1 2207 48 view .LVU652
 1909 000c 13F4004F 		tst	r3, #32768
 1910 0010 00F09282 		beq	.L122
2209:Drivers/STM32F1xx_HAL_Driver/Src/stm32f1xx_hal_pcd.c **** 
 1911              		.loc 1 2209 5 is_stmt 1 view .LVU653
2209:Drivers/STM32F1xx_HAL_Driver/Src/stm32f1xx_hal_pcd.c **** 
 1912              		.loc 1 2209 11 is_stmt 0 view .LVU654
 1913 0014 B0F84440 		ldrh	r4, [r0, #68]
 1914 0018 A3B2     		uxth	r3, r4
 1915              	.LVL196:
2212:Drivers/STM32F1xx_HAL_Driver/Src/stm32f1xx_hal_pcd.c **** 
 1916              		.loc 1 2212 5 is_stmt 1 view .LVU655
2214:Drivers/STM32F1xx_HAL_Driver/Src/stm32f1xx_hal_pcd.c ****     {
 1917              		.loc 1 2214 5 view .LVU656
2214:Drivers/STM32F1xx_HAL_Driver/Src/stm32f1xx_hal_pcd.c ****     {
 1918              		.loc 1 2214 8 is_stmt 0 view .LVU657
 1919 001a 14F00F04 		ands	r4, r4, #15
 1920              	.LVL197:
2214:Drivers/STM32F1xx_HAL_Driver/Src/stm32f1xx_hal_pcd.c ****     {
 1921              		.loc 1 2214 8 view .LVU658
 1922 001e 40F0E280 		bne	.L94
2219:Drivers/STM32F1xx_HAL_Driver/Src/stm32f1xx_hal_pcd.c ****       {
 1923              		.loc 1 2219 7 is_stmt 1 view .LVU659
2219:Drivers/STM32F1xx_HAL_Driver/Src/stm32f1xx_hal_pcd.c ****       {
 1924              		.loc 1 2219 10 is_stmt 0 view .LVU660
 1925 0022 13F0100F 		tst	r3, #16
 1926 0026 6BD0     		beq	.L123
2250:Drivers/STM32F1xx_HAL_Driver/Src/stm32f1xx_hal_pcd.c ****         wEPVal = PCD_GET_ENDPOINT(hpcd->Instance, PCD_ENDP0);
 1927              		.loc 1 2250 9 is_stmt 1 view .LVU661
 1928              	.LVL198:
2251:Drivers/STM32F1xx_HAL_Driver/Src/stm32f1xx_hal_pcd.c **** 
 1929              		.loc 1 2251 9 view .LVU662
2251:Drivers/STM32F1xx_HAL_Driver/Src/stm32f1xx_hal_pcd.c **** 
 1930              		.loc 1 2251 16 is_stmt 0 view .LVU663
 1931 0028 0388     		ldrh	r3, [r0]
 1932              	.LVL199:
2251:Drivers/STM32F1xx_HAL_Driver/Src/stm32f1xx_hal_pcd.c **** 
ARM GAS  C:\Users\crist\AppData\Local\Temp\ccYt1KLW.s 			page 91


 1933              		.loc 1 2251 16 view .LVU664
 1934 002a 9AB2     		uxth	r2, r3
 1935              	.LVL200:
2253:Drivers/STM32F1xx_HAL_Driver/Src/stm32f1xx_hal_pcd.c ****         {
 1936              		.loc 1 2253 9 is_stmt 1 view .LVU665
2253:Drivers/STM32F1xx_HAL_Driver/Src/stm32f1xx_hal_pcd.c ****         {
 1937              		.loc 1 2253 12 is_stmt 0 view .LVU666
 1938 002c 13F4006F 		tst	r3, #2048
 1939 0030 40F09D80 		bne	.L124
2271:Drivers/STM32F1xx_HAL_Driver/Src/stm32f1xx_hal_pcd.c ****         {
 1940              		.loc 1 2271 14 is_stmt 1 view .LVU667
2271:Drivers/STM32F1xx_HAL_Driver/Src/stm32f1xx_hal_pcd.c ****         {
 1941              		.loc 1 2271 17 is_stmt 0 view .LVU668
 1942 0034 12F4004F 		tst	r2, #32768
 1943 0038 E5D0     		beq	.L93
2273:Drivers/STM32F1xx_HAL_Driver/Src/stm32f1xx_hal_pcd.c **** 
 1944              		.loc 1 2273 11 is_stmt 1 view .LVU669
 1945              	.LBB37:
2273:Drivers/STM32F1xx_HAL_Driver/Src/stm32f1xx_hal_pcd.c **** 
 1946              		.loc 1 2273 11 view .LVU670
2273:Drivers/STM32F1xx_HAL_Driver/Src/stm32f1xx_hal_pcd.c **** 
 1947              		.loc 1 2273 11 view .LVU671
 1948 003a 0388     		ldrh	r3, [r0]
 1949 003c 23F07003 		bic	r3, r3, #112
 1950 0040 1B05     		lsls	r3, r3, #20
 1951 0042 1B0D     		lsrs	r3, r3, #20
 1952              	.LVL201:
2273:Drivers/STM32F1xx_HAL_Driver/Src/stm32f1xx_hal_pcd.c **** 
 1953              		.loc 1 2273 11 view .LVU672
 1954 0044 43F08003 		orr	r3, r3, #128
 1955              	.LVL202:
2273:Drivers/STM32F1xx_HAL_Driver/Src/stm32f1xx_hal_pcd.c **** 
 1956              		.loc 1 2273 11 is_stmt 0 view .LVU673
 1957 0048 0380     		strh	r3, [r0]	@ movhi
 1958              	.LBE37:
2273:Drivers/STM32F1xx_HAL_Driver/Src/stm32f1xx_hal_pcd.c **** 
 1959              		.loc 1 2273 11 is_stmt 1 view .LVU674
2276:Drivers/STM32F1xx_HAL_Driver/Src/stm32f1xx_hal_pcd.c **** 
 1960              		.loc 1 2276 11 view .LVU675
2276:Drivers/STM32F1xx_HAL_Driver/Src/stm32f1xx_hal_pcd.c **** 
 1961              		.loc 1 2276 28 is_stmt 0 view .LVU676
 1962 004a 2868     		ldr	r0, [r5]
 1963 004c B0F85030 		ldrh	r3, [r0, #80]
 1964 0050 9BB2     		uxth	r3, r3
 1965 0052 95F86821 		ldrb	r2, [r5, #360]	@ zero_extendqisi2
 1966              	.LVL203:
2276:Drivers/STM32F1xx_HAL_Driver/Src/stm32f1xx_hal_pcd.c **** 
 1967              		.loc 1 2276 28 view .LVU677
 1968 0056 03EBC203 		add	r3, r3, r2, lsl #3
 1969 005a 0633     		adds	r3, r3, #6
 1970 005c 00EB4303 		add	r3, r0, r3, lsl #1
 1971 0060 B3F80034 		ldrh	r3, [r3, #1024]
 1972 0064 C3F30903 		ubfx	r3, r3, #0, #10
2276:Drivers/STM32F1xx_HAL_Driver/Src/stm32f1xx_hal_pcd.c **** 
 1973              		.loc 1 2276 26 view .LVU678
 1974 0068 C5F88431 		str	r3, [r5, #388]
2278:Drivers/STM32F1xx_HAL_Driver/Src/stm32f1xx_hal_pcd.c ****           {
ARM GAS  C:\Users\crist\AppData\Local\Temp\ccYt1KLW.s 			page 92


 1975              		.loc 1 2278 11 is_stmt 1 view .LVU679
2278:Drivers/STM32F1xx_HAL_Driver/Src/stm32f1xx_hal_pcd.c ****           {
 1976              		.loc 1 2278 14 is_stmt 0 view .LVU680
 1977 006c 8BB1     		cbz	r3, .L98
2278:Drivers/STM32F1xx_HAL_Driver/Src/stm32f1xx_hal_pcd.c ****           {
 1978              		.loc 1 2278 44 discriminator 1 view .LVU681
 1979 006e D5F87C11 		ldr	r1, [r5, #380]
2278:Drivers/STM32F1xx_HAL_Driver/Src/stm32f1xx_hal_pcd.c ****           {
 1980              		.loc 1 2278 38 discriminator 1 view .LVU682
 1981 0072 71B1     		cbz	r1, .L98
2280:Drivers/STM32F1xx_HAL_Driver/Src/stm32f1xx_hal_pcd.c ****                         ep->pmaadress, (uint16_t)ep->xfer_count);
 1982              		.loc 1 2280 13 is_stmt 1 view .LVU683
 1983 0074 B5F86E21 		ldrh	r2, [r5, #366]
 1984 0078 FFF7FEFF 		bl	USB_ReadPMA
 1985              	.LVL204:
2283:Drivers/STM32F1xx_HAL_Driver/Src/stm32f1xx_hal_pcd.c **** 
 1986              		.loc 1 2283 13 view .LVU684
2283:Drivers/STM32F1xx_HAL_Driver/Src/stm32f1xx_hal_pcd.c **** 
 1987              		.loc 1 2283 15 is_stmt 0 view .LVU685
 1988 007c D5F87C31 		ldr	r3, [r5, #380]
2283:Drivers/STM32F1xx_HAL_Driver/Src/stm32f1xx_hal_pcd.c **** 
 1989              		.loc 1 2283 32 view .LVU686
 1990 0080 D5F88421 		ldr	r2, [r5, #388]
2283:Drivers/STM32F1xx_HAL_Driver/Src/stm32f1xx_hal_pcd.c **** 
 1991              		.loc 1 2283 27 view .LVU687
 1992 0084 1344     		add	r3, r3, r2
 1993 0086 C5F87C31 		str	r3, [r5, #380]
2289:Drivers/STM32F1xx_HAL_Driver/Src/stm32f1xx_hal_pcd.c **** #endif /* USE_HAL_PCD_REGISTER_CALLBACKS */
 1994              		.loc 1 2289 13 is_stmt 1 view .LVU688
 1995 008a 0021     		movs	r1, #0
 1996 008c 2846     		mov	r0, r5
 1997 008e FFF7FEFF 		bl	HAL_PCD_DataOutStageCallback
 1998              	.LVL205:
 1999              	.L98:
2293:Drivers/STM32F1xx_HAL_Driver/Src/stm32f1xx_hal_pcd.c **** 
 2000              		.loc 1 2293 11 view .LVU689
2293:Drivers/STM32F1xx_HAL_Driver/Src/stm32f1xx_hal_pcd.c **** 
 2001              		.loc 1 2293 30 is_stmt 0 view .LVU690
 2002 0092 2A68     		ldr	r2, [r5]
2293:Drivers/STM32F1xx_HAL_Driver/Src/stm32f1xx_hal_pcd.c **** 
 2003              		.loc 1 2293 18 view .LVU691
 2004 0094 1388     		ldrh	r3, [r2]
 2005 0096 99B2     		uxth	r1, r3
 2006              	.LVL206:
2295:Drivers/STM32F1xx_HAL_Driver/Src/stm32f1xx_hal_pcd.c ****           {
 2007              		.loc 1 2295 11 is_stmt 1 view .LVU692
2295:Drivers/STM32F1xx_HAL_Driver/Src/stm32f1xx_hal_pcd.c ****           {
 2008              		.loc 1 2295 14 is_stmt 0 view .LVU693
 2009 0098 13F4006F 		tst	r3, #2048
 2010 009c B3D1     		bne	.L93
2295:Drivers/STM32F1xx_HAL_Driver/Src/stm32f1xx_hal_pcd.c ****           {
 2011              		.loc 1 2295 47 discriminator 1 view .LVU694
 2012 009e 01F44051 		and	r1, r1, #12288
 2013              	.LVL207:
2295:Drivers/STM32F1xx_HAL_Driver/Src/stm32f1xx_hal_pcd.c ****           {
 2014              		.loc 1 2295 47 discriminator 1 view .LVU695
 2015 00a2 B1F5405F 		cmp	r1, #12288
ARM GAS  C:\Users\crist\AppData\Local\Temp\ccYt1KLW.s 			page 93


 2016 00a6 AED0     		beq	.L93
2297:Drivers/STM32F1xx_HAL_Driver/Src/stm32f1xx_hal_pcd.c ****             PCD_SET_EP_RX_STATUS(hpcd->Instance, PCD_ENDP0, USB_EP_RX_VALID);
 2017              		.loc 1 2297 13 is_stmt 1 view .LVU696
 2018              	.LBB38:
2297:Drivers/STM32F1xx_HAL_Driver/Src/stm32f1xx_hal_pcd.c ****             PCD_SET_EP_RX_STATUS(hpcd->Instance, PCD_ENDP0, USB_EP_RX_VALID);
 2019              		.loc 1 2297 13 view .LVU697
 2020              	.LVL208:
2297:Drivers/STM32F1xx_HAL_Driver/Src/stm32f1xx_hal_pcd.c ****             PCD_SET_EP_RX_STATUS(hpcd->Instance, PCD_ENDP0, USB_EP_RX_VALID);
 2021              		.loc 1 2297 13 view .LVU698
2297:Drivers/STM32F1xx_HAL_Driver/Src/stm32f1xx_hal_pcd.c ****             PCD_SET_EP_RX_STATUS(hpcd->Instance, PCD_ENDP0, USB_EP_RX_VALID);
 2022              		.loc 1 2297 13 view .LVU699
 2023 00a8 B2F85030 		ldrh	r3, [r2, #80]
 2024              	.LVL209:
2297:Drivers/STM32F1xx_HAL_Driver/Src/stm32f1xx_hal_pcd.c ****             PCD_SET_EP_RX_STATUS(hpcd->Instance, PCD_ENDP0, USB_EP_RX_VALID);
 2025              		.loc 1 2297 13 is_stmt 0 view .LVU700
 2026 00ac 9BB2     		uxth	r3, r3
 2027 00ae 1A44     		add	r2, r2, r3
 2028              	.LVL210:
2297:Drivers/STM32F1xx_HAL_Driver/Src/stm32f1xx_hal_pcd.c ****             PCD_SET_EP_RX_STATUS(hpcd->Instance, PCD_ENDP0, USB_EP_RX_VALID);
 2029              		.loc 1 2297 13 is_stmt 1 view .LVU701
2297:Drivers/STM32F1xx_HAL_Driver/Src/stm32f1xx_hal_pcd.c ****             PCD_SET_EP_RX_STATUS(hpcd->Instance, PCD_ENDP0, USB_EP_RX_VALID);
 2030              		.loc 1 2297 13 view .LVU702
 2031              	.LBB39:
2297:Drivers/STM32F1xx_HAL_Driver/Src/stm32f1xx_hal_pcd.c ****             PCD_SET_EP_RX_STATUS(hpcd->Instance, PCD_ENDP0, USB_EP_RX_VALID);
 2032              		.loc 1 2297 13 view .LVU703
2297:Drivers/STM32F1xx_HAL_Driver/Src/stm32f1xx_hal_pcd.c ****             PCD_SET_EP_RX_STATUS(hpcd->Instance, PCD_ENDP0, USB_EP_RX_VALID);
 2033              		.loc 1 2297 13 view .LVU704
 2034 00b0 B2F80C34 		ldrh	r3, [r2, #1036]
 2035 00b4 C3F30903 		ubfx	r3, r3, #0, #10
 2036 00b8 A2F80C34 		strh	r3, [r2, #1036]	@ movhi
2297:Drivers/STM32F1xx_HAL_Driver/Src/stm32f1xx_hal_pcd.c ****             PCD_SET_EP_RX_STATUS(hpcd->Instance, PCD_ENDP0, USB_EP_RX_VALID);
 2037              		.loc 1 2297 13 view .LVU705
 2038 00bc D5F87831 		ldr	r3, [r5, #376]
 2039 00c0 3E2B     		cmp	r3, #62
 2040 00c2 77D9     		bls	.L99
2297:Drivers/STM32F1xx_HAL_Driver/Src/stm32f1xx_hal_pcd.c ****             PCD_SET_EP_RX_STATUS(hpcd->Instance, PCD_ENDP0, USB_EP_RX_VALID);
 2041              		.loc 1 2297 13 discriminator 1 view .LVU706
2297:Drivers/STM32F1xx_HAL_Driver/Src/stm32f1xx_hal_pcd.c ****             PCD_SET_EP_RX_STATUS(hpcd->Instance, PCD_ENDP0, USB_EP_RX_VALID);
 2042              		.loc 1 2297 13 discriminator 1 view .LVU707
 2043 00c4 5909     		lsrs	r1, r3, #5
 2044              	.LVL211:
2297:Drivers/STM32F1xx_HAL_Driver/Src/stm32f1xx_hal_pcd.c ****             PCD_SET_EP_RX_STATUS(hpcd->Instance, PCD_ENDP0, USB_EP_RX_VALID);
 2045              		.loc 1 2297 13 view .LVU708
2297:Drivers/STM32F1xx_HAL_Driver/Src/stm32f1xx_hal_pcd.c ****             PCD_SET_EP_RX_STATUS(hpcd->Instance, PCD_ENDP0, USB_EP_RX_VALID);
 2046              		.loc 1 2297 13 is_stmt 0 discriminator 1 view .LVU709
 2047 00c6 13F01F0F 		tst	r3, #31
 2048 00ca 00D1     		bne	.L100
2297:Drivers/STM32F1xx_HAL_Driver/Src/stm32f1xx_hal_pcd.c ****             PCD_SET_EP_RX_STATUS(hpcd->Instance, PCD_ENDP0, USB_EP_RX_VALID);
 2049              		.loc 1 2297 13 is_stmt 1 discriminator 3 view .LVU710
 2050 00cc 0139     		subs	r1, r1, #1
 2051              	.LVL212:
 2052              	.L100:
2297:Drivers/STM32F1xx_HAL_Driver/Src/stm32f1xx_hal_pcd.c ****             PCD_SET_EP_RX_STATUS(hpcd->Instance, PCD_ENDP0, USB_EP_RX_VALID);
 2053              		.loc 1 2297 13 discriminator 5 view .LVU711
 2054 00ce B2F80C34 		ldrh	r3, [r2, #1036]
 2055 00d2 9BB2     		uxth	r3, r3
 2056 00d4 8902     		lsls	r1, r1, #10
ARM GAS  C:\Users\crist\AppData\Local\Temp\ccYt1KLW.s 			page 94


 2057              	.LVL213:
2297:Drivers/STM32F1xx_HAL_Driver/Src/stm32f1xx_hal_pcd.c ****             PCD_SET_EP_RX_STATUS(hpcd->Instance, PCD_ENDP0, USB_EP_RX_VALID);
 2058              		.loc 1 2297 13 is_stmt 0 discriminator 5 view .LVU712
 2059 00d6 89B2     		uxth	r1, r1
 2060 00d8 0B43     		orrs	r3, r3, r1
 2061 00da 43F40043 		orr	r3, r3, #32768
 2062 00de A2F80C34 		strh	r3, [r2, #1036]	@ movhi
2297:Drivers/STM32F1xx_HAL_Driver/Src/stm32f1xx_hal_pcd.c ****             PCD_SET_EP_RX_STATUS(hpcd->Instance, PCD_ENDP0, USB_EP_RX_VALID);
 2063              		.loc 1 2297 13 is_stmt 1 view .LVU713
 2064              	.LVL214:
 2065              	.L101:
2297:Drivers/STM32F1xx_HAL_Driver/Src/stm32f1xx_hal_pcd.c ****             PCD_SET_EP_RX_STATUS(hpcd->Instance, PCD_ENDP0, USB_EP_RX_VALID);
 2066              		.loc 1 2297 13 view .LVU714
 2067              	.LBE39:
2297:Drivers/STM32F1xx_HAL_Driver/Src/stm32f1xx_hal_pcd.c ****             PCD_SET_EP_RX_STATUS(hpcd->Instance, PCD_ENDP0, USB_EP_RX_VALID);
 2068              		.loc 1 2297 13 view .LVU715
 2069              	.LBE38:
2297:Drivers/STM32F1xx_HAL_Driver/Src/stm32f1xx_hal_pcd.c ****             PCD_SET_EP_RX_STATUS(hpcd->Instance, PCD_ENDP0, USB_EP_RX_VALID);
 2070              		.loc 1 2297 13 view .LVU716
2298:Drivers/STM32F1xx_HAL_Driver/Src/stm32f1xx_hal_pcd.c ****           }
 2071              		.loc 1 2298 13 view .LVU717
 2072              	.LBB41:
2298:Drivers/STM32F1xx_HAL_Driver/Src/stm32f1xx_hal_pcd.c ****           }
 2073              		.loc 1 2298 13 view .LVU718
2298:Drivers/STM32F1xx_HAL_Driver/Src/stm32f1xx_hal_pcd.c ****           }
 2074              		.loc 1 2298 13 view .LVU719
 2075 00e2 2A68     		ldr	r2, [r5]
 2076              	.LVL215:
2298:Drivers/STM32F1xx_HAL_Driver/Src/stm32f1xx_hal_pcd.c ****           }
 2077              		.loc 1 2298 13 is_stmt 0 view .LVU720
 2078 00e4 1388     		ldrh	r3, [r2]
 2079 00e6 9BB2     		uxth	r3, r3
 2080 00e8 23F48043 		bic	r3, r3, #16384
 2081 00ec 23F07003 		bic	r3, r3, #112
 2082              	.LVL216:
2298:Drivers/STM32F1xx_HAL_Driver/Src/stm32f1xx_hal_pcd.c ****           }
 2083              		.loc 1 2298 13 is_stmt 1 view .LVU721
2298:Drivers/STM32F1xx_HAL_Driver/Src/stm32f1xx_hal_pcd.c ****           }
 2084              		.loc 1 2298 13 discriminator 1 view .LVU722
2298:Drivers/STM32F1xx_HAL_Driver/Src/stm32f1xx_hal_pcd.c ****           }
 2085              		.loc 1 2298 13 discriminator 3 view .LVU723
2298:Drivers/STM32F1xx_HAL_Driver/Src/stm32f1xx_hal_pcd.c ****           }
 2086              		.loc 1 2298 13 discriminator 4 view .LVU724
 2087 00f0 83F44053 		eor	r3, r3, #12288
 2088              	.LVL217:
2298:Drivers/STM32F1xx_HAL_Driver/Src/stm32f1xx_hal_pcd.c ****           }
 2089              		.loc 1 2298 13 discriminator 6 view .LVU725
 2090 00f4 43F40043 		orr	r3, r3, #32768
 2091              	.LVL218:
2298:Drivers/STM32F1xx_HAL_Driver/Src/stm32f1xx_hal_pcd.c ****           }
 2092              		.loc 1 2298 13 is_stmt 0 discriminator 6 view .LVU726
 2093 00f8 43F08003 		orr	r3, r3, #128
 2094 00fc 1380     		strh	r3, [r2]	@ movhi
 2095 00fe 82E7     		b	.L93
 2096              	.LVL219:
 2097              	.L123:
2298:Drivers/STM32F1xx_HAL_Driver/Src/stm32f1xx_hal_pcd.c ****           }
ARM GAS  C:\Users\crist\AppData\Local\Temp\ccYt1KLW.s 			page 95


 2098              		.loc 1 2298 13 discriminator 6 view .LVU727
 2099              	.LBE41:
2225:Drivers/STM32F1xx_HAL_Driver/Src/stm32f1xx_hal_pcd.c ****         ep = &hpcd->IN_ep[0];
 2100              		.loc 1 2225 9 is_stmt 1 view .LVU728
 2101              	.LBB42:
2225:Drivers/STM32F1xx_HAL_Driver/Src/stm32f1xx_hal_pcd.c ****         ep = &hpcd->IN_ep[0];
 2102              		.loc 1 2225 9 view .LVU729
2225:Drivers/STM32F1xx_HAL_Driver/Src/stm32f1xx_hal_pcd.c ****         ep = &hpcd->IN_ep[0];
 2103              		.loc 1 2225 9 view .LVU730
 2104 0100 0388     		ldrh	r3, [r0]
 2105              	.LVL220:
2225:Drivers/STM32F1xx_HAL_Driver/Src/stm32f1xx_hal_pcd.c ****         ep = &hpcd->IN_ep[0];
 2106              		.loc 1 2225 9 is_stmt 0 view .LVU731
 2107 0102 9BB2     		uxth	r3, r3
 2108 0104 23F4E143 		bic	r3, r3, #28800
 2109 0108 23F07003 		bic	r3, r3, #112
 2110              	.LVL221:
2225:Drivers/STM32F1xx_HAL_Driver/Src/stm32f1xx_hal_pcd.c ****         ep = &hpcd->IN_ep[0];
 2111              		.loc 1 2225 9 is_stmt 1 view .LVU732
 2112 010c 6FEA4343 		mvn	r3, r3, lsl #17
 2113              	.LVL222:
2225:Drivers/STM32F1xx_HAL_Driver/Src/stm32f1xx_hal_pcd.c ****         ep = &hpcd->IN_ep[0];
 2114              		.loc 1 2225 9 is_stmt 0 view .LVU733
 2115 0110 6FEA5343 		mvn	r3, r3, lsr #17
 2116 0114 9BB2     		uxth	r3, r3
 2117 0116 0380     		strh	r3, [r0]	@ movhi
 2118              	.LBE42:
2225:Drivers/STM32F1xx_HAL_Driver/Src/stm32f1xx_hal_pcd.c ****         ep = &hpcd->IN_ep[0];
 2119              		.loc 1 2225 9 is_stmt 1 view .LVU734
2226:Drivers/STM32F1xx_HAL_Driver/Src/stm32f1xx_hal_pcd.c **** 
 2120              		.loc 1 2226 9 view .LVU735
 2121              	.LVL223:
2228:Drivers/STM32F1xx_HAL_Driver/Src/stm32f1xx_hal_pcd.c ****         ep->xfer_buff += ep->xfer_count;
 2122              		.loc 1 2228 9 view .LVU736
2228:Drivers/STM32F1xx_HAL_Driver/Src/stm32f1xx_hal_pcd.c ****         ep->xfer_buff += ep->xfer_count;
 2123              		.loc 1 2228 26 is_stmt 0 view .LVU737
 2124 0118 2A68     		ldr	r2, [r5]
 2125 011a B2F85030 		ldrh	r3, [r2, #80]
 2126 011e 9BB2     		uxth	r3, r3
 2127 0120 95F82810 		ldrb	r1, [r5, #40]	@ zero_extendqisi2
 2128 0124 03EBC103 		add	r3, r3, r1, lsl #3
 2129 0128 0233     		adds	r3, r3, #2
 2130 012a 02EB4302 		add	r2, r2, r3, lsl #1
 2131 012e B2F80034 		ldrh	r3, [r2, #1024]
 2132 0132 C3F30903 		ubfx	r3, r3, #0, #10
2228:Drivers/STM32F1xx_HAL_Driver/Src/stm32f1xx_hal_pcd.c ****         ep->xfer_buff += ep->xfer_count;
 2133              		.loc 1 2228 24 view .LVU738
 2134 0136 6B64     		str	r3, [r5, #68]
2229:Drivers/STM32F1xx_HAL_Driver/Src/stm32f1xx_hal_pcd.c **** 
 2135              		.loc 1 2229 9 is_stmt 1 view .LVU739
2229:Drivers/STM32F1xx_HAL_Driver/Src/stm32f1xx_hal_pcd.c **** 
 2136              		.loc 1 2229 11 is_stmt 0 view .LVU740
 2137 0138 EA6B     		ldr	r2, [r5, #60]
2229:Drivers/STM32F1xx_HAL_Driver/Src/stm32f1xx_hal_pcd.c **** 
 2138              		.loc 1 2229 23 view .LVU741
 2139 013a 1A44     		add	r2, r2, r3
 2140 013c EA63     		str	r2, [r5, #60]
ARM GAS  C:\Users\crist\AppData\Local\Temp\ccYt1KLW.s 			page 96


2235:Drivers/STM32F1xx_HAL_Driver/Src/stm32f1xx_hal_pcd.c **** #endif /* USE_HAL_PCD_REGISTER_CALLBACKS */
 2141              		.loc 1 2235 9 is_stmt 1 view .LVU742
 2142 013e 0021     		movs	r1, #0
 2143 0140 2846     		mov	r0, r5
 2144 0142 FFF7FEFF 		bl	HAL_PCD_DataInStageCallback
 2145              	.LVL224:
2238:Drivers/STM32F1xx_HAL_Driver/Src/stm32f1xx_hal_pcd.c ****         {
 2146              		.loc 1 2238 9 view .LVU743
2238:Drivers/STM32F1xx_HAL_Driver/Src/stm32f1xx_hal_pcd.c ****         {
 2147              		.loc 1 2238 18 is_stmt 0 view .LVU744
 2148 0146 95F82430 		ldrb	r3, [r5, #36]	@ zero_extendqisi2
2238:Drivers/STM32F1xx_HAL_Driver/Src/stm32f1xx_hal_pcd.c ****         {
 2149              		.loc 1 2238 12 view .LVU745
 2150 014a 002B     		cmp	r3, #0
 2151 014c 3FF45BAF 		beq	.L93
2238:Drivers/STM32F1xx_HAL_Driver/Src/stm32f1xx_hal_pcd.c ****         {
 2152              		.loc 1 2238 44 discriminator 1 view .LVU746
 2153 0150 2B6C     		ldr	r3, [r5, #64]
2238:Drivers/STM32F1xx_HAL_Driver/Src/stm32f1xx_hal_pcd.c ****         {
 2154              		.loc 1 2238 38 discriminator 1 view .LVU747
 2155 0152 002B     		cmp	r3, #0
 2156 0154 7FF457AF 		bne	.L93
2240:Drivers/STM32F1xx_HAL_Driver/Src/stm32f1xx_hal_pcd.c ****           hpcd->USB_Address = 0U;
 2157              		.loc 1 2240 11 is_stmt 1 view .LVU748
2240:Drivers/STM32F1xx_HAL_Driver/Src/stm32f1xx_hal_pcd.c ****           hpcd->USB_Address = 0U;
 2158              		.loc 1 2240 50 is_stmt 0 view .LVU749
 2159 0158 95F82430 		ldrb	r3, [r5, #36]	@ zero_extendqisi2
2240:Drivers/STM32F1xx_HAL_Driver/Src/stm32f1xx_hal_pcd.c ****           hpcd->USB_Address = 0U;
 2160              		.loc 1 2240 15 view .LVU750
 2161 015c 2A68     		ldr	r2, [r5]
2240:Drivers/STM32F1xx_HAL_Driver/Src/stm32f1xx_hal_pcd.c ****           hpcd->USB_Address = 0U;
 2162              		.loc 1 2240 33 view .LVU751
 2163 015e 43F08003 		orr	r3, r3, #128
 2164 0162 A2F84C30 		strh	r3, [r2, #76]	@ movhi
2241:Drivers/STM32F1xx_HAL_Driver/Src/stm32f1xx_hal_pcd.c ****         }
 2165              		.loc 1 2241 11 is_stmt 1 view .LVU752
2241:Drivers/STM32F1xx_HAL_Driver/Src/stm32f1xx_hal_pcd.c ****         }
 2166              		.loc 1 2241 29 is_stmt 0 view .LVU753
 2167 0166 0023     		movs	r3, #0
 2168 0168 85F82430 		strb	r3, [r5, #36]
 2169 016c 4BE7     		b	.L93
 2170              	.LVL225:
 2171              	.L124:
2256:Drivers/STM32F1xx_HAL_Driver/Src/stm32f1xx_hal_pcd.c **** 
 2172              		.loc 1 2256 11 is_stmt 1 view .LVU754
2256:Drivers/STM32F1xx_HAL_Driver/Src/stm32f1xx_hal_pcd.c **** 
 2173              		.loc 1 2256 28 is_stmt 0 view .LVU755
 2174 016e B0F85030 		ldrh	r3, [r0, #80]
 2175 0172 9BB2     		uxth	r3, r3
 2176 0174 95F86821 		ldrb	r2, [r5, #360]	@ zero_extendqisi2
 2177              	.LVL226:
2256:Drivers/STM32F1xx_HAL_Driver/Src/stm32f1xx_hal_pcd.c **** 
 2178              		.loc 1 2256 28 view .LVU756
 2179 0178 03EBC203 		add	r3, r3, r2, lsl #3
 2180 017c 0633     		adds	r3, r3, #6
 2181 017e 00EB4303 		add	r3, r0, r3, lsl #1
 2182 0182 B3F80034 		ldrh	r3, [r3, #1024]
ARM GAS  C:\Users\crist\AppData\Local\Temp\ccYt1KLW.s 			page 97


 2183 0186 C3F30903 		ubfx	r3, r3, #0, #10
2256:Drivers/STM32F1xx_HAL_Driver/Src/stm32f1xx_hal_pcd.c **** 
 2184              		.loc 1 2256 26 view .LVU757
 2185 018a C5F88431 		str	r3, [r5, #388]
2258:Drivers/STM32F1xx_HAL_Driver/Src/stm32f1xx_hal_pcd.c ****                       ep->pmaadress, (uint16_t)ep->xfer_count);
 2186              		.loc 1 2258 11 is_stmt 1 view .LVU758
 2187 018e B5F86E21 		ldrh	r2, [r5, #366]
 2188 0192 05F52C71 		add	r1, r5, #688
 2189 0196 FFF7FEFF 		bl	USB_ReadPMA
 2190              	.LVL227:
2262:Drivers/STM32F1xx_HAL_Driver/Src/stm32f1xx_hal_pcd.c **** 
 2191              		.loc 1 2262 11 view .LVU759
 2192              	.LBB43:
2262:Drivers/STM32F1xx_HAL_Driver/Src/stm32f1xx_hal_pcd.c **** 
 2193              		.loc 1 2262 11 view .LVU760
2262:Drivers/STM32F1xx_HAL_Driver/Src/stm32f1xx_hal_pcd.c **** 
 2194              		.loc 1 2262 11 view .LVU761
 2195 019a 2A68     		ldr	r2, [r5]
 2196 019c 1388     		ldrh	r3, [r2]
 2197 019e 23F07003 		bic	r3, r3, #112
 2198 01a2 1B05     		lsls	r3, r3, #20
 2199 01a4 1B0D     		lsrs	r3, r3, #20
 2200              	.LVL228:
2262:Drivers/STM32F1xx_HAL_Driver/Src/stm32f1xx_hal_pcd.c **** 
 2201              		.loc 1 2262 11 view .LVU762
 2202 01a6 43F08003 		orr	r3, r3, #128
 2203              	.LVL229:
2262:Drivers/STM32F1xx_HAL_Driver/Src/stm32f1xx_hal_pcd.c **** 
 2204              		.loc 1 2262 11 is_stmt 0 view .LVU763
 2205 01aa 1380     		strh	r3, [r2]	@ movhi
 2206              	.LBE43:
2262:Drivers/STM32F1xx_HAL_Driver/Src/stm32f1xx_hal_pcd.c **** 
 2207              		.loc 1 2262 11 is_stmt 1 view .LVU764
2268:Drivers/STM32F1xx_HAL_Driver/Src/stm32f1xx_hal_pcd.c **** #endif /* USE_HAL_PCD_REGISTER_CALLBACKS */
 2208              		.loc 1 2268 11 view .LVU765
 2209 01ac 2846     		mov	r0, r5
 2210 01ae FFF7FEFF 		bl	HAL_PCD_SetupStageCallback
 2211              	.LVL230:
 2212 01b2 28E7     		b	.L93
 2213              	.LVL231:
 2214              	.L99:
 2215              	.LBB44:
 2216              	.LBB40:
2297:Drivers/STM32F1xx_HAL_Driver/Src/stm32f1xx_hal_pcd.c ****             PCD_SET_EP_RX_STATUS(hpcd->Instance, PCD_ENDP0, USB_EP_RX_VALID);
 2217              		.loc 1 2297 13 discriminator 2 view .LVU766
 2218 01b4 4BB9     		cbnz	r3, .L102
2297:Drivers/STM32F1xx_HAL_Driver/Src/stm32f1xx_hal_pcd.c ****             PCD_SET_EP_RX_STATUS(hpcd->Instance, PCD_ENDP0, USB_EP_RX_VALID);
 2219              		.loc 1 2297 13 discriminator 6 view .LVU767
 2220 01b6 B2F80C34 		ldrh	r3, [r2, #1036]
 2221 01ba 6FEA4343 		mvn	r3, r3, lsl #17
 2222 01be 6FEA5343 		mvn	r3, r3, lsr #17
 2223 01c2 9BB2     		uxth	r3, r3
 2224 01c4 A2F80C34 		strh	r3, [r2, #1036]	@ movhi
 2225 01c8 8BE7     		b	.L101
 2226              	.L102:
2297:Drivers/STM32F1xx_HAL_Driver/Src/stm32f1xx_hal_pcd.c ****             PCD_SET_EP_RX_STATUS(hpcd->Instance, PCD_ENDP0, USB_EP_RX_VALID);
 2227              		.loc 1 2297 13 discriminator 7 view .LVU768
ARM GAS  C:\Users\crist\AppData\Local\Temp\ccYt1KLW.s 			page 98


2297:Drivers/STM32F1xx_HAL_Driver/Src/stm32f1xx_hal_pcd.c ****             PCD_SET_EP_RX_STATUS(hpcd->Instance, PCD_ENDP0, USB_EP_RX_VALID);
 2228              		.loc 1 2297 13 discriminator 7 view .LVU769
 2229 01ca 5908     		lsrs	r1, r3, #1
 2230              	.LVL232:
2297:Drivers/STM32F1xx_HAL_Driver/Src/stm32f1xx_hal_pcd.c ****             PCD_SET_EP_RX_STATUS(hpcd->Instance, PCD_ENDP0, USB_EP_RX_VALID);
 2231              		.loc 1 2297 13 view .LVU770
2297:Drivers/STM32F1xx_HAL_Driver/Src/stm32f1xx_hal_pcd.c ****             PCD_SET_EP_RX_STATUS(hpcd->Instance, PCD_ENDP0, USB_EP_RX_VALID);
 2232              		.loc 1 2297 13 is_stmt 0 discriminator 7 view .LVU771
 2233 01cc 13F0010F 		tst	r3, #1
 2234 01d0 00D0     		beq	.L103
2297:Drivers/STM32F1xx_HAL_Driver/Src/stm32f1xx_hal_pcd.c ****             PCD_SET_EP_RX_STATUS(hpcd->Instance, PCD_ENDP0, USB_EP_RX_VALID);
 2235              		.loc 1 2297 13 is_stmt 1 discriminator 8 view .LVU772
 2236 01d2 0131     		adds	r1, r1, #1
 2237              	.LVL233:
 2238              	.L103:
2297:Drivers/STM32F1xx_HAL_Driver/Src/stm32f1xx_hal_pcd.c ****             PCD_SET_EP_RX_STATUS(hpcd->Instance, PCD_ENDP0, USB_EP_RX_VALID);
 2239              		.loc 1 2297 13 discriminator 10 view .LVU773
 2240 01d4 B2F80C34 		ldrh	r3, [r2, #1036]
 2241 01d8 98B2     		uxth	r0, r3
 2242 01da 8B02     		lsls	r3, r1, #10
 2243 01dc 9BB2     		uxth	r3, r3
 2244 01de 0343     		orrs	r3, r3, r0
 2245 01e0 A2F80C34 		strh	r3, [r2, #1036]	@ movhi
 2246 01e4 7DE7     		b	.L101
 2247              	.LVL234:
 2248              	.L94:
2297:Drivers/STM32F1xx_HAL_Driver/Src/stm32f1xx_hal_pcd.c ****             PCD_SET_EP_RX_STATUS(hpcd->Instance, PCD_ENDP0, USB_EP_RX_VALID);
 2249              		.loc 1 2297 13 is_stmt 0 discriminator 10 view .LVU774
 2250              	.LBE40:
 2251              	.LBE44:
2307:Drivers/STM32F1xx_HAL_Driver/Src/stm32f1xx_hal_pcd.c **** 
 2252              		.loc 1 2307 7 is_stmt 1 view .LVU775
2307:Drivers/STM32F1xx_HAL_Driver/Src/stm32f1xx_hal_pcd.c **** 
 2253              		.loc 1 2307 14 is_stmt 0 view .LVU776
 2254 01e6 30F82430 		ldrh	r3, [r0, r4, lsl #2]
 2255              	.LVL235:
2307:Drivers/STM32F1xx_HAL_Driver/Src/stm32f1xx_hal_pcd.c **** 
 2256              		.loc 1 2307 14 view .LVU777
 2257 01ea 9EB2     		uxth	r6, r3
 2258              	.LVL236:
2309:Drivers/STM32F1xx_HAL_Driver/Src/stm32f1xx_hal_pcd.c ****       {
 2259              		.loc 1 2309 7 is_stmt 1 view .LVU778
2309:Drivers/STM32F1xx_HAL_Driver/Src/stm32f1xx_hal_pcd.c ****       {
 2260              		.loc 1 2309 10 is_stmt 0 view .LVU779
 2261 01ec 13F4004F 		tst	r3, #32768
 2262 01f0 4CD1     		bne	.L125
 2263              	.L104:
2381:Drivers/STM32F1xx_HAL_Driver/Src/stm32f1xx_hal_pcd.c ****       {
 2264              		.loc 1 2381 7 is_stmt 1 view .LVU780
2381:Drivers/STM32F1xx_HAL_Driver/Src/stm32f1xx_hal_pcd.c ****       {
 2265              		.loc 1 2381 10 is_stmt 0 view .LVU781
 2266 01f2 16F0800F 		tst	r6, #128
 2267 01f6 3FF406AF 		beq	.L93
2383:Drivers/STM32F1xx_HAL_Driver/Src/stm32f1xx_hal_pcd.c **** 
 2268              		.loc 1 2383 9 is_stmt 1 view .LVU782
2383:Drivers/STM32F1xx_HAL_Driver/Src/stm32f1xx_hal_pcd.c **** 
 2269              		.loc 1 2383 12 is_stmt 0 view .LVU783
ARM GAS  C:\Users\crist\AppData\Local\Temp\ccYt1KLW.s 			page 99


 2270 01fa 621C     		adds	r2, r4, #1
 2271 01fc 02EB8201 		add	r1, r2, r2, lsl #2
 2272 0200 05EBC101 		add	r1, r5, r1, lsl #3
 2273              	.LVL237:
2386:Drivers/STM32F1xx_HAL_Driver/Src/stm32f1xx_hal_pcd.c **** 
 2274              		.loc 1 2386 9 is_stmt 1 view .LVU784
 2275              	.LBB45:
2386:Drivers/STM32F1xx_HAL_Driver/Src/stm32f1xx_hal_pcd.c **** 
 2276              		.loc 1 2386 9 view .LVU785
2386:Drivers/STM32F1xx_HAL_Driver/Src/stm32f1xx_hal_pcd.c **** 
 2277              		.loc 1 2386 9 view .LVU786
 2278 0204 2868     		ldr	r0, [r5]
 2279 0206 30F82430 		ldrh	r3, [r0, r4, lsl #2]
 2280 020a 9BB2     		uxth	r3, r3
 2281 020c 23F4E143 		bic	r3, r3, #28800
 2282 0210 23F07003 		bic	r3, r3, #112
 2283              	.LVL238:
2386:Drivers/STM32F1xx_HAL_Driver/Src/stm32f1xx_hal_pcd.c **** 
 2284              		.loc 1 2386 9 view .LVU787
 2285 0214 6FEA4343 		mvn	r3, r3, lsl #17
 2286              	.LVL239:
2386:Drivers/STM32F1xx_HAL_Driver/Src/stm32f1xx_hal_pcd.c **** 
 2287              		.loc 1 2386 9 is_stmt 0 view .LVU788
 2288 0218 6FEA5343 		mvn	r3, r3, lsr #17
 2289 021c 9BB2     		uxth	r3, r3
 2290 021e 20F82430 		strh	r3, [r0, r4, lsl #2]	@ movhi
 2291              	.LBE45:
2386:Drivers/STM32F1xx_HAL_Driver/Src/stm32f1xx_hal_pcd.c **** 
 2292              		.loc 1 2386 9 is_stmt 1 view .LVU789
2388:Drivers/STM32F1xx_HAL_Driver/Src/stm32f1xx_hal_pcd.c ****         {
 2293              		.loc 1 2388 9 view .LVU790
2388:Drivers/STM32F1xx_HAL_Driver/Src/stm32f1xx_hal_pcd.c ****         {
 2294              		.loc 1 2388 15 is_stmt 0 view .LVU791
 2295 0222 CB78     		ldrb	r3, [r1, #3]	@ zero_extendqisi2
2388:Drivers/STM32F1xx_HAL_Driver/Src/stm32f1xx_hal_pcd.c ****         {
 2296              		.loc 1 2388 12 view .LVU792
 2297 0224 012B     		cmp	r3, #1
 2298 0226 00F0F280 		beq	.L126
2416:Drivers/STM32F1xx_HAL_Driver/Src/stm32f1xx_hal_pcd.c ****           {
 2299              		.loc 1 2416 11 is_stmt 1 view .LVU793
2416:Drivers/STM32F1xx_HAL_Driver/Src/stm32f1xx_hal_pcd.c ****           {
 2300              		.loc 1 2416 14 is_stmt 0 view .LVU794
 2301 022a 16F4807F 		tst	r6, #256
 2302 022e 40F07E81 		bne	.L116
2419:Drivers/STM32F1xx_HAL_Driver/Src/stm32f1xx_hal_pcd.c **** 
 2303              		.loc 1 2419 13 is_stmt 1 view .LVU795
2419:Drivers/STM32F1xx_HAL_Driver/Src/stm32f1xx_hal_pcd.c **** 
 2304              		.loc 1 2419 35 is_stmt 0 view .LVU796
 2305 0232 2868     		ldr	r0, [r5]
 2306 0234 B0F85030 		ldrh	r3, [r0, #80]
 2307 0238 9BB2     		uxth	r3, r3
 2308 023a 621C     		adds	r2, r4, #1
 2309 023c 02EB8202 		add	r2, r2, r2, lsl #2
 2310 0240 15F83260 		ldrb	r6, [r5, r2, lsl #3]	@ zero_extendqisi2
 2311              	.LVL240:
2419:Drivers/STM32F1xx_HAL_Driver/Src/stm32f1xx_hal_pcd.c **** 
 2312              		.loc 1 2419 35 view .LVU797
ARM GAS  C:\Users\crist\AppData\Local\Temp\ccYt1KLW.s 			page 100


 2313 0244 03EBC603 		add	r3, r3, r6, lsl #3
 2314 0248 0233     		adds	r3, r3, #2
 2315 024a 00EB4303 		add	r3, r0, r3, lsl #1
 2316 024e B3F80034 		ldrh	r3, [r3, #1024]
2419:Drivers/STM32F1xx_HAL_Driver/Src/stm32f1xx_hal_pcd.c **** 
 2317              		.loc 1 2419 23 view .LVU798
 2318 0252 C3F30903 		ubfx	r3, r3, #0, #10
 2319              	.LVL241:
2421:Drivers/STM32F1xx_HAL_Driver/Src/stm32f1xx_hal_pcd.c ****             {
 2320              		.loc 1 2421 13 is_stmt 1 view .LVU799
2421:Drivers/STM32F1xx_HAL_Driver/Src/stm32f1xx_hal_pcd.c ****             {
 2321              		.loc 1 2421 19 is_stmt 0 view .LVU800
 2322 0256 04EB8402 		add	r2, r4, r4, lsl #2
 2323 025a 05EBC202 		add	r2, r5, r2, lsl #3
 2324 025e 126C     		ldr	r2, [r2, #64]
2421:Drivers/STM32F1xx_HAL_Driver/Src/stm32f1xx_hal_pcd.c ****             {
 2325              		.loc 1 2421 16 view .LVU801
 2326 0260 9A42     		cmp	r2, r3
 2327 0262 40F24C81 		bls	.L117
2423:Drivers/STM32F1xx_HAL_Driver/Src/stm32f1xx_hal_pcd.c ****             }
 2328              		.loc 1 2423 15 is_stmt 1 view .LVU802
2423:Drivers/STM32F1xx_HAL_Driver/Src/stm32f1xx_hal_pcd.c ****             }
 2329              		.loc 1 2423 28 is_stmt 0 view .LVU803
 2330 0266 04EB8407 		add	r7, r4, r4, lsl #2
 2331 026a 05EBC707 		add	r7, r5, r7, lsl #3
 2332 026e D21A     		subs	r2, r2, r3
 2333 0270 3A64     		str	r2, [r7, #64]
 2334              	.L118:
2431:Drivers/STM32F1xx_HAL_Driver/Src/stm32f1xx_hal_pcd.c ****             {
 2335              		.loc 1 2431 13 is_stmt 1 view .LVU804
2431:Drivers/STM32F1xx_HAL_Driver/Src/stm32f1xx_hal_pcd.c ****             {
 2336              		.loc 1 2431 19 is_stmt 0 view .LVU805
 2337 0272 04EB8402 		add	r2, r4, r4, lsl #2
 2338 0276 05EBC202 		add	r2, r5, r2, lsl #3
 2339 027a 126C     		ldr	r2, [r2, #64]
2431:Drivers/STM32F1xx_HAL_Driver/Src/stm32f1xx_hal_pcd.c ****             {
 2340              		.loc 1 2431 16 view .LVU806
 2341 027c 002A     		cmp	r2, #0
 2342 027e 40F04581 		bne	.L119
2437:Drivers/STM32F1xx_HAL_Driver/Src/stm32f1xx_hal_pcd.c **** #endif /* USE_HAL_PCD_REGISTER_CALLBACKS */
 2343              		.loc 1 2437 15 is_stmt 1 view .LVU807
 2344 0282 3146     		mov	r1, r6
 2345              	.LVL242:
2437:Drivers/STM32F1xx_HAL_Driver/Src/stm32f1xx_hal_pcd.c **** #endif /* USE_HAL_PCD_REGISTER_CALLBACKS */
 2346              		.loc 1 2437 15 is_stmt 0 view .LVU808
 2347 0284 2846     		mov	r0, r5
 2348 0286 FFF7FEFF 		bl	HAL_PCD_DataInStageCallback
 2349              	.LVL243:
2437:Drivers/STM32F1xx_HAL_Driver/Src/stm32f1xx_hal_pcd.c **** #endif /* USE_HAL_PCD_REGISTER_CALLBACKS */
 2350              		.loc 1 2437 15 view .LVU809
 2351 028a BCE6     		b	.L93
 2352              	.LVL244:
 2353              	.L125:
2312:Drivers/STM32F1xx_HAL_Driver/Src/stm32f1xx_hal_pcd.c ****         ep = &hpcd->OUT_ep[epindex];
 2354              		.loc 1 2312 9 is_stmt 1 view .LVU810
 2355              	.LBB46:
2312:Drivers/STM32F1xx_HAL_Driver/Src/stm32f1xx_hal_pcd.c ****         ep = &hpcd->OUT_ep[epindex];
ARM GAS  C:\Users\crist\AppData\Local\Temp\ccYt1KLW.s 			page 101


 2356              		.loc 1 2312 9 view .LVU811
2312:Drivers/STM32F1xx_HAL_Driver/Src/stm32f1xx_hal_pcd.c ****         ep = &hpcd->OUT_ep[epindex];
 2357              		.loc 1 2312 9 view .LVU812
 2358 028c 30F82430 		ldrh	r3, [r0, r4, lsl #2]
 2359 0290 23F07003 		bic	r3, r3, #112
 2360 0294 1B05     		lsls	r3, r3, #20
 2361 0296 1B0D     		lsrs	r3, r3, #20
 2362              	.LVL245:
2312:Drivers/STM32F1xx_HAL_Driver/Src/stm32f1xx_hal_pcd.c ****         ep = &hpcd->OUT_ep[epindex];
 2363              		.loc 1 2312 9 view .LVU813
 2364 0298 43F08003 		orr	r3, r3, #128
 2365              	.LVL246:
2312:Drivers/STM32F1xx_HAL_Driver/Src/stm32f1xx_hal_pcd.c ****         ep = &hpcd->OUT_ep[epindex];
 2366              		.loc 1 2312 9 is_stmt 0 view .LVU814
 2367 029c 20F82430 		strh	r3, [r0, r4, lsl #2]	@ movhi
 2368              	.LBE46:
2312:Drivers/STM32F1xx_HAL_Driver/Src/stm32f1xx_hal_pcd.c ****         ep = &hpcd->OUT_ep[epindex];
 2369              		.loc 1 2312 9 is_stmt 1 view .LVU815
2313:Drivers/STM32F1xx_HAL_Driver/Src/stm32f1xx_hal_pcd.c **** 
 2370              		.loc 1 2313 9 view .LVU816
2313:Drivers/STM32F1xx_HAL_Driver/Src/stm32f1xx_hal_pcd.c **** 
 2371              		.loc 1 2313 12 is_stmt 0 view .LVU817
 2372 02a0 04EB8401 		add	r1, r4, r4, lsl #2
 2373 02a4 C900     		lsls	r1, r1, #3
 2374 02a6 01F5B471 		add	r1, r1, #360
 2375 02aa 05EB0108 		add	r8, r5, r1
 2376              	.LVL247:
2316:Drivers/STM32F1xx_HAL_Driver/Src/stm32f1xx_hal_pcd.c ****         {
 2377              		.loc 1 2316 9 is_stmt 1 view .LVU818
2316:Drivers/STM32F1xx_HAL_Driver/Src/stm32f1xx_hal_pcd.c ****         {
 2378              		.loc 1 2316 15 is_stmt 0 view .LVU819
 2379 02ae 04EB8403 		add	r3, r4, r4, lsl #2
 2380 02b2 05EBC303 		add	r3, r5, r3, lsl #3
 2381 02b6 93F87431 		ldrb	r3, [r3, #372]	@ zero_extendqisi2
2316:Drivers/STM32F1xx_HAL_Driver/Src/stm32f1xx_hal_pcd.c ****         {
 2382              		.loc 1 2316 12 view .LVU820
 2383 02ba 002B     		cmp	r3, #0
 2384 02bc 42D1     		bne	.L105
2318:Drivers/STM32F1xx_HAL_Driver/Src/stm32f1xx_hal_pcd.c **** 
 2385              		.loc 1 2318 11 is_stmt 1 view .LVU821
2318:Drivers/STM32F1xx_HAL_Driver/Src/stm32f1xx_hal_pcd.c **** 
 2386              		.loc 1 2318 29 is_stmt 0 view .LVU822
 2387 02be 2868     		ldr	r0, [r5]
 2388 02c0 B0F85030 		ldrh	r3, [r0, #80]
 2389 02c4 9BB2     		uxth	r3, r3
 2390 02c6 04EB8402 		add	r2, r4, r4, lsl #2
 2391 02ca 05EBC202 		add	r2, r5, r2, lsl #3
 2392 02ce 92F86821 		ldrb	r2, [r2, #360]	@ zero_extendqisi2
 2393 02d2 03EBC203 		add	r3, r3, r2, lsl #3
 2394 02d6 0633     		adds	r3, r3, #6
 2395 02d8 00EB4303 		add	r3, r0, r3, lsl #1
 2396 02dc B3F80074 		ldrh	r7, [r3, #1024]
2318:Drivers/STM32F1xx_HAL_Driver/Src/stm32f1xx_hal_pcd.c **** 
 2397              		.loc 1 2318 17 view .LVU823
 2398 02e0 C7F30907 		ubfx	r7, r7, #0, #10
 2399              	.LVL248:
2320:Drivers/STM32F1xx_HAL_Driver/Src/stm32f1xx_hal_pcd.c ****           {
ARM GAS  C:\Users\crist\AppData\Local\Temp\ccYt1KLW.s 			page 102


 2400              		.loc 1 2320 11 is_stmt 1 view .LVU824
2320:Drivers/STM32F1xx_HAL_Driver/Src/stm32f1xx_hal_pcd.c ****           {
 2401              		.loc 1 2320 14 is_stmt 0 view .LVU825
 2402 02e4 17BB     		cbnz	r7, .L127
 2403              	.L106:
2363:Drivers/STM32F1xx_HAL_Driver/Src/stm32f1xx_hal_pcd.c ****         ep->xfer_buff += count;
 2404              		.loc 1 2363 9 is_stmt 1 view .LVU826
2363:Drivers/STM32F1xx_HAL_Driver/Src/stm32f1xx_hal_pcd.c ****         ep->xfer_buff += count;
 2405              		.loc 1 2363 11 is_stmt 0 view .LVU827
 2406 02e6 04EB8403 		add	r3, r4, r4, lsl #2
 2407 02ea 05EBC303 		add	r3, r5, r3, lsl #3
 2408 02ee D3F88421 		ldr	r2, [r3, #388]
2363:Drivers/STM32F1xx_HAL_Driver/Src/stm32f1xx_hal_pcd.c ****         ep->xfer_buff += count;
 2409              		.loc 1 2363 24 view .LVU828
 2410 02f2 3A44     		add	r2, r2, r7
 2411 02f4 C3F88421 		str	r2, [r3, #388]
2364:Drivers/STM32F1xx_HAL_Driver/Src/stm32f1xx_hal_pcd.c **** 
 2412              		.loc 1 2364 9 is_stmt 1 view .LVU829
2364:Drivers/STM32F1xx_HAL_Driver/Src/stm32f1xx_hal_pcd.c **** 
 2413              		.loc 1 2364 11 is_stmt 0 view .LVU830
 2414 02f8 D3F87C21 		ldr	r2, [r3, #380]
2364:Drivers/STM32F1xx_HAL_Driver/Src/stm32f1xx_hal_pcd.c **** 
 2415              		.loc 1 2364 23 view .LVU831
 2416 02fc 3A44     		add	r2, r2, r7
 2417 02fe C3F87C21 		str	r2, [r3, #380]
2366:Drivers/STM32F1xx_HAL_Driver/Src/stm32f1xx_hal_pcd.c ****         {
 2418              		.loc 1 2366 9 is_stmt 1 view .LVU832
2366:Drivers/STM32F1xx_HAL_Driver/Src/stm32f1xx_hal_pcd.c ****         {
 2419              		.loc 1 2366 16 is_stmt 0 view .LVU833
 2420 0302 D3F88031 		ldr	r3, [r3, #384]
2366:Drivers/STM32F1xx_HAL_Driver/Src/stm32f1xx_hal_pcd.c ****         {
 2421              		.loc 1 2366 12 view .LVU834
 2422 0306 3BB1     		cbz	r3, .L109
2366:Drivers/STM32F1xx_HAL_Driver/Src/stm32f1xx_hal_pcd.c ****         {
 2423              		.loc 1 2366 48 discriminator 1 view .LVU835
 2424 0308 04EB8403 		add	r3, r4, r4, lsl #2
 2425 030c 05EBC303 		add	r3, r5, r3, lsl #3
 2426 0310 D3F87831 		ldr	r3, [r3, #376]
2366:Drivers/STM32F1xx_HAL_Driver/Src/stm32f1xx_hal_pcd.c ****         {
 2427              		.loc 1 2366 34 discriminator 1 view .LVU836
 2428 0314 9F42     		cmp	r7, r3
 2429 0316 75D2     		bcs	.L110
 2430              	.L109:
2372:Drivers/STM32F1xx_HAL_Driver/Src/stm32f1xx_hal_pcd.c **** #endif /* USE_HAL_PCD_REGISTER_CALLBACKS */
 2431              		.loc 1 2372 11 is_stmt 1 view .LVU837
 2432 0318 04EB8403 		add	r3, r4, r4, lsl #2
 2433 031c 05EBC303 		add	r3, r5, r3, lsl #3
 2434 0320 93F86811 		ldrb	r1, [r3, #360]	@ zero_extendqisi2
 2435 0324 2846     		mov	r0, r5
 2436 0326 FFF7FEFF 		bl	HAL_PCD_DataOutStageCallback
 2437              	.LVL249:
 2438 032a 62E7     		b	.L104
 2439              	.L127:
2322:Drivers/STM32F1xx_HAL_Driver/Src/stm32f1xx_hal_pcd.c ****           }
 2440              		.loc 1 2322 13 view .LVU838
 2441 032c 04EB8401 		add	r1, r4, r4, lsl #2
 2442 0330 05EBC101 		add	r1, r5, r1, lsl #3
ARM GAS  C:\Users\crist\AppData\Local\Temp\ccYt1KLW.s 			page 103


 2443 0334 3B46     		mov	r3, r7
 2444 0336 B1F86E21 		ldrh	r2, [r1, #366]
 2445 033a D1F87C11 		ldr	r1, [r1, #380]
 2446 033e FFF7FEFF 		bl	USB_ReadPMA
 2447              	.LVL250:
 2448 0342 D0E7     		b	.L106
 2449              	.LVL251:
 2450              	.L105:
2329:Drivers/STM32F1xx_HAL_Driver/Src/stm32f1xx_hal_pcd.c ****           {
 2451              		.loc 1 2329 11 view .LVU839
2329:Drivers/STM32F1xx_HAL_Driver/Src/stm32f1xx_hal_pcd.c ****           {
 2452              		.loc 1 2329 17 is_stmt 0 view .LVU840
 2453 0344 04EB8403 		add	r3, r4, r4, lsl #2
 2454 0348 05EBC303 		add	r3, r5, r3, lsl #3
 2455 034c 93F86B31 		ldrb	r3, [r3, #363]	@ zero_extendqisi2
2329:Drivers/STM32F1xx_HAL_Driver/Src/stm32f1xx_hal_pcd.c ****           {
 2456              		.loc 1 2329 14 view .LVU841
 2457 0350 022B     		cmp	r3, #2
 2458 0352 35D0     		beq	.L128
2336:Drivers/STM32F1xx_HAL_Driver/Src/stm32f1xx_hal_pcd.c **** 
 2459              		.loc 1 2336 13 is_stmt 1 view .LVU842
2336:Drivers/STM32F1xx_HAL_Driver/Src/stm32f1xx_hal_pcd.c **** 
 2460              		.loc 1 2336 13 view .LVU843
2336:Drivers/STM32F1xx_HAL_Driver/Src/stm32f1xx_hal_pcd.c **** 
 2461              		.loc 1 2336 13 discriminator 1 view .LVU844
 2462              	.LBB47:
2336:Drivers/STM32F1xx_HAL_Driver/Src/stm32f1xx_hal_pcd.c **** 
 2463              		.loc 1 2336 13 discriminator 1 view .LVU845
2336:Drivers/STM32F1xx_HAL_Driver/Src/stm32f1xx_hal_pcd.c **** 
 2464              		.loc 1 2336 13 discriminator 1 view .LVU846
 2465 0354 2968     		ldr	r1, [r5]
 2466 0356 04EB8402 		add	r2, r4, r4, lsl #2
 2467 035a 05EBC202 		add	r2, r5, r2, lsl #3
 2468 035e 92F86801 		ldrb	r0, [r2, #360]	@ zero_extendqisi2
 2469 0362 31F82030 		ldrh	r3, [r1, r0, lsl #2]
 2470 0366 9BB2     		uxth	r3, r3
 2471 0368 23F4E043 		bic	r3, r3, #28672
 2472 036c 23F07003 		bic	r3, r3, #112
 2473              	.LVL252:
2336:Drivers/STM32F1xx_HAL_Driver/Src/stm32f1xx_hal_pcd.c **** 
 2474              		.loc 1 2336 13 view .LVU847
2336:Drivers/STM32F1xx_HAL_Driver/Src/stm32f1xx_hal_pcd.c **** 
 2475              		.loc 1 2336 13 is_stmt 0 discriminator 1 view .LVU848
 2476 0370 43F40043 		orr	r3, r3, #32768
 2477              	.LVL253:
2336:Drivers/STM32F1xx_HAL_Driver/Src/stm32f1xx_hal_pcd.c **** 
 2478              		.loc 1 2336 13 discriminator 1 view .LVU849
 2479 0374 43F0C003 		orr	r3, r3, #192
 2480 0378 21F82030 		strh	r3, [r1, r0, lsl #2]	@ movhi
 2481              	.LBE47:
2336:Drivers/STM32F1xx_HAL_Driver/Src/stm32f1xx_hal_pcd.c **** 
 2482              		.loc 1 2336 13 is_stmt 1 view .LVU850
2336:Drivers/STM32F1xx_HAL_Driver/Src/stm32f1xx_hal_pcd.c **** 
 2483              		.loc 1 2336 13 view .LVU851
2336:Drivers/STM32F1xx_HAL_Driver/Src/stm32f1xx_hal_pcd.c **** 
 2484              		.loc 1 2336 13 view .LVU852
2338:Drivers/STM32F1xx_HAL_Driver/Src/stm32f1xx_hal_pcd.c ****             {
ARM GAS  C:\Users\crist\AppData\Local\Temp\ccYt1KLW.s 			page 104


 2485              		.loc 1 2338 13 view .LVU853
2338:Drivers/STM32F1xx_HAL_Driver/Src/stm32f1xx_hal_pcd.c ****             {
 2486              		.loc 1 2338 18 is_stmt 0 view .LVU854
 2487 037c 2868     		ldr	r0, [r5]
 2488 037e 92F86821 		ldrb	r2, [r2, #360]	@ zero_extendqisi2
 2489 0382 30F82230 		ldrh	r3, [r0, r2, lsl #2]
2338:Drivers/STM32F1xx_HAL_Driver/Src/stm32f1xx_hal_pcd.c ****             {
 2490              		.loc 1 2338 16 view .LVU855
 2491 0386 13F4804F 		tst	r3, #16384
 2492 038a 20D0     		beq	.L108
2341:Drivers/STM32F1xx_HAL_Driver/Src/stm32f1xx_hal_pcd.c **** 
 2493              		.loc 1 2341 15 is_stmt 1 view .LVU856
2341:Drivers/STM32F1xx_HAL_Driver/Src/stm32f1xx_hal_pcd.c **** 
 2494              		.loc 1 2341 33 is_stmt 0 view .LVU857
 2495 038c B0F85030 		ldrh	r3, [r0, #80]
 2496 0390 9BB2     		uxth	r3, r3
 2497 0392 03EBC203 		add	r3, r3, r2, lsl #3
 2498 0396 0233     		adds	r3, r3, #2
 2499 0398 00EB4303 		add	r3, r0, r3, lsl #1
 2500 039c B3F80074 		ldrh	r7, [r3, #1024]
2341:Drivers/STM32F1xx_HAL_Driver/Src/stm32f1xx_hal_pcd.c **** 
 2501              		.loc 1 2341 21 view .LVU858
 2502 03a0 C7F30907 		ubfx	r7, r7, #0, #10
 2503              	.LVL254:
2343:Drivers/STM32F1xx_HAL_Driver/Src/stm32f1xx_hal_pcd.c ****               {
 2504              		.loc 1 2343 15 is_stmt 1 view .LVU859
2343:Drivers/STM32F1xx_HAL_Driver/Src/stm32f1xx_hal_pcd.c ****               {
 2505              		.loc 1 2343 18 is_stmt 0 view .LVU860
 2506 03a4 002F     		cmp	r7, #0
 2507 03a6 9ED0     		beq	.L106
2345:Drivers/STM32F1xx_HAL_Driver/Src/stm32f1xx_hal_pcd.c ****               }
 2508              		.loc 1 2345 17 is_stmt 1 view .LVU861
 2509 03a8 04EB8401 		add	r1, r4, r4, lsl #2
 2510 03ac 05EBC101 		add	r1, r5, r1, lsl #3
 2511 03b0 3B46     		mov	r3, r7
 2512 03b2 B1F87021 		ldrh	r2, [r1, #368]
 2513 03b6 D1F87C11 		ldr	r1, [r1, #380]
 2514 03ba FFF7FEFF 		bl	USB_ReadPMA
 2515              	.LVL255:
 2516 03be 92E7     		b	.L106
 2517              	.LVL256:
 2518              	.L128:
2331:Drivers/STM32F1xx_HAL_Driver/Src/stm32f1xx_hal_pcd.c ****           }
 2519              		.loc 1 2331 13 view .LVU862
2331:Drivers/STM32F1xx_HAL_Driver/Src/stm32f1xx_hal_pcd.c ****           }
 2520              		.loc 1 2331 21 is_stmt 0 view .LVU863
 2521 03c0 3246     		mov	r2, r6
 2522 03c2 4146     		mov	r1, r8
 2523 03c4 2846     		mov	r0, r5
 2524 03c6 FFF7FEFF 		bl	HAL_PCD_EP_DB_Receive
 2525              	.LVL257:
 2526 03ca 0746     		mov	r7, r0
 2527              	.LVL258:
2331:Drivers/STM32F1xx_HAL_Driver/Src/stm32f1xx_hal_pcd.c ****           }
 2528              		.loc 1 2331 21 view .LVU864
 2529 03cc 8BE7     		b	.L106
 2530              	.LVL259:
ARM GAS  C:\Users\crist\AppData\Local\Temp\ccYt1KLW.s 			page 105


 2531              	.L108:
2351:Drivers/STM32F1xx_HAL_Driver/Src/stm32f1xx_hal_pcd.c **** 
 2532              		.loc 1 2351 15 is_stmt 1 view .LVU865
2351:Drivers/STM32F1xx_HAL_Driver/Src/stm32f1xx_hal_pcd.c **** 
 2533              		.loc 1 2351 33 is_stmt 0 view .LVU866
 2534 03ce B0F85030 		ldrh	r3, [r0, #80]
 2535 03d2 9BB2     		uxth	r3, r3
 2536 03d4 03EBC203 		add	r3, r3, r2, lsl #3
 2537 03d8 0633     		adds	r3, r3, #6
 2538 03da 00EB4303 		add	r3, r0, r3, lsl #1
 2539 03de B3F80074 		ldrh	r7, [r3, #1024]
2351:Drivers/STM32F1xx_HAL_Driver/Src/stm32f1xx_hal_pcd.c **** 
 2540              		.loc 1 2351 21 view .LVU867
 2541 03e2 C7F30907 		ubfx	r7, r7, #0, #10
 2542              	.LVL260:
2353:Drivers/STM32F1xx_HAL_Driver/Src/stm32f1xx_hal_pcd.c ****               {
 2543              		.loc 1 2353 15 is_stmt 1 view .LVU868
2353:Drivers/STM32F1xx_HAL_Driver/Src/stm32f1xx_hal_pcd.c ****               {
 2544              		.loc 1 2353 18 is_stmt 0 view .LVU869
 2545 03e6 002F     		cmp	r7, #0
 2546 03e8 3FF47DAF 		beq	.L106
2355:Drivers/STM32F1xx_HAL_Driver/Src/stm32f1xx_hal_pcd.c ****               }
 2547              		.loc 1 2355 17 is_stmt 1 view .LVU870
 2548 03ec 04EB8401 		add	r1, r4, r4, lsl #2
 2549 03f0 05EBC101 		add	r1, r5, r1, lsl #3
 2550 03f4 3B46     		mov	r3, r7
 2551 03f6 B1F87221 		ldrh	r2, [r1, #370]
 2552 03fa D1F87C11 		ldr	r1, [r1, #380]
 2553 03fe FFF7FEFF 		bl	USB_ReadPMA
 2554              	.LVL261:
 2555 0402 70E7     		b	.L106
 2556              	.LVL262:
 2557              	.L110:
2377:Drivers/STM32F1xx_HAL_Driver/Src/stm32f1xx_hal_pcd.c ****         }
 2558              		.loc 1 2377 11 view .LVU871
2377:Drivers/STM32F1xx_HAL_Driver/Src/stm32f1xx_hal_pcd.c ****         }
 2559              		.loc 1 2377 17 is_stmt 0 view .LVU872
 2560 0404 4146     		mov	r1, r8
 2561 0406 2868     		ldr	r0, [r5]
 2562 0408 FFF7FEFF 		bl	USB_EPStartXfer
 2563              	.LVL263:
 2564 040c F1E6     		b	.L104
 2565              	.LVL264:
 2566              	.L126:
2390:Drivers/STM32F1xx_HAL_Driver/Src/stm32f1xx_hal_pcd.c **** 
 2567              		.loc 1 2390 11 is_stmt 1 view .LVU873
2390:Drivers/STM32F1xx_HAL_Driver/Src/stm32f1xx_hal_pcd.c **** 
 2568              		.loc 1 2390 24 is_stmt 0 view .LVU874
 2569 040e 04EB8403 		add	r3, r4, r4, lsl #2
 2570 0412 05EBC303 		add	r3, r5, r3, lsl #3
 2571 0416 0022     		movs	r2, #0
 2572 0418 1A64     		str	r2, [r3, #64]
2393:Drivers/STM32F1xx_HAL_Driver/Src/stm32f1xx_hal_pcd.c ****           {
 2573              		.loc 1 2393 11 is_stmt 1 view .LVU875
2393:Drivers/STM32F1xx_HAL_Driver/Src/stm32f1xx_hal_pcd.c ****           {
 2574              		.loc 1 2393 17 is_stmt 0 view .LVU876
 2575 041a 93F83430 		ldrb	r3, [r3, #52]	@ zero_extendqisi2
ARM GAS  C:\Users\crist\AppData\Local\Temp\ccYt1KLW.s 			page 106


2393:Drivers/STM32F1xx_HAL_Driver/Src/stm32f1xx_hal_pcd.c ****           {
 2576              		.loc 1 2393 14 view .LVU877
 2577 041e FBB1     		cbz	r3, .L112
2395:Drivers/STM32F1xx_HAL_Driver/Src/stm32f1xx_hal_pcd.c ****             {
 2578              		.loc 1 2395 13 is_stmt 1 view .LVU878
2395:Drivers/STM32F1xx_HAL_Driver/Src/stm32f1xx_hal_pcd.c ****             {
 2579              		.loc 1 2395 16 is_stmt 0 view .LVU879
 2580 0420 16F0400F 		tst	r6, #64
 2581 0424 37D0     		beq	.L113
2397:Drivers/STM32F1xx_HAL_Driver/Src/stm32f1xx_hal_pcd.c ****             }
 2582              		.loc 1 2397 15 is_stmt 1 view .LVU880
2397:Drivers/STM32F1xx_HAL_Driver/Src/stm32f1xx_hal_pcd.c ****             }
 2583              		.loc 1 2397 15 view .LVU881
 2584 0426 4B78     		ldrb	r3, [r1, #1]	@ zero_extendqisi2
 2585 0428 1BBB     		cbnz	r3, .L114
2397:Drivers/STM32F1xx_HAL_Driver/Src/stm32f1xx_hal_pcd.c ****             }
 2586              		.loc 1 2397 15 discriminator 1 view .LVU882
 2587              	.LBB48:
2397:Drivers/STM32F1xx_HAL_Driver/Src/stm32f1xx_hal_pcd.c ****             }
 2588              		.loc 1 2397 15 discriminator 1 view .LVU883
 2589 042a 2B68     		ldr	r3, [r5]
 2590              	.LVL265:
2397:Drivers/STM32F1xx_HAL_Driver/Src/stm32f1xx_hal_pcd.c ****             }
 2591              		.loc 1 2397 15 view .LVU884
2397:Drivers/STM32F1xx_HAL_Driver/Src/stm32f1xx_hal_pcd.c ****             }
 2592              		.loc 1 2397 15 view .LVU885
2397:Drivers/STM32F1xx_HAL_Driver/Src/stm32f1xx_hal_pcd.c ****             }
 2593              		.loc 1 2397 15 is_stmt 0 discriminator 1 view .LVU886
 2594 042c B3F85020 		ldrh	r2, [r3, #80]
 2595 0430 92B2     		uxth	r2, r2
 2596 0432 1344     		add	r3, r3, r2
 2597              	.LVL266:
2397:Drivers/STM32F1xx_HAL_Driver/Src/stm32f1xx_hal_pcd.c ****             }
 2598              		.loc 1 2397 15 is_stmt 1 view .LVU887
2397:Drivers/STM32F1xx_HAL_Driver/Src/stm32f1xx_hal_pcd.c ****             }
 2599              		.loc 1 2397 15 is_stmt 0 discriminator 1 view .LVU888
 2600 0434 621C     		adds	r2, r4, #1
 2601 0436 02EB8202 		add	r2, r2, r2, lsl #2
 2602 043a 15F83220 		ldrb	r2, [r5, r2, lsl #3]	@ zero_extendqisi2
 2603 043e 03EB0213 		add	r3, r3, r2, lsl #4
 2604              	.LVL267:
2397:Drivers/STM32F1xx_HAL_Driver/Src/stm32f1xx_hal_pcd.c ****             }
 2605              		.loc 1 2397 15 is_stmt 1 view .LVU889
 2606              	.LBB49:
2397:Drivers/STM32F1xx_HAL_Driver/Src/stm32f1xx_hal_pcd.c ****             }
 2607              		.loc 1 2397 15 view .LVU890
2397:Drivers/STM32F1xx_HAL_Driver/Src/stm32f1xx_hal_pcd.c ****             }
 2608              		.loc 1 2397 15 view .LVU891
2397:Drivers/STM32F1xx_HAL_Driver/Src/stm32f1xx_hal_pcd.c ****             }
 2609              		.loc 1 2397 15 is_stmt 0 discriminator 1 view .LVU892
 2610 0442 B3F80424 		ldrh	r2, [r3, #1028]
 2611 0446 C2F30902 		ubfx	r2, r2, #0, #10
 2612 044a A3F80424 		strh	r2, [r3, #1028]	@ movhi
2397:Drivers/STM32F1xx_HAL_Driver/Src/stm32f1xx_hal_pcd.c ****             }
 2613              		.loc 1 2397 15 is_stmt 1 view .LVU893
2397:Drivers/STM32F1xx_HAL_Driver/Src/stm32f1xx_hal_pcd.c ****             }
 2614              		.loc 1 2397 15 discriminator 4 view .LVU894
ARM GAS  C:\Users\crist\AppData\Local\Temp\ccYt1KLW.s 			page 107


2397:Drivers/STM32F1xx_HAL_Driver/Src/stm32f1xx_hal_pcd.c ****             }
 2615              		.loc 1 2397 15 discriminator 8 view .LVU895
 2616 044e B3F80424 		ldrh	r2, [r3, #1028]
 2617 0452 6FEA4242 		mvn	r2, r2, lsl #17
 2618 0456 6FEA5242 		mvn	r2, r2, lsr #17
 2619 045a 92B2     		uxth	r2, r2
 2620 045c A3F80424 		strh	r2, [r3, #1028]	@ movhi
2397:Drivers/STM32F1xx_HAL_Driver/Src/stm32f1xx_hal_pcd.c ****             }
 2621              		.loc 1 2397 15 view .LVU896
 2622              	.LBE49:
2397:Drivers/STM32F1xx_HAL_Driver/Src/stm32f1xx_hal_pcd.c ****             }
 2623              		.loc 1 2397 15 view .LVU897
 2624              	.LBE48:
2397:Drivers/STM32F1xx_HAL_Driver/Src/stm32f1xx_hal_pcd.c ****             }
 2625              		.loc 1 2397 15 view .LVU898
 2626              	.LVL268:
 2627              	.L112:
2401:Drivers/STM32F1xx_HAL_Driver/Src/stm32f1xx_hal_pcd.c ****             }
 2628              		.loc 1 2401 15 view .LVU899
2410:Drivers/STM32F1xx_HAL_Driver/Src/stm32f1xx_hal_pcd.c **** #endif /* USE_HAL_PCD_REGISTER_CALLBACKS */
 2629              		.loc 1 2410 11 view .LVU900
 2630 0460 0134     		adds	r4, r4, #1
 2631 0462 04EB8404 		add	r4, r4, r4, lsl #2
 2632 0466 15F83410 		ldrb	r1, [r5, r4, lsl #3]	@ zero_extendqisi2
 2633              	.LVL269:
2410:Drivers/STM32F1xx_HAL_Driver/Src/stm32f1xx_hal_pcd.c **** #endif /* USE_HAL_PCD_REGISTER_CALLBACKS */
 2634              		.loc 1 2410 11 is_stmt 0 view .LVU901
 2635 046a 2846     		mov	r0, r5
 2636 046c FFF7FEFF 		bl	HAL_PCD_DataInStageCallback
 2637              	.LVL270:
 2638 0470 C9E5     		b	.L93
 2639              	.LVL271:
 2640              	.L114:
2397:Drivers/STM32F1xx_HAL_Driver/Src/stm32f1xx_hal_pcd.c ****             }
 2641              		.loc 1 2397 15 is_stmt 1 discriminator 2 view .LVU902
 2642 0472 012B     		cmp	r3, #1
 2643 0474 F4D1     		bne	.L112
2397:Drivers/STM32F1xx_HAL_Driver/Src/stm32f1xx_hal_pcd.c ****             }
 2644              		.loc 1 2397 15 discriminator 13 view .LVU903
 2645              	.LBB50:
2397:Drivers/STM32F1xx_HAL_Driver/Src/stm32f1xx_hal_pcd.c ****             }
 2646              		.loc 1 2397 15 discriminator 13 view .LVU904
 2647 0476 2B68     		ldr	r3, [r5]
 2648              	.LVL272:
2397:Drivers/STM32F1xx_HAL_Driver/Src/stm32f1xx_hal_pcd.c ****             }
 2649              		.loc 1 2397 15 view .LVU905
2397:Drivers/STM32F1xx_HAL_Driver/Src/stm32f1xx_hal_pcd.c ****             }
 2650              		.loc 1 2397 15 view .LVU906
2397:Drivers/STM32F1xx_HAL_Driver/Src/stm32f1xx_hal_pcd.c ****             }
 2651              		.loc 1 2397 15 is_stmt 0 discriminator 13 view .LVU907
 2652 0478 B3F85020 		ldrh	r2, [r3, #80]
 2653 047c 92B2     		uxth	r2, r2
 2654 047e 1344     		add	r3, r3, r2
 2655              	.LVL273:
2397:Drivers/STM32F1xx_HAL_Driver/Src/stm32f1xx_hal_pcd.c ****             }
 2656              		.loc 1 2397 15 is_stmt 1 view .LVU908
2397:Drivers/STM32F1xx_HAL_Driver/Src/stm32f1xx_hal_pcd.c ****             }
ARM GAS  C:\Users\crist\AppData\Local\Temp\ccYt1KLW.s 			page 108


 2657              		.loc 1 2397 15 is_stmt 0 discriminator 13 view .LVU909
 2658 0480 621C     		adds	r2, r4, #1
 2659 0482 02EB8202 		add	r2, r2, r2, lsl #2
 2660 0486 15F83220 		ldrb	r2, [r5, r2, lsl #3]	@ zero_extendqisi2
 2661 048a 03EB0213 		add	r3, r3, r2, lsl #4
 2662              	.LVL274:
2397:Drivers/STM32F1xx_HAL_Driver/Src/stm32f1xx_hal_pcd.c ****             }
 2663              		.loc 1 2397 15 is_stmt 1 view .LVU910
2397:Drivers/STM32F1xx_HAL_Driver/Src/stm32f1xx_hal_pcd.c ****             }
 2664              		.loc 1 2397 15 is_stmt 0 discriminator 13 view .LVU911
 2665 048e 0022     		movs	r2, #0
 2666 0490 A3F80424 		strh	r2, [r3, #1028]	@ movhi
2397:Drivers/STM32F1xx_HAL_Driver/Src/stm32f1xx_hal_pcd.c ****             }
 2667              		.loc 1 2397 15 discriminator 13 view .LVU912
 2668 0494 E4E7     		b	.L112
 2669              	.LVL275:
 2670              	.L113:
2397:Drivers/STM32F1xx_HAL_Driver/Src/stm32f1xx_hal_pcd.c ****             }
 2671              		.loc 1 2397 15 discriminator 13 view .LVU913
 2672              	.LBE50:
2401:Drivers/STM32F1xx_HAL_Driver/Src/stm32f1xx_hal_pcd.c ****             }
 2673              		.loc 1 2401 15 is_stmt 1 view .LVU914
 2674              	.LBB51:
2401:Drivers/STM32F1xx_HAL_Driver/Src/stm32f1xx_hal_pcd.c ****             }
 2675              		.loc 1 2401 15 view .LVU915
 2676 0496 2A68     		ldr	r2, [r5]
 2677              	.LVL276:
2401:Drivers/STM32F1xx_HAL_Driver/Src/stm32f1xx_hal_pcd.c ****             }
 2678              		.loc 1 2401 15 view .LVU916
2401:Drivers/STM32F1xx_HAL_Driver/Src/stm32f1xx_hal_pcd.c ****             }
 2679              		.loc 1 2401 15 view .LVU917
 2680 0498 631C     		adds	r3, r4, #1
 2681 049a 03EB8303 		add	r3, r3, r3, lsl #2
 2682 049e 05EBC303 		add	r3, r5, r3, lsl #3
 2683 04a2 5B78     		ldrb	r3, [r3, #1]	@ zero_extendqisi2
 2684 04a4 D3B9     		cbnz	r3, .L115
2401:Drivers/STM32F1xx_HAL_Driver/Src/stm32f1xx_hal_pcd.c ****             }
 2685              		.loc 1 2401 15 discriminator 1 view .LVU918
 2686              	.LBB52:
2401:Drivers/STM32F1xx_HAL_Driver/Src/stm32f1xx_hal_pcd.c ****             }
 2687              		.loc 1 2401 15 discriminator 1 view .LVU919
 2688              	.LVL277:
2401:Drivers/STM32F1xx_HAL_Driver/Src/stm32f1xx_hal_pcd.c ****             }
 2689              		.loc 1 2401 15 view .LVU920
2401:Drivers/STM32F1xx_HAL_Driver/Src/stm32f1xx_hal_pcd.c ****             }
 2690              		.loc 1 2401 15 view .LVU921
2401:Drivers/STM32F1xx_HAL_Driver/Src/stm32f1xx_hal_pcd.c ****             }
 2691              		.loc 1 2401 15 is_stmt 0 discriminator 1 view .LVU922
 2692 04a6 B2F85030 		ldrh	r3, [r2, #80]
 2693 04aa 9BB2     		uxth	r3, r3
 2694 04ac 1344     		add	r3, r3, r2
 2695              	.LVL278:
2401:Drivers/STM32F1xx_HAL_Driver/Src/stm32f1xx_hal_pcd.c ****             }
 2696              		.loc 1 2401 15 is_stmt 1 view .LVU923
2401:Drivers/STM32F1xx_HAL_Driver/Src/stm32f1xx_hal_pcd.c ****             }
 2697              		.loc 1 2401 15 is_stmt 0 discriminator 1 view .LVU924
 2698 04ae 621C     		adds	r2, r4, #1
ARM GAS  C:\Users\crist\AppData\Local\Temp\ccYt1KLW.s 			page 109


 2699              	.LVL279:
2401:Drivers/STM32F1xx_HAL_Driver/Src/stm32f1xx_hal_pcd.c ****             }
 2700              		.loc 1 2401 15 discriminator 1 view .LVU925
 2701 04b0 02EB8202 		add	r2, r2, r2, lsl #2
 2702 04b4 15F83220 		ldrb	r2, [r5, r2, lsl #3]	@ zero_extendqisi2
 2703 04b8 03EB0213 		add	r3, r3, r2, lsl #4
 2704              	.LVL280:
2401:Drivers/STM32F1xx_HAL_Driver/Src/stm32f1xx_hal_pcd.c ****             }
 2705              		.loc 1 2401 15 is_stmt 1 view .LVU926
 2706              	.LBB53:
2401:Drivers/STM32F1xx_HAL_Driver/Src/stm32f1xx_hal_pcd.c ****             }
 2707              		.loc 1 2401 15 view .LVU927
2401:Drivers/STM32F1xx_HAL_Driver/Src/stm32f1xx_hal_pcd.c ****             }
 2708              		.loc 1 2401 15 view .LVU928
2401:Drivers/STM32F1xx_HAL_Driver/Src/stm32f1xx_hal_pcd.c ****             }
 2709              		.loc 1 2401 15 is_stmt 0 discriminator 1 view .LVU929
 2710 04bc B3F80C24 		ldrh	r2, [r3, #1036]
 2711 04c0 C2F30902 		ubfx	r2, r2, #0, #10
 2712 04c4 A3F80C24 		strh	r2, [r3, #1036]	@ movhi
 2713              	.LVL281:
2401:Drivers/STM32F1xx_HAL_Driver/Src/stm32f1xx_hal_pcd.c ****             }
 2714              		.loc 1 2401 15 is_stmt 1 view .LVU930
2401:Drivers/STM32F1xx_HAL_Driver/Src/stm32f1xx_hal_pcd.c ****             }
 2715              		.loc 1 2401 15 discriminator 4 view .LVU931
2401:Drivers/STM32F1xx_HAL_Driver/Src/stm32f1xx_hal_pcd.c ****             }
 2716              		.loc 1 2401 15 discriminator 8 view .LVU932
 2717 04c8 B3F80C24 		ldrh	r2, [r3, #1036]
 2718 04cc 6FEA4242 		mvn	r2, r2, lsl #17
 2719 04d0 6FEA5242 		mvn	r2, r2, lsr #17
 2720 04d4 92B2     		uxth	r2, r2
 2721 04d6 A3F80C24 		strh	r2, [r3, #1036]	@ movhi
2401:Drivers/STM32F1xx_HAL_Driver/Src/stm32f1xx_hal_pcd.c ****             }
 2722              		.loc 1 2401 15 view .LVU933
 2723              	.LBE53:
2401:Drivers/STM32F1xx_HAL_Driver/Src/stm32f1xx_hal_pcd.c ****             }
 2724              		.loc 1 2401 15 view .LVU934
 2725              	.LBE52:
2401:Drivers/STM32F1xx_HAL_Driver/Src/stm32f1xx_hal_pcd.c ****             }
 2726              		.loc 1 2401 15 view .LVU935
 2727              	.LBB55:
 2728              	.LBB54:
 2729 04da C1E7     		b	.L112
 2730              	.LVL282:
 2731              	.L115:
2401:Drivers/STM32F1xx_HAL_Driver/Src/stm32f1xx_hal_pcd.c ****             }
 2732              		.loc 1 2401 15 is_stmt 0 view .LVU936
 2733              	.LBE54:
 2734              	.LBE55:
2401:Drivers/STM32F1xx_HAL_Driver/Src/stm32f1xx_hal_pcd.c ****             }
 2735              		.loc 1 2401 15 is_stmt 1 discriminator 2 view .LVU937
 2736 04dc 012B     		cmp	r3, #1
 2737 04de BFD1     		bne	.L112
2401:Drivers/STM32F1xx_HAL_Driver/Src/stm32f1xx_hal_pcd.c ****             }
 2738              		.loc 1 2401 15 discriminator 13 view .LVU938
 2739 04e0 B2F85030 		ldrh	r3, [r2, #80]
 2740 04e4 9BB2     		uxth	r3, r3
 2741 04e6 1344     		add	r3, r3, r2
ARM GAS  C:\Users\crist\AppData\Local\Temp\ccYt1KLW.s 			page 110


 2742              	.LVL283:
2401:Drivers/STM32F1xx_HAL_Driver/Src/stm32f1xx_hal_pcd.c ****             }
 2743              		.loc 1 2401 15 view .LVU939
2401:Drivers/STM32F1xx_HAL_Driver/Src/stm32f1xx_hal_pcd.c ****             }
 2744              		.loc 1 2401 15 is_stmt 0 discriminator 13 view .LVU940
 2745 04e8 621C     		adds	r2, r4, #1
 2746 04ea 02EB8202 		add	r2, r2, r2, lsl #2
 2747 04ee 15F83220 		ldrb	r2, [r5, r2, lsl #3]	@ zero_extendqisi2
 2748 04f2 03EB0213 		add	r3, r3, r2, lsl #4
 2749              	.LVL284:
2401:Drivers/STM32F1xx_HAL_Driver/Src/stm32f1xx_hal_pcd.c ****             }
 2750              		.loc 1 2401 15 is_stmt 1 view .LVU941
2401:Drivers/STM32F1xx_HAL_Driver/Src/stm32f1xx_hal_pcd.c ****             }
 2751              		.loc 1 2401 15 is_stmt 0 discriminator 13 view .LVU942
 2752 04f6 0022     		movs	r2, #0
 2753 04f8 A3F80C24 		strh	r2, [r3, #1036]	@ movhi
 2754 04fc B0E7     		b	.L112
 2755              	.LVL285:
 2756              	.L117:
2401:Drivers/STM32F1xx_HAL_Driver/Src/stm32f1xx_hal_pcd.c ****             }
 2757              		.loc 1 2401 15 discriminator 13 view .LVU943
 2758              	.LBE51:
2427:Drivers/STM32F1xx_HAL_Driver/Src/stm32f1xx_hal_pcd.c ****             }
 2759              		.loc 1 2427 15 is_stmt 1 view .LVU944
2427:Drivers/STM32F1xx_HAL_Driver/Src/stm32f1xx_hal_pcd.c ****             }
 2760              		.loc 1 2427 28 is_stmt 0 view .LVU945
 2761 04fe 04EB8402 		add	r2, r4, r4, lsl #2
 2762 0502 05EBC202 		add	r2, r5, r2, lsl #3
 2763 0506 0027     		movs	r7, #0
 2764 0508 1764     		str	r7, [r2, #64]
 2765 050a B2E6     		b	.L118
 2766              	.L119:
2443:Drivers/STM32F1xx_HAL_Driver/Src/stm32f1xx_hal_pcd.c ****               ep->xfer_count += TxPctSize;
 2767              		.loc 1 2443 15 is_stmt 1 view .LVU946
2443:Drivers/STM32F1xx_HAL_Driver/Src/stm32f1xx_hal_pcd.c ****               ep->xfer_count += TxPctSize;
 2768              		.loc 1 2443 17 is_stmt 0 view .LVU947
 2769 050c 04EB8402 		add	r2, r4, r4, lsl #2
 2770 0510 05EBC202 		add	r2, r5, r2, lsl #3
 2771 0514 D66B     		ldr	r6, [r2, #60]
2443:Drivers/STM32F1xx_HAL_Driver/Src/stm32f1xx_hal_pcd.c ****               ep->xfer_count += TxPctSize;
 2772              		.loc 1 2443 29 view .LVU948
 2773 0516 1E44     		add	r6, r6, r3
 2774 0518 D663     		str	r6, [r2, #60]
2444:Drivers/STM32F1xx_HAL_Driver/Src/stm32f1xx_hal_pcd.c ****               (void)USB_EPStartXfer(hpcd->Instance, ep);
 2775              		.loc 1 2444 15 is_stmt 1 view .LVU949
2444:Drivers/STM32F1xx_HAL_Driver/Src/stm32f1xx_hal_pcd.c ****               (void)USB_EPStartXfer(hpcd->Instance, ep);
 2776              		.loc 1 2444 17 is_stmt 0 view .LVU950
 2777 051a 526C     		ldr	r2, [r2, #68]
2444:Drivers/STM32F1xx_HAL_Driver/Src/stm32f1xx_hal_pcd.c ****               (void)USB_EPStartXfer(hpcd->Instance, ep);
 2778              		.loc 1 2444 30 view .LVU951
 2779 051c 04EB8404 		add	r4, r4, r4, lsl #2
 2780 0520 05EBC404 		add	r4, r5, r4, lsl #3
 2781 0524 1344     		add	r3, r3, r2
 2782              	.LVL286:
2444:Drivers/STM32F1xx_HAL_Driver/Src/stm32f1xx_hal_pcd.c ****               (void)USB_EPStartXfer(hpcd->Instance, ep);
 2783              		.loc 1 2444 30 view .LVU952
 2784 0526 6364     		str	r3, [r4, #68]
ARM GAS  C:\Users\crist\AppData\Local\Temp\ccYt1KLW.s 			page 111


2445:Drivers/STM32F1xx_HAL_Driver/Src/stm32f1xx_hal_pcd.c ****             }
 2785              		.loc 1 2445 15 is_stmt 1 view .LVU953
2445:Drivers/STM32F1xx_HAL_Driver/Src/stm32f1xx_hal_pcd.c ****             }
 2786              		.loc 1 2445 21 is_stmt 0 view .LVU954
 2787 0528 FFF7FEFF 		bl	USB_EPStartXfer
 2788              	.LVL287:
2445:Drivers/STM32F1xx_HAL_Driver/Src/stm32f1xx_hal_pcd.c ****             }
 2789              		.loc 1 2445 21 view .LVU955
 2790 052c 6BE5     		b	.L93
 2791              	.LVL288:
 2792              	.L116:
2452:Drivers/STM32F1xx_HAL_Driver/Src/stm32f1xx_hal_pcd.c ****           }
 2793              		.loc 1 2452 13 is_stmt 1 view .LVU956
2452:Drivers/STM32F1xx_HAL_Driver/Src/stm32f1xx_hal_pcd.c ****           }
 2794              		.loc 1 2452 19 is_stmt 0 view .LVU957
 2795 052e 3246     		mov	r2, r6
 2796 0530 2846     		mov	r0, r5
 2797 0532 FFF7FEFF 		bl	HAL_PCD_EP_DB_Transmit
 2798              	.LVL289:
2452:Drivers/STM32F1xx_HAL_Driver/Src/stm32f1xx_hal_pcd.c ****           }
 2799              		.loc 1 2452 19 view .LVU958
 2800 0536 66E5     		b	.L93
 2801              	.LVL290:
 2802              	.L122:
2460:Drivers/STM32F1xx_HAL_Driver/Src/stm32f1xx_hal_pcd.c **** }
 2803              		.loc 1 2460 3 is_stmt 1 view .LVU959
2461:Drivers/STM32F1xx_HAL_Driver/Src/stm32f1xx_hal_pcd.c **** 
 2804              		.loc 1 2461 1 is_stmt 0 view .LVU960
 2805 0538 0020     		movs	r0, #0
 2806 053a BDE8F081 		pop	{r4, r5, r6, r7, r8, pc}
2461:Drivers/STM32F1xx_HAL_Driver/Src/stm32f1xx_hal_pcd.c **** 
 2807              		.loc 1 2461 1 view .LVU961
 2808              		.cfi_endproc
 2809              	.LFE99:
 2811              		.section	.text.HAL_PCD_SOFCallback,"ax",%progbits
 2812              		.align	1
 2813              		.weak	HAL_PCD_SOFCallback
 2814              		.syntax unified
 2815              		.thumb
 2816              		.thumb_func
 2818              	HAL_PCD_SOFCallback:
 2819              	.LVL291:
 2820              	.LFB76:
1525:Drivers/STM32F1xx_HAL_Driver/Src/stm32f1xx_hal_pcd.c ****   /* Prevent unused argument(s) compilation warning */
 2821              		.loc 1 1525 1 is_stmt 1 view -0
 2822              		.cfi_startproc
 2823              		@ args = 0, pretend = 0, frame = 0
 2824              		@ frame_needed = 0, uses_anonymous_args = 0
 2825              		@ link register save eliminated.
1527:Drivers/STM32F1xx_HAL_Driver/Src/stm32f1xx_hal_pcd.c **** 
 2826              		.loc 1 1527 3 view .LVU963
1532:Drivers/STM32F1xx_HAL_Driver/Src/stm32f1xx_hal_pcd.c **** 
 2827              		.loc 1 1532 1 is_stmt 0 view .LVU964
 2828 0000 7047     		bx	lr
 2829              		.cfi_endproc
 2830              	.LFE76:
 2832              		.section	.text.HAL_PCD_ResetCallback,"ax",%progbits
ARM GAS  C:\Users\crist\AppData\Local\Temp\ccYt1KLW.s 			page 112


 2833              		.align	1
 2834              		.weak	HAL_PCD_ResetCallback
 2835              		.syntax unified
 2836              		.thumb
 2837              		.thumb_func
 2839              	HAL_PCD_ResetCallback:
 2840              	.LVL292:
 2841              	.LFB77:
1540:Drivers/STM32F1xx_HAL_Driver/Src/stm32f1xx_hal_pcd.c ****   /* Prevent unused argument(s) compilation warning */
 2842              		.loc 1 1540 1 is_stmt 1 view -0
 2843              		.cfi_startproc
 2844              		@ args = 0, pretend = 0, frame = 0
 2845              		@ frame_needed = 0, uses_anonymous_args = 0
 2846              		@ link register save eliminated.
1542:Drivers/STM32F1xx_HAL_Driver/Src/stm32f1xx_hal_pcd.c **** 
 2847              		.loc 1 1542 3 view .LVU966
1547:Drivers/STM32F1xx_HAL_Driver/Src/stm32f1xx_hal_pcd.c **** 
 2848              		.loc 1 1547 1 is_stmt 0 view .LVU967
 2849 0000 7047     		bx	lr
 2850              		.cfi_endproc
 2851              	.LFE77:
 2853              		.section	.text.HAL_PCD_SuspendCallback,"ax",%progbits
 2854              		.align	1
 2855              		.weak	HAL_PCD_SuspendCallback
 2856              		.syntax unified
 2857              		.thumb
 2858              		.thumb_func
 2860              	HAL_PCD_SuspendCallback:
 2861              	.LVL293:
 2862              	.LFB78:
1555:Drivers/STM32F1xx_HAL_Driver/Src/stm32f1xx_hal_pcd.c ****   /* Prevent unused argument(s) compilation warning */
 2863              		.loc 1 1555 1 is_stmt 1 view -0
 2864              		.cfi_startproc
 2865              		@ args = 0, pretend = 0, frame = 0
 2866              		@ frame_needed = 0, uses_anonymous_args = 0
 2867              		@ link register save eliminated.
1557:Drivers/STM32F1xx_HAL_Driver/Src/stm32f1xx_hal_pcd.c **** 
 2868              		.loc 1 1557 3 view .LVU969
1562:Drivers/STM32F1xx_HAL_Driver/Src/stm32f1xx_hal_pcd.c **** 
 2869              		.loc 1 1562 1 is_stmt 0 view .LVU970
 2870 0000 7047     		bx	lr
 2871              		.cfi_endproc
 2872              	.LFE78:
 2874              		.section	.text.HAL_PCD_ResumeCallback,"ax",%progbits
 2875              		.align	1
 2876              		.weak	HAL_PCD_ResumeCallback
 2877              		.syntax unified
 2878              		.thumb
 2879              		.thumb_func
 2881              	HAL_PCD_ResumeCallback:
 2882              	.LVL294:
 2883              	.LFB79:
1570:Drivers/STM32F1xx_HAL_Driver/Src/stm32f1xx_hal_pcd.c ****   /* Prevent unused argument(s) compilation warning */
 2884              		.loc 1 1570 1 is_stmt 1 view -0
 2885              		.cfi_startproc
 2886              		@ args = 0, pretend = 0, frame = 0
 2887              		@ frame_needed = 0, uses_anonymous_args = 0
ARM GAS  C:\Users\crist\AppData\Local\Temp\ccYt1KLW.s 			page 113


 2888              		@ link register save eliminated.
1572:Drivers/STM32F1xx_HAL_Driver/Src/stm32f1xx_hal_pcd.c **** 
 2889              		.loc 1 1572 3 view .LVU972
1577:Drivers/STM32F1xx_HAL_Driver/Src/stm32f1xx_hal_pcd.c **** 
 2890              		.loc 1 1577 1 is_stmt 0 view .LVU973
 2891 0000 7047     		bx	lr
 2892              		.cfi_endproc
 2893              	.LFE79:
 2895              		.section	.text.HAL_PCD_ISOOUTIncompleteCallback,"ax",%progbits
 2896              		.align	1
 2897              		.weak	HAL_PCD_ISOOUTIncompleteCallback
 2898              		.syntax unified
 2899              		.thumb
 2900              		.thumb_func
 2902              	HAL_PCD_ISOOUTIncompleteCallback:
 2903              	.LVL295:
 2904              	.LFB80:
1586:Drivers/STM32F1xx_HAL_Driver/Src/stm32f1xx_hal_pcd.c ****   /* Prevent unused argument(s) compilation warning */
 2905              		.loc 1 1586 1 is_stmt 1 view -0
 2906              		.cfi_startproc
 2907              		@ args = 0, pretend = 0, frame = 0
 2908              		@ frame_needed = 0, uses_anonymous_args = 0
 2909              		@ link register save eliminated.
1588:Drivers/STM32F1xx_HAL_Driver/Src/stm32f1xx_hal_pcd.c ****   UNUSED(epnum);
 2910              		.loc 1 1588 3 view .LVU975
1589:Drivers/STM32F1xx_HAL_Driver/Src/stm32f1xx_hal_pcd.c **** 
 2911              		.loc 1 1589 3 view .LVU976
1594:Drivers/STM32F1xx_HAL_Driver/Src/stm32f1xx_hal_pcd.c **** 
 2912              		.loc 1 1594 1 is_stmt 0 view .LVU977
 2913 0000 7047     		bx	lr
 2914              		.cfi_endproc
 2915              	.LFE80:
 2917              		.section	.text.HAL_PCD_ISOINIncompleteCallback,"ax",%progbits
 2918              		.align	1
 2919              		.weak	HAL_PCD_ISOINIncompleteCallback
 2920              		.syntax unified
 2921              		.thumb
 2922              		.thumb_func
 2924              	HAL_PCD_ISOINIncompleteCallback:
 2925              	.LVL296:
 2926              	.LFB81:
1603:Drivers/STM32F1xx_HAL_Driver/Src/stm32f1xx_hal_pcd.c ****   /* Prevent unused argument(s) compilation warning */
 2927              		.loc 1 1603 1 is_stmt 1 view -0
 2928              		.cfi_startproc
 2929              		@ args = 0, pretend = 0, frame = 0
 2930              		@ frame_needed = 0, uses_anonymous_args = 0
 2931              		@ link register save eliminated.
1605:Drivers/STM32F1xx_HAL_Driver/Src/stm32f1xx_hal_pcd.c ****   UNUSED(epnum);
 2932              		.loc 1 1605 3 view .LVU979
1606:Drivers/STM32F1xx_HAL_Driver/Src/stm32f1xx_hal_pcd.c **** 
 2933              		.loc 1 1606 3 view .LVU980
1611:Drivers/STM32F1xx_HAL_Driver/Src/stm32f1xx_hal_pcd.c **** 
 2934              		.loc 1 1611 1 is_stmt 0 view .LVU981
 2935 0000 7047     		bx	lr
 2936              		.cfi_endproc
 2937              	.LFE81:
 2939              		.section	.text.HAL_PCD_ConnectCallback,"ax",%progbits
ARM GAS  C:\Users\crist\AppData\Local\Temp\ccYt1KLW.s 			page 114


 2940              		.align	1
 2941              		.weak	HAL_PCD_ConnectCallback
 2942              		.syntax unified
 2943              		.thumb
 2944              		.thumb_func
 2946              	HAL_PCD_ConnectCallback:
 2947              	.LVL297:
 2948              	.LFB82:
1619:Drivers/STM32F1xx_HAL_Driver/Src/stm32f1xx_hal_pcd.c ****   /* Prevent unused argument(s) compilation warning */
 2949              		.loc 1 1619 1 is_stmt 1 view -0
 2950              		.cfi_startproc
 2951              		@ args = 0, pretend = 0, frame = 0
 2952              		@ frame_needed = 0, uses_anonymous_args = 0
 2953              		@ link register save eliminated.
1621:Drivers/STM32F1xx_HAL_Driver/Src/stm32f1xx_hal_pcd.c **** 
 2954              		.loc 1 1621 3 view .LVU983
1626:Drivers/STM32F1xx_HAL_Driver/Src/stm32f1xx_hal_pcd.c **** 
 2955              		.loc 1 1626 1 is_stmt 0 view .LVU984
 2956 0000 7047     		bx	lr
 2957              		.cfi_endproc
 2958              	.LFE82:
 2960              		.section	.text.HAL_PCD_DisconnectCallback,"ax",%progbits
 2961              		.align	1
 2962              		.weak	HAL_PCD_DisconnectCallback
 2963              		.syntax unified
 2964              		.thumb
 2965              		.thumb_func
 2967              	HAL_PCD_DisconnectCallback:
 2968              	.LVL298:
 2969              	.LFB83:
1634:Drivers/STM32F1xx_HAL_Driver/Src/stm32f1xx_hal_pcd.c ****   /* Prevent unused argument(s) compilation warning */
 2970              		.loc 1 1634 1 is_stmt 1 view -0
 2971              		.cfi_startproc
 2972              		@ args = 0, pretend = 0, frame = 0
 2973              		@ frame_needed = 0, uses_anonymous_args = 0
 2974              		@ link register save eliminated.
1636:Drivers/STM32F1xx_HAL_Driver/Src/stm32f1xx_hal_pcd.c **** 
 2975              		.loc 1 1636 3 view .LVU986
1641:Drivers/STM32F1xx_HAL_Driver/Src/stm32f1xx_hal_pcd.c **** 
 2976              		.loc 1 1641 1 is_stmt 0 view .LVU987
 2977 0000 7047     		bx	lr
 2978              		.cfi_endproc
 2979              	.LFE83:
 2981              		.section	.text.HAL_PCD_DevConnect,"ax",%progbits
 2982              		.align	1
 2983              		.global	HAL_PCD_DevConnect
 2984              		.syntax unified
 2985              		.thumb
 2986              		.thumb_func
 2988              	HAL_PCD_DevConnect:
 2989              	.LVL299:
 2990              	.LFB84:
1668:Drivers/STM32F1xx_HAL_Driver/Src/stm32f1xx_hal_pcd.c ****   __HAL_LOCK(hpcd);
 2991              		.loc 1 1668 1 is_stmt 1 view -0
 2992              		.cfi_startproc
 2993              		@ args = 0, pretend = 0, frame = 0
 2994              		@ frame_needed = 0, uses_anonymous_args = 0
ARM GAS  C:\Users\crist\AppData\Local\Temp\ccYt1KLW.s 			page 115


1669:Drivers/STM32F1xx_HAL_Driver/Src/stm32f1xx_hal_pcd.c **** 
 2995              		.loc 1 1669 3 view .LVU989
1669:Drivers/STM32F1xx_HAL_Driver/Src/stm32f1xx_hal_pcd.c **** 
 2996              		.loc 1 1669 3 view .LVU990
 2997 0000 90F8A832 		ldrb	r3, [r0, #680]	@ zero_extendqisi2
 2998 0004 012B     		cmp	r3, #1
 2999 0006 0DD0     		beq	.L139
1668:Drivers/STM32F1xx_HAL_Driver/Src/stm32f1xx_hal_pcd.c ****   __HAL_LOCK(hpcd);
 3000              		.loc 1 1668 1 is_stmt 0 view .LVU991
 3001 0008 10B5     		push	{r4, lr}
 3002              	.LCFI11:
 3003              		.cfi_def_cfa_offset 8
 3004              		.cfi_offset 4, -8
 3005              		.cfi_offset 14, -4
 3006 000a 0446     		mov	r4, r0
1669:Drivers/STM32F1xx_HAL_Driver/Src/stm32f1xx_hal_pcd.c **** 
 3007              		.loc 1 1669 3 is_stmt 1 discriminator 2 view .LVU992
 3008 000c 0121     		movs	r1, #1
 3009 000e 80F8A812 		strb	r1, [r0, #680]
1669:Drivers/STM32F1xx_HAL_Driver/Src/stm32f1xx_hal_pcd.c **** 
 3010              		.loc 1 1669 3 view .LVU993
1672:Drivers/STM32F1xx_HAL_Driver/Src/stm32f1xx_hal_pcd.c **** #endif /* defined (USB) */
 3011              		.loc 1 1672 3 view .LVU994
 3012 0012 FFF7FEFF 		bl	HAL_PCDEx_SetConnectionState
 3013              	.LVL300:
1675:Drivers/STM32F1xx_HAL_Driver/Src/stm32f1xx_hal_pcd.c ****   __HAL_UNLOCK(hpcd);
 3014              		.loc 1 1675 3 view .LVU995
1675:Drivers/STM32F1xx_HAL_Driver/Src/stm32f1xx_hal_pcd.c ****   __HAL_UNLOCK(hpcd);
 3015              		.loc 1 1675 9 is_stmt 0 view .LVU996
 3016 0016 2068     		ldr	r0, [r4]
 3017 0018 FFF7FEFF 		bl	USB_DevConnect
 3018              	.LVL301:
1676:Drivers/STM32F1xx_HAL_Driver/Src/stm32f1xx_hal_pcd.c **** 
 3019              		.loc 1 1676 3 is_stmt 1 view .LVU997
1676:Drivers/STM32F1xx_HAL_Driver/Src/stm32f1xx_hal_pcd.c **** 
 3020              		.loc 1 1676 3 view .LVU998
 3021 001c 0020     		movs	r0, #0
 3022 001e 84F8A802 		strb	r0, [r4, #680]
1676:Drivers/STM32F1xx_HAL_Driver/Src/stm32f1xx_hal_pcd.c **** 
 3023              		.loc 1 1676 3 view .LVU999
1678:Drivers/STM32F1xx_HAL_Driver/Src/stm32f1xx_hal_pcd.c **** }
 3024              		.loc 1 1678 3 view .LVU1000
1679:Drivers/STM32F1xx_HAL_Driver/Src/stm32f1xx_hal_pcd.c **** 
 3025              		.loc 1 1679 1 is_stmt 0 view .LVU1001
 3026 0022 10BD     		pop	{r4, pc}
 3027              	.LVL302:
 3028              	.L139:
 3029              	.LCFI12:
 3030              		.cfi_def_cfa_offset 0
 3031              		.cfi_restore 4
 3032              		.cfi_restore 14
1669:Drivers/STM32F1xx_HAL_Driver/Src/stm32f1xx_hal_pcd.c **** 
 3033              		.loc 1 1669 3 discriminator 1 view .LVU1002
 3034 0024 0220     		movs	r0, #2
 3035              	.LVL303:
1679:Drivers/STM32F1xx_HAL_Driver/Src/stm32f1xx_hal_pcd.c **** 
 3036              		.loc 1 1679 1 view .LVU1003
ARM GAS  C:\Users\crist\AppData\Local\Temp\ccYt1KLW.s 			page 116


 3037 0026 7047     		bx	lr
 3038              		.cfi_endproc
 3039              	.LFE84:
 3041              		.section	.text.HAL_PCD_DevDisconnect,"ax",%progbits
 3042              		.align	1
 3043              		.global	HAL_PCD_DevDisconnect
 3044              		.syntax unified
 3045              		.thumb
 3046              		.thumb_func
 3048              	HAL_PCD_DevDisconnect:
 3049              	.LVL304:
 3050              	.LFB85:
1687:Drivers/STM32F1xx_HAL_Driver/Src/stm32f1xx_hal_pcd.c ****   __HAL_LOCK(hpcd);
 3051              		.loc 1 1687 1 is_stmt 1 view -0
 3052              		.cfi_startproc
 3053              		@ args = 0, pretend = 0, frame = 0
 3054              		@ frame_needed = 0, uses_anonymous_args = 0
1688:Drivers/STM32F1xx_HAL_Driver/Src/stm32f1xx_hal_pcd.c **** 
 3055              		.loc 1 1688 3 view .LVU1005
1688:Drivers/STM32F1xx_HAL_Driver/Src/stm32f1xx_hal_pcd.c **** 
 3056              		.loc 1 1688 3 view .LVU1006
 3057 0000 90F8A832 		ldrb	r3, [r0, #680]	@ zero_extendqisi2
 3058 0004 012B     		cmp	r3, #1
 3059 0006 0ED0     		beq	.L146
1687:Drivers/STM32F1xx_HAL_Driver/Src/stm32f1xx_hal_pcd.c ****   __HAL_LOCK(hpcd);
 3060              		.loc 1 1687 1 is_stmt 0 view .LVU1007
 3061 0008 10B5     		push	{r4, lr}
 3062              	.LCFI13:
 3063              		.cfi_def_cfa_offset 8
 3064              		.cfi_offset 4, -8
 3065              		.cfi_offset 14, -4
 3066 000a 0446     		mov	r4, r0
1688:Drivers/STM32F1xx_HAL_Driver/Src/stm32f1xx_hal_pcd.c **** 
 3067              		.loc 1 1688 3 is_stmt 1 discriminator 2 view .LVU1008
 3068 000c 0123     		movs	r3, #1
 3069 000e 80F8A832 		strb	r3, [r0, #680]
1688:Drivers/STM32F1xx_HAL_Driver/Src/stm32f1xx_hal_pcd.c **** 
 3070              		.loc 1 1688 3 view .LVU1009
1691:Drivers/STM32F1xx_HAL_Driver/Src/stm32f1xx_hal_pcd.c **** #endif /* defined (USB) */
 3071              		.loc 1 1691 3 view .LVU1010
 3072 0012 0021     		movs	r1, #0
 3073 0014 FFF7FEFF 		bl	HAL_PCDEx_SetConnectionState
 3074              	.LVL305:
1694:Drivers/STM32F1xx_HAL_Driver/Src/stm32f1xx_hal_pcd.c ****   __HAL_UNLOCK(hpcd);
 3075              		.loc 1 1694 3 view .LVU1011
1694:Drivers/STM32F1xx_HAL_Driver/Src/stm32f1xx_hal_pcd.c ****   __HAL_UNLOCK(hpcd);
 3076              		.loc 1 1694 9 is_stmt 0 view .LVU1012
 3077 0018 2068     		ldr	r0, [r4]
 3078 001a FFF7FEFF 		bl	USB_DevDisconnect
 3079              	.LVL306:
1695:Drivers/STM32F1xx_HAL_Driver/Src/stm32f1xx_hal_pcd.c **** 
 3080              		.loc 1 1695 3 is_stmt 1 view .LVU1013
1695:Drivers/STM32F1xx_HAL_Driver/Src/stm32f1xx_hal_pcd.c **** 
 3081              		.loc 1 1695 3 view .LVU1014
 3082 001e 0020     		movs	r0, #0
 3083 0020 84F8A802 		strb	r0, [r4, #680]
1695:Drivers/STM32F1xx_HAL_Driver/Src/stm32f1xx_hal_pcd.c **** 
ARM GAS  C:\Users\crist\AppData\Local\Temp\ccYt1KLW.s 			page 117


 3084              		.loc 1 1695 3 view .LVU1015
1697:Drivers/STM32F1xx_HAL_Driver/Src/stm32f1xx_hal_pcd.c **** }
 3085              		.loc 1 1697 3 view .LVU1016
1698:Drivers/STM32F1xx_HAL_Driver/Src/stm32f1xx_hal_pcd.c **** 
 3086              		.loc 1 1698 1 is_stmt 0 view .LVU1017
 3087 0024 10BD     		pop	{r4, pc}
 3088              	.LVL307:
 3089              	.L146:
 3090              	.LCFI14:
 3091              		.cfi_def_cfa_offset 0
 3092              		.cfi_restore 4
 3093              		.cfi_restore 14
1688:Drivers/STM32F1xx_HAL_Driver/Src/stm32f1xx_hal_pcd.c **** 
 3094              		.loc 1 1688 3 discriminator 1 view .LVU1018
 3095 0026 0220     		movs	r0, #2
 3096              	.LVL308:
1698:Drivers/STM32F1xx_HAL_Driver/Src/stm32f1xx_hal_pcd.c **** 
 3097              		.loc 1 1698 1 view .LVU1019
 3098 0028 7047     		bx	lr
 3099              		.cfi_endproc
 3100              	.LFE85:
 3102              		.section	.text.HAL_PCD_SetAddress,"ax",%progbits
 3103              		.align	1
 3104              		.global	HAL_PCD_SetAddress
 3105              		.syntax unified
 3106              		.thumb
 3107              		.thumb_func
 3109              	HAL_PCD_SetAddress:
 3110              	.LVL309:
 3111              	.LFB86:
1707:Drivers/STM32F1xx_HAL_Driver/Src/stm32f1xx_hal_pcd.c ****   __HAL_LOCK(hpcd);
 3112              		.loc 1 1707 1 is_stmt 1 view -0
 3113              		.cfi_startproc
 3114              		@ args = 0, pretend = 0, frame = 0
 3115              		@ frame_needed = 0, uses_anonymous_args = 0
1708:Drivers/STM32F1xx_HAL_Driver/Src/stm32f1xx_hal_pcd.c ****   hpcd->USB_Address = address;
 3116              		.loc 1 1708 3 view .LVU1021
1708:Drivers/STM32F1xx_HAL_Driver/Src/stm32f1xx_hal_pcd.c ****   hpcd->USB_Address = address;
 3117              		.loc 1 1708 3 view .LVU1022
 3118 0000 90F8A832 		ldrb	r3, [r0, #680]	@ zero_extendqisi2
 3119 0004 012B     		cmp	r3, #1
 3120 0006 0DD0     		beq	.L153
1707:Drivers/STM32F1xx_HAL_Driver/Src/stm32f1xx_hal_pcd.c ****   __HAL_LOCK(hpcd);
 3121              		.loc 1 1707 1 is_stmt 0 view .LVU1023
 3122 0008 10B5     		push	{r4, lr}
 3123              	.LCFI15:
 3124              		.cfi_def_cfa_offset 8
 3125              		.cfi_offset 4, -8
 3126              		.cfi_offset 14, -4
 3127 000a 0446     		mov	r4, r0
1708:Drivers/STM32F1xx_HAL_Driver/Src/stm32f1xx_hal_pcd.c ****   hpcd->USB_Address = address;
 3128              		.loc 1 1708 3 is_stmt 1 discriminator 2 view .LVU1024
 3129 000c 0123     		movs	r3, #1
 3130 000e 80F8A832 		strb	r3, [r0, #680]
1708:Drivers/STM32F1xx_HAL_Driver/Src/stm32f1xx_hal_pcd.c ****   hpcd->USB_Address = address;
 3131              		.loc 1 1708 3 view .LVU1025
1709:Drivers/STM32F1xx_HAL_Driver/Src/stm32f1xx_hal_pcd.c ****   (void)USB_SetDevAddress(hpcd->Instance, address);
ARM GAS  C:\Users\crist\AppData\Local\Temp\ccYt1KLW.s 			page 118


 3132              		.loc 1 1709 3 view .LVU1026
1709:Drivers/STM32F1xx_HAL_Driver/Src/stm32f1xx_hal_pcd.c ****   (void)USB_SetDevAddress(hpcd->Instance, address);
 3133              		.loc 1 1709 21 is_stmt 0 view .LVU1027
 3134 0012 80F82410 		strb	r1, [r0, #36]
1710:Drivers/STM32F1xx_HAL_Driver/Src/stm32f1xx_hal_pcd.c ****   __HAL_UNLOCK(hpcd);
 3135              		.loc 1 1710 3 is_stmt 1 view .LVU1028
1710:Drivers/STM32F1xx_HAL_Driver/Src/stm32f1xx_hal_pcd.c ****   __HAL_UNLOCK(hpcd);
 3136              		.loc 1 1710 9 is_stmt 0 view .LVU1029
 3137 0016 0068     		ldr	r0, [r0]
 3138              	.LVL310:
1710:Drivers/STM32F1xx_HAL_Driver/Src/stm32f1xx_hal_pcd.c ****   __HAL_UNLOCK(hpcd);
 3139              		.loc 1 1710 9 view .LVU1030
 3140 0018 FFF7FEFF 		bl	USB_SetDevAddress
 3141              	.LVL311:
1711:Drivers/STM32F1xx_HAL_Driver/Src/stm32f1xx_hal_pcd.c **** 
 3142              		.loc 1 1711 3 is_stmt 1 view .LVU1031
1711:Drivers/STM32F1xx_HAL_Driver/Src/stm32f1xx_hal_pcd.c **** 
 3143              		.loc 1 1711 3 view .LVU1032
 3144 001c 0020     		movs	r0, #0
 3145 001e 84F8A802 		strb	r0, [r4, #680]
1711:Drivers/STM32F1xx_HAL_Driver/Src/stm32f1xx_hal_pcd.c **** 
 3146              		.loc 1 1711 3 view .LVU1033
1713:Drivers/STM32F1xx_HAL_Driver/Src/stm32f1xx_hal_pcd.c **** }
 3147              		.loc 1 1713 3 view .LVU1034
1714:Drivers/STM32F1xx_HAL_Driver/Src/stm32f1xx_hal_pcd.c **** /**
 3148              		.loc 1 1714 1 is_stmt 0 view .LVU1035
 3149 0022 10BD     		pop	{r4, pc}
 3150              	.LVL312:
 3151              	.L153:
 3152              	.LCFI16:
 3153              		.cfi_def_cfa_offset 0
 3154              		.cfi_restore 4
 3155              		.cfi_restore 14
1708:Drivers/STM32F1xx_HAL_Driver/Src/stm32f1xx_hal_pcd.c ****   hpcd->USB_Address = address;
 3156              		.loc 1 1708 3 discriminator 1 view .LVU1036
 3157 0024 0220     		movs	r0, #2
 3158              	.LVL313:
1714:Drivers/STM32F1xx_HAL_Driver/Src/stm32f1xx_hal_pcd.c **** /**
 3159              		.loc 1 1714 1 view .LVU1037
 3160 0026 7047     		bx	lr
 3161              		.cfi_endproc
 3162              	.LFE86:
 3164              		.section	.text.HAL_PCD_IRQHandler,"ax",%progbits
 3165              		.align	1
 3166              		.global	HAL_PCD_IRQHandler
 3167              		.syntax unified
 3168              		.thumb
 3169              		.thumb_func
 3171              	HAL_PCD_IRQHandler:
 3172              	.LVL314:
 3173              	.LFB71:
1330:Drivers/STM32F1xx_HAL_Driver/Src/stm32f1xx_hal_pcd.c ****   uint32_t wIstr = USB_ReadInterrupts(hpcd->Instance);
 3174              		.loc 1 1330 1 is_stmt 1 view -0
 3175              		.cfi_startproc
 3176              		@ args = 0, pretend = 0, frame = 16
 3177              		@ frame_needed = 0, uses_anonymous_args = 0
1330:Drivers/STM32F1xx_HAL_Driver/Src/stm32f1xx_hal_pcd.c ****   uint32_t wIstr = USB_ReadInterrupts(hpcd->Instance);
ARM GAS  C:\Users\crist\AppData\Local\Temp\ccYt1KLW.s 			page 119


 3178              		.loc 1 1330 1 is_stmt 0 view .LVU1039
 3179 0000 10B5     		push	{r4, lr}
 3180              	.LCFI17:
 3181              		.cfi_def_cfa_offset 8
 3182              		.cfi_offset 4, -8
 3183              		.cfi_offset 14, -4
 3184 0002 84B0     		sub	sp, sp, #16
 3185              	.LCFI18:
 3186              		.cfi_def_cfa_offset 24
 3187 0004 0446     		mov	r4, r0
1331:Drivers/STM32F1xx_HAL_Driver/Src/stm32f1xx_hal_pcd.c ****   uint16_t store_ep[8];
 3188              		.loc 1 1331 3 is_stmt 1 view .LVU1040
1331:Drivers/STM32F1xx_HAL_Driver/Src/stm32f1xx_hal_pcd.c ****   uint16_t store_ep[8];
 3189              		.loc 1 1331 20 is_stmt 0 view .LVU1041
 3190 0006 0068     		ldr	r0, [r0]
 3191              	.LVL315:
1331:Drivers/STM32F1xx_HAL_Driver/Src/stm32f1xx_hal_pcd.c ****   uint16_t store_ep[8];
 3192              		.loc 1 1331 20 view .LVU1042
 3193 0008 FFF7FEFF 		bl	USB_ReadInterrupts
 3194              	.LVL316:
1332:Drivers/STM32F1xx_HAL_Driver/Src/stm32f1xx_hal_pcd.c ****   uint8_t i;
 3195              		.loc 1 1332 3 is_stmt 1 view .LVU1043
1333:Drivers/STM32F1xx_HAL_Driver/Src/stm32f1xx_hal_pcd.c **** 
 3196              		.loc 1 1333 3 view .LVU1044
1335:Drivers/STM32F1xx_HAL_Driver/Src/stm32f1xx_hal_pcd.c ****   {
 3197              		.loc 1 1335 3 view .LVU1045
1335:Drivers/STM32F1xx_HAL_Driver/Src/stm32f1xx_hal_pcd.c ****   {
 3198              		.loc 1 1335 6 is_stmt 0 view .LVU1046
 3199 000c 10F4004F 		tst	r0, #32768
 3200 0010 20D1     		bne	.L177
1344:Drivers/STM32F1xx_HAL_Driver/Src/stm32f1xx_hal_pcd.c ****   {
 3201              		.loc 1 1344 3 is_stmt 1 view .LVU1047
1344:Drivers/STM32F1xx_HAL_Driver/Src/stm32f1xx_hal_pcd.c ****   {
 3202              		.loc 1 1344 6 is_stmt 0 view .LVU1048
 3203 0012 10F4806F 		tst	r0, #1024
 3204 0016 21D1     		bne	.L178
1359:Drivers/STM32F1xx_HAL_Driver/Src/stm32f1xx_hal_pcd.c ****   {
 3205              		.loc 1 1359 3 is_stmt 1 view .LVU1049
1359:Drivers/STM32F1xx_HAL_Driver/Src/stm32f1xx_hal_pcd.c ****   {
 3206              		.loc 1 1359 6 is_stmt 0 view .LVU1050
 3207 0018 10F4804F 		tst	r0, #16384
 3208 001c 2FD1     		bne	.L179
1366:Drivers/STM32F1xx_HAL_Driver/Src/stm32f1xx_hal_pcd.c ****   {
 3209              		.loc 1 1366 3 is_stmt 1 view .LVU1051
1366:Drivers/STM32F1xx_HAL_Driver/Src/stm32f1xx_hal_pcd.c ****   {
 3210              		.loc 1 1366 6 is_stmt 0 view .LVU1052
 3211 001e 10F4005F 		tst	r0, #8192
 3212 0022 37D1     		bne	.L180
1373:Drivers/STM32F1xx_HAL_Driver/Src/stm32f1xx_hal_pcd.c ****   {
 3213              		.loc 1 1373 3 is_stmt 1 view .LVU1053
1373:Drivers/STM32F1xx_HAL_Driver/Src/stm32f1xx_hal_pcd.c ****   {
 3214              		.loc 1 1373 6 is_stmt 0 view .LVU1054
 3215 0024 10F4805F 		tst	r0, #4096
 3216 0028 3ED1     		bne	.L181
1389:Drivers/STM32F1xx_HAL_Driver/Src/stm32f1xx_hal_pcd.c ****   {
 3217              		.loc 1 1389 3 is_stmt 1 view .LVU1055
1389:Drivers/STM32F1xx_HAL_Driver/Src/stm32f1xx_hal_pcd.c ****   {
ARM GAS  C:\Users\crist\AppData\Local\Temp\ccYt1KLW.s 			page 120


 3218              		.loc 1 1389 6 is_stmt 0 view .LVU1056
 3219 002a 10F4006F 		tst	r0, #2048
 3220 002e 40F08780 		bne	.L182
1436:Drivers/STM32F1xx_HAL_Driver/Src/stm32f1xx_hal_pcd.c ****   {
 3221              		.loc 1 1436 3 is_stmt 1 view .LVU1057
1436:Drivers/STM32F1xx_HAL_Driver/Src/stm32f1xx_hal_pcd.c ****   {
 3222              		.loc 1 1436 6 is_stmt 0 view .LVU1058
 3223 0032 10F4007F 		tst	r0, #512
 3224 0036 40F0AE80 		bne	.L183
1449:Drivers/STM32F1xx_HAL_Driver/Src/stm32f1xx_hal_pcd.c ****   {
 3225              		.loc 1 1449 3 is_stmt 1 view .LVU1059
1449:Drivers/STM32F1xx_HAL_Driver/Src/stm32f1xx_hal_pcd.c ****   {
 3226              		.loc 1 1449 6 is_stmt 0 view .LVU1060
 3227 003a 10F4807F 		tst	r0, #256
 3228 003e 27D0     		beq	.L158
1452:Drivers/STM32F1xx_HAL_Driver/Src/stm32f1xx_hal_pcd.c **** 
 3229              		.loc 1 1452 5 is_stmt 1 view .LVU1061
 3230 0040 2268     		ldr	r2, [r4]
 3231 0042 B2F84430 		ldrh	r3, [r2, #68]
 3232 0046 9BB2     		uxth	r3, r3
 3233 0048 23F48073 		bic	r3, r3, #256
 3234 004c 9BB2     		uxth	r3, r3
 3235 004e A2F84430 		strh	r3, [r2, #68]	@ movhi
1454:Drivers/STM32F1xx_HAL_Driver/Src/stm32f1xx_hal_pcd.c ****   }
 3236              		.loc 1 1454 5 view .LVU1062
 3237 0052 1DE0     		b	.L158
 3238              	.L177:
1339:Drivers/STM32F1xx_HAL_Driver/Src/stm32f1xx_hal_pcd.c **** 
 3239              		.loc 1 1339 5 view .LVU1063
1339:Drivers/STM32F1xx_HAL_Driver/Src/stm32f1xx_hal_pcd.c **** 
 3240              		.loc 1 1339 11 is_stmt 0 view .LVU1064
 3241 0054 2046     		mov	r0, r4
 3242              	.LVL317:
1339:Drivers/STM32F1xx_HAL_Driver/Src/stm32f1xx_hal_pcd.c **** 
 3243              		.loc 1 1339 11 view .LVU1065
 3244 0056 FFF7FEFF 		bl	PCD_EP_ISR_Handler
 3245              	.LVL318:
1341:Drivers/STM32F1xx_HAL_Driver/Src/stm32f1xx_hal_pcd.c ****   }
 3246              		.loc 1 1341 5 is_stmt 1 view .LVU1066
 3247 005a 19E0     		b	.L158
 3248              	.LVL319:
 3249              	.L178:
1346:Drivers/STM32F1xx_HAL_Driver/Src/stm32f1xx_hal_pcd.c **** 
 3250              		.loc 1 1346 5 view .LVU1067
 3251 005c 2268     		ldr	r2, [r4]
 3252 005e B2F84430 		ldrh	r3, [r2, #68]
 3253 0062 9BB2     		uxth	r3, r3
 3254 0064 23F48063 		bic	r3, r3, #1024
 3255 0068 9BB2     		uxth	r3, r3
 3256 006a A2F84430 		strh	r3, [r2, #68]	@ movhi
1351:Drivers/STM32F1xx_HAL_Driver/Src/stm32f1xx_hal_pcd.c **** #endif /* USE_HAL_PCD_REGISTER_CALLBACKS */
 3257              		.loc 1 1351 5 view .LVU1068
 3258 006e 2046     		mov	r0, r4
 3259              	.LVL320:
1351:Drivers/STM32F1xx_HAL_Driver/Src/stm32f1xx_hal_pcd.c **** #endif /* USE_HAL_PCD_REGISTER_CALLBACKS */
 3260              		.loc 1 1351 5 is_stmt 0 view .LVU1069
 3261 0070 FFF7FEFF 		bl	HAL_PCD_ResetCallback
ARM GAS  C:\Users\crist\AppData\Local\Temp\ccYt1KLW.s 			page 121


 3262              	.LVL321:
1354:Drivers/STM32F1xx_HAL_Driver/Src/stm32f1xx_hal_pcd.c **** 
 3263              		.loc 1 1354 5 is_stmt 1 view .LVU1070
1354:Drivers/STM32F1xx_HAL_Driver/Src/stm32f1xx_hal_pcd.c **** 
 3264              		.loc 1 1354 11 is_stmt 0 view .LVU1071
 3265 0074 0021     		movs	r1, #0
 3266 0076 2046     		mov	r0, r4
 3267 0078 FFF7FEFF 		bl	HAL_PCD_SetAddress
 3268              	.LVL322:
1356:Drivers/STM32F1xx_HAL_Driver/Src/stm32f1xx_hal_pcd.c ****   }
 3269              		.loc 1 1356 5 is_stmt 1 view .LVU1072
 3270 007c 08E0     		b	.L158
 3271              	.LVL323:
 3272              	.L179:
1361:Drivers/STM32F1xx_HAL_Driver/Src/stm32f1xx_hal_pcd.c **** 
 3273              		.loc 1 1361 5 view .LVU1073
 3274 007e 2268     		ldr	r2, [r4]
 3275 0080 B2F84430 		ldrh	r3, [r2, #68]
 3276 0084 9BB2     		uxth	r3, r3
 3277 0086 23F48043 		bic	r3, r3, #16384
 3278 008a 9BB2     		uxth	r3, r3
 3279 008c A2F84430 		strh	r3, [r2, #68]	@ movhi
1363:Drivers/STM32F1xx_HAL_Driver/Src/stm32f1xx_hal_pcd.c ****   }
 3280              		.loc 1 1363 5 view .LVU1074
 3281              	.LVL324:
 3282              	.L158:
1456:Drivers/STM32F1xx_HAL_Driver/Src/stm32f1xx_hal_pcd.c **** 
 3283              		.loc 1 1456 1 is_stmt 0 view .LVU1075
 3284 0090 04B0     		add	sp, sp, #16
 3285              	.LCFI19:
 3286              		.cfi_remember_state
 3287              		.cfi_def_cfa_offset 8
 3288              		@ sp needed
 3289 0092 10BD     		pop	{r4, pc}
 3290              	.LVL325:
 3291              	.L180:
 3292              	.LCFI20:
 3293              		.cfi_restore_state
1368:Drivers/STM32F1xx_HAL_Driver/Src/stm32f1xx_hal_pcd.c **** 
 3294              		.loc 1 1368 5 is_stmt 1 view .LVU1076
 3295 0094 2268     		ldr	r2, [r4]
 3296 0096 B2F84430 		ldrh	r3, [r2, #68]
 3297 009a 9BB2     		uxth	r3, r3
 3298 009c 23F40053 		bic	r3, r3, #8192
 3299 00a0 9BB2     		uxth	r3, r3
 3300 00a2 A2F84430 		strh	r3, [r2, #68]	@ movhi
1370:Drivers/STM32F1xx_HAL_Driver/Src/stm32f1xx_hal_pcd.c ****   }
 3301              		.loc 1 1370 5 view .LVU1077
 3302 00a6 F3E7     		b	.L158
 3303              	.L181:
1375:Drivers/STM32F1xx_HAL_Driver/Src/stm32f1xx_hal_pcd.c ****     hpcd->Instance->CNTR &= (uint16_t) ~(USB_CNTR_FSUSP);
 3304              		.loc 1 1375 5 view .LVU1078
1375:Drivers/STM32F1xx_HAL_Driver/Src/stm32f1xx_hal_pcd.c ****     hpcd->Instance->CNTR &= (uint16_t) ~(USB_CNTR_FSUSP);
 3305              		.loc 1 1375 9 is_stmt 0 view .LVU1079
 3306 00a8 2268     		ldr	r2, [r4]
1375:Drivers/STM32F1xx_HAL_Driver/Src/stm32f1xx_hal_pcd.c ****     hpcd->Instance->CNTR &= (uint16_t) ~(USB_CNTR_FSUSP);
 3307              		.loc 1 1375 19 view .LVU1080
ARM GAS  C:\Users\crist\AppData\Local\Temp\ccYt1KLW.s 			page 122


 3308 00aa B2F84030 		ldrh	r3, [r2, #64]
 3309 00ae 9BB2     		uxth	r3, r3
1375:Drivers/STM32F1xx_HAL_Driver/Src/stm32f1xx_hal_pcd.c ****     hpcd->Instance->CNTR &= (uint16_t) ~(USB_CNTR_FSUSP);
 3310              		.loc 1 1375 26 view .LVU1081
 3311 00b0 23F00403 		bic	r3, r3, #4
 3312 00b4 9BB2     		uxth	r3, r3
 3313 00b6 A2F84030 		strh	r3, [r2, #64]	@ movhi
1376:Drivers/STM32F1xx_HAL_Driver/Src/stm32f1xx_hal_pcd.c **** 
 3314              		.loc 1 1376 5 is_stmt 1 view .LVU1082
1376:Drivers/STM32F1xx_HAL_Driver/Src/stm32f1xx_hal_pcd.c **** 
 3315              		.loc 1 1376 9 is_stmt 0 view .LVU1083
 3316 00ba 2268     		ldr	r2, [r4]
1376:Drivers/STM32F1xx_HAL_Driver/Src/stm32f1xx_hal_pcd.c **** 
 3317              		.loc 1 1376 19 view .LVU1084
 3318 00bc B2F84030 		ldrh	r3, [r2, #64]
 3319 00c0 9BB2     		uxth	r3, r3
1376:Drivers/STM32F1xx_HAL_Driver/Src/stm32f1xx_hal_pcd.c **** 
 3320              		.loc 1 1376 26 view .LVU1085
 3321 00c2 23F00803 		bic	r3, r3, #8
 3322 00c6 9BB2     		uxth	r3, r3
 3323 00c8 A2F84030 		strh	r3, [r2, #64]	@ movhi
1381:Drivers/STM32F1xx_HAL_Driver/Src/stm32f1xx_hal_pcd.c **** #endif /* USE_HAL_PCD_REGISTER_CALLBACKS */
 3324              		.loc 1 1381 5 is_stmt 1 view .LVU1086
 3325 00cc 2046     		mov	r0, r4
 3326              	.LVL326:
1381:Drivers/STM32F1xx_HAL_Driver/Src/stm32f1xx_hal_pcd.c **** #endif /* USE_HAL_PCD_REGISTER_CALLBACKS */
 3327              		.loc 1 1381 5 is_stmt 0 view .LVU1087
 3328 00ce FFF7FEFF 		bl	HAL_PCD_ResumeCallback
 3329              	.LVL327:
1384:Drivers/STM32F1xx_HAL_Driver/Src/stm32f1xx_hal_pcd.c **** 
 3330              		.loc 1 1384 5 is_stmt 1 view .LVU1088
 3331 00d2 2268     		ldr	r2, [r4]
 3332 00d4 B2F84430 		ldrh	r3, [r2, #68]
 3333 00d8 9BB2     		uxth	r3, r3
 3334 00da 23F48053 		bic	r3, r3, #4096
 3335 00de 9BB2     		uxth	r3, r3
 3336 00e0 A2F84430 		strh	r3, [r2, #68]	@ movhi
1386:Drivers/STM32F1xx_HAL_Driver/Src/stm32f1xx_hal_pcd.c ****   }
 3337              		.loc 1 1386 5 view .LVU1089
 3338 00e4 D4E7     		b	.L158
 3339              	.LVL328:
 3340              	.L167:
1396:Drivers/STM32F1xx_HAL_Driver/Src/stm32f1xx_hal_pcd.c ****     }
 3341              		.loc 1 1396 7 view .LVU1090
1396:Drivers/STM32F1xx_HAL_Driver/Src/stm32f1xx_hal_pcd.c ****     }
 3342              		.loc 1 1396 21 is_stmt 0 view .LVU1091
 3343 00e6 2268     		ldr	r2, [r4]
 3344 00e8 32F82310 		ldrh	r1, [r2, r3, lsl #2]
1396:Drivers/STM32F1xx_HAL_Driver/Src/stm32f1xx_hal_pcd.c ****     }
 3345              		.loc 1 1396 19 view .LVU1092
 3346 00ec 04AA     		add	r2, sp, #16
 3347 00ee 02EB4302 		add	r2, r2, r3, lsl #1
 3348 00f2 22F8101C 		strh	r1, [r2, #-16]	@ movhi
1394:Drivers/STM32F1xx_HAL_Driver/Src/stm32f1xx_hal_pcd.c ****     {
 3349              		.loc 1 1394 27 is_stmt 1 discriminator 3 view .LVU1093
 3350 00f6 0133     		adds	r3, r3, #1
 3351              	.LVL329:
ARM GAS  C:\Users\crist\AppData\Local\Temp\ccYt1KLW.s 			page 123


1394:Drivers/STM32F1xx_HAL_Driver/Src/stm32f1xx_hal_pcd.c ****     {
 3352              		.loc 1 1394 27 is_stmt 0 discriminator 3 view .LVU1094
 3353 00f8 DBB2     		uxtb	r3, r3
 3354              	.LVL330:
 3355              	.L165:
1394:Drivers/STM32F1xx_HAL_Driver/Src/stm32f1xx_hal_pcd.c ****     {
 3356              		.loc 1 1394 20 is_stmt 1 discriminator 1 view .LVU1095
 3357 00fa 072B     		cmp	r3, #7
 3358 00fc F3D9     		bls	.L167
1400:Drivers/STM32F1xx_HAL_Driver/Src/stm32f1xx_hal_pcd.c **** 
 3359              		.loc 1 1400 5 view .LVU1096
1400:Drivers/STM32F1xx_HAL_Driver/Src/stm32f1xx_hal_pcd.c **** 
 3360              		.loc 1 1400 9 is_stmt 0 view .LVU1097
 3361 00fe 2268     		ldr	r2, [r4]
1400:Drivers/STM32F1xx_HAL_Driver/Src/stm32f1xx_hal_pcd.c **** 
 3362              		.loc 1 1400 19 view .LVU1098
 3363 0100 B2F84030 		ldrh	r3, [r2, #64]
 3364              	.LVL331:
1400:Drivers/STM32F1xx_HAL_Driver/Src/stm32f1xx_hal_pcd.c **** 
 3365              		.loc 1 1400 19 view .LVU1099
 3366 0104 9BB2     		uxth	r3, r3
1400:Drivers/STM32F1xx_HAL_Driver/Src/stm32f1xx_hal_pcd.c **** 
 3367              		.loc 1 1400 26 view .LVU1100
 3368 0106 43F00103 		orr	r3, r3, #1
 3369 010a A2F84030 		strh	r3, [r2, #64]	@ movhi
1403:Drivers/STM32F1xx_HAL_Driver/Src/stm32f1xx_hal_pcd.c **** 
 3370              		.loc 1 1403 5 is_stmt 1 view .LVU1101
1403:Drivers/STM32F1xx_HAL_Driver/Src/stm32f1xx_hal_pcd.c **** 
 3371              		.loc 1 1403 9 is_stmt 0 view .LVU1102
 3372 010e 2268     		ldr	r2, [r4]
1403:Drivers/STM32F1xx_HAL_Driver/Src/stm32f1xx_hal_pcd.c **** 
 3373              		.loc 1 1403 19 view .LVU1103
 3374 0110 B2F84030 		ldrh	r3, [r2, #64]
 3375 0114 9BB2     		uxth	r3, r3
1403:Drivers/STM32F1xx_HAL_Driver/Src/stm32f1xx_hal_pcd.c **** 
 3376              		.loc 1 1403 26 view .LVU1104
 3377 0116 23F00103 		bic	r3, r3, #1
 3378 011a 9BB2     		uxth	r3, r3
 3379 011c A2F84030 		strh	r3, [r2, #64]	@ movhi
1406:Drivers/STM32F1xx_HAL_Driver/Src/stm32f1xx_hal_pcd.c ****     {
 3380              		.loc 1 1406 5 is_stmt 1 view .LVU1105
 3381              	.L168:
1408:Drivers/STM32F1xx_HAL_Driver/Src/stm32f1xx_hal_pcd.c **** 
 3382              		.loc 1 1408 5 view .LVU1106
1406:Drivers/STM32F1xx_HAL_Driver/Src/stm32f1xx_hal_pcd.c ****     {
 3383              		.loc 1 1406 52 discriminator 1 view .LVU1107
1406:Drivers/STM32F1xx_HAL_Driver/Src/stm32f1xx_hal_pcd.c ****     {
 3384              		.loc 1 1406 17 is_stmt 0 discriminator 1 view .LVU1108
 3385 0120 2368     		ldr	r3, [r4]
1406:Drivers/STM32F1xx_HAL_Driver/Src/stm32f1xx_hal_pcd.c ****     {
 3386              		.loc 1 1406 27 discriminator 1 view .LVU1109
 3387 0122 B3F84420 		ldrh	r2, [r3, #68]
1406:Drivers/STM32F1xx_HAL_Driver/Src/stm32f1xx_hal_pcd.c ****     {
 3388              		.loc 1 1406 52 discriminator 1 view .LVU1110
 3389 0126 12F4806F 		tst	r2, #1024
 3390 012a F9D0     		beq	.L168
1411:Drivers/STM32F1xx_HAL_Driver/Src/stm32f1xx_hal_pcd.c **** 
ARM GAS  C:\Users\crist\AppData\Local\Temp\ccYt1KLW.s 			page 124


 3391              		.loc 1 1411 5 is_stmt 1 view .LVU1111
 3392 012c B3F84420 		ldrh	r2, [r3, #68]
 3393 0130 92B2     		uxth	r2, r2
 3394 0132 22F48062 		bic	r2, r2, #1024
 3395 0136 92B2     		uxth	r2, r2
 3396 0138 A3F84420 		strh	r2, [r3, #68]	@ movhi
1414:Drivers/STM32F1xx_HAL_Driver/Src/stm32f1xx_hal_pcd.c ****     {
 3397              		.loc 1 1414 5 view .LVU1112
 3398              	.LVL332:
1414:Drivers/STM32F1xx_HAL_Driver/Src/stm32f1xx_hal_pcd.c ****     {
 3399              		.loc 1 1414 12 is_stmt 0 view .LVU1113
 3400 013c 0023     		movs	r3, #0
1414:Drivers/STM32F1xx_HAL_Driver/Src/stm32f1xx_hal_pcd.c ****     {
 3401              		.loc 1 1414 5 view .LVU1114
 3402 013e 0BE0     		b	.L169
 3403              	.LVL333:
 3404              	.L182:
1394:Drivers/STM32F1xx_HAL_Driver/Src/stm32f1xx_hal_pcd.c ****     {
 3405              		.loc 1 1394 12 view .LVU1115
 3406 0140 0023     		movs	r3, #0
 3407 0142 DAE7     		b	.L165
 3408              	.LVL334:
 3409              	.L170:
1416:Drivers/STM32F1xx_HAL_Driver/Src/stm32f1xx_hal_pcd.c ****     }
 3410              		.loc 1 1416 7 is_stmt 1 view .LVU1116
 3411 0144 2268     		ldr	r2, [r4]
 3412 0146 04A9     		add	r1, sp, #16
 3413 0148 01EB4301 		add	r1, r1, r3, lsl #1
 3414 014c 31F8101C 		ldrh	r1, [r1, #-16]
 3415 0150 22F82310 		strh	r1, [r2, r3, lsl #2]	@ movhi
1414:Drivers/STM32F1xx_HAL_Driver/Src/stm32f1xx_hal_pcd.c ****     {
 3416              		.loc 1 1414 27 discriminator 3 view .LVU1117
 3417 0154 0133     		adds	r3, r3, #1
 3418              	.LVL335:
1414:Drivers/STM32F1xx_HAL_Driver/Src/stm32f1xx_hal_pcd.c ****     {
 3419              		.loc 1 1414 27 is_stmt 0 discriminator 3 view .LVU1118
 3420 0156 DBB2     		uxtb	r3, r3
 3421              	.LVL336:
 3422              	.L169:
1414:Drivers/STM32F1xx_HAL_Driver/Src/stm32f1xx_hal_pcd.c ****     {
 3423              		.loc 1 1414 20 is_stmt 1 discriminator 1 view .LVU1119
 3424 0158 072B     		cmp	r3, #7
 3425 015a F3D9     		bls	.L170
1420:Drivers/STM32F1xx_HAL_Driver/Src/stm32f1xx_hal_pcd.c **** 
 3426              		.loc 1 1420 5 view .LVU1120
1420:Drivers/STM32F1xx_HAL_Driver/Src/stm32f1xx_hal_pcd.c **** 
 3427              		.loc 1 1420 9 is_stmt 0 view .LVU1121
 3428 015c 2268     		ldr	r2, [r4]
1420:Drivers/STM32F1xx_HAL_Driver/Src/stm32f1xx_hal_pcd.c **** 
 3429              		.loc 1 1420 19 view .LVU1122
 3430 015e B2F84030 		ldrh	r3, [r2, #64]
 3431              	.LVL337:
1420:Drivers/STM32F1xx_HAL_Driver/Src/stm32f1xx_hal_pcd.c **** 
 3432              		.loc 1 1420 19 view .LVU1123
 3433 0162 9BB2     		uxth	r3, r3
1420:Drivers/STM32F1xx_HAL_Driver/Src/stm32f1xx_hal_pcd.c **** 
 3434              		.loc 1 1420 26 view .LVU1124
ARM GAS  C:\Users\crist\AppData\Local\Temp\ccYt1KLW.s 			page 125


 3435 0164 43F00803 		orr	r3, r3, #8
 3436 0168 A2F84030 		strh	r3, [r2, #64]	@ movhi
1423:Drivers/STM32F1xx_HAL_Driver/Src/stm32f1xx_hal_pcd.c **** 
 3437              		.loc 1 1423 5 is_stmt 1 view .LVU1125
 3438 016c 2268     		ldr	r2, [r4]
 3439 016e B2F84430 		ldrh	r3, [r2, #68]
 3440 0172 9BB2     		uxth	r3, r3
 3441 0174 23F40063 		bic	r3, r3, #2048
 3442 0178 9BB2     		uxth	r3, r3
 3443 017a A2F84430 		strh	r3, [r2, #68]	@ movhi
1425:Drivers/STM32F1xx_HAL_Driver/Src/stm32f1xx_hal_pcd.c **** 
 3444              		.loc 1 1425 5 view .LVU1126
1425:Drivers/STM32F1xx_HAL_Driver/Src/stm32f1xx_hal_pcd.c **** 
 3445              		.loc 1 1425 9 is_stmt 0 view .LVU1127
 3446 017e 2268     		ldr	r2, [r4]
1425:Drivers/STM32F1xx_HAL_Driver/Src/stm32f1xx_hal_pcd.c **** 
 3447              		.loc 1 1425 19 view .LVU1128
 3448 0180 B2F84030 		ldrh	r3, [r2, #64]
 3449 0184 9BB2     		uxth	r3, r3
1425:Drivers/STM32F1xx_HAL_Driver/Src/stm32f1xx_hal_pcd.c **** 
 3450              		.loc 1 1425 26 view .LVU1129
 3451 0186 43F00403 		orr	r3, r3, #4
 3452 018a A2F84030 		strh	r3, [r2, #64]	@ movhi
1430:Drivers/STM32F1xx_HAL_Driver/Src/stm32f1xx_hal_pcd.c **** #endif /* USE_HAL_PCD_REGISTER_CALLBACKS */
 3453              		.loc 1 1430 5 is_stmt 1 view .LVU1130
 3454 018e 2046     		mov	r0, r4
 3455              	.LVL338:
1430:Drivers/STM32F1xx_HAL_Driver/Src/stm32f1xx_hal_pcd.c **** #endif /* USE_HAL_PCD_REGISTER_CALLBACKS */
 3456              		.loc 1 1430 5 is_stmt 0 view .LVU1131
 3457 0190 FFF7FEFF 		bl	HAL_PCD_SuspendCallback
 3458              	.LVL339:
1433:Drivers/STM32F1xx_HAL_Driver/Src/stm32f1xx_hal_pcd.c ****   }
 3459              		.loc 1 1433 5 is_stmt 1 view .LVU1132
 3460 0194 7CE7     		b	.L158
 3461              	.LVL340:
 3462              	.L183:
1438:Drivers/STM32F1xx_HAL_Driver/Src/stm32f1xx_hal_pcd.c **** 
 3463              		.loc 1 1438 5 view .LVU1133
 3464 0196 2268     		ldr	r2, [r4]
 3465 0198 B2F84430 		ldrh	r3, [r2, #68]
 3466 019c 9BB2     		uxth	r3, r3
 3467 019e 23F40073 		bic	r3, r3, #512
 3468 01a2 9BB2     		uxth	r3, r3
 3469 01a4 A2F84430 		strh	r3, [r2, #68]	@ movhi
1443:Drivers/STM32F1xx_HAL_Driver/Src/stm32f1xx_hal_pcd.c **** #endif /* USE_HAL_PCD_REGISTER_CALLBACKS */
 3470              		.loc 1 1443 5 view .LVU1134
 3471 01a8 2046     		mov	r0, r4
 3472              	.LVL341:
1443:Drivers/STM32F1xx_HAL_Driver/Src/stm32f1xx_hal_pcd.c **** #endif /* USE_HAL_PCD_REGISTER_CALLBACKS */
 3473              		.loc 1 1443 5 is_stmt 0 view .LVU1135
 3474 01aa FFF7FEFF 		bl	HAL_PCD_SOFCallback
 3475              	.LVL342:
1446:Drivers/STM32F1xx_HAL_Driver/Src/stm32f1xx_hal_pcd.c ****   }
 3476              		.loc 1 1446 5 is_stmt 1 view .LVU1136
 3477 01ae 6FE7     		b	.L158
 3478              		.cfi_endproc
 3479              	.LFE71:
ARM GAS  C:\Users\crist\AppData\Local\Temp\ccYt1KLW.s 			page 126


 3481              		.section	.text.HAL_PCD_EP_Open,"ax",%progbits
 3482              		.align	1
 3483              		.global	HAL_PCD_EP_Open
 3484              		.syntax unified
 3485              		.thumb
 3486              		.thumb_func
 3488              	HAL_PCD_EP_Open:
 3489              	.LVL343:
 3490              	.LFB87:
1725:Drivers/STM32F1xx_HAL_Driver/Src/stm32f1xx_hal_pcd.c ****   HAL_StatusTypeDef  ret = HAL_OK;
 3491              		.loc 1 1725 1 view -0
 3492              		.cfi_startproc
 3493              		@ args = 0, pretend = 0, frame = 0
 3494              		@ frame_needed = 0, uses_anonymous_args = 0
1725:Drivers/STM32F1xx_HAL_Driver/Src/stm32f1xx_hal_pcd.c ****   HAL_StatusTypeDef  ret = HAL_OK;
 3495              		.loc 1 1725 1 is_stmt 0 view .LVU1138
 3496 0000 10B5     		push	{r4, lr}
 3497              	.LCFI21:
 3498              		.cfi_def_cfa_offset 8
 3499              		.cfi_offset 4, -8
 3500              		.cfi_offset 14, -4
 3501 0002 0446     		mov	r4, r0
 3502 0004 0846     		mov	r0, r1
 3503              	.LVL344:
1726:Drivers/STM32F1xx_HAL_Driver/Src/stm32f1xx_hal_pcd.c ****   PCD_EPTypeDef *ep;
 3504              		.loc 1 1726 3 is_stmt 1 view .LVU1139
1727:Drivers/STM32F1xx_HAL_Driver/Src/stm32f1xx_hal_pcd.c **** 
 3505              		.loc 1 1727 3 view .LVU1140
1729:Drivers/STM32F1xx_HAL_Driver/Src/stm32f1xx_hal_pcd.c ****   {
 3506              		.loc 1 1729 3 view .LVU1141
1729:Drivers/STM32F1xx_HAL_Driver/Src/stm32f1xx_hal_pcd.c ****   {
 3507              		.loc 1 1729 6 is_stmt 0 view .LVU1142
 3508 0006 11F0800F 		tst	r1, #128
 3509 000a 25D1     		bne	.L191
1736:Drivers/STM32F1xx_HAL_Driver/Src/stm32f1xx_hal_pcd.c ****     ep->is_in = 0U;
 3510              		.loc 1 1736 5 is_stmt 1 view .LVU1143
1736:Drivers/STM32F1xx_HAL_Driver/Src/stm32f1xx_hal_pcd.c ****     ep->is_in = 0U;
 3511              		.loc 1 1736 32 is_stmt 0 view .LVU1144
 3512 000c 01F0070C 		and	ip, r1, #7
1736:Drivers/STM32F1xx_HAL_Driver/Src/stm32f1xx_hal_pcd.c ****     ep->is_in = 0U;
 3513              		.loc 1 1736 8 view .LVU1145
 3514 0010 0CEB8C01 		add	r1, ip, ip, lsl #2
 3515              	.LVL345:
1736:Drivers/STM32F1xx_HAL_Driver/Src/stm32f1xx_hal_pcd.c ****     ep->is_in = 0U;
 3516              		.loc 1 1736 8 view .LVU1146
 3517 0014 C900     		lsls	r1, r1, #3
 3518 0016 01F5B47E 		add	lr, r1, #360
 3519 001a 04EB0E01 		add	r1, r4, lr
 3520              	.LVL346:
1737:Drivers/STM32F1xx_HAL_Driver/Src/stm32f1xx_hal_pcd.c ****   }
 3521              		.loc 1 1737 5 is_stmt 1 view .LVU1147
1737:Drivers/STM32F1xx_HAL_Driver/Src/stm32f1xx_hal_pcd.c ****   }
 3522              		.loc 1 1737 15 is_stmt 0 view .LVU1148
 3523 001e 0CEB8C0C 		add	ip, ip, ip, lsl #2
 3524 0022 04EBCC0C 		add	ip, r4, ip, lsl #3
 3525 0026 4FF0000E 		mov	lr, #0
 3526 002a 8CF869E1 		strb	lr, [ip, #361]
ARM GAS  C:\Users\crist\AppData\Local\Temp\ccYt1KLW.s 			page 127


 3527              	.L186:
1740:Drivers/STM32F1xx_HAL_Driver/Src/stm32f1xx_hal_pcd.c ****   ep->maxpacket = ep_mps;
 3528              		.loc 1 1740 3 is_stmt 1 view .LVU1149
1740:Drivers/STM32F1xx_HAL_Driver/Src/stm32f1xx_hal_pcd.c ****   ep->maxpacket = ep_mps;
 3529              		.loc 1 1740 21 is_stmt 0 view .LVU1150
 3530 002e 00F00700 		and	r0, r0, #7
 3531              	.LVL347:
1740:Drivers/STM32F1xx_HAL_Driver/Src/stm32f1xx_hal_pcd.c ****   ep->maxpacket = ep_mps;
 3532              		.loc 1 1740 11 view .LVU1151
 3533 0032 0870     		strb	r0, [r1]
1741:Drivers/STM32F1xx_HAL_Driver/Src/stm32f1xx_hal_pcd.c ****   ep->type = ep_type;
 3534              		.loc 1 1741 3 is_stmt 1 view .LVU1152
1741:Drivers/STM32F1xx_HAL_Driver/Src/stm32f1xx_hal_pcd.c ****   ep->type = ep_type;
 3535              		.loc 1 1741 17 is_stmt 0 view .LVU1153
 3536 0034 0A61     		str	r2, [r1, #16]
1742:Drivers/STM32F1xx_HAL_Driver/Src/stm32f1xx_hal_pcd.c **** 
 3537              		.loc 1 1742 3 is_stmt 1 view .LVU1154
1742:Drivers/STM32F1xx_HAL_Driver/Src/stm32f1xx_hal_pcd.c **** 
 3538              		.loc 1 1742 12 is_stmt 0 view .LVU1155
 3539 0036 CB70     		strb	r3, [r1, #3]
1753:Drivers/STM32F1xx_HAL_Driver/Src/stm32f1xx_hal_pcd.c ****   {
 3540              		.loc 1 1753 3 is_stmt 1 view .LVU1156
1753:Drivers/STM32F1xx_HAL_Driver/Src/stm32f1xx_hal_pcd.c ****   {
 3541              		.loc 1 1753 6 is_stmt 0 view .LVU1157
 3542 0038 022B     		cmp	r3, #2
 3543 003a 1AD0     		beq	.L192
 3544              	.LVL348:
 3545              	.L187:
1758:Drivers/STM32F1xx_HAL_Driver/Src/stm32f1xx_hal_pcd.c ****   (void)USB_ActivateEndpoint(hpcd->Instance, ep);
 3546              		.loc 1 1758 3 is_stmt 1 view .LVU1158
1758:Drivers/STM32F1xx_HAL_Driver/Src/stm32f1xx_hal_pcd.c ****   (void)USB_ActivateEndpoint(hpcd->Instance, ep);
 3547              		.loc 1 1758 3 view .LVU1159
 3548 003c 94F8A832 		ldrb	r3, [r4, #680]	@ zero_extendqisi2
 3549 0040 012B     		cmp	r3, #1
 3550 0042 19D0     		beq	.L189
1758:Drivers/STM32F1xx_HAL_Driver/Src/stm32f1xx_hal_pcd.c ****   (void)USB_ActivateEndpoint(hpcd->Instance, ep);
 3551              		.loc 1 1758 3 discriminator 2 view .LVU1160
 3552 0044 0123     		movs	r3, #1
 3553 0046 84F8A832 		strb	r3, [r4, #680]
 3554              	.LVL349:
1758:Drivers/STM32F1xx_HAL_Driver/Src/stm32f1xx_hal_pcd.c ****   (void)USB_ActivateEndpoint(hpcd->Instance, ep);
 3555              		.loc 1 1758 3 view .LVU1161
1759:Drivers/STM32F1xx_HAL_Driver/Src/stm32f1xx_hal_pcd.c ****   __HAL_UNLOCK(hpcd);
 3556              		.loc 1 1759 3 view .LVU1162
1759:Drivers/STM32F1xx_HAL_Driver/Src/stm32f1xx_hal_pcd.c ****   __HAL_UNLOCK(hpcd);
 3557              		.loc 1 1759 9 is_stmt 0 view .LVU1163
 3558 004a 2068     		ldr	r0, [r4]
 3559 004c FFF7FEFF 		bl	USB_ActivateEndpoint
 3560              	.LVL350:
1760:Drivers/STM32F1xx_HAL_Driver/Src/stm32f1xx_hal_pcd.c **** 
 3561              		.loc 1 1760 3 is_stmt 1 view .LVU1164
1760:Drivers/STM32F1xx_HAL_Driver/Src/stm32f1xx_hal_pcd.c **** 
 3562              		.loc 1 1760 3 view .LVU1165
 3563 0050 0020     		movs	r0, #0
 3564 0052 84F8A802 		strb	r0, [r4, #680]
1760:Drivers/STM32F1xx_HAL_Driver/Src/stm32f1xx_hal_pcd.c **** 
 3565              		.loc 1 1760 3 view .LVU1166
ARM GAS  C:\Users\crist\AppData\Local\Temp\ccYt1KLW.s 			page 128


1762:Drivers/STM32F1xx_HAL_Driver/Src/stm32f1xx_hal_pcd.c **** }
 3566              		.loc 1 1762 3 view .LVU1167
 3567              	.L188:
1763:Drivers/STM32F1xx_HAL_Driver/Src/stm32f1xx_hal_pcd.c **** 
 3568              		.loc 1 1763 1 is_stmt 0 view .LVU1168
 3569 0056 10BD     		pop	{r4, pc}
 3570              	.LVL351:
 3571              	.L191:
1731:Drivers/STM32F1xx_HAL_Driver/Src/stm32f1xx_hal_pcd.c ****     ep->is_in = 1U;
 3572              		.loc 1 1731 5 is_stmt 1 view .LVU1169
1731:Drivers/STM32F1xx_HAL_Driver/Src/stm32f1xx_hal_pcd.c ****     ep->is_in = 1U;
 3573              		.loc 1 1731 31 is_stmt 0 view .LVU1170
 3574 0058 01F0070C 		and	ip, r1, #7
1731:Drivers/STM32F1xx_HAL_Driver/Src/stm32f1xx_hal_pcd.c ****     ep->is_in = 1U;
 3575              		.loc 1 1731 8 view .LVU1171
 3576 005c 0CF1010C 		add	ip, ip, #1
 3577 0060 0CEB8C01 		add	r1, ip, ip, lsl #2
 3578              	.LVL352:
1731:Drivers/STM32F1xx_HAL_Driver/Src/stm32f1xx_hal_pcd.c ****     ep->is_in = 1U;
 3579              		.loc 1 1731 8 view .LVU1172
 3580 0064 04EBC101 		add	r1, r4, r1, lsl #3
 3581              	.LVL353:
1732:Drivers/STM32F1xx_HAL_Driver/Src/stm32f1xx_hal_pcd.c ****   }
 3582              		.loc 1 1732 5 is_stmt 1 view .LVU1173
1732:Drivers/STM32F1xx_HAL_Driver/Src/stm32f1xx_hal_pcd.c ****   }
 3583              		.loc 1 1732 15 is_stmt 0 view .LVU1174
 3584 0068 4FF0010E 		mov	lr, #1
 3585 006c 81F801E0 		strb	lr, [r1, #1]
 3586 0070 DDE7     		b	.L186
 3587              	.LVL354:
 3588              	.L192:
1755:Drivers/STM32F1xx_HAL_Driver/Src/stm32f1xx_hal_pcd.c ****   }
 3589              		.loc 1 1755 5 is_stmt 1 view .LVU1175
1755:Drivers/STM32F1xx_HAL_Driver/Src/stm32f1xx_hal_pcd.c ****   }
 3590              		.loc 1 1755 24 is_stmt 0 view .LVU1176
 3591 0072 0023     		movs	r3, #0
 3592              	.LVL355:
1755:Drivers/STM32F1xx_HAL_Driver/Src/stm32f1xx_hal_pcd.c ****   }
 3593              		.loc 1 1755 24 view .LVU1177
 3594 0074 0B71     		strb	r3, [r1, #4]
 3595 0076 E1E7     		b	.L187
 3596              	.L189:
1758:Drivers/STM32F1xx_HAL_Driver/Src/stm32f1xx_hal_pcd.c ****   (void)USB_ActivateEndpoint(hpcd->Instance, ep);
 3597              		.loc 1 1758 3 discriminator 1 view .LVU1178
 3598 0078 0220     		movs	r0, #2
 3599 007a ECE7     		b	.L188
 3600              		.cfi_endproc
 3601              	.LFE87:
 3603              		.section	.text.HAL_PCD_EP_Close,"ax",%progbits
 3604              		.align	1
 3605              		.global	HAL_PCD_EP_Close
 3606              		.syntax unified
 3607              		.thumb
 3608              		.thumb_func
 3610              	HAL_PCD_EP_Close:
 3611              	.LVL356:
 3612              	.LFB88:
ARM GAS  C:\Users\crist\AppData\Local\Temp\ccYt1KLW.s 			page 129


1772:Drivers/STM32F1xx_HAL_Driver/Src/stm32f1xx_hal_pcd.c ****   PCD_EPTypeDef *ep;
 3613              		.loc 1 1772 1 is_stmt 1 view -0
 3614              		.cfi_startproc
 3615              		@ args = 0, pretend = 0, frame = 0
 3616              		@ frame_needed = 0, uses_anonymous_args = 0
1772:Drivers/STM32F1xx_HAL_Driver/Src/stm32f1xx_hal_pcd.c ****   PCD_EPTypeDef *ep;
 3617              		.loc 1 1772 1 is_stmt 0 view .LVU1180
 3618 0000 10B5     		push	{r4, lr}
 3619              	.LCFI22:
 3620              		.cfi_def_cfa_offset 8
 3621              		.cfi_offset 4, -8
 3622              		.cfi_offset 14, -4
 3623 0002 0446     		mov	r4, r0
 3624 0004 0B46     		mov	r3, r1
1773:Drivers/STM32F1xx_HAL_Driver/Src/stm32f1xx_hal_pcd.c **** 
 3625              		.loc 1 1773 3 is_stmt 1 view .LVU1181
1775:Drivers/STM32F1xx_HAL_Driver/Src/stm32f1xx_hal_pcd.c ****   {
 3626              		.loc 1 1775 3 view .LVU1182
1775:Drivers/STM32F1xx_HAL_Driver/Src/stm32f1xx_hal_pcd.c ****   {
 3627              		.loc 1 1775 6 is_stmt 0 view .LVU1183
 3628 0006 11F0800F 		tst	r1, #128
 3629 000a 1FD1     		bne	.L199
1782:Drivers/STM32F1xx_HAL_Driver/Src/stm32f1xx_hal_pcd.c ****     ep->is_in = 0U;
 3630              		.loc 1 1782 5 is_stmt 1 view .LVU1184
1782:Drivers/STM32F1xx_HAL_Driver/Src/stm32f1xx_hal_pcd.c ****     ep->is_in = 0U;
 3631              		.loc 1 1782 32 is_stmt 0 view .LVU1185
 3632 000c 01F00702 		and	r2, r1, #7
1782:Drivers/STM32F1xx_HAL_Driver/Src/stm32f1xx_hal_pcd.c ****     ep->is_in = 0U;
 3633              		.loc 1 1782 8 view .LVU1186
 3634 0010 02EB8201 		add	r1, r2, r2, lsl #2
 3635              	.LVL357:
1782:Drivers/STM32F1xx_HAL_Driver/Src/stm32f1xx_hal_pcd.c ****     ep->is_in = 0U;
 3636              		.loc 1 1782 8 view .LVU1187
 3637 0014 C900     		lsls	r1, r1, #3
 3638 0016 01F5B471 		add	r1, r1, #360
 3639 001a 0144     		add	r1, r1, r0
 3640              	.LVL358:
1783:Drivers/STM32F1xx_HAL_Driver/Src/stm32f1xx_hal_pcd.c ****   }
 3641              		.loc 1 1783 5 is_stmt 1 view .LVU1188
1783:Drivers/STM32F1xx_HAL_Driver/Src/stm32f1xx_hal_pcd.c ****   }
 3642              		.loc 1 1783 15 is_stmt 0 view .LVU1189
 3643 001c 02EB8202 		add	r2, r2, r2, lsl #2
 3644 0020 00EBC202 		add	r2, r0, r2, lsl #3
 3645 0024 0020     		movs	r0, #0
 3646              	.LVL359:
1783:Drivers/STM32F1xx_HAL_Driver/Src/stm32f1xx_hal_pcd.c ****   }
 3647              		.loc 1 1783 15 view .LVU1190
 3648 0026 82F86901 		strb	r0, [r2, #361]
 3649              	.L195:
1785:Drivers/STM32F1xx_HAL_Driver/Src/stm32f1xx_hal_pcd.c **** 
 3650              		.loc 1 1785 3 is_stmt 1 view .LVU1191
1785:Drivers/STM32F1xx_HAL_Driver/Src/stm32f1xx_hal_pcd.c **** 
 3651              		.loc 1 1785 21 is_stmt 0 view .LVU1192
 3652 002a 03F00703 		and	r3, r3, #7
 3653              	.LVL360:
1785:Drivers/STM32F1xx_HAL_Driver/Src/stm32f1xx_hal_pcd.c **** 
 3654              		.loc 1 1785 11 view .LVU1193
ARM GAS  C:\Users\crist\AppData\Local\Temp\ccYt1KLW.s 			page 130


 3655 002e 0B70     		strb	r3, [r1]
1787:Drivers/STM32F1xx_HAL_Driver/Src/stm32f1xx_hal_pcd.c ****   (void)USB_DeactivateEndpoint(hpcd->Instance, ep);
 3656              		.loc 1 1787 3 is_stmt 1 view .LVU1194
1787:Drivers/STM32F1xx_HAL_Driver/Src/stm32f1xx_hal_pcd.c ****   (void)USB_DeactivateEndpoint(hpcd->Instance, ep);
 3657              		.loc 1 1787 3 view .LVU1195
 3658 0030 94F8A832 		ldrb	r3, [r4, #680]	@ zero_extendqisi2
 3659 0034 012B     		cmp	r3, #1
 3660 0036 13D0     		beq	.L197
1787:Drivers/STM32F1xx_HAL_Driver/Src/stm32f1xx_hal_pcd.c ****   (void)USB_DeactivateEndpoint(hpcd->Instance, ep);
 3661              		.loc 1 1787 3 discriminator 2 view .LVU1196
 3662 0038 0123     		movs	r3, #1
 3663 003a 84F8A832 		strb	r3, [r4, #680]
1787:Drivers/STM32F1xx_HAL_Driver/Src/stm32f1xx_hal_pcd.c ****   (void)USB_DeactivateEndpoint(hpcd->Instance, ep);
 3664              		.loc 1 1787 3 view .LVU1197
1788:Drivers/STM32F1xx_HAL_Driver/Src/stm32f1xx_hal_pcd.c ****   __HAL_UNLOCK(hpcd);
 3665              		.loc 1 1788 3 view .LVU1198
1788:Drivers/STM32F1xx_HAL_Driver/Src/stm32f1xx_hal_pcd.c ****   __HAL_UNLOCK(hpcd);
 3666              		.loc 1 1788 9 is_stmt 0 view .LVU1199
 3667 003e 2068     		ldr	r0, [r4]
 3668 0040 FFF7FEFF 		bl	USB_DeactivateEndpoint
 3669              	.LVL361:
1789:Drivers/STM32F1xx_HAL_Driver/Src/stm32f1xx_hal_pcd.c ****   return HAL_OK;
 3670              		.loc 1 1789 3 is_stmt 1 view .LVU1200
1789:Drivers/STM32F1xx_HAL_Driver/Src/stm32f1xx_hal_pcd.c ****   return HAL_OK;
 3671              		.loc 1 1789 3 view .LVU1201
 3672 0044 0020     		movs	r0, #0
 3673 0046 84F8A802 		strb	r0, [r4, #680]
1789:Drivers/STM32F1xx_HAL_Driver/Src/stm32f1xx_hal_pcd.c ****   return HAL_OK;
 3674              		.loc 1 1789 3 view .LVU1202
1790:Drivers/STM32F1xx_HAL_Driver/Src/stm32f1xx_hal_pcd.c **** }
 3675              		.loc 1 1790 3 view .LVU1203
 3676              	.L196:
1791:Drivers/STM32F1xx_HAL_Driver/Src/stm32f1xx_hal_pcd.c **** 
 3677              		.loc 1 1791 1 is_stmt 0 view .LVU1204
 3678 004a 10BD     		pop	{r4, pc}
 3679              	.LVL362:
 3680              	.L199:
1777:Drivers/STM32F1xx_HAL_Driver/Src/stm32f1xx_hal_pcd.c ****     ep->is_in = 1U;
 3681              		.loc 1 1777 5 is_stmt 1 view .LVU1205
1777:Drivers/STM32F1xx_HAL_Driver/Src/stm32f1xx_hal_pcd.c ****     ep->is_in = 1U;
 3682              		.loc 1 1777 31 is_stmt 0 view .LVU1206
 3683 004c 01F00702 		and	r2, r1, #7
1777:Drivers/STM32F1xx_HAL_Driver/Src/stm32f1xx_hal_pcd.c ****     ep->is_in = 1U;
 3684              		.loc 1 1777 8 view .LVU1207
 3685 0050 0132     		adds	r2, r2, #1
 3686 0052 02EB8201 		add	r1, r2, r2, lsl #2
 3687              	.LVL363:
1777:Drivers/STM32F1xx_HAL_Driver/Src/stm32f1xx_hal_pcd.c ****     ep->is_in = 1U;
 3688              		.loc 1 1777 8 view .LVU1208
 3689 0056 00EBC101 		add	r1, r0, r1, lsl #3
 3690              	.LVL364:
1778:Drivers/STM32F1xx_HAL_Driver/Src/stm32f1xx_hal_pcd.c ****   }
 3691              		.loc 1 1778 5 is_stmt 1 view .LVU1209
1778:Drivers/STM32F1xx_HAL_Driver/Src/stm32f1xx_hal_pcd.c ****   }
 3692              		.loc 1 1778 15 is_stmt 0 view .LVU1210
 3693 005a 0120     		movs	r0, #1
 3694              	.LVL365:
ARM GAS  C:\Users\crist\AppData\Local\Temp\ccYt1KLW.s 			page 131


1778:Drivers/STM32F1xx_HAL_Driver/Src/stm32f1xx_hal_pcd.c ****   }
 3695              		.loc 1 1778 15 view .LVU1211
 3696 005c 4870     		strb	r0, [r1, #1]
 3697 005e E4E7     		b	.L195
 3698              	.LVL366:
 3699              	.L197:
1787:Drivers/STM32F1xx_HAL_Driver/Src/stm32f1xx_hal_pcd.c ****   (void)USB_DeactivateEndpoint(hpcd->Instance, ep);
 3700              		.loc 1 1787 3 discriminator 1 view .LVU1212
 3701 0060 0220     		movs	r0, #2
 3702 0062 F2E7     		b	.L196
 3703              		.cfi_endproc
 3704              	.LFE88:
 3706              		.section	.text.HAL_PCD_EP_Receive,"ax",%progbits
 3707              		.align	1
 3708              		.global	HAL_PCD_EP_Receive
 3709              		.syntax unified
 3710              		.thumb
 3711              		.thumb_func
 3713              	HAL_PCD_EP_Receive:
 3714              	.LVL367:
 3715              	.LFB89:
1803:Drivers/STM32F1xx_HAL_Driver/Src/stm32f1xx_hal_pcd.c ****   PCD_EPTypeDef *ep;
 3716              		.loc 1 1803 1 is_stmt 1 view -0
 3717              		.cfi_startproc
 3718              		@ args = 0, pretend = 0, frame = 0
 3719              		@ frame_needed = 0, uses_anonymous_args = 0
1803:Drivers/STM32F1xx_HAL_Driver/Src/stm32f1xx_hal_pcd.c ****   PCD_EPTypeDef *ep;
 3720              		.loc 1 1803 1 is_stmt 0 view .LVU1214
 3721 0000 10B5     		push	{r4, lr}
 3722              	.LCFI23:
 3723              		.cfi_def_cfa_offset 8
 3724              		.cfi_offset 4, -8
 3725              		.cfi_offset 14, -4
1804:Drivers/STM32F1xx_HAL_Driver/Src/stm32f1xx_hal_pcd.c **** 
 3726              		.loc 1 1804 3 is_stmt 1 view .LVU1215
1806:Drivers/STM32F1xx_HAL_Driver/Src/stm32f1xx_hal_pcd.c **** 
 3727              		.loc 1 1806 3 view .LVU1216
 3728 0002 01F0070C 		and	ip, r1, #7
1806:Drivers/STM32F1xx_HAL_Driver/Src/stm32f1xx_hal_pcd.c **** 
 3729              		.loc 1 1806 6 is_stmt 0 view .LVU1217
 3730 0006 0CEB8C01 		add	r1, ip, ip, lsl #2
 3731              	.LVL368:
1806:Drivers/STM32F1xx_HAL_Driver/Src/stm32f1xx_hal_pcd.c **** 
 3732              		.loc 1 1806 6 view .LVU1218
 3733 000a C900     		lsls	r1, r1, #3
 3734 000c 01F5B471 		add	r1, r1, #360
 3735              	.LVL369:
1809:Drivers/STM32F1xx_HAL_Driver/Src/stm32f1xx_hal_pcd.c ****   ep->xfer_len = len;
 3736              		.loc 1 1809 3 is_stmt 1 view .LVU1219
1809:Drivers/STM32F1xx_HAL_Driver/Src/stm32f1xx_hal_pcd.c ****   ep->xfer_len = len;
 3737              		.loc 1 1809 17 is_stmt 0 view .LVU1220
 3738 0010 0CEB8C0E 		add	lr, ip, ip, lsl #2
 3739 0014 00EBCE0E 		add	lr, r0, lr, lsl #3
 3740 0018 CEF87C21 		str	r2, [lr, #380]
1810:Drivers/STM32F1xx_HAL_Driver/Src/stm32f1xx_hal_pcd.c ****   ep->xfer_count = 0U;
 3741              		.loc 1 1810 3 is_stmt 1 view .LVU1221
1810:Drivers/STM32F1xx_HAL_Driver/Src/stm32f1xx_hal_pcd.c ****   ep->xfer_count = 0U;
ARM GAS  C:\Users\crist\AppData\Local\Temp\ccYt1KLW.s 			page 132


 3742              		.loc 1 1810 16 is_stmt 0 view .LVU1222
 3743 001c CEF88031 		str	r3, [lr, #384]
1811:Drivers/STM32F1xx_HAL_Driver/Src/stm32f1xx_hal_pcd.c ****   ep->is_in = 0U;
 3744              		.loc 1 1811 3 is_stmt 1 view .LVU1223
1811:Drivers/STM32F1xx_HAL_Driver/Src/stm32f1xx_hal_pcd.c ****   ep->is_in = 0U;
 3745              		.loc 1 1811 18 is_stmt 0 view .LVU1224
 3746 0020 0024     		movs	r4, #0
 3747 0022 CEF88441 		str	r4, [lr, #388]
1812:Drivers/STM32F1xx_HAL_Driver/Src/stm32f1xx_hal_pcd.c ****   ep->num = ep_addr & EP_ADDR_MSK;
 3748              		.loc 1 1812 3 is_stmt 1 view .LVU1225
1812:Drivers/STM32F1xx_HAL_Driver/Src/stm32f1xx_hal_pcd.c ****   ep->num = ep_addr & EP_ADDR_MSK;
 3749              		.loc 1 1812 13 is_stmt 0 view .LVU1226
 3750 0026 8EF86941 		strb	r4, [lr, #361]
1813:Drivers/STM32F1xx_HAL_Driver/Src/stm32f1xx_hal_pcd.c **** 
 3751              		.loc 1 1813 3 is_stmt 1 view .LVU1227
1813:Drivers/STM32F1xx_HAL_Driver/Src/stm32f1xx_hal_pcd.c **** 
 3752              		.loc 1 1813 11 is_stmt 0 view .LVU1228
 3753 002a 8EF868C1 		strb	ip, [lr, #360]
1815:Drivers/STM32F1xx_HAL_Driver/Src/stm32f1xx_hal_pcd.c **** 
 3754              		.loc 1 1815 3 is_stmt 1 view .LVU1229
1815:Drivers/STM32F1xx_HAL_Driver/Src/stm32f1xx_hal_pcd.c **** 
 3755              		.loc 1 1815 9 is_stmt 0 view .LVU1230
 3756 002e 0144     		add	r1, r1, r0
 3757              	.LVL370:
1815:Drivers/STM32F1xx_HAL_Driver/Src/stm32f1xx_hal_pcd.c **** 
 3758              		.loc 1 1815 9 view .LVU1231
 3759 0030 0068     		ldr	r0, [r0]
 3760              	.LVL371:
1815:Drivers/STM32F1xx_HAL_Driver/Src/stm32f1xx_hal_pcd.c **** 
 3761              		.loc 1 1815 9 view .LVU1232
 3762 0032 FFF7FEFF 		bl	USB_EPStartXfer
 3763              	.LVL372:
1817:Drivers/STM32F1xx_HAL_Driver/Src/stm32f1xx_hal_pcd.c **** }
 3764              		.loc 1 1817 3 is_stmt 1 view .LVU1233
1818:Drivers/STM32F1xx_HAL_Driver/Src/stm32f1xx_hal_pcd.c **** 
 3765              		.loc 1 1818 1 is_stmt 0 view .LVU1234
 3766 0036 2046     		mov	r0, r4
 3767 0038 10BD     		pop	{r4, pc}
 3768              		.cfi_endproc
 3769              	.LFE89:
 3771              		.section	.text.HAL_PCD_EP_GetRxCount,"ax",%progbits
 3772              		.align	1
 3773              		.global	HAL_PCD_EP_GetRxCount
 3774              		.syntax unified
 3775              		.thumb
 3776              		.thumb_func
 3778              	HAL_PCD_EP_GetRxCount:
 3779              	.LVL373:
 3780              	.LFB90:
1827:Drivers/STM32F1xx_HAL_Driver/Src/stm32f1xx_hal_pcd.c ****   return hpcd->OUT_ep[ep_addr & EP_ADDR_MSK].xfer_count;
 3781              		.loc 1 1827 1 is_stmt 1 view -0
 3782              		.cfi_startproc
 3783              		@ args = 0, pretend = 0, frame = 0
 3784              		@ frame_needed = 0, uses_anonymous_args = 0
 3785              		@ link register save eliminated.
1828:Drivers/STM32F1xx_HAL_Driver/Src/stm32f1xx_hal_pcd.c **** }
 3786              		.loc 1 1828 3 view .LVU1236
ARM GAS  C:\Users\crist\AppData\Local\Temp\ccYt1KLW.s 			page 133


1828:Drivers/STM32F1xx_HAL_Driver/Src/stm32f1xx_hal_pcd.c **** }
 3787              		.loc 1 1828 31 is_stmt 0 view .LVU1237
 3788 0000 01F00701 		and	r1, r1, #7
 3789              	.LVL374:
1828:Drivers/STM32F1xx_HAL_Driver/Src/stm32f1xx_hal_pcd.c **** }
 3790              		.loc 1 1828 45 view .LVU1238
 3791 0004 01EB8101 		add	r1, r1, r1, lsl #2
 3792 0008 00EBC100 		add	r0, r0, r1, lsl #3
 3793              	.LVL375:
1829:Drivers/STM32F1xx_HAL_Driver/Src/stm32f1xx_hal_pcd.c **** /**
 3794              		.loc 1 1829 1 view .LVU1239
 3795 000c D0F88401 		ldr	r0, [r0, #388]
 3796 0010 7047     		bx	lr
 3797              		.cfi_endproc
 3798              	.LFE90:
 3800              		.section	.text.HAL_PCD_EP_Transmit,"ax",%progbits
 3801              		.align	1
 3802              		.global	HAL_PCD_EP_Transmit
 3803              		.syntax unified
 3804              		.thumb
 3805              		.thumb_func
 3807              	HAL_PCD_EP_Transmit:
 3808              	.LVL376:
 3809              	.LFB91:
1839:Drivers/STM32F1xx_HAL_Driver/Src/stm32f1xx_hal_pcd.c ****   PCD_EPTypeDef *ep;
 3810              		.loc 1 1839 1 is_stmt 1 view -0
 3811              		.cfi_startproc
 3812              		@ args = 0, pretend = 0, frame = 0
 3813              		@ frame_needed = 0, uses_anonymous_args = 0
1839:Drivers/STM32F1xx_HAL_Driver/Src/stm32f1xx_hal_pcd.c ****   PCD_EPTypeDef *ep;
 3814              		.loc 1 1839 1 is_stmt 0 view .LVU1241
 3815 0000 38B5     		push	{r3, r4, r5, lr}
 3816              	.LCFI24:
 3817              		.cfi_def_cfa_offset 16
 3818              		.cfi_offset 3, -16
 3819              		.cfi_offset 4, -12
 3820              		.cfi_offset 5, -8
 3821              		.cfi_offset 14, -4
1840:Drivers/STM32F1xx_HAL_Driver/Src/stm32f1xx_hal_pcd.c **** 
 3822              		.loc 1 1840 3 is_stmt 1 view .LVU1242
1842:Drivers/STM32F1xx_HAL_Driver/Src/stm32f1xx_hal_pcd.c **** 
 3823              		.loc 1 1842 3 view .LVU1243
 3824 0002 01F00704 		and	r4, r1, #7
1842:Drivers/STM32F1xx_HAL_Driver/Src/stm32f1xx_hal_pcd.c **** 
 3825              		.loc 1 1842 6 is_stmt 0 view .LVU1244
 3826 0006 04F1010C 		add	ip, r4, #1
 3827 000a 0CEB8C01 		add	r1, ip, ip, lsl #2
 3828              	.LVL377:
1845:Drivers/STM32F1xx_HAL_Driver/Src/stm32f1xx_hal_pcd.c ****   ep->xfer_len = len;
 3829              		.loc 1 1845 3 is_stmt 1 view .LVU1245
1845:Drivers/STM32F1xx_HAL_Driver/Src/stm32f1xx_hal_pcd.c ****   ep->xfer_len = len;
 3830              		.loc 1 1845 17 is_stmt 0 view .LVU1246
 3831 000e 04EB840E 		add	lr, r4, r4, lsl #2
 3832 0012 00EBCE0E 		add	lr, r0, lr, lsl #3
 3833 0016 CEF83C20 		str	r2, [lr, #60]
1846:Drivers/STM32F1xx_HAL_Driver/Src/stm32f1xx_hal_pcd.c **** #if defined (USB)
 3834              		.loc 1 1846 3 is_stmt 1 view .LVU1247
ARM GAS  C:\Users\crist\AppData\Local\Temp\ccYt1KLW.s 			page 134


1846:Drivers/STM32F1xx_HAL_Driver/Src/stm32f1xx_hal_pcd.c **** #if defined (USB)
 3835              		.loc 1 1846 16 is_stmt 0 view .LVU1248
 3836 001a CEF84030 		str	r3, [lr, #64]
1848:Drivers/STM32F1xx_HAL_Driver/Src/stm32f1xx_hal_pcd.c ****   ep->xfer_len_db = len;
 3837              		.loc 1 1848 3 is_stmt 1 view .LVU1249
1848:Drivers/STM32F1xx_HAL_Driver/Src/stm32f1xx_hal_pcd.c ****   ep->xfer_len_db = len;
 3838              		.loc 1 1848 20 is_stmt 0 view .LVU1250
 3839 001e 0122     		movs	r2, #1
 3840              	.LVL378:
1848:Drivers/STM32F1xx_HAL_Driver/Src/stm32f1xx_hal_pcd.c ****   ep->xfer_len_db = len;
 3841              		.loc 1 1848 20 view .LVU1251
 3842 0020 8EF84C20 		strb	r2, [lr, #76]
1849:Drivers/STM32F1xx_HAL_Driver/Src/stm32f1xx_hal_pcd.c **** #endif /* defined (USB) */
 3843              		.loc 1 1849 3 is_stmt 1 view .LVU1252
1849:Drivers/STM32F1xx_HAL_Driver/Src/stm32f1xx_hal_pcd.c **** #endif /* defined (USB) */
 3844              		.loc 1 1849 19 is_stmt 0 view .LVU1253
 3845 0024 CEF84830 		str	r3, [lr, #72]
1851:Drivers/STM32F1xx_HAL_Driver/Src/stm32f1xx_hal_pcd.c ****   ep->is_in = 1U;
 3846              		.loc 1 1851 3 is_stmt 1 view .LVU1254
1851:Drivers/STM32F1xx_HAL_Driver/Src/stm32f1xx_hal_pcd.c ****   ep->is_in = 1U;
 3847              		.loc 1 1851 18 is_stmt 0 view .LVU1255
 3848 0028 0025     		movs	r5, #0
 3849 002a CEF84450 		str	r5, [lr, #68]
1852:Drivers/STM32F1xx_HAL_Driver/Src/stm32f1xx_hal_pcd.c ****   ep->num = ep_addr & EP_ADDR_MSK;
 3850              		.loc 1 1852 3 is_stmt 1 view .LVU1256
1852:Drivers/STM32F1xx_HAL_Driver/Src/stm32f1xx_hal_pcd.c ****   ep->num = ep_addr & EP_ADDR_MSK;
 3851              		.loc 1 1852 13 is_stmt 0 view .LVU1257
 3852 002e 00EBC103 		add	r3, r0, r1, lsl #3
 3853              	.LVL379:
1852:Drivers/STM32F1xx_HAL_Driver/Src/stm32f1xx_hal_pcd.c ****   ep->num = ep_addr & EP_ADDR_MSK;
 3854              		.loc 1 1852 13 view .LVU1258
 3855 0032 5A70     		strb	r2, [r3, #1]
 3856              	.LVL380:
1853:Drivers/STM32F1xx_HAL_Driver/Src/stm32f1xx_hal_pcd.c **** 
 3857              		.loc 1 1853 3 is_stmt 1 view .LVU1259
1853:Drivers/STM32F1xx_HAL_Driver/Src/stm32f1xx_hal_pcd.c **** 
 3858              		.loc 1 1853 11 is_stmt 0 view .LVU1260
 3859 0034 00F83140 		strb	r4, [r0, r1, lsl #3]
1855:Drivers/STM32F1xx_HAL_Driver/Src/stm32f1xx_hal_pcd.c **** 
 3860              		.loc 1 1855 3 is_stmt 1 view .LVU1261
1855:Drivers/STM32F1xx_HAL_Driver/Src/stm32f1xx_hal_pcd.c **** 
 3861              		.loc 1 1855 9 is_stmt 0 view .LVU1262
 3862 0038 1946     		mov	r1, r3
 3863 003a 0068     		ldr	r0, [r0]
 3864              	.LVL381:
1855:Drivers/STM32F1xx_HAL_Driver/Src/stm32f1xx_hal_pcd.c **** 
 3865              		.loc 1 1855 9 view .LVU1263
 3866 003c FFF7FEFF 		bl	USB_EPStartXfer
 3867              	.LVL382:
1857:Drivers/STM32F1xx_HAL_Driver/Src/stm32f1xx_hal_pcd.c **** }
 3868              		.loc 1 1857 3 is_stmt 1 view .LVU1264
1858:Drivers/STM32F1xx_HAL_Driver/Src/stm32f1xx_hal_pcd.c **** 
 3869              		.loc 1 1858 1 is_stmt 0 view .LVU1265
 3870 0040 2846     		mov	r0, r5
 3871 0042 38BD     		pop	{r3, r4, r5, pc}
1858:Drivers/STM32F1xx_HAL_Driver/Src/stm32f1xx_hal_pcd.c **** 
 3872              		.loc 1 1858 1 view .LVU1266
ARM GAS  C:\Users\crist\AppData\Local\Temp\ccYt1KLW.s 			page 135


 3873              		.cfi_endproc
 3874              	.LFE91:
 3876              		.section	.text.HAL_PCD_EP_SetStall,"ax",%progbits
 3877              		.align	1
 3878              		.global	HAL_PCD_EP_SetStall
 3879              		.syntax unified
 3880              		.thumb
 3881              		.thumb_func
 3883              	HAL_PCD_EP_SetStall:
 3884              	.LVL383:
 3885              	.LFB92:
1867:Drivers/STM32F1xx_HAL_Driver/Src/stm32f1xx_hal_pcd.c ****   PCD_EPTypeDef *ep;
 3886              		.loc 1 1867 1 is_stmt 1 view -0
 3887              		.cfi_startproc
 3888              		@ args = 0, pretend = 0, frame = 0
 3889              		@ frame_needed = 0, uses_anonymous_args = 0
1867:Drivers/STM32F1xx_HAL_Driver/Src/stm32f1xx_hal_pcd.c ****   PCD_EPTypeDef *ep;
 3890              		.loc 1 1867 1 is_stmt 0 view .LVU1268
 3891 0000 38B5     		push	{r3, r4, r5, lr}
 3892              	.LCFI25:
 3893              		.cfi_def_cfa_offset 16
 3894              		.cfi_offset 3, -16
 3895              		.cfi_offset 4, -12
 3896              		.cfi_offset 5, -8
 3897              		.cfi_offset 14, -4
1868:Drivers/STM32F1xx_HAL_Driver/Src/stm32f1xx_hal_pcd.c **** 
 3898              		.loc 1 1868 3 is_stmt 1 view .LVU1269
1870:Drivers/STM32F1xx_HAL_Driver/Src/stm32f1xx_hal_pcd.c ****   {
 3899              		.loc 1 1870 3 view .LVU1270
 3900 0002 01F00705 		and	r5, r1, #7
1870:Drivers/STM32F1xx_HAL_Driver/Src/stm32f1xx_hal_pcd.c ****   {
 3901              		.loc 1 1870 53 is_stmt 0 view .LVU1271
 3902 0006 4268     		ldr	r2, [r0, #4]
1870:Drivers/STM32F1xx_HAL_Driver/Src/stm32f1xx_hal_pcd.c ****   {
 3903              		.loc 1 1870 6 view .LVU1272
 3904 0008 9542     		cmp	r5, r2
 3905 000a 31D8     		bhi	.L210
 3906 000c 0446     		mov	r4, r0
 3907 000e 0B46     		mov	r3, r1
1875:Drivers/STM32F1xx_HAL_Driver/Src/stm32f1xx_hal_pcd.c ****   {
 3908              		.loc 1 1875 3 is_stmt 1 view .LVU1273
1875:Drivers/STM32F1xx_HAL_Driver/Src/stm32f1xx_hal_pcd.c ****   {
 3909              		.loc 1 1875 6 is_stmt 0 view .LVU1274
 3910 0010 11F0800F 		tst	r1, #128
 3911 0014 1ED1     		bne	.L213
1882:Drivers/STM32F1xx_HAL_Driver/Src/stm32f1xx_hal_pcd.c ****     ep->is_in = 0U;
 3912              		.loc 1 1882 5 is_stmt 1 view .LVU1275
1882:Drivers/STM32F1xx_HAL_Driver/Src/stm32f1xx_hal_pcd.c ****     ep->is_in = 0U;
 3913              		.loc 1 1882 8 is_stmt 0 view .LVU1276
 3914 0016 01EB8101 		add	r1, r1, r1, lsl #2
 3915              	.LVL384:
1882:Drivers/STM32F1xx_HAL_Driver/Src/stm32f1xx_hal_pcd.c ****     ep->is_in = 0U;
 3916              		.loc 1 1882 8 view .LVU1277
 3917 001a C900     		lsls	r1, r1, #3
 3918 001c 01F5B471 		add	r1, r1, #360
 3919 0020 0144     		add	r1, r1, r0
 3920              	.LVL385:
ARM GAS  C:\Users\crist\AppData\Local\Temp\ccYt1KLW.s 			page 136


1883:Drivers/STM32F1xx_HAL_Driver/Src/stm32f1xx_hal_pcd.c ****   }
 3921              		.loc 1 1883 5 is_stmt 1 view .LVU1278
1883:Drivers/STM32F1xx_HAL_Driver/Src/stm32f1xx_hal_pcd.c ****   }
 3922              		.loc 1 1883 15 is_stmt 0 view .LVU1279
 3923 0022 03EB8303 		add	r3, r3, r3, lsl #2
 3924              	.LVL386:
1883:Drivers/STM32F1xx_HAL_Driver/Src/stm32f1xx_hal_pcd.c ****   }
 3925              		.loc 1 1883 15 view .LVU1280
 3926 0026 00EBC303 		add	r3, r0, r3, lsl #3
 3927 002a 0022     		movs	r2, #0
 3928 002c 83F86921 		strb	r2, [r3, #361]
 3929              	.L208:
1886:Drivers/STM32F1xx_HAL_Driver/Src/stm32f1xx_hal_pcd.c ****   ep->num = ep_addr & EP_ADDR_MSK;
 3930              		.loc 1 1886 3 is_stmt 1 view .LVU1281
1886:Drivers/STM32F1xx_HAL_Driver/Src/stm32f1xx_hal_pcd.c ****   ep->num = ep_addr & EP_ADDR_MSK;
 3931              		.loc 1 1886 16 is_stmt 0 view .LVU1282
 3932 0030 0123     		movs	r3, #1
 3933 0032 8B70     		strb	r3, [r1, #2]
1887:Drivers/STM32F1xx_HAL_Driver/Src/stm32f1xx_hal_pcd.c **** 
 3934              		.loc 1 1887 3 is_stmt 1 view .LVU1283
1887:Drivers/STM32F1xx_HAL_Driver/Src/stm32f1xx_hal_pcd.c **** 
 3935              		.loc 1 1887 11 is_stmt 0 view .LVU1284
 3936 0034 0D70     		strb	r5, [r1]
1889:Drivers/STM32F1xx_HAL_Driver/Src/stm32f1xx_hal_pcd.c **** 
 3937              		.loc 1 1889 3 is_stmt 1 view .LVU1285
1889:Drivers/STM32F1xx_HAL_Driver/Src/stm32f1xx_hal_pcd.c **** 
 3938              		.loc 1 1889 3 view .LVU1286
 3939 0036 94F8A832 		ldrb	r3, [r4, #680]	@ zero_extendqisi2
 3940 003a 012B     		cmp	r3, #1
 3941 003c 1AD0     		beq	.L211
1889:Drivers/STM32F1xx_HAL_Driver/Src/stm32f1xx_hal_pcd.c **** 
 3942              		.loc 1 1889 3 discriminator 2 view .LVU1287
 3943 003e 0123     		movs	r3, #1
 3944 0040 84F8A832 		strb	r3, [r4, #680]
1889:Drivers/STM32F1xx_HAL_Driver/Src/stm32f1xx_hal_pcd.c **** 
 3945              		.loc 1 1889 3 view .LVU1288
1891:Drivers/STM32F1xx_HAL_Driver/Src/stm32f1xx_hal_pcd.c **** 
 3946              		.loc 1 1891 3 view .LVU1289
1891:Drivers/STM32F1xx_HAL_Driver/Src/stm32f1xx_hal_pcd.c **** 
 3947              		.loc 1 1891 9 is_stmt 0 view .LVU1290
 3948 0044 2068     		ldr	r0, [r4]
 3949              	.LVL387:
1891:Drivers/STM32F1xx_HAL_Driver/Src/stm32f1xx_hal_pcd.c **** 
 3950              		.loc 1 1891 9 view .LVU1291
 3951 0046 FFF7FEFF 		bl	USB_EPSetStall
 3952              	.LVL388:
1893:Drivers/STM32F1xx_HAL_Driver/Src/stm32f1xx_hal_pcd.c ****   {
 3953              		.loc 1 1893 3 is_stmt 1 view .LVU1292
1893:Drivers/STM32F1xx_HAL_Driver/Src/stm32f1xx_hal_pcd.c ****   {
 3954              		.loc 1 1893 6 is_stmt 0 view .LVU1293
 3955 004a 5DB1     		cbz	r5, .L214
 3956              	.L209:
1898:Drivers/STM32F1xx_HAL_Driver/Src/stm32f1xx_hal_pcd.c **** 
 3957              		.loc 1 1898 3 is_stmt 1 view .LVU1294
1898:Drivers/STM32F1xx_HAL_Driver/Src/stm32f1xx_hal_pcd.c **** 
 3958              		.loc 1 1898 3 view .LVU1295
 3959 004c 0020     		movs	r0, #0
ARM GAS  C:\Users\crist\AppData\Local\Temp\ccYt1KLW.s 			page 137


 3960 004e 84F8A802 		strb	r0, [r4, #680]
1898:Drivers/STM32F1xx_HAL_Driver/Src/stm32f1xx_hal_pcd.c **** 
 3961              		.loc 1 1898 3 view .LVU1296
1900:Drivers/STM32F1xx_HAL_Driver/Src/stm32f1xx_hal_pcd.c **** }
 3962              		.loc 1 1900 3 view .LVU1297
 3963              	.LVL389:
 3964              	.L206:
1901:Drivers/STM32F1xx_HAL_Driver/Src/stm32f1xx_hal_pcd.c **** 
 3965              		.loc 1 1901 1 is_stmt 0 view .LVU1298
 3966 0052 38BD     		pop	{r3, r4, r5, pc}
 3967              	.LVL390:
 3968              	.L213:
1877:Drivers/STM32F1xx_HAL_Driver/Src/stm32f1xx_hal_pcd.c ****     ep->is_in = 1U;
 3969              		.loc 1 1877 5 is_stmt 1 view .LVU1299
1877:Drivers/STM32F1xx_HAL_Driver/Src/stm32f1xx_hal_pcd.c ****     ep->is_in = 1U;
 3970              		.loc 1 1877 8 is_stmt 0 view .LVU1300
 3971 0054 6B1C     		adds	r3, r5, #1
 3972 0056 03EB8301 		add	r1, r3, r3, lsl #2
 3973              	.LVL391:
1877:Drivers/STM32F1xx_HAL_Driver/Src/stm32f1xx_hal_pcd.c ****     ep->is_in = 1U;
 3974              		.loc 1 1877 8 view .LVU1301
 3975 005a 00EBC101 		add	r1, r0, r1, lsl #3
 3976              	.LVL392:
1878:Drivers/STM32F1xx_HAL_Driver/Src/stm32f1xx_hal_pcd.c ****   }
 3977              		.loc 1 1878 5 is_stmt 1 view .LVU1302
1878:Drivers/STM32F1xx_HAL_Driver/Src/stm32f1xx_hal_pcd.c ****   }
 3978              		.loc 1 1878 15 is_stmt 0 view .LVU1303
 3979 005e 0122     		movs	r2, #1
 3980 0060 4A70     		strb	r2, [r1, #1]
 3981 0062 E5E7     		b	.L208
 3982              	.LVL393:
 3983              	.L214:
1895:Drivers/STM32F1xx_HAL_Driver/Src/stm32f1xx_hal_pcd.c ****   }
 3984              		.loc 1 1895 5 is_stmt 1 view .LVU1304
1895:Drivers/STM32F1xx_HAL_Driver/Src/stm32f1xx_hal_pcd.c ****   }
 3985              		.loc 1 1895 11 is_stmt 0 view .LVU1305
 3986 0064 04F52C71 		add	r1, r4, #688
 3987 0068 2068     		ldr	r0, [r4]
 3988 006a FFF7FEFF 		bl	USB_EP0_OutStart
 3989              	.LVL394:
 3990 006e EDE7     		b	.L209
 3991              	.LVL395:
 3992              	.L210:
1872:Drivers/STM32F1xx_HAL_Driver/Src/stm32f1xx_hal_pcd.c ****   }
 3993              		.loc 1 1872 12 view .LVU1306
 3994 0070 0120     		movs	r0, #1
 3995              	.LVL396:
1872:Drivers/STM32F1xx_HAL_Driver/Src/stm32f1xx_hal_pcd.c ****   }
 3996              		.loc 1 1872 12 view .LVU1307
 3997 0072 EEE7     		b	.L206
 3998              	.LVL397:
 3999              	.L211:
1889:Drivers/STM32F1xx_HAL_Driver/Src/stm32f1xx_hal_pcd.c **** 
 4000              		.loc 1 1889 3 discriminator 1 view .LVU1308
 4001 0074 0220     		movs	r0, #2
 4002              	.LVL398:
1889:Drivers/STM32F1xx_HAL_Driver/Src/stm32f1xx_hal_pcd.c **** 
ARM GAS  C:\Users\crist\AppData\Local\Temp\ccYt1KLW.s 			page 138


 4003              		.loc 1 1889 3 discriminator 1 view .LVU1309
 4004 0076 ECE7     		b	.L206
 4005              		.cfi_endproc
 4006              	.LFE92:
 4008              		.section	.text.HAL_PCD_EP_ClrStall,"ax",%progbits
 4009              		.align	1
 4010              		.global	HAL_PCD_EP_ClrStall
 4011              		.syntax unified
 4012              		.thumb
 4013              		.thumb_func
 4015              	HAL_PCD_EP_ClrStall:
 4016              	.LVL399:
 4017              	.LFB93:
1910:Drivers/STM32F1xx_HAL_Driver/Src/stm32f1xx_hal_pcd.c ****   PCD_EPTypeDef *ep;
 4018              		.loc 1 1910 1 is_stmt 1 view -0
 4019              		.cfi_startproc
 4020              		@ args = 0, pretend = 0, frame = 0
 4021              		@ frame_needed = 0, uses_anonymous_args = 0
1910:Drivers/STM32F1xx_HAL_Driver/Src/stm32f1xx_hal_pcd.c ****   PCD_EPTypeDef *ep;
 4022              		.loc 1 1910 1 is_stmt 0 view .LVU1311
 4023 0000 0B46     		mov	r3, r1
1911:Drivers/STM32F1xx_HAL_Driver/Src/stm32f1xx_hal_pcd.c **** 
 4024              		.loc 1 1911 3 is_stmt 1 view .LVU1312
1913:Drivers/STM32F1xx_HAL_Driver/Src/stm32f1xx_hal_pcd.c ****   {
 4025              		.loc 1 1913 3 view .LVU1313
1913:Drivers/STM32F1xx_HAL_Driver/Src/stm32f1xx_hal_pcd.c ****   {
 4026              		.loc 1 1913 26 is_stmt 0 view .LVU1314
 4027 0002 01F00F01 		and	r1, r1, #15
 4028              	.LVL400:
1913:Drivers/STM32F1xx_HAL_Driver/Src/stm32f1xx_hal_pcd.c ****   {
 4029              		.loc 1 1913 47 view .LVU1315
 4030 0006 4268     		ldr	r2, [r0, #4]
1913:Drivers/STM32F1xx_HAL_Driver/Src/stm32f1xx_hal_pcd.c ****   {
 4031              		.loc 1 1913 6 view .LVU1316
 4032 0008 9142     		cmp	r1, r2
 4033 000a 30D8     		bhi	.L219
1910:Drivers/STM32F1xx_HAL_Driver/Src/stm32f1xx_hal_pcd.c ****   PCD_EPTypeDef *ep;
 4034              		.loc 1 1910 1 view .LVU1317
 4035 000c 10B5     		push	{r4, lr}
 4036              	.LCFI26:
 4037              		.cfi_def_cfa_offset 8
 4038              		.cfi_offset 4, -8
 4039              		.cfi_offset 14, -4
 4040 000e 0446     		mov	r4, r0
1918:Drivers/STM32F1xx_HAL_Driver/Src/stm32f1xx_hal_pcd.c ****   {
 4041              		.loc 1 1918 3 is_stmt 1 view .LVU1318
1918:Drivers/STM32F1xx_HAL_Driver/Src/stm32f1xx_hal_pcd.c ****   {
 4042              		.loc 1 1918 6 is_stmt 0 view .LVU1319
 4043 0010 13F0800F 		tst	r3, #128
 4044 0014 21D1     		bne	.L225
1925:Drivers/STM32F1xx_HAL_Driver/Src/stm32f1xx_hal_pcd.c ****     ep->is_in = 0U;
 4045              		.loc 1 1925 5 is_stmt 1 view .LVU1320
1925:Drivers/STM32F1xx_HAL_Driver/Src/stm32f1xx_hal_pcd.c ****     ep->is_in = 0U;
 4046              		.loc 1 1925 32 is_stmt 0 view .LVU1321
 4047 0016 03F00702 		and	r2, r3, #7
1925:Drivers/STM32F1xx_HAL_Driver/Src/stm32f1xx_hal_pcd.c ****     ep->is_in = 0U;
 4048              		.loc 1 1925 8 view .LVU1322
ARM GAS  C:\Users\crist\AppData\Local\Temp\ccYt1KLW.s 			page 139


 4049 001a 02EB8201 		add	r1, r2, r2, lsl #2
 4050 001e C900     		lsls	r1, r1, #3
 4051 0020 01F5B471 		add	r1, r1, #360
 4052 0024 0144     		add	r1, r1, r0
 4053              	.LVL401:
1926:Drivers/STM32F1xx_HAL_Driver/Src/stm32f1xx_hal_pcd.c ****   }
 4054              		.loc 1 1926 5 is_stmt 1 view .LVU1323
1926:Drivers/STM32F1xx_HAL_Driver/Src/stm32f1xx_hal_pcd.c ****   }
 4055              		.loc 1 1926 15 is_stmt 0 view .LVU1324
 4056 0026 02EB8202 		add	r2, r2, r2, lsl #2
 4057 002a 00EBC202 		add	r2, r0, r2, lsl #3
 4058 002e 0020     		movs	r0, #0
 4059              	.LVL402:
1926:Drivers/STM32F1xx_HAL_Driver/Src/stm32f1xx_hal_pcd.c ****   }
 4060              		.loc 1 1926 15 view .LVU1325
 4061 0030 82F86901 		strb	r0, [r2, #361]
 4062              	.L218:
1929:Drivers/STM32F1xx_HAL_Driver/Src/stm32f1xx_hal_pcd.c ****   ep->num = ep_addr & EP_ADDR_MSK;
 4063              		.loc 1 1929 3 is_stmt 1 view .LVU1326
1929:Drivers/STM32F1xx_HAL_Driver/Src/stm32f1xx_hal_pcd.c ****   ep->num = ep_addr & EP_ADDR_MSK;
 4064              		.loc 1 1929 16 is_stmt 0 view .LVU1327
 4065 0034 0022     		movs	r2, #0
 4066 0036 8A70     		strb	r2, [r1, #2]
1930:Drivers/STM32F1xx_HAL_Driver/Src/stm32f1xx_hal_pcd.c **** 
 4067              		.loc 1 1930 3 is_stmt 1 view .LVU1328
1930:Drivers/STM32F1xx_HAL_Driver/Src/stm32f1xx_hal_pcd.c **** 
 4068              		.loc 1 1930 21 is_stmt 0 view .LVU1329
 4069 0038 03F00703 		and	r3, r3, #7
 4070              	.LVL403:
1930:Drivers/STM32F1xx_HAL_Driver/Src/stm32f1xx_hal_pcd.c **** 
 4071              		.loc 1 1930 11 view .LVU1330
 4072 003c 0B70     		strb	r3, [r1]
1932:Drivers/STM32F1xx_HAL_Driver/Src/stm32f1xx_hal_pcd.c ****   (void)USB_EPClearStall(hpcd->Instance, ep);
 4073              		.loc 1 1932 3 is_stmt 1 view .LVU1331
1932:Drivers/STM32F1xx_HAL_Driver/Src/stm32f1xx_hal_pcd.c ****   (void)USB_EPClearStall(hpcd->Instance, ep);
 4074              		.loc 1 1932 3 view .LVU1332
 4075 003e 94F8A832 		ldrb	r3, [r4, #680]	@ zero_extendqisi2
 4076 0042 012B     		cmp	r3, #1
 4077 0044 15D0     		beq	.L220
1932:Drivers/STM32F1xx_HAL_Driver/Src/stm32f1xx_hal_pcd.c ****   (void)USB_EPClearStall(hpcd->Instance, ep);
 4078              		.loc 1 1932 3 discriminator 2 view .LVU1333
 4079 0046 0123     		movs	r3, #1
 4080 0048 84F8A832 		strb	r3, [r4, #680]
1932:Drivers/STM32F1xx_HAL_Driver/Src/stm32f1xx_hal_pcd.c ****   (void)USB_EPClearStall(hpcd->Instance, ep);
 4081              		.loc 1 1932 3 view .LVU1334
1933:Drivers/STM32F1xx_HAL_Driver/Src/stm32f1xx_hal_pcd.c ****   __HAL_UNLOCK(hpcd);
 4082              		.loc 1 1933 3 view .LVU1335
1933:Drivers/STM32F1xx_HAL_Driver/Src/stm32f1xx_hal_pcd.c ****   __HAL_UNLOCK(hpcd);
 4083              		.loc 1 1933 9 is_stmt 0 view .LVU1336
 4084 004c 2068     		ldr	r0, [r4]
 4085 004e FFF7FEFF 		bl	USB_EPClearStall
 4086              	.LVL404:
1934:Drivers/STM32F1xx_HAL_Driver/Src/stm32f1xx_hal_pcd.c **** 
 4087              		.loc 1 1934 3 is_stmt 1 view .LVU1337
1934:Drivers/STM32F1xx_HAL_Driver/Src/stm32f1xx_hal_pcd.c **** 
 4088              		.loc 1 1934 3 view .LVU1338
 4089 0052 0020     		movs	r0, #0
ARM GAS  C:\Users\crist\AppData\Local\Temp\ccYt1KLW.s 			page 140


 4090 0054 84F8A802 		strb	r0, [r4, #680]
1934:Drivers/STM32F1xx_HAL_Driver/Src/stm32f1xx_hal_pcd.c **** 
 4091              		.loc 1 1934 3 view .LVU1339
1936:Drivers/STM32F1xx_HAL_Driver/Src/stm32f1xx_hal_pcd.c **** }
 4092              		.loc 1 1936 3 view .LVU1340
 4093              	.L216:
1937:Drivers/STM32F1xx_HAL_Driver/Src/stm32f1xx_hal_pcd.c **** 
 4094              		.loc 1 1937 1 is_stmt 0 view .LVU1341
 4095 0058 10BD     		pop	{r4, pc}
 4096              	.LVL405:
 4097              	.L225:
1920:Drivers/STM32F1xx_HAL_Driver/Src/stm32f1xx_hal_pcd.c ****     ep->is_in = 1U;
 4098              		.loc 1 1920 5 is_stmt 1 view .LVU1342
1920:Drivers/STM32F1xx_HAL_Driver/Src/stm32f1xx_hal_pcd.c ****     ep->is_in = 1U;
 4099              		.loc 1 1920 31 is_stmt 0 view .LVU1343
 4100 005a 03F00702 		and	r2, r3, #7
1920:Drivers/STM32F1xx_HAL_Driver/Src/stm32f1xx_hal_pcd.c ****     ep->is_in = 1U;
 4101              		.loc 1 1920 8 view .LVU1344
 4102 005e 0132     		adds	r2, r2, #1
 4103 0060 02EB8201 		add	r1, r2, r2, lsl #2
 4104 0064 00EBC101 		add	r1, r0, r1, lsl #3
 4105              	.LVL406:
1921:Drivers/STM32F1xx_HAL_Driver/Src/stm32f1xx_hal_pcd.c ****   }
 4106              		.loc 1 1921 5 is_stmt 1 view .LVU1345
1921:Drivers/STM32F1xx_HAL_Driver/Src/stm32f1xx_hal_pcd.c ****   }
 4107              		.loc 1 1921 15 is_stmt 0 view .LVU1346
 4108 0068 0120     		movs	r0, #1
 4109              	.LVL407:
1921:Drivers/STM32F1xx_HAL_Driver/Src/stm32f1xx_hal_pcd.c ****   }
 4110              		.loc 1 1921 15 view .LVU1347
 4111 006a 4870     		strb	r0, [r1, #1]
 4112 006c E2E7     		b	.L218
 4113              	.LVL408:
 4114              	.L219:
 4115              	.LCFI27:
 4116              		.cfi_def_cfa_offset 0
 4117              		.cfi_restore 4
 4118              		.cfi_restore 14
1915:Drivers/STM32F1xx_HAL_Driver/Src/stm32f1xx_hal_pcd.c ****   }
 4119              		.loc 1 1915 12 view .LVU1348
 4120 006e 0120     		movs	r0, #1
 4121              	.LVL409:
1937:Drivers/STM32F1xx_HAL_Driver/Src/stm32f1xx_hal_pcd.c **** 
 4122              		.loc 1 1937 1 view .LVU1349
 4123 0070 7047     		bx	lr
 4124              	.LVL410:
 4125              	.L220:
 4126              	.LCFI28:
 4127              		.cfi_def_cfa_offset 8
 4128              		.cfi_offset 4, -8
 4129              		.cfi_offset 14, -4
1932:Drivers/STM32F1xx_HAL_Driver/Src/stm32f1xx_hal_pcd.c ****   (void)USB_EPClearStall(hpcd->Instance, ep);
 4130              		.loc 1 1932 3 discriminator 1 view .LVU1350
 4131 0072 0220     		movs	r0, #2
 4132 0074 F0E7     		b	.L216
 4133              		.cfi_endproc
 4134              	.LFE93:
ARM GAS  C:\Users\crist\AppData\Local\Temp\ccYt1KLW.s 			page 141


 4136              		.section	.text.HAL_PCD_EP_Abort,"ax",%progbits
 4137              		.align	1
 4138              		.global	HAL_PCD_EP_Abort
 4139              		.syntax unified
 4140              		.thumb
 4141              		.thumb_func
 4143              	HAL_PCD_EP_Abort:
 4144              	.LVL411:
 4145              	.LFB94:
1946:Drivers/STM32F1xx_HAL_Driver/Src/stm32f1xx_hal_pcd.c ****   HAL_StatusTypeDef ret;
 4146              		.loc 1 1946 1 is_stmt 1 view -0
 4147              		.cfi_startproc
 4148              		@ args = 0, pretend = 0, frame = 0
 4149              		@ frame_needed = 0, uses_anonymous_args = 0
1946:Drivers/STM32F1xx_HAL_Driver/Src/stm32f1xx_hal_pcd.c ****   HAL_StatusTypeDef ret;
 4150              		.loc 1 1946 1 is_stmt 0 view .LVU1352
 4151 0000 08B5     		push	{r3, lr}
 4152              	.LCFI29:
 4153              		.cfi_def_cfa_offset 8
 4154              		.cfi_offset 3, -8
 4155              		.cfi_offset 14, -4
1947:Drivers/STM32F1xx_HAL_Driver/Src/stm32f1xx_hal_pcd.c ****   PCD_EPTypeDef *ep;
 4156              		.loc 1 1947 3 is_stmt 1 view .LVU1353
1948:Drivers/STM32F1xx_HAL_Driver/Src/stm32f1xx_hal_pcd.c **** 
 4157              		.loc 1 1948 3 view .LVU1354
1950:Drivers/STM32F1xx_HAL_Driver/Src/stm32f1xx_hal_pcd.c ****   {
 4158              		.loc 1 1950 3 view .LVU1355
1950:Drivers/STM32F1xx_HAL_Driver/Src/stm32f1xx_hal_pcd.c ****   {
 4159              		.loc 1 1950 6 is_stmt 0 view .LVU1356
 4160 0002 11F0800F 		tst	r1, #128
 4161 0006 0BD1     		bne	.L230
1956:Drivers/STM32F1xx_HAL_Driver/Src/stm32f1xx_hal_pcd.c ****   }
 4162              		.loc 1 1956 5 is_stmt 1 view .LVU1357
1956:Drivers/STM32F1xx_HAL_Driver/Src/stm32f1xx_hal_pcd.c ****   }
 4163              		.loc 1 1956 32 is_stmt 0 view .LVU1358
 4164 0008 01F00701 		and	r1, r1, #7
 4165              	.LVL412:
1956:Drivers/STM32F1xx_HAL_Driver/Src/stm32f1xx_hal_pcd.c ****   }
 4166              		.loc 1 1956 8 view .LVU1359
 4167 000c 01EB8101 		add	r1, r1, r1, lsl #2
 4168 0010 C900     		lsls	r1, r1, #3
 4169 0012 01F5B471 		add	r1, r1, #360
 4170 0016 0144     		add	r1, r1, r0
 4171              	.L228:
 4172              	.LVL413:
1960:Drivers/STM32F1xx_HAL_Driver/Src/stm32f1xx_hal_pcd.c **** 
 4173              		.loc 1 1960 3 is_stmt 1 view .LVU1360
1960:Drivers/STM32F1xx_HAL_Driver/Src/stm32f1xx_hal_pcd.c **** 
 4174              		.loc 1 1960 9 is_stmt 0 view .LVU1361
 4175 0018 0068     		ldr	r0, [r0]
 4176              	.LVL414:
1960:Drivers/STM32F1xx_HAL_Driver/Src/stm32f1xx_hal_pcd.c **** 
 4177              		.loc 1 1960 9 view .LVU1362
 4178 001a FFF7FEFF 		bl	USB_EPStopXfer
 4179              	.LVL415:
1962:Drivers/STM32F1xx_HAL_Driver/Src/stm32f1xx_hal_pcd.c **** }
 4180              		.loc 1 1962 3 is_stmt 1 view .LVU1363
ARM GAS  C:\Users\crist\AppData\Local\Temp\ccYt1KLW.s 			page 142


1963:Drivers/STM32F1xx_HAL_Driver/Src/stm32f1xx_hal_pcd.c **** 
 4181              		.loc 1 1963 1 is_stmt 0 view .LVU1364
 4182 001e 08BD     		pop	{r3, pc}
 4183              	.LVL416:
 4184              	.L230:
1952:Drivers/STM32F1xx_HAL_Driver/Src/stm32f1xx_hal_pcd.c ****   }
 4185              		.loc 1 1952 5 is_stmt 1 view .LVU1365
1952:Drivers/STM32F1xx_HAL_Driver/Src/stm32f1xx_hal_pcd.c ****   }
 4186              		.loc 1 1952 31 is_stmt 0 view .LVU1366
 4187 0020 01F00701 		and	r1, r1, #7
 4188              	.LVL417:
1952:Drivers/STM32F1xx_HAL_Driver/Src/stm32f1xx_hal_pcd.c ****   }
 4189              		.loc 1 1952 8 view .LVU1367
 4190 0024 0131     		adds	r1, r1, #1
 4191 0026 01EB8101 		add	r1, r1, r1, lsl #2
 4192 002a 00EBC101 		add	r1, r0, r1, lsl #3
 4193              	.LVL418:
1952:Drivers/STM32F1xx_HAL_Driver/Src/stm32f1xx_hal_pcd.c ****   }
 4194              		.loc 1 1952 8 view .LVU1368
 4195 002e F3E7     		b	.L228
 4196              		.cfi_endproc
 4197              	.LFE94:
 4199              		.section	.text.HAL_PCD_EP_Flush,"ax",%progbits
 4200              		.align	1
 4201              		.global	HAL_PCD_EP_Flush
 4202              		.syntax unified
 4203              		.thumb
 4204              		.thumb_func
 4206              	HAL_PCD_EP_Flush:
 4207              	.LVL419:
 4208              	.LFB95:
1972:Drivers/STM32F1xx_HAL_Driver/Src/stm32f1xx_hal_pcd.c ****   __HAL_LOCK(hpcd);
 4209              		.loc 1 1972 1 is_stmt 1 view -0
 4210              		.cfi_startproc
 4211              		@ args = 0, pretend = 0, frame = 0
 4212              		@ frame_needed = 0, uses_anonymous_args = 0
1973:Drivers/STM32F1xx_HAL_Driver/Src/stm32f1xx_hal_pcd.c **** 
 4213              		.loc 1 1973 3 view .LVU1370
1973:Drivers/STM32F1xx_HAL_Driver/Src/stm32f1xx_hal_pcd.c **** 
 4214              		.loc 1 1973 3 view .LVU1371
 4215 0000 90F8A832 		ldrb	r3, [r0, #680]	@ zero_extendqisi2
 4216 0004 012B     		cmp	r3, #1
 4217 0006 14D0     		beq	.L235
1972:Drivers/STM32F1xx_HAL_Driver/Src/stm32f1xx_hal_pcd.c ****   __HAL_LOCK(hpcd);
 4218              		.loc 1 1972 1 is_stmt 0 view .LVU1372
 4219 0008 10B5     		push	{r4, lr}
 4220              	.LCFI30:
 4221              		.cfi_def_cfa_offset 8
 4222              		.cfi_offset 4, -8
 4223              		.cfi_offset 14, -4
 4224 000a 0446     		mov	r4, r0
1973:Drivers/STM32F1xx_HAL_Driver/Src/stm32f1xx_hal_pcd.c **** 
 4225              		.loc 1 1973 3 is_stmt 1 discriminator 2 view .LVU1373
 4226 000c 0123     		movs	r3, #1
 4227 000e 80F8A832 		strb	r3, [r0, #680]
1973:Drivers/STM32F1xx_HAL_Driver/Src/stm32f1xx_hal_pcd.c **** 
 4228              		.loc 1 1973 3 view .LVU1374
ARM GAS  C:\Users\crist\AppData\Local\Temp\ccYt1KLW.s 			page 143


1975:Drivers/STM32F1xx_HAL_Driver/Src/stm32f1xx_hal_pcd.c ****   {
 4229              		.loc 1 1975 3 view .LVU1375
1975:Drivers/STM32F1xx_HAL_Driver/Src/stm32f1xx_hal_pcd.c ****   {
 4230              		.loc 1 1975 6 is_stmt 0 view .LVU1376
 4231 0012 11F0800F 		tst	r1, #128
 4232 0016 06D1     		bne	.L240
1981:Drivers/STM32F1xx_HAL_Driver/Src/stm32f1xx_hal_pcd.c ****   }
 4233              		.loc 1 1981 5 is_stmt 1 view .LVU1377
1981:Drivers/STM32F1xx_HAL_Driver/Src/stm32f1xx_hal_pcd.c ****   }
 4234              		.loc 1 1981 11 is_stmt 0 view .LVU1378
 4235 0018 0068     		ldr	r0, [r0]
 4236              	.LVL420:
1981:Drivers/STM32F1xx_HAL_Driver/Src/stm32f1xx_hal_pcd.c ****   }
 4237              		.loc 1 1981 11 view .LVU1379
 4238 001a FFF7FEFF 		bl	USB_FlushRxFifo
 4239              	.LVL421:
 4240              	.L234:
1984:Drivers/STM32F1xx_HAL_Driver/Src/stm32f1xx_hal_pcd.c **** 
 4241              		.loc 1 1984 3 is_stmt 1 view .LVU1380
1984:Drivers/STM32F1xx_HAL_Driver/Src/stm32f1xx_hal_pcd.c **** 
 4242              		.loc 1 1984 3 view .LVU1381
 4243 001e 0020     		movs	r0, #0
 4244 0020 84F8A802 		strb	r0, [r4, #680]
1984:Drivers/STM32F1xx_HAL_Driver/Src/stm32f1xx_hal_pcd.c **** 
 4245              		.loc 1 1984 3 view .LVU1382
1986:Drivers/STM32F1xx_HAL_Driver/Src/stm32f1xx_hal_pcd.c **** }
 4246              		.loc 1 1986 3 view .LVU1383
1987:Drivers/STM32F1xx_HAL_Driver/Src/stm32f1xx_hal_pcd.c **** 
 4247              		.loc 1 1987 1 is_stmt 0 view .LVU1384
 4248 0024 10BD     		pop	{r4, pc}
 4249              	.LVL422:
 4250              	.L240:
1977:Drivers/STM32F1xx_HAL_Driver/Src/stm32f1xx_hal_pcd.c ****   }
 4251              		.loc 1 1977 5 is_stmt 1 view .LVU1385
1977:Drivers/STM32F1xx_HAL_Driver/Src/stm32f1xx_hal_pcd.c ****   }
 4252              		.loc 1 1977 11 is_stmt 0 view .LVU1386
 4253 0026 01F00701 		and	r1, r1, #7
 4254              	.LVL423:
1977:Drivers/STM32F1xx_HAL_Driver/Src/stm32f1xx_hal_pcd.c ****   }
 4255              		.loc 1 1977 11 view .LVU1387
 4256 002a 0068     		ldr	r0, [r0]
 4257              	.LVL424:
1977:Drivers/STM32F1xx_HAL_Driver/Src/stm32f1xx_hal_pcd.c ****   }
 4258              		.loc 1 1977 11 view .LVU1388
 4259 002c FFF7FEFF 		bl	USB_FlushTxFifo
 4260              	.LVL425:
 4261 0030 F5E7     		b	.L234
 4262              	.LVL426:
 4263              	.L235:
 4264              	.LCFI31:
 4265              		.cfi_def_cfa_offset 0
 4266              		.cfi_restore 4
 4267              		.cfi_restore 14
1973:Drivers/STM32F1xx_HAL_Driver/Src/stm32f1xx_hal_pcd.c **** 
 4268              		.loc 1 1973 3 discriminator 1 view .LVU1389
 4269 0032 0220     		movs	r0, #2
 4270              	.LVL427:
ARM GAS  C:\Users\crist\AppData\Local\Temp\ccYt1KLW.s 			page 144


1987:Drivers/STM32F1xx_HAL_Driver/Src/stm32f1xx_hal_pcd.c **** 
 4271              		.loc 1 1987 1 view .LVU1390
 4272 0034 7047     		bx	lr
 4273              		.cfi_endproc
 4274              	.LFE95:
 4276              		.section	.text.HAL_PCD_ActivateRemoteWakeup,"ax",%progbits
 4277              		.align	1
 4278              		.global	HAL_PCD_ActivateRemoteWakeup
 4279              		.syntax unified
 4280              		.thumb
 4281              		.thumb_func
 4283              	HAL_PCD_ActivateRemoteWakeup:
 4284              	.LVL428:
 4285              	.LFB96:
1995:Drivers/STM32F1xx_HAL_Driver/Src/stm32f1xx_hal_pcd.c ****   return (USB_ActivateRemoteWakeup(hpcd->Instance));
 4286              		.loc 1 1995 1 is_stmt 1 view -0
 4287              		.cfi_startproc
 4288              		@ args = 0, pretend = 0, frame = 0
 4289              		@ frame_needed = 0, uses_anonymous_args = 0
1995:Drivers/STM32F1xx_HAL_Driver/Src/stm32f1xx_hal_pcd.c ****   return (USB_ActivateRemoteWakeup(hpcd->Instance));
 4290              		.loc 1 1995 1 is_stmt 0 view .LVU1392
 4291 0000 08B5     		push	{r3, lr}
 4292              	.LCFI32:
 4293              		.cfi_def_cfa_offset 8
 4294              		.cfi_offset 3, -8
 4295              		.cfi_offset 14, -4
1996:Drivers/STM32F1xx_HAL_Driver/Src/stm32f1xx_hal_pcd.c **** }
 4296              		.loc 1 1996 3 is_stmt 1 view .LVU1393
1996:Drivers/STM32F1xx_HAL_Driver/Src/stm32f1xx_hal_pcd.c **** }
 4297              		.loc 1 1996 11 is_stmt 0 view .LVU1394
 4298 0002 0068     		ldr	r0, [r0]
 4299              	.LVL429:
1996:Drivers/STM32F1xx_HAL_Driver/Src/stm32f1xx_hal_pcd.c **** }
 4300              		.loc 1 1996 11 view .LVU1395
 4301 0004 FFF7FEFF 		bl	USB_ActivateRemoteWakeup
 4302              	.LVL430:
1997:Drivers/STM32F1xx_HAL_Driver/Src/stm32f1xx_hal_pcd.c **** 
 4303              		.loc 1 1997 1 view .LVU1396
 4304 0008 08BD     		pop	{r3, pc}
 4305              		.cfi_endproc
 4306              	.LFE96:
 4308              		.section	.text.HAL_PCD_DeActivateRemoteWakeup,"ax",%progbits
 4309              		.align	1
 4310              		.global	HAL_PCD_DeActivateRemoteWakeup
 4311              		.syntax unified
 4312              		.thumb
 4313              		.thumb_func
 4315              	HAL_PCD_DeActivateRemoteWakeup:
 4316              	.LVL431:
 4317              	.LFB97:
2005:Drivers/STM32F1xx_HAL_Driver/Src/stm32f1xx_hal_pcd.c ****   return (USB_DeActivateRemoteWakeup(hpcd->Instance));
 4318              		.loc 1 2005 1 is_stmt 1 view -0
 4319              		.cfi_startproc
 4320              		@ args = 0, pretend = 0, frame = 0
 4321              		@ frame_needed = 0, uses_anonymous_args = 0
2005:Drivers/STM32F1xx_HAL_Driver/Src/stm32f1xx_hal_pcd.c ****   return (USB_DeActivateRemoteWakeup(hpcd->Instance));
 4322              		.loc 1 2005 1 is_stmt 0 view .LVU1398
ARM GAS  C:\Users\crist\AppData\Local\Temp\ccYt1KLW.s 			page 145


 4323 0000 08B5     		push	{r3, lr}
 4324              	.LCFI33:
 4325              		.cfi_def_cfa_offset 8
 4326              		.cfi_offset 3, -8
 4327              		.cfi_offset 14, -4
2006:Drivers/STM32F1xx_HAL_Driver/Src/stm32f1xx_hal_pcd.c **** }
 4328              		.loc 1 2006 3 is_stmt 1 view .LVU1399
2006:Drivers/STM32F1xx_HAL_Driver/Src/stm32f1xx_hal_pcd.c **** }
 4329              		.loc 1 2006 11 is_stmt 0 view .LVU1400
 4330 0002 0068     		ldr	r0, [r0]
 4331              	.LVL432:
2006:Drivers/STM32F1xx_HAL_Driver/Src/stm32f1xx_hal_pcd.c **** }
 4332              		.loc 1 2006 11 view .LVU1401
 4333 0004 FFF7FEFF 		bl	USB_DeActivateRemoteWakeup
 4334              	.LVL433:
2007:Drivers/STM32F1xx_HAL_Driver/Src/stm32f1xx_hal_pcd.c **** 
 4335              		.loc 1 2007 1 view .LVU1402
 4336 0008 08BD     		pop	{r3, pc}
 4337              		.cfi_endproc
 4338              	.LFE97:
 4340              		.section	.text.HAL_PCD_GetState,"ax",%progbits
 4341              		.align	1
 4342              		.global	HAL_PCD_GetState
 4343              		.syntax unified
 4344              		.thumb
 4345              		.thumb_func
 4347              	HAL_PCD_GetState:
 4348              	.LVL434:
 4349              	.LFB98:
2034:Drivers/STM32F1xx_HAL_Driver/Src/stm32f1xx_hal_pcd.c ****   return hpcd->State;
 4350              		.loc 1 2034 1 is_stmt 1 view -0
 4351              		.cfi_startproc
 4352              		@ args = 0, pretend = 0, frame = 0
 4353              		@ frame_needed = 0, uses_anonymous_args = 0
 4354              		@ link register save eliminated.
2035:Drivers/STM32F1xx_HAL_Driver/Src/stm32f1xx_hal_pcd.c **** }
 4355              		.loc 1 2035 3 view .LVU1404
2035:Drivers/STM32F1xx_HAL_Driver/Src/stm32f1xx_hal_pcd.c **** }
 4356              		.loc 1 2035 14 is_stmt 0 view .LVU1405
 4357 0000 90F8A902 		ldrb	r0, [r0, #681]	@ zero_extendqisi2
 4358              	.LVL435:
2036:Drivers/STM32F1xx_HAL_Driver/Src/stm32f1xx_hal_pcd.c **** 
 4359              		.loc 1 2036 1 view .LVU1406
 4360 0004 7047     		bx	lr
 4361              		.cfi_endproc
 4362              	.LFE98:
 4364              		.text
 4365              	.Letext0:
 4366              		.file 2 "C:\\ST\\STM32CubeCLT_1.21.0\\GNU-tools-for-STM32\\bin\\../lib/gcc/arm-none-eabi/14.3.1/..
 4367              		.file 3 "C:\\ST\\STM32CubeCLT_1.21.0\\GNU-tools-for-STM32\\bin\\../lib/gcc/arm-none-eabi/14.3.1/..
 4368              		.file 4 "Drivers/CMSIS/Device/ST/STM32F1xx/Include/stm32f103xb.h"
 4369              		.file 5 "Drivers/STM32F1xx_HAL_Driver/Inc/stm32f1xx_hal_def.h"
 4370              		.file 6 "Drivers/STM32F1xx_HAL_Driver/Inc/stm32f1xx_ll_usb.h"
 4371              		.file 7 "Drivers/STM32F1xx_HAL_Driver/Inc/stm32f1xx_hal_pcd.h"
 4372              		.file 8 "Drivers/STM32F1xx_HAL_Driver/Inc/stm32f1xx_hal_pcd_ex.h"
ARM GAS  C:\Users\crist\AppData\Local\Temp\ccYt1KLW.s 			page 146


DEFINED SYMBOLS
                            *ABS*:00000000 stm32f1xx_hal_pcd.c
C:\Users\crist\AppData\Local\Temp\ccYt1KLW.s:19     .text.HAL_PCD_EP_DB_Receive:00000000 $t
C:\Users\crist\AppData\Local\Temp\ccYt1KLW.s:24     .text.HAL_PCD_EP_DB_Receive:00000000 HAL_PCD_EP_DB_Receive
C:\Users\crist\AppData\Local\Temp\ccYt1KLW.s:277    .text.HAL_PCD_MspInit:00000000 $t
C:\Users\crist\AppData\Local\Temp\ccYt1KLW.s:283    .text.HAL_PCD_MspInit:00000000 HAL_PCD_MspInit
C:\Users\crist\AppData\Local\Temp\ccYt1KLW.s:298    .text.HAL_PCD_Init:00000000 $t
C:\Users\crist\AppData\Local\Temp\ccYt1KLW.s:304    .text.HAL_PCD_Init:00000000 HAL_PCD_Init
C:\Users\crist\AppData\Local\Temp\ccYt1KLW.s:532    .text.HAL_PCD_MspDeInit:00000000 $t
C:\Users\crist\AppData\Local\Temp\ccYt1KLW.s:538    .text.HAL_PCD_MspDeInit:00000000 HAL_PCD_MspDeInit
C:\Users\crist\AppData\Local\Temp\ccYt1KLW.s:553    .text.HAL_PCD_DeInit:00000000 $t
C:\Users\crist\AppData\Local\Temp\ccYt1KLW.s:559    .text.HAL_PCD_DeInit:00000000 HAL_PCD_DeInit
C:\Users\crist\AppData\Local\Temp\ccYt1KLW.s:621    .text.HAL_PCD_Start:00000000 $t
C:\Users\crist\AppData\Local\Temp\ccYt1KLW.s:627    .text.HAL_PCD_Start:00000000 HAL_PCD_Start
C:\Users\crist\AppData\Local\Temp\ccYt1KLW.s:689    .text.HAL_PCD_Stop:00000000 $t
C:\Users\crist\AppData\Local\Temp\ccYt1KLW.s:695    .text.HAL_PCD_Stop:00000000 HAL_PCD_Stop
C:\Users\crist\AppData\Local\Temp\ccYt1KLW.s:757    .text.HAL_PCD_WKUP_IRQHandler:00000000 $t
C:\Users\crist\AppData\Local\Temp\ccYt1KLW.s:763    .text.HAL_PCD_WKUP_IRQHandler:00000000 HAL_PCD_WKUP_IRQHandler
C:\Users\crist\AppData\Local\Temp\ccYt1KLW.s:780    .text.HAL_PCD_WKUP_IRQHandler:0000000c $d
C:\Users\crist\AppData\Local\Temp\ccYt1KLW.s:785    .text.HAL_PCD_DataOutStageCallback:00000000 $t
C:\Users\crist\AppData\Local\Temp\ccYt1KLW.s:791    .text.HAL_PCD_DataOutStageCallback:00000000 HAL_PCD_DataOutStageCallback
C:\Users\crist\AppData\Local\Temp\ccYt1KLW.s:807    .text.HAL_PCD_DataInStageCallback:00000000 $t
C:\Users\crist\AppData\Local\Temp\ccYt1KLW.s:813    .text.HAL_PCD_DataInStageCallback:00000000 HAL_PCD_DataInStageCallback
C:\Users\crist\AppData\Local\Temp\ccYt1KLW.s:829    .text.HAL_PCD_EP_DB_Transmit:00000000 $t
C:\Users\crist\AppData\Local\Temp\ccYt1KLW.s:834    .text.HAL_PCD_EP_DB_Transmit:00000000 HAL_PCD_EP_DB_Transmit
C:\Users\crist\AppData\Local\Temp\ccYt1KLW.s:1850   .text.HAL_PCD_SetupStageCallback:00000000 $t
C:\Users\crist\AppData\Local\Temp\ccYt1KLW.s:1856   .text.HAL_PCD_SetupStageCallback:00000000 HAL_PCD_SetupStageCallback
C:\Users\crist\AppData\Local\Temp\ccYt1KLW.s:1871   .text.PCD_EP_ISR_Handler:00000000 $t
C:\Users\crist\AppData\Local\Temp\ccYt1KLW.s:1876   .text.PCD_EP_ISR_Handler:00000000 PCD_EP_ISR_Handler
C:\Users\crist\AppData\Local\Temp\ccYt1KLW.s:2812   .text.HAL_PCD_SOFCallback:00000000 $t
C:\Users\crist\AppData\Local\Temp\ccYt1KLW.s:2818   .text.HAL_PCD_SOFCallback:00000000 HAL_PCD_SOFCallback
C:\Users\crist\AppData\Local\Temp\ccYt1KLW.s:2833   .text.HAL_PCD_ResetCallback:00000000 $t
C:\Users\crist\AppData\Local\Temp\ccYt1KLW.s:2839   .text.HAL_PCD_ResetCallback:00000000 HAL_PCD_ResetCallback
C:\Users\crist\AppData\Local\Temp\ccYt1KLW.s:2854   .text.HAL_PCD_SuspendCallback:00000000 $t
C:\Users\crist\AppData\Local\Temp\ccYt1KLW.s:2860   .text.HAL_PCD_SuspendCallback:00000000 HAL_PCD_SuspendCallback
C:\Users\crist\AppData\Local\Temp\ccYt1KLW.s:2875   .text.HAL_PCD_ResumeCallback:00000000 $t
C:\Users\crist\AppData\Local\Temp\ccYt1KLW.s:2881   .text.HAL_PCD_ResumeCallback:00000000 HAL_PCD_ResumeCallback
C:\Users\crist\AppData\Local\Temp\ccYt1KLW.s:2896   .text.HAL_PCD_ISOOUTIncompleteCallback:00000000 $t
C:\Users\crist\AppData\Local\Temp\ccYt1KLW.s:2902   .text.HAL_PCD_ISOOUTIncompleteCallback:00000000 HAL_PCD_ISOOUTIncompleteCallback
C:\Users\crist\AppData\Local\Temp\ccYt1KLW.s:2918   .text.HAL_PCD_ISOINIncompleteCallback:00000000 $t
C:\Users\crist\AppData\Local\Temp\ccYt1KLW.s:2924   .text.HAL_PCD_ISOINIncompleteCallback:00000000 HAL_PCD_ISOINIncompleteCallback
C:\Users\crist\AppData\Local\Temp\ccYt1KLW.s:2940   .text.HAL_PCD_ConnectCallback:00000000 $t
C:\Users\crist\AppData\Local\Temp\ccYt1KLW.s:2946   .text.HAL_PCD_ConnectCallback:00000000 HAL_PCD_ConnectCallback
C:\Users\crist\AppData\Local\Temp\ccYt1KLW.s:2961   .text.HAL_PCD_DisconnectCallback:00000000 $t
C:\Users\crist\AppData\Local\Temp\ccYt1KLW.s:2967   .text.HAL_PCD_DisconnectCallback:00000000 HAL_PCD_DisconnectCallback
C:\Users\crist\AppData\Local\Temp\ccYt1KLW.s:2982   .text.HAL_PCD_DevConnect:00000000 $t
C:\Users\crist\AppData\Local\Temp\ccYt1KLW.s:2988   .text.HAL_PCD_DevConnect:00000000 HAL_PCD_DevConnect
C:\Users\crist\AppData\Local\Temp\ccYt1KLW.s:3042   .text.HAL_PCD_DevDisconnect:00000000 $t
C:\Users\crist\AppData\Local\Temp\ccYt1KLW.s:3048   .text.HAL_PCD_DevDisconnect:00000000 HAL_PCD_DevDisconnect
C:\Users\crist\AppData\Local\Temp\ccYt1KLW.s:3103   .text.HAL_PCD_SetAddress:00000000 $t
C:\Users\crist\AppData\Local\Temp\ccYt1KLW.s:3109   .text.HAL_PCD_SetAddress:00000000 HAL_PCD_SetAddress
C:\Users\crist\AppData\Local\Temp\ccYt1KLW.s:3165   .text.HAL_PCD_IRQHandler:00000000 $t
C:\Users\crist\AppData\Local\Temp\ccYt1KLW.s:3171   .text.HAL_PCD_IRQHandler:00000000 HAL_PCD_IRQHandler
C:\Users\crist\AppData\Local\Temp\ccYt1KLW.s:3482   .text.HAL_PCD_EP_Open:00000000 $t
C:\Users\crist\AppData\Local\Temp\ccYt1KLW.s:3488   .text.HAL_PCD_EP_Open:00000000 HAL_PCD_EP_Open
C:\Users\crist\AppData\Local\Temp\ccYt1KLW.s:3604   .text.HAL_PCD_EP_Close:00000000 $t
C:\Users\crist\AppData\Local\Temp\ccYt1KLW.s:3610   .text.HAL_PCD_EP_Close:00000000 HAL_PCD_EP_Close
ARM GAS  C:\Users\crist\AppData\Local\Temp\ccYt1KLW.s 			page 147


C:\Users\crist\AppData\Local\Temp\ccYt1KLW.s:3707   .text.HAL_PCD_EP_Receive:00000000 $t
C:\Users\crist\AppData\Local\Temp\ccYt1KLW.s:3713   .text.HAL_PCD_EP_Receive:00000000 HAL_PCD_EP_Receive
C:\Users\crist\AppData\Local\Temp\ccYt1KLW.s:3772   .text.HAL_PCD_EP_GetRxCount:00000000 $t
C:\Users\crist\AppData\Local\Temp\ccYt1KLW.s:3778   .text.HAL_PCD_EP_GetRxCount:00000000 HAL_PCD_EP_GetRxCount
C:\Users\crist\AppData\Local\Temp\ccYt1KLW.s:3801   .text.HAL_PCD_EP_Transmit:00000000 $t
C:\Users\crist\AppData\Local\Temp\ccYt1KLW.s:3807   .text.HAL_PCD_EP_Transmit:00000000 HAL_PCD_EP_Transmit
C:\Users\crist\AppData\Local\Temp\ccYt1KLW.s:3877   .text.HAL_PCD_EP_SetStall:00000000 $t
C:\Users\crist\AppData\Local\Temp\ccYt1KLW.s:3883   .text.HAL_PCD_EP_SetStall:00000000 HAL_PCD_EP_SetStall
C:\Users\crist\AppData\Local\Temp\ccYt1KLW.s:4009   .text.HAL_PCD_EP_ClrStall:00000000 $t
C:\Users\crist\AppData\Local\Temp\ccYt1KLW.s:4015   .text.HAL_PCD_EP_ClrStall:00000000 HAL_PCD_EP_ClrStall
C:\Users\crist\AppData\Local\Temp\ccYt1KLW.s:4137   .text.HAL_PCD_EP_Abort:00000000 $t
C:\Users\crist\AppData\Local\Temp\ccYt1KLW.s:4143   .text.HAL_PCD_EP_Abort:00000000 HAL_PCD_EP_Abort
C:\Users\crist\AppData\Local\Temp\ccYt1KLW.s:4200   .text.HAL_PCD_EP_Flush:00000000 $t
C:\Users\crist\AppData\Local\Temp\ccYt1KLW.s:4206   .text.HAL_PCD_EP_Flush:00000000 HAL_PCD_EP_Flush
C:\Users\crist\AppData\Local\Temp\ccYt1KLW.s:4277   .text.HAL_PCD_ActivateRemoteWakeup:00000000 $t
C:\Users\crist\AppData\Local\Temp\ccYt1KLW.s:4283   .text.HAL_PCD_ActivateRemoteWakeup:00000000 HAL_PCD_ActivateRemoteWakeup
C:\Users\crist\AppData\Local\Temp\ccYt1KLW.s:4309   .text.HAL_PCD_DeActivateRemoteWakeup:00000000 $t
C:\Users\crist\AppData\Local\Temp\ccYt1KLW.s:4315   .text.HAL_PCD_DeActivateRemoteWakeup:00000000 HAL_PCD_DeActivateRemoteWakeup
C:\Users\crist\AppData\Local\Temp\ccYt1KLW.s:4341   .text.HAL_PCD_GetState:00000000 $t
C:\Users\crist\AppData\Local\Temp\ccYt1KLW.s:4347   .text.HAL_PCD_GetState:00000000 HAL_PCD_GetState

UNDEFINED SYMBOLS
USB_ReadPMA
USB_DisableGlobalInt
USB_CoreInit
USB_SetCurrentMode
USB_DevInit
USB_DevDisconnect
USB_StopDevice
USB_EnableGlobalInt
HAL_PCDEx_SetConnectionState
USB_DevConnect
USB_WritePMA
USB_EPStartXfer
USB_SetDevAddress
USB_ReadInterrupts
USB_ActivateEndpoint
USB_DeactivateEndpoint
USB_EPSetStall
USB_EP0_OutStart
USB_EPClearStall
USB_EPStopXfer
USB_FlushRxFifo
USB_FlushTxFifo
USB_ActivateRemoteWakeup
USB_DeActivateRemoteWakeup
