ARM GAS  C:\Users\crist\AppData\Local\Temp\ccqk2JNa.s 			page 1


   1              		.cpu cortex-m3
   2              		.arch armv7-m
   3              		.fpu softvfp
   4              		.eabi_attribute 20, 1
   5              		.eabi_attribute 21, 1
   6              		.eabi_attribute 23, 3
   7              		.eabi_attribute 24, 1
   8              		.eabi_attribute 25, 1
   9              		.eabi_attribute 26, 1
  10              		.eabi_attribute 30, 1
  11              		.eabi_attribute 34, 1
  12              		.eabi_attribute 18, 4
  13              		.file	"stm32f1xx_ll_usb.c"
  14              		.text
  15              	.Ltext0:
  16              		.cfi_sections	.debug_frame
  17              		.file 1 "Drivers/STM32F1xx_HAL_Driver/Src/stm32f1xx_ll_usb.c"
  18              		.section	.text.USB_CoreInit,"ax",%progbits
  19              		.align	1
  20              		.global	USB_CoreInit
  21              		.syntax unified
  22              		.thumb
  23              		.thumb_func
  25              	USB_CoreInit:
  26              	.LVL0:
  27              	.LFB65:
   1:Drivers/STM32F1xx_HAL_Driver/Src/stm32f1xx_ll_usb.c **** /**
   2:Drivers/STM32F1xx_HAL_Driver/Src/stm32f1xx_ll_usb.c ****   ******************************************************************************
   3:Drivers/STM32F1xx_HAL_Driver/Src/stm32f1xx_ll_usb.c ****   * @file    stm32f1xx_ll_usb.c
   4:Drivers/STM32F1xx_HAL_Driver/Src/stm32f1xx_ll_usb.c ****   * @author  MCD Application Team
   5:Drivers/STM32F1xx_HAL_Driver/Src/stm32f1xx_ll_usb.c ****   * @brief   USB Low Layer HAL module driver.
   6:Drivers/STM32F1xx_HAL_Driver/Src/stm32f1xx_ll_usb.c ****   *
   7:Drivers/STM32F1xx_HAL_Driver/Src/stm32f1xx_ll_usb.c ****   *          This file provides firmware functions to manage the following
   8:Drivers/STM32F1xx_HAL_Driver/Src/stm32f1xx_ll_usb.c ****   *          functionalities of the USB Peripheral Controller:
   9:Drivers/STM32F1xx_HAL_Driver/Src/stm32f1xx_ll_usb.c ****   *           + Initialization/de-initialization functions
  10:Drivers/STM32F1xx_HAL_Driver/Src/stm32f1xx_ll_usb.c ****   *           + I/O operation functions
  11:Drivers/STM32F1xx_HAL_Driver/Src/stm32f1xx_ll_usb.c ****   *           + Peripheral Control functions
  12:Drivers/STM32F1xx_HAL_Driver/Src/stm32f1xx_ll_usb.c ****   *           + Peripheral State functions
  13:Drivers/STM32F1xx_HAL_Driver/Src/stm32f1xx_ll_usb.c ****   *
  14:Drivers/STM32F1xx_HAL_Driver/Src/stm32f1xx_ll_usb.c ****   ******************************************************************************
  15:Drivers/STM32F1xx_HAL_Driver/Src/stm32f1xx_ll_usb.c ****   * @attention
  16:Drivers/STM32F1xx_HAL_Driver/Src/stm32f1xx_ll_usb.c ****   *
  17:Drivers/STM32F1xx_HAL_Driver/Src/stm32f1xx_ll_usb.c ****   * Copyright (c) 2016 STMicroelectronics.
  18:Drivers/STM32F1xx_HAL_Driver/Src/stm32f1xx_ll_usb.c ****   * All rights reserved.
  19:Drivers/STM32F1xx_HAL_Driver/Src/stm32f1xx_ll_usb.c ****   *
  20:Drivers/STM32F1xx_HAL_Driver/Src/stm32f1xx_ll_usb.c ****   * This software is licensed under terms that can be found in the LICENSE file
  21:Drivers/STM32F1xx_HAL_Driver/Src/stm32f1xx_ll_usb.c ****   * in the root directory of this software component.
  22:Drivers/STM32F1xx_HAL_Driver/Src/stm32f1xx_ll_usb.c ****   * If no LICENSE file comes with this software, it is provided AS-IS.
  23:Drivers/STM32F1xx_HAL_Driver/Src/stm32f1xx_ll_usb.c ****   *
  24:Drivers/STM32F1xx_HAL_Driver/Src/stm32f1xx_ll_usb.c ****   ******************************************************************************
  25:Drivers/STM32F1xx_HAL_Driver/Src/stm32f1xx_ll_usb.c ****   @verbatim
  26:Drivers/STM32F1xx_HAL_Driver/Src/stm32f1xx_ll_usb.c ****   ==============================================================================
  27:Drivers/STM32F1xx_HAL_Driver/Src/stm32f1xx_ll_usb.c ****                     ##### How to use this driver #####
  28:Drivers/STM32F1xx_HAL_Driver/Src/stm32f1xx_ll_usb.c ****   ==============================================================================
  29:Drivers/STM32F1xx_HAL_Driver/Src/stm32f1xx_ll_usb.c ****     [..]
  30:Drivers/STM32F1xx_HAL_Driver/Src/stm32f1xx_ll_usb.c ****       (#) Fill parameters of Init structure in USB_CfgTypeDef structure.
  31:Drivers/STM32F1xx_HAL_Driver/Src/stm32f1xx_ll_usb.c **** 
ARM GAS  C:\Users\crist\AppData\Local\Temp\ccqk2JNa.s 			page 2


  32:Drivers/STM32F1xx_HAL_Driver/Src/stm32f1xx_ll_usb.c ****       (#) Call USB_CoreInit() API to initialize the USB Core peripheral.
  33:Drivers/STM32F1xx_HAL_Driver/Src/stm32f1xx_ll_usb.c **** 
  34:Drivers/STM32F1xx_HAL_Driver/Src/stm32f1xx_ll_usb.c ****       (#) The upper HAL HCD/PCD driver will call the right routines for its internal processes.
  35:Drivers/STM32F1xx_HAL_Driver/Src/stm32f1xx_ll_usb.c **** 
  36:Drivers/STM32F1xx_HAL_Driver/Src/stm32f1xx_ll_usb.c ****   @endverbatim
  37:Drivers/STM32F1xx_HAL_Driver/Src/stm32f1xx_ll_usb.c **** 
  38:Drivers/STM32F1xx_HAL_Driver/Src/stm32f1xx_ll_usb.c ****   ******************************************************************************
  39:Drivers/STM32F1xx_HAL_Driver/Src/stm32f1xx_ll_usb.c ****   */
  40:Drivers/STM32F1xx_HAL_Driver/Src/stm32f1xx_ll_usb.c **** 
  41:Drivers/STM32F1xx_HAL_Driver/Src/stm32f1xx_ll_usb.c **** /* Includes ------------------------------------------------------------------*/
  42:Drivers/STM32F1xx_HAL_Driver/Src/stm32f1xx_ll_usb.c **** #include "stm32f1xx_hal.h"
  43:Drivers/STM32F1xx_HAL_Driver/Src/stm32f1xx_ll_usb.c **** 
  44:Drivers/STM32F1xx_HAL_Driver/Src/stm32f1xx_ll_usb.c **** /** @addtogroup STM32F1xx_LL_USB_DRIVER
  45:Drivers/STM32F1xx_HAL_Driver/Src/stm32f1xx_ll_usb.c ****   * @{
  46:Drivers/STM32F1xx_HAL_Driver/Src/stm32f1xx_ll_usb.c ****   */
  47:Drivers/STM32F1xx_HAL_Driver/Src/stm32f1xx_ll_usb.c **** 
  48:Drivers/STM32F1xx_HAL_Driver/Src/stm32f1xx_ll_usb.c **** #if defined (HAL_PCD_MODULE_ENABLED) || defined (HAL_HCD_MODULE_ENABLED)
  49:Drivers/STM32F1xx_HAL_Driver/Src/stm32f1xx_ll_usb.c **** #if defined (USB) || defined (USB_OTG_FS)
  50:Drivers/STM32F1xx_HAL_Driver/Src/stm32f1xx_ll_usb.c **** /* Private typedef -----------------------------------------------------------*/
  51:Drivers/STM32F1xx_HAL_Driver/Src/stm32f1xx_ll_usb.c **** /* Private define ------------------------------------------------------------*/
  52:Drivers/STM32F1xx_HAL_Driver/Src/stm32f1xx_ll_usb.c **** /* Private macro -------------------------------------------------------------*/
  53:Drivers/STM32F1xx_HAL_Driver/Src/stm32f1xx_ll_usb.c **** /* Private variables ---------------------------------------------------------*/
  54:Drivers/STM32F1xx_HAL_Driver/Src/stm32f1xx_ll_usb.c **** /* Private function prototypes -----------------------------------------------*/
  55:Drivers/STM32F1xx_HAL_Driver/Src/stm32f1xx_ll_usb.c **** /* Private functions ---------------------------------------------------------*/
  56:Drivers/STM32F1xx_HAL_Driver/Src/stm32f1xx_ll_usb.c **** #if defined (USB_OTG_FS)
  57:Drivers/STM32F1xx_HAL_Driver/Src/stm32f1xx_ll_usb.c **** static HAL_StatusTypeDef USB_CoreReset(USB_OTG_GlobalTypeDef *USBx);
  58:Drivers/STM32F1xx_HAL_Driver/Src/stm32f1xx_ll_usb.c **** 
  59:Drivers/STM32F1xx_HAL_Driver/Src/stm32f1xx_ll_usb.c **** /* Exported functions --------------------------------------------------------*/
  60:Drivers/STM32F1xx_HAL_Driver/Src/stm32f1xx_ll_usb.c **** /** @defgroup USB_LL_Exported_Functions USB Low Layer Exported Functions
  61:Drivers/STM32F1xx_HAL_Driver/Src/stm32f1xx_ll_usb.c ****   * @{
  62:Drivers/STM32F1xx_HAL_Driver/Src/stm32f1xx_ll_usb.c ****   */
  63:Drivers/STM32F1xx_HAL_Driver/Src/stm32f1xx_ll_usb.c **** 
  64:Drivers/STM32F1xx_HAL_Driver/Src/stm32f1xx_ll_usb.c **** /** @defgroup USB_LL_Exported_Functions_Group1 Initialization/de-initialization functions
  65:Drivers/STM32F1xx_HAL_Driver/Src/stm32f1xx_ll_usb.c ****   *  @brief    Initialization and Configuration functions
  66:Drivers/STM32F1xx_HAL_Driver/Src/stm32f1xx_ll_usb.c ****   *
  67:Drivers/STM32F1xx_HAL_Driver/Src/stm32f1xx_ll_usb.c **** @verbatim
  68:Drivers/STM32F1xx_HAL_Driver/Src/stm32f1xx_ll_usb.c ****  ===============================================================================
  69:Drivers/STM32F1xx_HAL_Driver/Src/stm32f1xx_ll_usb.c ****                       ##### Initialization/de-initialization functions #####
  70:Drivers/STM32F1xx_HAL_Driver/Src/stm32f1xx_ll_usb.c ****  ===============================================================================
  71:Drivers/STM32F1xx_HAL_Driver/Src/stm32f1xx_ll_usb.c **** 
  72:Drivers/STM32F1xx_HAL_Driver/Src/stm32f1xx_ll_usb.c **** @endverbatim
  73:Drivers/STM32F1xx_HAL_Driver/Src/stm32f1xx_ll_usb.c ****   * @{
  74:Drivers/STM32F1xx_HAL_Driver/Src/stm32f1xx_ll_usb.c ****   */
  75:Drivers/STM32F1xx_HAL_Driver/Src/stm32f1xx_ll_usb.c **** 
  76:Drivers/STM32F1xx_HAL_Driver/Src/stm32f1xx_ll_usb.c **** /**
  77:Drivers/STM32F1xx_HAL_Driver/Src/stm32f1xx_ll_usb.c ****   * @brief  Initializes the USB Core
  78:Drivers/STM32F1xx_HAL_Driver/Src/stm32f1xx_ll_usb.c ****   * @param  USBx USB Instance
  79:Drivers/STM32F1xx_HAL_Driver/Src/stm32f1xx_ll_usb.c ****   * @param  cfg pointer to a USB_OTG_CfgTypeDef structure that contains
  80:Drivers/STM32F1xx_HAL_Driver/Src/stm32f1xx_ll_usb.c ****   *         the configuration information for the specified USBx peripheral.
  81:Drivers/STM32F1xx_HAL_Driver/Src/stm32f1xx_ll_usb.c ****   * @retval HAL status
  82:Drivers/STM32F1xx_HAL_Driver/Src/stm32f1xx_ll_usb.c ****   */
  83:Drivers/STM32F1xx_HAL_Driver/Src/stm32f1xx_ll_usb.c **** HAL_StatusTypeDef USB_CoreInit(USB_OTG_GlobalTypeDef *USBx, USB_OTG_CfgTypeDef cfg)
  84:Drivers/STM32F1xx_HAL_Driver/Src/stm32f1xx_ll_usb.c **** {
  85:Drivers/STM32F1xx_HAL_Driver/Src/stm32f1xx_ll_usb.c ****   HAL_StatusTypeDef ret;
  86:Drivers/STM32F1xx_HAL_Driver/Src/stm32f1xx_ll_usb.c **** 
  87:Drivers/STM32F1xx_HAL_Driver/Src/stm32f1xx_ll_usb.c ****   /* Select FS Embedded PHY */
  88:Drivers/STM32F1xx_HAL_Driver/Src/stm32f1xx_ll_usb.c ****   USBx->GUSBCFG |= USB_OTG_GUSBCFG_PHYSEL;
ARM GAS  C:\Users\crist\AppData\Local\Temp\ccqk2JNa.s 			page 3


  89:Drivers/STM32F1xx_HAL_Driver/Src/stm32f1xx_ll_usb.c **** 
  90:Drivers/STM32F1xx_HAL_Driver/Src/stm32f1xx_ll_usb.c ****   /* Reset after a PHY select */
  91:Drivers/STM32F1xx_HAL_Driver/Src/stm32f1xx_ll_usb.c ****   ret = USB_CoreReset(USBx);
  92:Drivers/STM32F1xx_HAL_Driver/Src/stm32f1xx_ll_usb.c **** 
  93:Drivers/STM32F1xx_HAL_Driver/Src/stm32f1xx_ll_usb.c ****   /* Activate the USB Transceiver */
  94:Drivers/STM32F1xx_HAL_Driver/Src/stm32f1xx_ll_usb.c ****   USBx->GCCFG |= USB_OTG_GCCFG_PWRDWN;
  95:Drivers/STM32F1xx_HAL_Driver/Src/stm32f1xx_ll_usb.c **** 
  96:Drivers/STM32F1xx_HAL_Driver/Src/stm32f1xx_ll_usb.c ****   return ret;
  97:Drivers/STM32F1xx_HAL_Driver/Src/stm32f1xx_ll_usb.c **** }
  98:Drivers/STM32F1xx_HAL_Driver/Src/stm32f1xx_ll_usb.c **** 
  99:Drivers/STM32F1xx_HAL_Driver/Src/stm32f1xx_ll_usb.c **** 
 100:Drivers/STM32F1xx_HAL_Driver/Src/stm32f1xx_ll_usb.c **** /**
 101:Drivers/STM32F1xx_HAL_Driver/Src/stm32f1xx_ll_usb.c ****   * @brief  Set the USB turnaround time
 102:Drivers/STM32F1xx_HAL_Driver/Src/stm32f1xx_ll_usb.c ****   * @param  USBx USB Instance
 103:Drivers/STM32F1xx_HAL_Driver/Src/stm32f1xx_ll_usb.c ****   * @param  hclk: AHB clock frequency
 104:Drivers/STM32F1xx_HAL_Driver/Src/stm32f1xx_ll_usb.c ****   * @retval USB turnaround time In PHY Clocks number
 105:Drivers/STM32F1xx_HAL_Driver/Src/stm32f1xx_ll_usb.c ****   */
 106:Drivers/STM32F1xx_HAL_Driver/Src/stm32f1xx_ll_usb.c **** HAL_StatusTypeDef USB_SetTurnaroundTime(USB_OTG_GlobalTypeDef *USBx,
 107:Drivers/STM32F1xx_HAL_Driver/Src/stm32f1xx_ll_usb.c ****                                         uint32_t hclk, uint8_t speed)
 108:Drivers/STM32F1xx_HAL_Driver/Src/stm32f1xx_ll_usb.c **** {
 109:Drivers/STM32F1xx_HAL_Driver/Src/stm32f1xx_ll_usb.c ****   uint32_t UsbTrd;
 110:Drivers/STM32F1xx_HAL_Driver/Src/stm32f1xx_ll_usb.c **** 
 111:Drivers/STM32F1xx_HAL_Driver/Src/stm32f1xx_ll_usb.c ****   /* The USBTRD is configured according to the tables below, depending on AHB frequency
 112:Drivers/STM32F1xx_HAL_Driver/Src/stm32f1xx_ll_usb.c ****   used by application. In the low AHB frequency range it is used to stretch enough the USB response
 113:Drivers/STM32F1xx_HAL_Driver/Src/stm32f1xx_ll_usb.c ****   time to IN tokens, the USB turnaround time, so to compensate for the longer AHB read access
 114:Drivers/STM32F1xx_HAL_Driver/Src/stm32f1xx_ll_usb.c ****   latency to the Data FIFO */
 115:Drivers/STM32F1xx_HAL_Driver/Src/stm32f1xx_ll_usb.c ****   if (speed == USBD_FS_SPEED)
 116:Drivers/STM32F1xx_HAL_Driver/Src/stm32f1xx_ll_usb.c ****   {
 117:Drivers/STM32F1xx_HAL_Driver/Src/stm32f1xx_ll_usb.c ****     if ((hclk >= 14200000U) && (hclk < 15000000U))
 118:Drivers/STM32F1xx_HAL_Driver/Src/stm32f1xx_ll_usb.c ****     {
 119:Drivers/STM32F1xx_HAL_Driver/Src/stm32f1xx_ll_usb.c ****       /* hclk Clock Range between 14.2-15 MHz */
 120:Drivers/STM32F1xx_HAL_Driver/Src/stm32f1xx_ll_usb.c ****       UsbTrd = 0xFU;
 121:Drivers/STM32F1xx_HAL_Driver/Src/stm32f1xx_ll_usb.c ****     }
 122:Drivers/STM32F1xx_HAL_Driver/Src/stm32f1xx_ll_usb.c ****     else if ((hclk >= 15000000U) && (hclk < 16000000U))
 123:Drivers/STM32F1xx_HAL_Driver/Src/stm32f1xx_ll_usb.c ****     {
 124:Drivers/STM32F1xx_HAL_Driver/Src/stm32f1xx_ll_usb.c ****       /* hclk Clock Range between 15-16 MHz */
 125:Drivers/STM32F1xx_HAL_Driver/Src/stm32f1xx_ll_usb.c ****       UsbTrd = 0xEU;
 126:Drivers/STM32F1xx_HAL_Driver/Src/stm32f1xx_ll_usb.c ****     }
 127:Drivers/STM32F1xx_HAL_Driver/Src/stm32f1xx_ll_usb.c ****     else if ((hclk >= 16000000U) && (hclk < 17200000U))
 128:Drivers/STM32F1xx_HAL_Driver/Src/stm32f1xx_ll_usb.c ****     {
 129:Drivers/STM32F1xx_HAL_Driver/Src/stm32f1xx_ll_usb.c ****       /* hclk Clock Range between 16-17.2 MHz */
 130:Drivers/STM32F1xx_HAL_Driver/Src/stm32f1xx_ll_usb.c ****       UsbTrd = 0xDU;
 131:Drivers/STM32F1xx_HAL_Driver/Src/stm32f1xx_ll_usb.c ****     }
 132:Drivers/STM32F1xx_HAL_Driver/Src/stm32f1xx_ll_usb.c ****     else if ((hclk >= 17200000U) && (hclk < 18500000U))
 133:Drivers/STM32F1xx_HAL_Driver/Src/stm32f1xx_ll_usb.c ****     {
 134:Drivers/STM32F1xx_HAL_Driver/Src/stm32f1xx_ll_usb.c ****       /* hclk Clock Range between 17.2-18.5 MHz */
 135:Drivers/STM32F1xx_HAL_Driver/Src/stm32f1xx_ll_usb.c ****       UsbTrd = 0xCU;
 136:Drivers/STM32F1xx_HAL_Driver/Src/stm32f1xx_ll_usb.c ****     }
 137:Drivers/STM32F1xx_HAL_Driver/Src/stm32f1xx_ll_usb.c ****     else if ((hclk >= 18500000U) && (hclk < 20000000U))
 138:Drivers/STM32F1xx_HAL_Driver/Src/stm32f1xx_ll_usb.c ****     {
 139:Drivers/STM32F1xx_HAL_Driver/Src/stm32f1xx_ll_usb.c ****       /* hclk Clock Range between 18.5-20 MHz */
 140:Drivers/STM32F1xx_HAL_Driver/Src/stm32f1xx_ll_usb.c ****       UsbTrd = 0xBU;
 141:Drivers/STM32F1xx_HAL_Driver/Src/stm32f1xx_ll_usb.c ****     }
 142:Drivers/STM32F1xx_HAL_Driver/Src/stm32f1xx_ll_usb.c ****     else if ((hclk >= 20000000U) && (hclk < 21800000U))
 143:Drivers/STM32F1xx_HAL_Driver/Src/stm32f1xx_ll_usb.c ****     {
 144:Drivers/STM32F1xx_HAL_Driver/Src/stm32f1xx_ll_usb.c ****       /* hclk Clock Range between 20-21.8 MHz */
 145:Drivers/STM32F1xx_HAL_Driver/Src/stm32f1xx_ll_usb.c ****       UsbTrd = 0xAU;
ARM GAS  C:\Users\crist\AppData\Local\Temp\ccqk2JNa.s 			page 4


 146:Drivers/STM32F1xx_HAL_Driver/Src/stm32f1xx_ll_usb.c ****     }
 147:Drivers/STM32F1xx_HAL_Driver/Src/stm32f1xx_ll_usb.c ****     else if ((hclk >= 21800000U) && (hclk < 24000000U))
 148:Drivers/STM32F1xx_HAL_Driver/Src/stm32f1xx_ll_usb.c ****     {
 149:Drivers/STM32F1xx_HAL_Driver/Src/stm32f1xx_ll_usb.c ****       /* hclk Clock Range between 21.8-24 MHz */
 150:Drivers/STM32F1xx_HAL_Driver/Src/stm32f1xx_ll_usb.c ****       UsbTrd = 0x9U;
 151:Drivers/STM32F1xx_HAL_Driver/Src/stm32f1xx_ll_usb.c ****     }
 152:Drivers/STM32F1xx_HAL_Driver/Src/stm32f1xx_ll_usb.c ****     else if ((hclk >= 24000000U) && (hclk < 27700000U))
 153:Drivers/STM32F1xx_HAL_Driver/Src/stm32f1xx_ll_usb.c ****     {
 154:Drivers/STM32F1xx_HAL_Driver/Src/stm32f1xx_ll_usb.c ****       /* hclk Clock Range between 24-27.7 MHz */
 155:Drivers/STM32F1xx_HAL_Driver/Src/stm32f1xx_ll_usb.c ****       UsbTrd = 0x8U;
 156:Drivers/STM32F1xx_HAL_Driver/Src/stm32f1xx_ll_usb.c ****     }
 157:Drivers/STM32F1xx_HAL_Driver/Src/stm32f1xx_ll_usb.c ****     else if ((hclk >= 27700000U) && (hclk < 32000000U))
 158:Drivers/STM32F1xx_HAL_Driver/Src/stm32f1xx_ll_usb.c ****     {
 159:Drivers/STM32F1xx_HAL_Driver/Src/stm32f1xx_ll_usb.c ****       /* hclk Clock Range between 27.7-32 MHz */
 160:Drivers/STM32F1xx_HAL_Driver/Src/stm32f1xx_ll_usb.c ****       UsbTrd = 0x7U;
 161:Drivers/STM32F1xx_HAL_Driver/Src/stm32f1xx_ll_usb.c ****     }
 162:Drivers/STM32F1xx_HAL_Driver/Src/stm32f1xx_ll_usb.c ****     else /* if(hclk >= 32000000) */
 163:Drivers/STM32F1xx_HAL_Driver/Src/stm32f1xx_ll_usb.c ****     {
 164:Drivers/STM32F1xx_HAL_Driver/Src/stm32f1xx_ll_usb.c ****       /* hclk Clock Range between 32-200 MHz */
 165:Drivers/STM32F1xx_HAL_Driver/Src/stm32f1xx_ll_usb.c ****       UsbTrd = 0x6U;
 166:Drivers/STM32F1xx_HAL_Driver/Src/stm32f1xx_ll_usb.c ****     }
 167:Drivers/STM32F1xx_HAL_Driver/Src/stm32f1xx_ll_usb.c ****   }
 168:Drivers/STM32F1xx_HAL_Driver/Src/stm32f1xx_ll_usb.c ****   else
 169:Drivers/STM32F1xx_HAL_Driver/Src/stm32f1xx_ll_usb.c ****   {
 170:Drivers/STM32F1xx_HAL_Driver/Src/stm32f1xx_ll_usb.c ****     UsbTrd = USBD_DEFAULT_TRDT_VALUE;
 171:Drivers/STM32F1xx_HAL_Driver/Src/stm32f1xx_ll_usb.c ****   }
 172:Drivers/STM32F1xx_HAL_Driver/Src/stm32f1xx_ll_usb.c **** 
 173:Drivers/STM32F1xx_HAL_Driver/Src/stm32f1xx_ll_usb.c ****   USBx->GUSBCFG &= ~USB_OTG_GUSBCFG_TRDT;
 174:Drivers/STM32F1xx_HAL_Driver/Src/stm32f1xx_ll_usb.c ****   USBx->GUSBCFG |= (uint32_t)((UsbTrd << 10) & USB_OTG_GUSBCFG_TRDT);
 175:Drivers/STM32F1xx_HAL_Driver/Src/stm32f1xx_ll_usb.c **** 
 176:Drivers/STM32F1xx_HAL_Driver/Src/stm32f1xx_ll_usb.c ****   return HAL_OK;
 177:Drivers/STM32F1xx_HAL_Driver/Src/stm32f1xx_ll_usb.c **** }
 178:Drivers/STM32F1xx_HAL_Driver/Src/stm32f1xx_ll_usb.c **** 
 179:Drivers/STM32F1xx_HAL_Driver/Src/stm32f1xx_ll_usb.c **** /**
 180:Drivers/STM32F1xx_HAL_Driver/Src/stm32f1xx_ll_usb.c ****   * @brief  USB_EnableGlobalInt
 181:Drivers/STM32F1xx_HAL_Driver/Src/stm32f1xx_ll_usb.c ****   *         Enables the controller's Global Int in the AHB Config reg
 182:Drivers/STM32F1xx_HAL_Driver/Src/stm32f1xx_ll_usb.c ****   * @param  USBx  Selected device
 183:Drivers/STM32F1xx_HAL_Driver/Src/stm32f1xx_ll_usb.c ****   * @retval HAL status
 184:Drivers/STM32F1xx_HAL_Driver/Src/stm32f1xx_ll_usb.c ****   */
 185:Drivers/STM32F1xx_HAL_Driver/Src/stm32f1xx_ll_usb.c **** HAL_StatusTypeDef USB_EnableGlobalInt(USB_OTG_GlobalTypeDef *USBx)
 186:Drivers/STM32F1xx_HAL_Driver/Src/stm32f1xx_ll_usb.c **** {
 187:Drivers/STM32F1xx_HAL_Driver/Src/stm32f1xx_ll_usb.c ****   USBx->GAHBCFG |= USB_OTG_GAHBCFG_GINT;
 188:Drivers/STM32F1xx_HAL_Driver/Src/stm32f1xx_ll_usb.c ****   return HAL_OK;
 189:Drivers/STM32F1xx_HAL_Driver/Src/stm32f1xx_ll_usb.c **** }
 190:Drivers/STM32F1xx_HAL_Driver/Src/stm32f1xx_ll_usb.c **** 
 191:Drivers/STM32F1xx_HAL_Driver/Src/stm32f1xx_ll_usb.c **** /**
 192:Drivers/STM32F1xx_HAL_Driver/Src/stm32f1xx_ll_usb.c ****   * @brief  USB_DisableGlobalInt
 193:Drivers/STM32F1xx_HAL_Driver/Src/stm32f1xx_ll_usb.c ****   *         Disable the controller's Global Int in the AHB Config reg
 194:Drivers/STM32F1xx_HAL_Driver/Src/stm32f1xx_ll_usb.c ****   * @param  USBx  Selected device
 195:Drivers/STM32F1xx_HAL_Driver/Src/stm32f1xx_ll_usb.c ****   * @retval HAL status
 196:Drivers/STM32F1xx_HAL_Driver/Src/stm32f1xx_ll_usb.c ****   */
 197:Drivers/STM32F1xx_HAL_Driver/Src/stm32f1xx_ll_usb.c **** HAL_StatusTypeDef USB_DisableGlobalInt(USB_OTG_GlobalTypeDef *USBx)
 198:Drivers/STM32F1xx_HAL_Driver/Src/stm32f1xx_ll_usb.c **** {
 199:Drivers/STM32F1xx_HAL_Driver/Src/stm32f1xx_ll_usb.c ****   USBx->GAHBCFG &= ~USB_OTG_GAHBCFG_GINT;
 200:Drivers/STM32F1xx_HAL_Driver/Src/stm32f1xx_ll_usb.c ****   return HAL_OK;
 201:Drivers/STM32F1xx_HAL_Driver/Src/stm32f1xx_ll_usb.c **** }
 202:Drivers/STM32F1xx_HAL_Driver/Src/stm32f1xx_ll_usb.c **** 
ARM GAS  C:\Users\crist\AppData\Local\Temp\ccqk2JNa.s 			page 5


 203:Drivers/STM32F1xx_HAL_Driver/Src/stm32f1xx_ll_usb.c **** /**
 204:Drivers/STM32F1xx_HAL_Driver/Src/stm32f1xx_ll_usb.c ****   * @brief  USB_SetCurrentMode Set functional mode
 205:Drivers/STM32F1xx_HAL_Driver/Src/stm32f1xx_ll_usb.c ****   * @param  USBx  Selected device
 206:Drivers/STM32F1xx_HAL_Driver/Src/stm32f1xx_ll_usb.c ****   * @param  mode  current core mode
 207:Drivers/STM32F1xx_HAL_Driver/Src/stm32f1xx_ll_usb.c ****   *          This parameter can be one of these values:
 208:Drivers/STM32F1xx_HAL_Driver/Src/stm32f1xx_ll_usb.c ****   *            @arg USB_DEVICE_MODE Peripheral mode
 209:Drivers/STM32F1xx_HAL_Driver/Src/stm32f1xx_ll_usb.c ****   *            @arg USB_HOST_MODE Host mode
 210:Drivers/STM32F1xx_HAL_Driver/Src/stm32f1xx_ll_usb.c ****   * @retval HAL status
 211:Drivers/STM32F1xx_HAL_Driver/Src/stm32f1xx_ll_usb.c ****   */
 212:Drivers/STM32F1xx_HAL_Driver/Src/stm32f1xx_ll_usb.c **** HAL_StatusTypeDef USB_SetCurrentMode(USB_OTG_GlobalTypeDef *USBx, USB_ModeTypeDef mode)
 213:Drivers/STM32F1xx_HAL_Driver/Src/stm32f1xx_ll_usb.c **** {
 214:Drivers/STM32F1xx_HAL_Driver/Src/stm32f1xx_ll_usb.c ****   uint32_t ms = 0U;
 215:Drivers/STM32F1xx_HAL_Driver/Src/stm32f1xx_ll_usb.c **** 
 216:Drivers/STM32F1xx_HAL_Driver/Src/stm32f1xx_ll_usb.c ****   USBx->GUSBCFG &= ~(USB_OTG_GUSBCFG_FHMOD | USB_OTG_GUSBCFG_FDMOD);
 217:Drivers/STM32F1xx_HAL_Driver/Src/stm32f1xx_ll_usb.c **** 
 218:Drivers/STM32F1xx_HAL_Driver/Src/stm32f1xx_ll_usb.c ****   if (mode == USB_HOST_MODE)
 219:Drivers/STM32F1xx_HAL_Driver/Src/stm32f1xx_ll_usb.c ****   {
 220:Drivers/STM32F1xx_HAL_Driver/Src/stm32f1xx_ll_usb.c ****     USBx->GUSBCFG |= USB_OTG_GUSBCFG_FHMOD;
 221:Drivers/STM32F1xx_HAL_Driver/Src/stm32f1xx_ll_usb.c **** 
 222:Drivers/STM32F1xx_HAL_Driver/Src/stm32f1xx_ll_usb.c ****     do
 223:Drivers/STM32F1xx_HAL_Driver/Src/stm32f1xx_ll_usb.c ****     {
 224:Drivers/STM32F1xx_HAL_Driver/Src/stm32f1xx_ll_usb.c ****       HAL_Delay(1U);
 225:Drivers/STM32F1xx_HAL_Driver/Src/stm32f1xx_ll_usb.c ****       ms++;
 226:Drivers/STM32F1xx_HAL_Driver/Src/stm32f1xx_ll_usb.c ****     } while ((USB_GetMode(USBx) != (uint32_t)USB_HOST_MODE) && (ms < 50U));
 227:Drivers/STM32F1xx_HAL_Driver/Src/stm32f1xx_ll_usb.c ****   }
 228:Drivers/STM32F1xx_HAL_Driver/Src/stm32f1xx_ll_usb.c ****   else if (mode == USB_DEVICE_MODE)
 229:Drivers/STM32F1xx_HAL_Driver/Src/stm32f1xx_ll_usb.c ****   {
 230:Drivers/STM32F1xx_HAL_Driver/Src/stm32f1xx_ll_usb.c ****     USBx->GUSBCFG |= USB_OTG_GUSBCFG_FDMOD;
 231:Drivers/STM32F1xx_HAL_Driver/Src/stm32f1xx_ll_usb.c **** 
 232:Drivers/STM32F1xx_HAL_Driver/Src/stm32f1xx_ll_usb.c ****     do
 233:Drivers/STM32F1xx_HAL_Driver/Src/stm32f1xx_ll_usb.c ****     {
 234:Drivers/STM32F1xx_HAL_Driver/Src/stm32f1xx_ll_usb.c ****       HAL_Delay(1U);
 235:Drivers/STM32F1xx_HAL_Driver/Src/stm32f1xx_ll_usb.c ****       ms++;
 236:Drivers/STM32F1xx_HAL_Driver/Src/stm32f1xx_ll_usb.c ****     } while ((USB_GetMode(USBx) != (uint32_t)USB_DEVICE_MODE) && (ms < 50U));
 237:Drivers/STM32F1xx_HAL_Driver/Src/stm32f1xx_ll_usb.c ****   }
 238:Drivers/STM32F1xx_HAL_Driver/Src/stm32f1xx_ll_usb.c ****   else
 239:Drivers/STM32F1xx_HAL_Driver/Src/stm32f1xx_ll_usb.c ****   {
 240:Drivers/STM32F1xx_HAL_Driver/Src/stm32f1xx_ll_usb.c ****     return HAL_ERROR;
 241:Drivers/STM32F1xx_HAL_Driver/Src/stm32f1xx_ll_usb.c ****   }
 242:Drivers/STM32F1xx_HAL_Driver/Src/stm32f1xx_ll_usb.c **** 
 243:Drivers/STM32F1xx_HAL_Driver/Src/stm32f1xx_ll_usb.c ****   if (ms == 50U)
 244:Drivers/STM32F1xx_HAL_Driver/Src/stm32f1xx_ll_usb.c ****   {
 245:Drivers/STM32F1xx_HAL_Driver/Src/stm32f1xx_ll_usb.c ****     return HAL_ERROR;
 246:Drivers/STM32F1xx_HAL_Driver/Src/stm32f1xx_ll_usb.c ****   }
 247:Drivers/STM32F1xx_HAL_Driver/Src/stm32f1xx_ll_usb.c **** 
 248:Drivers/STM32F1xx_HAL_Driver/Src/stm32f1xx_ll_usb.c ****   return HAL_OK;
 249:Drivers/STM32F1xx_HAL_Driver/Src/stm32f1xx_ll_usb.c **** }
 250:Drivers/STM32F1xx_HAL_Driver/Src/stm32f1xx_ll_usb.c **** 
 251:Drivers/STM32F1xx_HAL_Driver/Src/stm32f1xx_ll_usb.c **** /**
 252:Drivers/STM32F1xx_HAL_Driver/Src/stm32f1xx_ll_usb.c ****   * @brief  USB_DevInit Initializes the USB_OTG controller registers
 253:Drivers/STM32F1xx_HAL_Driver/Src/stm32f1xx_ll_usb.c ****   *         for device mode
 254:Drivers/STM32F1xx_HAL_Driver/Src/stm32f1xx_ll_usb.c ****   * @param  USBx  Selected device
 255:Drivers/STM32F1xx_HAL_Driver/Src/stm32f1xx_ll_usb.c ****   * @param  cfg   pointer to a USB_OTG_CfgTypeDef structure that contains
 256:Drivers/STM32F1xx_HAL_Driver/Src/stm32f1xx_ll_usb.c ****   *         the configuration information for the specified USBx peripheral.
 257:Drivers/STM32F1xx_HAL_Driver/Src/stm32f1xx_ll_usb.c ****   * @retval HAL status
 258:Drivers/STM32F1xx_HAL_Driver/Src/stm32f1xx_ll_usb.c ****   */
 259:Drivers/STM32F1xx_HAL_Driver/Src/stm32f1xx_ll_usb.c **** HAL_StatusTypeDef USB_DevInit(USB_OTG_GlobalTypeDef *USBx, USB_OTG_CfgTypeDef cfg)
ARM GAS  C:\Users\crist\AppData\Local\Temp\ccqk2JNa.s 			page 6


 260:Drivers/STM32F1xx_HAL_Driver/Src/stm32f1xx_ll_usb.c **** {
 261:Drivers/STM32F1xx_HAL_Driver/Src/stm32f1xx_ll_usb.c ****   HAL_StatusTypeDef ret = HAL_OK;
 262:Drivers/STM32F1xx_HAL_Driver/Src/stm32f1xx_ll_usb.c ****   uint32_t USBx_BASE = (uint32_t)USBx;
 263:Drivers/STM32F1xx_HAL_Driver/Src/stm32f1xx_ll_usb.c ****   uint32_t i;
 264:Drivers/STM32F1xx_HAL_Driver/Src/stm32f1xx_ll_usb.c **** 
 265:Drivers/STM32F1xx_HAL_Driver/Src/stm32f1xx_ll_usb.c ****   for (i = 0U; i < 15U; i++)
 266:Drivers/STM32F1xx_HAL_Driver/Src/stm32f1xx_ll_usb.c ****   {
 267:Drivers/STM32F1xx_HAL_Driver/Src/stm32f1xx_ll_usb.c ****     USBx->DIEPTXF[i] = 0U;
 268:Drivers/STM32F1xx_HAL_Driver/Src/stm32f1xx_ll_usb.c ****   }
 269:Drivers/STM32F1xx_HAL_Driver/Src/stm32f1xx_ll_usb.c **** 
 270:Drivers/STM32F1xx_HAL_Driver/Src/stm32f1xx_ll_usb.c ****   /* Enable HW VBUS sensing */
 271:Drivers/STM32F1xx_HAL_Driver/Src/stm32f1xx_ll_usb.c ****   USBx->GCCFG |= USB_OTG_GCCFG_VBUSBSEN;
 272:Drivers/STM32F1xx_HAL_Driver/Src/stm32f1xx_ll_usb.c **** 
 273:Drivers/STM32F1xx_HAL_Driver/Src/stm32f1xx_ll_usb.c ****   /* Restart the Phy Clock */
 274:Drivers/STM32F1xx_HAL_Driver/Src/stm32f1xx_ll_usb.c ****   USBx_PCGCCTL = 0U;
 275:Drivers/STM32F1xx_HAL_Driver/Src/stm32f1xx_ll_usb.c **** 
 276:Drivers/STM32F1xx_HAL_Driver/Src/stm32f1xx_ll_usb.c ****   /* Set Core speed to Full speed mode */
 277:Drivers/STM32F1xx_HAL_Driver/Src/stm32f1xx_ll_usb.c ****   (void)USB_SetDevSpeed(USBx, USB_OTG_SPEED_FULL);
 278:Drivers/STM32F1xx_HAL_Driver/Src/stm32f1xx_ll_usb.c **** 
 279:Drivers/STM32F1xx_HAL_Driver/Src/stm32f1xx_ll_usb.c ****   /* Flush the FIFOs */
 280:Drivers/STM32F1xx_HAL_Driver/Src/stm32f1xx_ll_usb.c ****   if (USB_FlushTxFifo(USBx, 0x10U) != HAL_OK) /* all Tx FIFOs */
 281:Drivers/STM32F1xx_HAL_Driver/Src/stm32f1xx_ll_usb.c ****   {
 282:Drivers/STM32F1xx_HAL_Driver/Src/stm32f1xx_ll_usb.c ****     ret = HAL_ERROR;
 283:Drivers/STM32F1xx_HAL_Driver/Src/stm32f1xx_ll_usb.c ****   }
 284:Drivers/STM32F1xx_HAL_Driver/Src/stm32f1xx_ll_usb.c **** 
 285:Drivers/STM32F1xx_HAL_Driver/Src/stm32f1xx_ll_usb.c ****   if (USB_FlushRxFifo(USBx) != HAL_OK)
 286:Drivers/STM32F1xx_HAL_Driver/Src/stm32f1xx_ll_usb.c ****   {
 287:Drivers/STM32F1xx_HAL_Driver/Src/stm32f1xx_ll_usb.c ****     ret = HAL_ERROR;
 288:Drivers/STM32F1xx_HAL_Driver/Src/stm32f1xx_ll_usb.c ****   }
 289:Drivers/STM32F1xx_HAL_Driver/Src/stm32f1xx_ll_usb.c **** 
 290:Drivers/STM32F1xx_HAL_Driver/Src/stm32f1xx_ll_usb.c ****   /* Clear all pending Device Interrupts */
 291:Drivers/STM32F1xx_HAL_Driver/Src/stm32f1xx_ll_usb.c ****   USBx_DEVICE->DIEPMSK = 0U;
 292:Drivers/STM32F1xx_HAL_Driver/Src/stm32f1xx_ll_usb.c ****   USBx_DEVICE->DOEPMSK = 0U;
 293:Drivers/STM32F1xx_HAL_Driver/Src/stm32f1xx_ll_usb.c ****   USBx_DEVICE->DAINTMSK = 0U;
 294:Drivers/STM32F1xx_HAL_Driver/Src/stm32f1xx_ll_usb.c **** 
 295:Drivers/STM32F1xx_HAL_Driver/Src/stm32f1xx_ll_usb.c ****   for (i = 0U; i < cfg.dev_endpoints; i++)
 296:Drivers/STM32F1xx_HAL_Driver/Src/stm32f1xx_ll_usb.c ****   {
 297:Drivers/STM32F1xx_HAL_Driver/Src/stm32f1xx_ll_usb.c ****     if ((USBx_INEP(i)->DIEPCTL & USB_OTG_DIEPCTL_EPENA) == USB_OTG_DIEPCTL_EPENA)
 298:Drivers/STM32F1xx_HAL_Driver/Src/stm32f1xx_ll_usb.c ****     {
 299:Drivers/STM32F1xx_HAL_Driver/Src/stm32f1xx_ll_usb.c ****       if (i == 0U)
 300:Drivers/STM32F1xx_HAL_Driver/Src/stm32f1xx_ll_usb.c ****       {
 301:Drivers/STM32F1xx_HAL_Driver/Src/stm32f1xx_ll_usb.c ****         USBx_INEP(i)->DIEPCTL = USB_OTG_DIEPCTL_SNAK;
 302:Drivers/STM32F1xx_HAL_Driver/Src/stm32f1xx_ll_usb.c ****       }
 303:Drivers/STM32F1xx_HAL_Driver/Src/stm32f1xx_ll_usb.c ****       else
 304:Drivers/STM32F1xx_HAL_Driver/Src/stm32f1xx_ll_usb.c ****       {
 305:Drivers/STM32F1xx_HAL_Driver/Src/stm32f1xx_ll_usb.c ****         USBx_INEP(i)->DIEPCTL = USB_OTG_DIEPCTL_EPDIS | USB_OTG_DIEPCTL_SNAK;
 306:Drivers/STM32F1xx_HAL_Driver/Src/stm32f1xx_ll_usb.c ****       }
 307:Drivers/STM32F1xx_HAL_Driver/Src/stm32f1xx_ll_usb.c ****     }
 308:Drivers/STM32F1xx_HAL_Driver/Src/stm32f1xx_ll_usb.c ****     else
 309:Drivers/STM32F1xx_HAL_Driver/Src/stm32f1xx_ll_usb.c ****     {
 310:Drivers/STM32F1xx_HAL_Driver/Src/stm32f1xx_ll_usb.c ****       USBx_INEP(i)->DIEPCTL = 0U;
 311:Drivers/STM32F1xx_HAL_Driver/Src/stm32f1xx_ll_usb.c ****     }
 312:Drivers/STM32F1xx_HAL_Driver/Src/stm32f1xx_ll_usb.c **** 
 313:Drivers/STM32F1xx_HAL_Driver/Src/stm32f1xx_ll_usb.c ****     USBx_INEP(i)->DIEPTSIZ = 0U;
 314:Drivers/STM32F1xx_HAL_Driver/Src/stm32f1xx_ll_usb.c ****     USBx_INEP(i)->DIEPINT  = 0xFB7FU;
 315:Drivers/STM32F1xx_HAL_Driver/Src/stm32f1xx_ll_usb.c ****   }
 316:Drivers/STM32F1xx_HAL_Driver/Src/stm32f1xx_ll_usb.c **** 
ARM GAS  C:\Users\crist\AppData\Local\Temp\ccqk2JNa.s 			page 7


 317:Drivers/STM32F1xx_HAL_Driver/Src/stm32f1xx_ll_usb.c ****   for (i = 0U; i < cfg.dev_endpoints; i++)
 318:Drivers/STM32F1xx_HAL_Driver/Src/stm32f1xx_ll_usb.c ****   {
 319:Drivers/STM32F1xx_HAL_Driver/Src/stm32f1xx_ll_usb.c ****     if ((USBx_OUTEP(i)->DOEPCTL & USB_OTG_DOEPCTL_EPENA) == USB_OTG_DOEPCTL_EPENA)
 320:Drivers/STM32F1xx_HAL_Driver/Src/stm32f1xx_ll_usb.c ****     {
 321:Drivers/STM32F1xx_HAL_Driver/Src/stm32f1xx_ll_usb.c ****       if (i == 0U)
 322:Drivers/STM32F1xx_HAL_Driver/Src/stm32f1xx_ll_usb.c ****       {
 323:Drivers/STM32F1xx_HAL_Driver/Src/stm32f1xx_ll_usb.c ****         USBx_OUTEP(i)->DOEPCTL = USB_OTG_DOEPCTL_SNAK;
 324:Drivers/STM32F1xx_HAL_Driver/Src/stm32f1xx_ll_usb.c ****       }
 325:Drivers/STM32F1xx_HAL_Driver/Src/stm32f1xx_ll_usb.c ****       else
 326:Drivers/STM32F1xx_HAL_Driver/Src/stm32f1xx_ll_usb.c ****       {
 327:Drivers/STM32F1xx_HAL_Driver/Src/stm32f1xx_ll_usb.c ****         USBx_OUTEP(i)->DOEPCTL = USB_OTG_DOEPCTL_EPDIS | USB_OTG_DOEPCTL_SNAK;
 328:Drivers/STM32F1xx_HAL_Driver/Src/stm32f1xx_ll_usb.c ****       }
 329:Drivers/STM32F1xx_HAL_Driver/Src/stm32f1xx_ll_usb.c ****     }
 330:Drivers/STM32F1xx_HAL_Driver/Src/stm32f1xx_ll_usb.c ****     else
 331:Drivers/STM32F1xx_HAL_Driver/Src/stm32f1xx_ll_usb.c ****     {
 332:Drivers/STM32F1xx_HAL_Driver/Src/stm32f1xx_ll_usb.c ****       USBx_OUTEP(i)->DOEPCTL = 0U;
 333:Drivers/STM32F1xx_HAL_Driver/Src/stm32f1xx_ll_usb.c ****     }
 334:Drivers/STM32F1xx_HAL_Driver/Src/stm32f1xx_ll_usb.c **** 
 335:Drivers/STM32F1xx_HAL_Driver/Src/stm32f1xx_ll_usb.c ****     USBx_OUTEP(i)->DOEPTSIZ = 0U;
 336:Drivers/STM32F1xx_HAL_Driver/Src/stm32f1xx_ll_usb.c ****     USBx_OUTEP(i)->DOEPINT  = 0xFB7FU;
 337:Drivers/STM32F1xx_HAL_Driver/Src/stm32f1xx_ll_usb.c ****   }
 338:Drivers/STM32F1xx_HAL_Driver/Src/stm32f1xx_ll_usb.c **** 
 339:Drivers/STM32F1xx_HAL_Driver/Src/stm32f1xx_ll_usb.c ****   USBx_DEVICE->DIEPMSK &= ~(USB_OTG_DIEPMSK_TXFURM);
 340:Drivers/STM32F1xx_HAL_Driver/Src/stm32f1xx_ll_usb.c **** 
 341:Drivers/STM32F1xx_HAL_Driver/Src/stm32f1xx_ll_usb.c ****   /* Disable all interrupts. */
 342:Drivers/STM32F1xx_HAL_Driver/Src/stm32f1xx_ll_usb.c ****   USBx->GINTMSK = 0U;
 343:Drivers/STM32F1xx_HAL_Driver/Src/stm32f1xx_ll_usb.c **** 
 344:Drivers/STM32F1xx_HAL_Driver/Src/stm32f1xx_ll_usb.c ****   /* Clear any pending interrupts */
 345:Drivers/STM32F1xx_HAL_Driver/Src/stm32f1xx_ll_usb.c ****   USBx->GINTSTS = 0xBFFFFFFFU;
 346:Drivers/STM32F1xx_HAL_Driver/Src/stm32f1xx_ll_usb.c **** 
 347:Drivers/STM32F1xx_HAL_Driver/Src/stm32f1xx_ll_usb.c ****   /* Enable the common interrupts */
 348:Drivers/STM32F1xx_HAL_Driver/Src/stm32f1xx_ll_usb.c ****   USBx->GINTMSK |= USB_OTG_GINTMSK_RXFLVLM;
 349:Drivers/STM32F1xx_HAL_Driver/Src/stm32f1xx_ll_usb.c **** 
 350:Drivers/STM32F1xx_HAL_Driver/Src/stm32f1xx_ll_usb.c ****   /* Enable interrupts matching to the Device mode ONLY */
 351:Drivers/STM32F1xx_HAL_Driver/Src/stm32f1xx_ll_usb.c ****   USBx->GINTMSK |= USB_OTG_GINTMSK_USBSUSPM | USB_OTG_GINTMSK_USBRST |
 352:Drivers/STM32F1xx_HAL_Driver/Src/stm32f1xx_ll_usb.c ****                    USB_OTG_GINTMSK_ENUMDNEM | USB_OTG_GINTMSK_IEPINT |
 353:Drivers/STM32F1xx_HAL_Driver/Src/stm32f1xx_ll_usb.c ****                    USB_OTG_GINTMSK_OEPINT   | USB_OTG_GINTMSK_IISOIXFRM |
 354:Drivers/STM32F1xx_HAL_Driver/Src/stm32f1xx_ll_usb.c ****                    USB_OTG_GINTMSK_PXFRM_IISOOXFRM | USB_OTG_GINTMSK_WUIM;
 355:Drivers/STM32F1xx_HAL_Driver/Src/stm32f1xx_ll_usb.c **** 
 356:Drivers/STM32F1xx_HAL_Driver/Src/stm32f1xx_ll_usb.c ****   if (cfg.Sof_enable != 0U)
 357:Drivers/STM32F1xx_HAL_Driver/Src/stm32f1xx_ll_usb.c ****   {
 358:Drivers/STM32F1xx_HAL_Driver/Src/stm32f1xx_ll_usb.c ****     USBx->GINTMSK |= USB_OTG_GINTMSK_SOFM;
 359:Drivers/STM32F1xx_HAL_Driver/Src/stm32f1xx_ll_usb.c ****   }
 360:Drivers/STM32F1xx_HAL_Driver/Src/stm32f1xx_ll_usb.c **** 
 361:Drivers/STM32F1xx_HAL_Driver/Src/stm32f1xx_ll_usb.c ****   if (cfg.vbus_sensing_enable == 1U)
 362:Drivers/STM32F1xx_HAL_Driver/Src/stm32f1xx_ll_usb.c ****   {
 363:Drivers/STM32F1xx_HAL_Driver/Src/stm32f1xx_ll_usb.c ****     USBx->GINTMSK |= (USB_OTG_GINTMSK_SRQIM | USB_OTG_GINTMSK_OTGINT);
 364:Drivers/STM32F1xx_HAL_Driver/Src/stm32f1xx_ll_usb.c ****   }
 365:Drivers/STM32F1xx_HAL_Driver/Src/stm32f1xx_ll_usb.c **** 
 366:Drivers/STM32F1xx_HAL_Driver/Src/stm32f1xx_ll_usb.c ****   return ret;
 367:Drivers/STM32F1xx_HAL_Driver/Src/stm32f1xx_ll_usb.c **** }
 368:Drivers/STM32F1xx_HAL_Driver/Src/stm32f1xx_ll_usb.c **** 
 369:Drivers/STM32F1xx_HAL_Driver/Src/stm32f1xx_ll_usb.c **** /**
 370:Drivers/STM32F1xx_HAL_Driver/Src/stm32f1xx_ll_usb.c ****   * @brief  USB_FlushTxFifo Flush a Tx FIFO
 371:Drivers/STM32F1xx_HAL_Driver/Src/stm32f1xx_ll_usb.c ****   * @param  USBx  Selected device
 372:Drivers/STM32F1xx_HAL_Driver/Src/stm32f1xx_ll_usb.c ****   * @param  num  FIFO number
 373:Drivers/STM32F1xx_HAL_Driver/Src/stm32f1xx_ll_usb.c ****   *         This parameter can be a value from 1 to 15
ARM GAS  C:\Users\crist\AppData\Local\Temp\ccqk2JNa.s 			page 8


 374:Drivers/STM32F1xx_HAL_Driver/Src/stm32f1xx_ll_usb.c ****             15 means Flush all Tx FIFOs
 375:Drivers/STM32F1xx_HAL_Driver/Src/stm32f1xx_ll_usb.c ****   * @retval HAL status
 376:Drivers/STM32F1xx_HAL_Driver/Src/stm32f1xx_ll_usb.c ****   */
 377:Drivers/STM32F1xx_HAL_Driver/Src/stm32f1xx_ll_usb.c **** HAL_StatusTypeDef USB_FlushTxFifo(USB_OTG_GlobalTypeDef *USBx, uint32_t num)
 378:Drivers/STM32F1xx_HAL_Driver/Src/stm32f1xx_ll_usb.c **** {
 379:Drivers/STM32F1xx_HAL_Driver/Src/stm32f1xx_ll_usb.c ****   __IO uint32_t count = 0U;
 380:Drivers/STM32F1xx_HAL_Driver/Src/stm32f1xx_ll_usb.c **** 
 381:Drivers/STM32F1xx_HAL_Driver/Src/stm32f1xx_ll_usb.c ****   /* Wait for AHB master IDLE state. */
 382:Drivers/STM32F1xx_HAL_Driver/Src/stm32f1xx_ll_usb.c ****   do
 383:Drivers/STM32F1xx_HAL_Driver/Src/stm32f1xx_ll_usb.c ****   {
 384:Drivers/STM32F1xx_HAL_Driver/Src/stm32f1xx_ll_usb.c ****     count++;
 385:Drivers/STM32F1xx_HAL_Driver/Src/stm32f1xx_ll_usb.c **** 
 386:Drivers/STM32F1xx_HAL_Driver/Src/stm32f1xx_ll_usb.c ****     if (count > 200000U)
 387:Drivers/STM32F1xx_HAL_Driver/Src/stm32f1xx_ll_usb.c ****     {
 388:Drivers/STM32F1xx_HAL_Driver/Src/stm32f1xx_ll_usb.c ****       return HAL_TIMEOUT;
 389:Drivers/STM32F1xx_HAL_Driver/Src/stm32f1xx_ll_usb.c ****     }
 390:Drivers/STM32F1xx_HAL_Driver/Src/stm32f1xx_ll_usb.c ****   } while ((USBx->GRSTCTL & USB_OTG_GRSTCTL_AHBIDL) == 0U);
 391:Drivers/STM32F1xx_HAL_Driver/Src/stm32f1xx_ll_usb.c **** 
 392:Drivers/STM32F1xx_HAL_Driver/Src/stm32f1xx_ll_usb.c ****   /* Flush TX Fifo */
 393:Drivers/STM32F1xx_HAL_Driver/Src/stm32f1xx_ll_usb.c ****   count = 0U;
 394:Drivers/STM32F1xx_HAL_Driver/Src/stm32f1xx_ll_usb.c ****   USBx->GRSTCTL = (USB_OTG_GRSTCTL_TXFFLSH | (num << 6));
 395:Drivers/STM32F1xx_HAL_Driver/Src/stm32f1xx_ll_usb.c **** 
 396:Drivers/STM32F1xx_HAL_Driver/Src/stm32f1xx_ll_usb.c ****   do
 397:Drivers/STM32F1xx_HAL_Driver/Src/stm32f1xx_ll_usb.c ****   {
 398:Drivers/STM32F1xx_HAL_Driver/Src/stm32f1xx_ll_usb.c ****     count++;
 399:Drivers/STM32F1xx_HAL_Driver/Src/stm32f1xx_ll_usb.c **** 
 400:Drivers/STM32F1xx_HAL_Driver/Src/stm32f1xx_ll_usb.c ****     if (count > 200000U)
 401:Drivers/STM32F1xx_HAL_Driver/Src/stm32f1xx_ll_usb.c ****     {
 402:Drivers/STM32F1xx_HAL_Driver/Src/stm32f1xx_ll_usb.c ****       return HAL_TIMEOUT;
 403:Drivers/STM32F1xx_HAL_Driver/Src/stm32f1xx_ll_usb.c ****     }
 404:Drivers/STM32F1xx_HAL_Driver/Src/stm32f1xx_ll_usb.c ****   } while ((USBx->GRSTCTL & USB_OTG_GRSTCTL_TXFFLSH) == USB_OTG_GRSTCTL_TXFFLSH);
 405:Drivers/STM32F1xx_HAL_Driver/Src/stm32f1xx_ll_usb.c **** 
 406:Drivers/STM32F1xx_HAL_Driver/Src/stm32f1xx_ll_usb.c ****   return HAL_OK;
 407:Drivers/STM32F1xx_HAL_Driver/Src/stm32f1xx_ll_usb.c **** }
 408:Drivers/STM32F1xx_HAL_Driver/Src/stm32f1xx_ll_usb.c **** 
 409:Drivers/STM32F1xx_HAL_Driver/Src/stm32f1xx_ll_usb.c **** /**
 410:Drivers/STM32F1xx_HAL_Driver/Src/stm32f1xx_ll_usb.c ****   * @brief  USB_FlushRxFifo  Flush Rx FIFO
 411:Drivers/STM32F1xx_HAL_Driver/Src/stm32f1xx_ll_usb.c ****   * @param  USBx  Selected device
 412:Drivers/STM32F1xx_HAL_Driver/Src/stm32f1xx_ll_usb.c ****   * @retval HAL status
 413:Drivers/STM32F1xx_HAL_Driver/Src/stm32f1xx_ll_usb.c ****   */
 414:Drivers/STM32F1xx_HAL_Driver/Src/stm32f1xx_ll_usb.c **** HAL_StatusTypeDef USB_FlushRxFifo(USB_OTG_GlobalTypeDef *USBx)
 415:Drivers/STM32F1xx_HAL_Driver/Src/stm32f1xx_ll_usb.c **** {
 416:Drivers/STM32F1xx_HAL_Driver/Src/stm32f1xx_ll_usb.c ****   __IO uint32_t count = 0U;
 417:Drivers/STM32F1xx_HAL_Driver/Src/stm32f1xx_ll_usb.c **** 
 418:Drivers/STM32F1xx_HAL_Driver/Src/stm32f1xx_ll_usb.c ****   /* Wait for AHB master IDLE state. */
 419:Drivers/STM32F1xx_HAL_Driver/Src/stm32f1xx_ll_usb.c ****   do
 420:Drivers/STM32F1xx_HAL_Driver/Src/stm32f1xx_ll_usb.c ****   {
 421:Drivers/STM32F1xx_HAL_Driver/Src/stm32f1xx_ll_usb.c ****     count++;
 422:Drivers/STM32F1xx_HAL_Driver/Src/stm32f1xx_ll_usb.c **** 
 423:Drivers/STM32F1xx_HAL_Driver/Src/stm32f1xx_ll_usb.c ****     if (count > 200000U)
 424:Drivers/STM32F1xx_HAL_Driver/Src/stm32f1xx_ll_usb.c ****     {
 425:Drivers/STM32F1xx_HAL_Driver/Src/stm32f1xx_ll_usb.c ****       return HAL_TIMEOUT;
 426:Drivers/STM32F1xx_HAL_Driver/Src/stm32f1xx_ll_usb.c ****     }
 427:Drivers/STM32F1xx_HAL_Driver/Src/stm32f1xx_ll_usb.c ****   } while ((USBx->GRSTCTL & USB_OTG_GRSTCTL_AHBIDL) == 0U);
 428:Drivers/STM32F1xx_HAL_Driver/Src/stm32f1xx_ll_usb.c **** 
 429:Drivers/STM32F1xx_HAL_Driver/Src/stm32f1xx_ll_usb.c ****   /* Flush RX Fifo */
 430:Drivers/STM32F1xx_HAL_Driver/Src/stm32f1xx_ll_usb.c ****   count = 0U;
ARM GAS  C:\Users\crist\AppData\Local\Temp\ccqk2JNa.s 			page 9


 431:Drivers/STM32F1xx_HAL_Driver/Src/stm32f1xx_ll_usb.c ****   USBx->GRSTCTL = USB_OTG_GRSTCTL_RXFFLSH;
 432:Drivers/STM32F1xx_HAL_Driver/Src/stm32f1xx_ll_usb.c **** 
 433:Drivers/STM32F1xx_HAL_Driver/Src/stm32f1xx_ll_usb.c ****   do
 434:Drivers/STM32F1xx_HAL_Driver/Src/stm32f1xx_ll_usb.c ****   {
 435:Drivers/STM32F1xx_HAL_Driver/Src/stm32f1xx_ll_usb.c ****     count++;
 436:Drivers/STM32F1xx_HAL_Driver/Src/stm32f1xx_ll_usb.c **** 
 437:Drivers/STM32F1xx_HAL_Driver/Src/stm32f1xx_ll_usb.c ****     if (count > 200000U)
 438:Drivers/STM32F1xx_HAL_Driver/Src/stm32f1xx_ll_usb.c ****     {
 439:Drivers/STM32F1xx_HAL_Driver/Src/stm32f1xx_ll_usb.c ****       return HAL_TIMEOUT;
 440:Drivers/STM32F1xx_HAL_Driver/Src/stm32f1xx_ll_usb.c ****     }
 441:Drivers/STM32F1xx_HAL_Driver/Src/stm32f1xx_ll_usb.c ****   } while ((USBx->GRSTCTL & USB_OTG_GRSTCTL_RXFFLSH) == USB_OTG_GRSTCTL_RXFFLSH);
 442:Drivers/STM32F1xx_HAL_Driver/Src/stm32f1xx_ll_usb.c **** 
 443:Drivers/STM32F1xx_HAL_Driver/Src/stm32f1xx_ll_usb.c ****   return HAL_OK;
 444:Drivers/STM32F1xx_HAL_Driver/Src/stm32f1xx_ll_usb.c **** }
 445:Drivers/STM32F1xx_HAL_Driver/Src/stm32f1xx_ll_usb.c **** 
 446:Drivers/STM32F1xx_HAL_Driver/Src/stm32f1xx_ll_usb.c **** /**
 447:Drivers/STM32F1xx_HAL_Driver/Src/stm32f1xx_ll_usb.c ****   * @brief  USB_SetDevSpeed  Initializes the DevSpd field of DCFG register
 448:Drivers/STM32F1xx_HAL_Driver/Src/stm32f1xx_ll_usb.c ****   *         depending the PHY type and the enumeration speed of the device.
 449:Drivers/STM32F1xx_HAL_Driver/Src/stm32f1xx_ll_usb.c ****   * @param  USBx  Selected device
 450:Drivers/STM32F1xx_HAL_Driver/Src/stm32f1xx_ll_usb.c ****   * @param  speed  device speed
 451:Drivers/STM32F1xx_HAL_Driver/Src/stm32f1xx_ll_usb.c ****   *          This parameter can be one of these values:
 452:Drivers/STM32F1xx_HAL_Driver/Src/stm32f1xx_ll_usb.c ****   *            @arg USB_OTG_SPEED_FULL: Full speed mode
 453:Drivers/STM32F1xx_HAL_Driver/Src/stm32f1xx_ll_usb.c ****   * @retval  Hal status
 454:Drivers/STM32F1xx_HAL_Driver/Src/stm32f1xx_ll_usb.c ****   */
 455:Drivers/STM32F1xx_HAL_Driver/Src/stm32f1xx_ll_usb.c **** HAL_StatusTypeDef USB_SetDevSpeed(USB_OTG_GlobalTypeDef *USBx, uint8_t speed)
 456:Drivers/STM32F1xx_HAL_Driver/Src/stm32f1xx_ll_usb.c **** {
 457:Drivers/STM32F1xx_HAL_Driver/Src/stm32f1xx_ll_usb.c ****   uint32_t USBx_BASE = (uint32_t)USBx;
 458:Drivers/STM32F1xx_HAL_Driver/Src/stm32f1xx_ll_usb.c **** 
 459:Drivers/STM32F1xx_HAL_Driver/Src/stm32f1xx_ll_usb.c ****   USBx_DEVICE->DCFG |= speed;
 460:Drivers/STM32F1xx_HAL_Driver/Src/stm32f1xx_ll_usb.c ****   return HAL_OK;
 461:Drivers/STM32F1xx_HAL_Driver/Src/stm32f1xx_ll_usb.c **** }
 462:Drivers/STM32F1xx_HAL_Driver/Src/stm32f1xx_ll_usb.c **** 
 463:Drivers/STM32F1xx_HAL_Driver/Src/stm32f1xx_ll_usb.c **** /**
 464:Drivers/STM32F1xx_HAL_Driver/Src/stm32f1xx_ll_usb.c ****   * @brief  USB_GetDevSpeed  Return the Dev Speed
 465:Drivers/STM32F1xx_HAL_Driver/Src/stm32f1xx_ll_usb.c ****   * @param  USBx  Selected device
 466:Drivers/STM32F1xx_HAL_Driver/Src/stm32f1xx_ll_usb.c ****   * @retval speed  device speed
 467:Drivers/STM32F1xx_HAL_Driver/Src/stm32f1xx_ll_usb.c ****   *          This parameter can be one of these values:
 468:Drivers/STM32F1xx_HAL_Driver/Src/stm32f1xx_ll_usb.c ****   *            @arg USBD_FS_SPEED: Full speed mode
 469:Drivers/STM32F1xx_HAL_Driver/Src/stm32f1xx_ll_usb.c ****   */
 470:Drivers/STM32F1xx_HAL_Driver/Src/stm32f1xx_ll_usb.c **** uint8_t USB_GetDevSpeed(USB_OTG_GlobalTypeDef *USBx)
 471:Drivers/STM32F1xx_HAL_Driver/Src/stm32f1xx_ll_usb.c **** {
 472:Drivers/STM32F1xx_HAL_Driver/Src/stm32f1xx_ll_usb.c ****   uint32_t USBx_BASE = (uint32_t)USBx;
 473:Drivers/STM32F1xx_HAL_Driver/Src/stm32f1xx_ll_usb.c ****   uint8_t speed;
 474:Drivers/STM32F1xx_HAL_Driver/Src/stm32f1xx_ll_usb.c ****   uint32_t DevEnumSpeed = USBx_DEVICE->DSTS & USB_OTG_DSTS_ENUMSPD;
 475:Drivers/STM32F1xx_HAL_Driver/Src/stm32f1xx_ll_usb.c **** 
 476:Drivers/STM32F1xx_HAL_Driver/Src/stm32f1xx_ll_usb.c ****   if ((DevEnumSpeed == DSTS_ENUMSPD_FS_PHY_30MHZ_OR_60MHZ) ||
 477:Drivers/STM32F1xx_HAL_Driver/Src/stm32f1xx_ll_usb.c ****       (DevEnumSpeed == DSTS_ENUMSPD_FS_PHY_48MHZ))
 478:Drivers/STM32F1xx_HAL_Driver/Src/stm32f1xx_ll_usb.c ****   {
 479:Drivers/STM32F1xx_HAL_Driver/Src/stm32f1xx_ll_usb.c ****     speed = USBD_FS_SPEED;
 480:Drivers/STM32F1xx_HAL_Driver/Src/stm32f1xx_ll_usb.c ****   }
 481:Drivers/STM32F1xx_HAL_Driver/Src/stm32f1xx_ll_usb.c ****   else
 482:Drivers/STM32F1xx_HAL_Driver/Src/stm32f1xx_ll_usb.c ****   {
 483:Drivers/STM32F1xx_HAL_Driver/Src/stm32f1xx_ll_usb.c ****     speed = 0xFU;
 484:Drivers/STM32F1xx_HAL_Driver/Src/stm32f1xx_ll_usb.c ****   }
 485:Drivers/STM32F1xx_HAL_Driver/Src/stm32f1xx_ll_usb.c **** 
 486:Drivers/STM32F1xx_HAL_Driver/Src/stm32f1xx_ll_usb.c ****   return speed;
 487:Drivers/STM32F1xx_HAL_Driver/Src/stm32f1xx_ll_usb.c **** }
ARM GAS  C:\Users\crist\AppData\Local\Temp\ccqk2JNa.s 			page 10


 488:Drivers/STM32F1xx_HAL_Driver/Src/stm32f1xx_ll_usb.c **** 
 489:Drivers/STM32F1xx_HAL_Driver/Src/stm32f1xx_ll_usb.c **** /**
 490:Drivers/STM32F1xx_HAL_Driver/Src/stm32f1xx_ll_usb.c ****   * @brief  Activate and configure an endpoint
 491:Drivers/STM32F1xx_HAL_Driver/Src/stm32f1xx_ll_usb.c ****   * @param  USBx  Selected device
 492:Drivers/STM32F1xx_HAL_Driver/Src/stm32f1xx_ll_usb.c ****   * @param  ep pointer to endpoint structure
 493:Drivers/STM32F1xx_HAL_Driver/Src/stm32f1xx_ll_usb.c ****   * @retval HAL status
 494:Drivers/STM32F1xx_HAL_Driver/Src/stm32f1xx_ll_usb.c ****   */
 495:Drivers/STM32F1xx_HAL_Driver/Src/stm32f1xx_ll_usb.c **** HAL_StatusTypeDef USB_ActivateEndpoint(USB_OTG_GlobalTypeDef *USBx, USB_OTG_EPTypeDef *ep)
 496:Drivers/STM32F1xx_HAL_Driver/Src/stm32f1xx_ll_usb.c **** {
 497:Drivers/STM32F1xx_HAL_Driver/Src/stm32f1xx_ll_usb.c ****   uint32_t USBx_BASE = (uint32_t)USBx;
 498:Drivers/STM32F1xx_HAL_Driver/Src/stm32f1xx_ll_usb.c ****   uint32_t epnum = (uint32_t)ep->num;
 499:Drivers/STM32F1xx_HAL_Driver/Src/stm32f1xx_ll_usb.c **** 
 500:Drivers/STM32F1xx_HAL_Driver/Src/stm32f1xx_ll_usb.c ****   if (ep->is_in == 1U)
 501:Drivers/STM32F1xx_HAL_Driver/Src/stm32f1xx_ll_usb.c ****   {
 502:Drivers/STM32F1xx_HAL_Driver/Src/stm32f1xx_ll_usb.c ****     USBx_DEVICE->DAINTMSK |= USB_OTG_DAINTMSK_IEPM & (uint32_t)(1UL << (ep->num & EP_ADDR_MSK));
 503:Drivers/STM32F1xx_HAL_Driver/Src/stm32f1xx_ll_usb.c **** 
 504:Drivers/STM32F1xx_HAL_Driver/Src/stm32f1xx_ll_usb.c ****     if ((USBx_INEP(epnum)->DIEPCTL & USB_OTG_DIEPCTL_USBAEP) == 0U)
 505:Drivers/STM32F1xx_HAL_Driver/Src/stm32f1xx_ll_usb.c ****     {
 506:Drivers/STM32F1xx_HAL_Driver/Src/stm32f1xx_ll_usb.c ****       USBx_INEP(epnum)->DIEPCTL |= (ep->maxpacket & USB_OTG_DIEPCTL_MPSIZ) |
 507:Drivers/STM32F1xx_HAL_Driver/Src/stm32f1xx_ll_usb.c ****                                    ((uint32_t)ep->type << 18) | (epnum << 22) |
 508:Drivers/STM32F1xx_HAL_Driver/Src/stm32f1xx_ll_usb.c ****                                    USB_OTG_DIEPCTL_SD0PID_SEVNFRM |
 509:Drivers/STM32F1xx_HAL_Driver/Src/stm32f1xx_ll_usb.c ****                                    USB_OTG_DIEPCTL_USBAEP;
 510:Drivers/STM32F1xx_HAL_Driver/Src/stm32f1xx_ll_usb.c ****     }
 511:Drivers/STM32F1xx_HAL_Driver/Src/stm32f1xx_ll_usb.c ****   }
 512:Drivers/STM32F1xx_HAL_Driver/Src/stm32f1xx_ll_usb.c ****   else
 513:Drivers/STM32F1xx_HAL_Driver/Src/stm32f1xx_ll_usb.c ****   {
 514:Drivers/STM32F1xx_HAL_Driver/Src/stm32f1xx_ll_usb.c ****     USBx_DEVICE->DAINTMSK |= USB_OTG_DAINTMSK_OEPM & ((uint32_t)(1UL << (ep->num & EP_ADDR_MSK)) <<
 515:Drivers/STM32F1xx_HAL_Driver/Src/stm32f1xx_ll_usb.c **** 
 516:Drivers/STM32F1xx_HAL_Driver/Src/stm32f1xx_ll_usb.c ****     if (((USBx_OUTEP(epnum)->DOEPCTL) & USB_OTG_DOEPCTL_USBAEP) == 0U)
 517:Drivers/STM32F1xx_HAL_Driver/Src/stm32f1xx_ll_usb.c ****     {
 518:Drivers/STM32F1xx_HAL_Driver/Src/stm32f1xx_ll_usb.c ****       USBx_OUTEP(epnum)->DOEPCTL |= (ep->maxpacket & USB_OTG_DOEPCTL_MPSIZ) |
 519:Drivers/STM32F1xx_HAL_Driver/Src/stm32f1xx_ll_usb.c ****                                     ((uint32_t)ep->type << 18) |
 520:Drivers/STM32F1xx_HAL_Driver/Src/stm32f1xx_ll_usb.c ****                                     USB_OTG_DIEPCTL_SD0PID_SEVNFRM |
 521:Drivers/STM32F1xx_HAL_Driver/Src/stm32f1xx_ll_usb.c ****                                     USB_OTG_DOEPCTL_USBAEP;
 522:Drivers/STM32F1xx_HAL_Driver/Src/stm32f1xx_ll_usb.c ****     }
 523:Drivers/STM32F1xx_HAL_Driver/Src/stm32f1xx_ll_usb.c ****   }
 524:Drivers/STM32F1xx_HAL_Driver/Src/stm32f1xx_ll_usb.c ****   return HAL_OK;
 525:Drivers/STM32F1xx_HAL_Driver/Src/stm32f1xx_ll_usb.c **** }
 526:Drivers/STM32F1xx_HAL_Driver/Src/stm32f1xx_ll_usb.c **** 
 527:Drivers/STM32F1xx_HAL_Driver/Src/stm32f1xx_ll_usb.c **** /**
 528:Drivers/STM32F1xx_HAL_Driver/Src/stm32f1xx_ll_usb.c ****   * @brief  Activate and configure a dedicated endpoint
 529:Drivers/STM32F1xx_HAL_Driver/Src/stm32f1xx_ll_usb.c ****   * @param  USBx  Selected device
 530:Drivers/STM32F1xx_HAL_Driver/Src/stm32f1xx_ll_usb.c ****   * @param  ep pointer to endpoint structure
 531:Drivers/STM32F1xx_HAL_Driver/Src/stm32f1xx_ll_usb.c ****   * @retval HAL status
 532:Drivers/STM32F1xx_HAL_Driver/Src/stm32f1xx_ll_usb.c ****   */
 533:Drivers/STM32F1xx_HAL_Driver/Src/stm32f1xx_ll_usb.c **** HAL_StatusTypeDef USB_ActivateDedicatedEndpoint(USB_OTG_GlobalTypeDef *USBx, USB_OTG_EPTypeDef *ep)
 534:Drivers/STM32F1xx_HAL_Driver/Src/stm32f1xx_ll_usb.c **** {
 535:Drivers/STM32F1xx_HAL_Driver/Src/stm32f1xx_ll_usb.c ****   uint32_t USBx_BASE = (uint32_t)USBx;
 536:Drivers/STM32F1xx_HAL_Driver/Src/stm32f1xx_ll_usb.c ****   uint32_t epnum = (uint32_t)ep->num;
 537:Drivers/STM32F1xx_HAL_Driver/Src/stm32f1xx_ll_usb.c **** 
 538:Drivers/STM32F1xx_HAL_Driver/Src/stm32f1xx_ll_usb.c ****   /* Read DEPCTLn register */
 539:Drivers/STM32F1xx_HAL_Driver/Src/stm32f1xx_ll_usb.c ****   if (ep->is_in == 1U)
 540:Drivers/STM32F1xx_HAL_Driver/Src/stm32f1xx_ll_usb.c ****   {
 541:Drivers/STM32F1xx_HAL_Driver/Src/stm32f1xx_ll_usb.c ****     if (((USBx_INEP(epnum)->DIEPCTL) & USB_OTG_DIEPCTL_USBAEP) == 0U)
 542:Drivers/STM32F1xx_HAL_Driver/Src/stm32f1xx_ll_usb.c ****     {
 543:Drivers/STM32F1xx_HAL_Driver/Src/stm32f1xx_ll_usb.c ****       USBx_INEP(epnum)->DIEPCTL |= (ep->maxpacket & USB_OTG_DIEPCTL_MPSIZ) |
 544:Drivers/STM32F1xx_HAL_Driver/Src/stm32f1xx_ll_usb.c ****                                    ((uint32_t)ep->type << 18) | (epnum << 22) |
ARM GAS  C:\Users\crist\AppData\Local\Temp\ccqk2JNa.s 			page 11


 545:Drivers/STM32F1xx_HAL_Driver/Src/stm32f1xx_ll_usb.c ****                                    USB_OTG_DIEPCTL_SD0PID_SEVNFRM |
 546:Drivers/STM32F1xx_HAL_Driver/Src/stm32f1xx_ll_usb.c ****                                    USB_OTG_DIEPCTL_USBAEP;
 547:Drivers/STM32F1xx_HAL_Driver/Src/stm32f1xx_ll_usb.c ****     }
 548:Drivers/STM32F1xx_HAL_Driver/Src/stm32f1xx_ll_usb.c **** 
 549:Drivers/STM32F1xx_HAL_Driver/Src/stm32f1xx_ll_usb.c ****     USBx_DEVICE->DEACHMSK |= USB_OTG_DAINTMSK_IEPM & (uint32_t)(1UL << (ep->num & EP_ADDR_MSK));
 550:Drivers/STM32F1xx_HAL_Driver/Src/stm32f1xx_ll_usb.c ****   }
 551:Drivers/STM32F1xx_HAL_Driver/Src/stm32f1xx_ll_usb.c ****   else
 552:Drivers/STM32F1xx_HAL_Driver/Src/stm32f1xx_ll_usb.c ****   {
 553:Drivers/STM32F1xx_HAL_Driver/Src/stm32f1xx_ll_usb.c ****     if (((USBx_OUTEP(epnum)->DOEPCTL) & USB_OTG_DOEPCTL_USBAEP) == 0U)
 554:Drivers/STM32F1xx_HAL_Driver/Src/stm32f1xx_ll_usb.c ****     {
 555:Drivers/STM32F1xx_HAL_Driver/Src/stm32f1xx_ll_usb.c ****       USBx_OUTEP(epnum)->DOEPCTL |= (ep->maxpacket & USB_OTG_DOEPCTL_MPSIZ) |
 556:Drivers/STM32F1xx_HAL_Driver/Src/stm32f1xx_ll_usb.c ****                                     ((uint32_t)ep->type << 18) | (epnum << 22) |
 557:Drivers/STM32F1xx_HAL_Driver/Src/stm32f1xx_ll_usb.c ****                                     USB_OTG_DOEPCTL_USBAEP;
 558:Drivers/STM32F1xx_HAL_Driver/Src/stm32f1xx_ll_usb.c ****     }
 559:Drivers/STM32F1xx_HAL_Driver/Src/stm32f1xx_ll_usb.c **** 
 560:Drivers/STM32F1xx_HAL_Driver/Src/stm32f1xx_ll_usb.c ****     USBx_DEVICE->DEACHMSK |= USB_OTG_DAINTMSK_OEPM & ((uint32_t)(1UL << (ep->num & EP_ADDR_MSK)) <<
 561:Drivers/STM32F1xx_HAL_Driver/Src/stm32f1xx_ll_usb.c ****   }
 562:Drivers/STM32F1xx_HAL_Driver/Src/stm32f1xx_ll_usb.c **** 
 563:Drivers/STM32F1xx_HAL_Driver/Src/stm32f1xx_ll_usb.c ****   return HAL_OK;
 564:Drivers/STM32F1xx_HAL_Driver/Src/stm32f1xx_ll_usb.c **** }
 565:Drivers/STM32F1xx_HAL_Driver/Src/stm32f1xx_ll_usb.c **** 
 566:Drivers/STM32F1xx_HAL_Driver/Src/stm32f1xx_ll_usb.c **** /**
 567:Drivers/STM32F1xx_HAL_Driver/Src/stm32f1xx_ll_usb.c ****   * @brief  De-activate and de-initialize an endpoint
 568:Drivers/STM32F1xx_HAL_Driver/Src/stm32f1xx_ll_usb.c ****   * @param  USBx  Selected device
 569:Drivers/STM32F1xx_HAL_Driver/Src/stm32f1xx_ll_usb.c ****   * @param  ep pointer to endpoint structure
 570:Drivers/STM32F1xx_HAL_Driver/Src/stm32f1xx_ll_usb.c ****   * @retval HAL status
 571:Drivers/STM32F1xx_HAL_Driver/Src/stm32f1xx_ll_usb.c ****   */
 572:Drivers/STM32F1xx_HAL_Driver/Src/stm32f1xx_ll_usb.c **** HAL_StatusTypeDef USB_DeactivateEndpoint(USB_OTG_GlobalTypeDef *USBx, USB_OTG_EPTypeDef *ep)
 573:Drivers/STM32F1xx_HAL_Driver/Src/stm32f1xx_ll_usb.c **** {
 574:Drivers/STM32F1xx_HAL_Driver/Src/stm32f1xx_ll_usb.c ****   uint32_t USBx_BASE = (uint32_t)USBx;
 575:Drivers/STM32F1xx_HAL_Driver/Src/stm32f1xx_ll_usb.c ****   uint32_t epnum = (uint32_t)ep->num;
 576:Drivers/STM32F1xx_HAL_Driver/Src/stm32f1xx_ll_usb.c **** 
 577:Drivers/STM32F1xx_HAL_Driver/Src/stm32f1xx_ll_usb.c ****   /* Read DEPCTLn register */
 578:Drivers/STM32F1xx_HAL_Driver/Src/stm32f1xx_ll_usb.c ****   if (ep->is_in == 1U)
 579:Drivers/STM32F1xx_HAL_Driver/Src/stm32f1xx_ll_usb.c ****   {
 580:Drivers/STM32F1xx_HAL_Driver/Src/stm32f1xx_ll_usb.c ****     if ((USBx_INEP(epnum)->DIEPCTL & USB_OTG_DIEPCTL_EPENA) == USB_OTG_DIEPCTL_EPENA)
 581:Drivers/STM32F1xx_HAL_Driver/Src/stm32f1xx_ll_usb.c ****     {
 582:Drivers/STM32F1xx_HAL_Driver/Src/stm32f1xx_ll_usb.c ****       USBx_INEP(epnum)->DIEPCTL |= USB_OTG_DIEPCTL_SNAK;
 583:Drivers/STM32F1xx_HAL_Driver/Src/stm32f1xx_ll_usb.c ****       USBx_INEP(epnum)->DIEPCTL |= USB_OTG_DIEPCTL_EPDIS;
 584:Drivers/STM32F1xx_HAL_Driver/Src/stm32f1xx_ll_usb.c ****     }
 585:Drivers/STM32F1xx_HAL_Driver/Src/stm32f1xx_ll_usb.c **** 
 586:Drivers/STM32F1xx_HAL_Driver/Src/stm32f1xx_ll_usb.c ****     USBx_DEVICE->DEACHMSK &= ~(USB_OTG_DAINTMSK_IEPM & (uint32_t)(1UL << (ep->num & EP_ADDR_MSK)));
 587:Drivers/STM32F1xx_HAL_Driver/Src/stm32f1xx_ll_usb.c ****     USBx_DEVICE->DAINTMSK &= ~(USB_OTG_DAINTMSK_IEPM & (uint32_t)(1UL << (ep->num & EP_ADDR_MSK)));
 588:Drivers/STM32F1xx_HAL_Driver/Src/stm32f1xx_ll_usb.c ****     USBx_INEP(epnum)->DIEPCTL &= ~(USB_OTG_DIEPCTL_USBAEP |
 589:Drivers/STM32F1xx_HAL_Driver/Src/stm32f1xx_ll_usb.c ****                                    USB_OTG_DIEPCTL_MPSIZ |
 590:Drivers/STM32F1xx_HAL_Driver/Src/stm32f1xx_ll_usb.c ****                                    USB_OTG_DIEPCTL_TXFNUM |
 591:Drivers/STM32F1xx_HAL_Driver/Src/stm32f1xx_ll_usb.c ****                                    USB_OTG_DIEPCTL_SD0PID_SEVNFRM |
 592:Drivers/STM32F1xx_HAL_Driver/Src/stm32f1xx_ll_usb.c ****                                    USB_OTG_DIEPCTL_EPTYP);
 593:Drivers/STM32F1xx_HAL_Driver/Src/stm32f1xx_ll_usb.c ****   }
 594:Drivers/STM32F1xx_HAL_Driver/Src/stm32f1xx_ll_usb.c ****   else
 595:Drivers/STM32F1xx_HAL_Driver/Src/stm32f1xx_ll_usb.c ****   {
 596:Drivers/STM32F1xx_HAL_Driver/Src/stm32f1xx_ll_usb.c ****     if ((USBx_OUTEP(epnum)->DOEPCTL & USB_OTG_DOEPCTL_EPENA) == USB_OTG_DOEPCTL_EPENA)
 597:Drivers/STM32F1xx_HAL_Driver/Src/stm32f1xx_ll_usb.c ****     {
 598:Drivers/STM32F1xx_HAL_Driver/Src/stm32f1xx_ll_usb.c ****       USBx_OUTEP(epnum)->DOEPCTL |= USB_OTG_DOEPCTL_SNAK;
 599:Drivers/STM32F1xx_HAL_Driver/Src/stm32f1xx_ll_usb.c ****       USBx_OUTEP(epnum)->DOEPCTL |= USB_OTG_DOEPCTL_EPDIS;
 600:Drivers/STM32F1xx_HAL_Driver/Src/stm32f1xx_ll_usb.c ****     }
 601:Drivers/STM32F1xx_HAL_Driver/Src/stm32f1xx_ll_usb.c **** 
ARM GAS  C:\Users\crist\AppData\Local\Temp\ccqk2JNa.s 			page 12


 602:Drivers/STM32F1xx_HAL_Driver/Src/stm32f1xx_ll_usb.c ****     USBx_DEVICE->DEACHMSK &= ~(USB_OTG_DAINTMSK_OEPM & ((uint32_t)(1UL << (ep->num & EP_ADDR_MSK)) 
 603:Drivers/STM32F1xx_HAL_Driver/Src/stm32f1xx_ll_usb.c ****     USBx_DEVICE->DAINTMSK &= ~(USB_OTG_DAINTMSK_OEPM & ((uint32_t)(1UL << (ep->num & EP_ADDR_MSK)) 
 604:Drivers/STM32F1xx_HAL_Driver/Src/stm32f1xx_ll_usb.c ****     USBx_OUTEP(epnum)->DOEPCTL &= ~(USB_OTG_DOEPCTL_USBAEP |
 605:Drivers/STM32F1xx_HAL_Driver/Src/stm32f1xx_ll_usb.c ****                                     USB_OTG_DOEPCTL_MPSIZ |
 606:Drivers/STM32F1xx_HAL_Driver/Src/stm32f1xx_ll_usb.c ****                                     USB_OTG_DOEPCTL_SD0PID_SEVNFRM |
 607:Drivers/STM32F1xx_HAL_Driver/Src/stm32f1xx_ll_usb.c ****                                     USB_OTG_DOEPCTL_EPTYP);
 608:Drivers/STM32F1xx_HAL_Driver/Src/stm32f1xx_ll_usb.c ****   }
 609:Drivers/STM32F1xx_HAL_Driver/Src/stm32f1xx_ll_usb.c **** 
 610:Drivers/STM32F1xx_HAL_Driver/Src/stm32f1xx_ll_usb.c ****   return HAL_OK;
 611:Drivers/STM32F1xx_HAL_Driver/Src/stm32f1xx_ll_usb.c **** }
 612:Drivers/STM32F1xx_HAL_Driver/Src/stm32f1xx_ll_usb.c **** 
 613:Drivers/STM32F1xx_HAL_Driver/Src/stm32f1xx_ll_usb.c **** /**
 614:Drivers/STM32F1xx_HAL_Driver/Src/stm32f1xx_ll_usb.c ****   * @brief  De-activate and de-initialize a dedicated endpoint
 615:Drivers/STM32F1xx_HAL_Driver/Src/stm32f1xx_ll_usb.c ****   * @param  USBx  Selected device
 616:Drivers/STM32F1xx_HAL_Driver/Src/stm32f1xx_ll_usb.c ****   * @param  ep pointer to endpoint structure
 617:Drivers/STM32F1xx_HAL_Driver/Src/stm32f1xx_ll_usb.c ****   * @retval HAL status
 618:Drivers/STM32F1xx_HAL_Driver/Src/stm32f1xx_ll_usb.c ****   */
 619:Drivers/STM32F1xx_HAL_Driver/Src/stm32f1xx_ll_usb.c **** HAL_StatusTypeDef USB_DeactivateDedicatedEndpoint(USB_OTG_GlobalTypeDef *USBx, USB_OTG_EPTypeDef *e
 620:Drivers/STM32F1xx_HAL_Driver/Src/stm32f1xx_ll_usb.c **** {
 621:Drivers/STM32F1xx_HAL_Driver/Src/stm32f1xx_ll_usb.c ****   uint32_t USBx_BASE = (uint32_t)USBx;
 622:Drivers/STM32F1xx_HAL_Driver/Src/stm32f1xx_ll_usb.c ****   uint32_t epnum = (uint32_t)ep->num;
 623:Drivers/STM32F1xx_HAL_Driver/Src/stm32f1xx_ll_usb.c **** 
 624:Drivers/STM32F1xx_HAL_Driver/Src/stm32f1xx_ll_usb.c ****   /* Read DEPCTLn register */
 625:Drivers/STM32F1xx_HAL_Driver/Src/stm32f1xx_ll_usb.c ****   if (ep->is_in == 1U)
 626:Drivers/STM32F1xx_HAL_Driver/Src/stm32f1xx_ll_usb.c ****   {
 627:Drivers/STM32F1xx_HAL_Driver/Src/stm32f1xx_ll_usb.c ****     if ((USBx_INEP(epnum)->DIEPCTL & USB_OTG_DIEPCTL_EPENA) == USB_OTG_DIEPCTL_EPENA)
 628:Drivers/STM32F1xx_HAL_Driver/Src/stm32f1xx_ll_usb.c ****     {
 629:Drivers/STM32F1xx_HAL_Driver/Src/stm32f1xx_ll_usb.c ****       USBx_INEP(epnum)->DIEPCTL  |= USB_OTG_DIEPCTL_SNAK;
 630:Drivers/STM32F1xx_HAL_Driver/Src/stm32f1xx_ll_usb.c ****       USBx_INEP(epnum)->DIEPCTL  |= USB_OTG_DIEPCTL_EPDIS;
 631:Drivers/STM32F1xx_HAL_Driver/Src/stm32f1xx_ll_usb.c ****     }
 632:Drivers/STM32F1xx_HAL_Driver/Src/stm32f1xx_ll_usb.c **** 
 633:Drivers/STM32F1xx_HAL_Driver/Src/stm32f1xx_ll_usb.c ****     USBx_INEP(epnum)->DIEPCTL &= ~ USB_OTG_DIEPCTL_USBAEP;
 634:Drivers/STM32F1xx_HAL_Driver/Src/stm32f1xx_ll_usb.c ****     USBx_DEVICE->DAINTMSK &= ~(USB_OTG_DAINTMSK_IEPM & (uint32_t)(1UL << (ep->num & EP_ADDR_MSK)));
 635:Drivers/STM32F1xx_HAL_Driver/Src/stm32f1xx_ll_usb.c ****   }
 636:Drivers/STM32F1xx_HAL_Driver/Src/stm32f1xx_ll_usb.c ****   else
 637:Drivers/STM32F1xx_HAL_Driver/Src/stm32f1xx_ll_usb.c ****   {
 638:Drivers/STM32F1xx_HAL_Driver/Src/stm32f1xx_ll_usb.c ****     if ((USBx_OUTEP(epnum)->DOEPCTL & USB_OTG_DOEPCTL_EPENA) == USB_OTG_DOEPCTL_EPENA)
 639:Drivers/STM32F1xx_HAL_Driver/Src/stm32f1xx_ll_usb.c ****     {
 640:Drivers/STM32F1xx_HAL_Driver/Src/stm32f1xx_ll_usb.c ****       USBx_OUTEP(epnum)->DOEPCTL  |= USB_OTG_DOEPCTL_SNAK;
 641:Drivers/STM32F1xx_HAL_Driver/Src/stm32f1xx_ll_usb.c ****       USBx_OUTEP(epnum)->DOEPCTL  |= USB_OTG_DOEPCTL_EPDIS;
 642:Drivers/STM32F1xx_HAL_Driver/Src/stm32f1xx_ll_usb.c ****     }
 643:Drivers/STM32F1xx_HAL_Driver/Src/stm32f1xx_ll_usb.c **** 
 644:Drivers/STM32F1xx_HAL_Driver/Src/stm32f1xx_ll_usb.c ****     USBx_OUTEP(epnum)->DOEPCTL &= ~USB_OTG_DOEPCTL_USBAEP;
 645:Drivers/STM32F1xx_HAL_Driver/Src/stm32f1xx_ll_usb.c ****     USBx_DEVICE->DAINTMSK &= ~(USB_OTG_DAINTMSK_OEPM & ((uint32_t)(1UL << (ep->num & EP_ADDR_MSK)) 
 646:Drivers/STM32F1xx_HAL_Driver/Src/stm32f1xx_ll_usb.c ****   }
 647:Drivers/STM32F1xx_HAL_Driver/Src/stm32f1xx_ll_usb.c **** 
 648:Drivers/STM32F1xx_HAL_Driver/Src/stm32f1xx_ll_usb.c ****   return HAL_OK;
 649:Drivers/STM32F1xx_HAL_Driver/Src/stm32f1xx_ll_usb.c **** }
 650:Drivers/STM32F1xx_HAL_Driver/Src/stm32f1xx_ll_usb.c **** 
 651:Drivers/STM32F1xx_HAL_Driver/Src/stm32f1xx_ll_usb.c **** /**
 652:Drivers/STM32F1xx_HAL_Driver/Src/stm32f1xx_ll_usb.c ****   * @brief  USB_EPStartXfer : setup and starts a transfer over an EP
 653:Drivers/STM32F1xx_HAL_Driver/Src/stm32f1xx_ll_usb.c ****   * @param  USBx  Selected device
 654:Drivers/STM32F1xx_HAL_Driver/Src/stm32f1xx_ll_usb.c ****   * @param  ep pointer to endpoint structure
 655:Drivers/STM32F1xx_HAL_Driver/Src/stm32f1xx_ll_usb.c ****   * @retval HAL status
 656:Drivers/STM32F1xx_HAL_Driver/Src/stm32f1xx_ll_usb.c ****   */
 657:Drivers/STM32F1xx_HAL_Driver/Src/stm32f1xx_ll_usb.c **** HAL_StatusTypeDef USB_EPStartXfer(USB_OTG_GlobalTypeDef *USBx, USB_OTG_EPTypeDef *ep)
 658:Drivers/STM32F1xx_HAL_Driver/Src/stm32f1xx_ll_usb.c **** {
ARM GAS  C:\Users\crist\AppData\Local\Temp\ccqk2JNa.s 			page 13


 659:Drivers/STM32F1xx_HAL_Driver/Src/stm32f1xx_ll_usb.c ****   uint32_t USBx_BASE = (uint32_t)USBx;
 660:Drivers/STM32F1xx_HAL_Driver/Src/stm32f1xx_ll_usb.c ****   uint32_t epnum = (uint32_t)ep->num;
 661:Drivers/STM32F1xx_HAL_Driver/Src/stm32f1xx_ll_usb.c ****   uint16_t pktcnt;
 662:Drivers/STM32F1xx_HAL_Driver/Src/stm32f1xx_ll_usb.c **** 
 663:Drivers/STM32F1xx_HAL_Driver/Src/stm32f1xx_ll_usb.c ****   /* IN endpoint */
 664:Drivers/STM32F1xx_HAL_Driver/Src/stm32f1xx_ll_usb.c ****   if (ep->is_in == 1U)
 665:Drivers/STM32F1xx_HAL_Driver/Src/stm32f1xx_ll_usb.c ****   {
 666:Drivers/STM32F1xx_HAL_Driver/Src/stm32f1xx_ll_usb.c ****     /* Zero Length Packet? */
 667:Drivers/STM32F1xx_HAL_Driver/Src/stm32f1xx_ll_usb.c ****     if (ep->xfer_len == 0U)
 668:Drivers/STM32F1xx_HAL_Driver/Src/stm32f1xx_ll_usb.c ****     {
 669:Drivers/STM32F1xx_HAL_Driver/Src/stm32f1xx_ll_usb.c ****       USBx_INEP(epnum)->DIEPTSIZ &= ~(USB_OTG_DIEPTSIZ_PKTCNT);
 670:Drivers/STM32F1xx_HAL_Driver/Src/stm32f1xx_ll_usb.c ****       USBx_INEP(epnum)->DIEPTSIZ |= (USB_OTG_DIEPTSIZ_PKTCNT & (1U << 19));
 671:Drivers/STM32F1xx_HAL_Driver/Src/stm32f1xx_ll_usb.c ****       USBx_INEP(epnum)->DIEPTSIZ &= ~(USB_OTG_DIEPTSIZ_XFRSIZ);
 672:Drivers/STM32F1xx_HAL_Driver/Src/stm32f1xx_ll_usb.c ****     }
 673:Drivers/STM32F1xx_HAL_Driver/Src/stm32f1xx_ll_usb.c ****     else
 674:Drivers/STM32F1xx_HAL_Driver/Src/stm32f1xx_ll_usb.c ****     {
 675:Drivers/STM32F1xx_HAL_Driver/Src/stm32f1xx_ll_usb.c ****       /* Program the transfer size and packet count
 676:Drivers/STM32F1xx_HAL_Driver/Src/stm32f1xx_ll_usb.c ****       * as follows: xfersize = N * maxpacket +
 677:Drivers/STM32F1xx_HAL_Driver/Src/stm32f1xx_ll_usb.c ****       * short_packet pktcnt = N + (short_packet
 678:Drivers/STM32F1xx_HAL_Driver/Src/stm32f1xx_ll_usb.c ****       * exist ? 1 : 0)
 679:Drivers/STM32F1xx_HAL_Driver/Src/stm32f1xx_ll_usb.c ****       */
 680:Drivers/STM32F1xx_HAL_Driver/Src/stm32f1xx_ll_usb.c ****       USBx_INEP(epnum)->DIEPTSIZ &= ~(USB_OTG_DIEPTSIZ_XFRSIZ);
 681:Drivers/STM32F1xx_HAL_Driver/Src/stm32f1xx_ll_usb.c ****       USBx_INEP(epnum)->DIEPTSIZ &= ~(USB_OTG_DIEPTSIZ_PKTCNT);
 682:Drivers/STM32F1xx_HAL_Driver/Src/stm32f1xx_ll_usb.c **** 
 683:Drivers/STM32F1xx_HAL_Driver/Src/stm32f1xx_ll_usb.c ****       if (epnum == 0U)
 684:Drivers/STM32F1xx_HAL_Driver/Src/stm32f1xx_ll_usb.c ****       {
 685:Drivers/STM32F1xx_HAL_Driver/Src/stm32f1xx_ll_usb.c ****         if (ep->xfer_len > ep->maxpacket)
 686:Drivers/STM32F1xx_HAL_Driver/Src/stm32f1xx_ll_usb.c ****         {
 687:Drivers/STM32F1xx_HAL_Driver/Src/stm32f1xx_ll_usb.c ****           ep->xfer_len = ep->maxpacket;
 688:Drivers/STM32F1xx_HAL_Driver/Src/stm32f1xx_ll_usb.c ****         }
 689:Drivers/STM32F1xx_HAL_Driver/Src/stm32f1xx_ll_usb.c **** 
 690:Drivers/STM32F1xx_HAL_Driver/Src/stm32f1xx_ll_usb.c ****         USBx_INEP(epnum)->DIEPTSIZ |= (USB_OTG_DIEPTSIZ_PKTCNT & (1U << 19));
 691:Drivers/STM32F1xx_HAL_Driver/Src/stm32f1xx_ll_usb.c ****       }
 692:Drivers/STM32F1xx_HAL_Driver/Src/stm32f1xx_ll_usb.c ****       else
 693:Drivers/STM32F1xx_HAL_Driver/Src/stm32f1xx_ll_usb.c ****       {
 694:Drivers/STM32F1xx_HAL_Driver/Src/stm32f1xx_ll_usb.c ****         USBx_INEP(epnum)->DIEPTSIZ |= (USB_OTG_DIEPTSIZ_PKTCNT &
 695:Drivers/STM32F1xx_HAL_Driver/Src/stm32f1xx_ll_usb.c ****                                        (((ep->xfer_len + ep->maxpacket - 1U) / ep->maxpacket) << 19
 696:Drivers/STM32F1xx_HAL_Driver/Src/stm32f1xx_ll_usb.c ****       }
 697:Drivers/STM32F1xx_HAL_Driver/Src/stm32f1xx_ll_usb.c **** 
 698:Drivers/STM32F1xx_HAL_Driver/Src/stm32f1xx_ll_usb.c ****       USBx_INEP(epnum)->DIEPTSIZ |= (USB_OTG_DIEPTSIZ_XFRSIZ & ep->xfer_len);
 699:Drivers/STM32F1xx_HAL_Driver/Src/stm32f1xx_ll_usb.c **** 
 700:Drivers/STM32F1xx_HAL_Driver/Src/stm32f1xx_ll_usb.c ****       if (ep->type == EP_TYPE_ISOC)
 701:Drivers/STM32F1xx_HAL_Driver/Src/stm32f1xx_ll_usb.c ****       {
 702:Drivers/STM32F1xx_HAL_Driver/Src/stm32f1xx_ll_usb.c ****         USBx_INEP(epnum)->DIEPTSIZ &= ~(USB_OTG_DIEPTSIZ_MULCNT);
 703:Drivers/STM32F1xx_HAL_Driver/Src/stm32f1xx_ll_usb.c ****         USBx_INEP(epnum)->DIEPTSIZ |= (USB_OTG_DIEPTSIZ_MULCNT & (1U << 29));
 704:Drivers/STM32F1xx_HAL_Driver/Src/stm32f1xx_ll_usb.c ****       }
 705:Drivers/STM32F1xx_HAL_Driver/Src/stm32f1xx_ll_usb.c ****     }
 706:Drivers/STM32F1xx_HAL_Driver/Src/stm32f1xx_ll_usb.c ****     /* EP enable, IN data in FIFO */
 707:Drivers/STM32F1xx_HAL_Driver/Src/stm32f1xx_ll_usb.c ****     USBx_INEP(epnum)->DIEPCTL |= (USB_OTG_DIEPCTL_CNAK | USB_OTG_DIEPCTL_EPENA);
 708:Drivers/STM32F1xx_HAL_Driver/Src/stm32f1xx_ll_usb.c **** 
 709:Drivers/STM32F1xx_HAL_Driver/Src/stm32f1xx_ll_usb.c ****     if (ep->type != EP_TYPE_ISOC)
 710:Drivers/STM32F1xx_HAL_Driver/Src/stm32f1xx_ll_usb.c ****     {
 711:Drivers/STM32F1xx_HAL_Driver/Src/stm32f1xx_ll_usb.c ****       /* Enable the Tx FIFO Empty Interrupt for this EP */
 712:Drivers/STM32F1xx_HAL_Driver/Src/stm32f1xx_ll_usb.c ****       if (ep->xfer_len > 0U)
 713:Drivers/STM32F1xx_HAL_Driver/Src/stm32f1xx_ll_usb.c ****       {
 714:Drivers/STM32F1xx_HAL_Driver/Src/stm32f1xx_ll_usb.c ****         USBx_DEVICE->DIEPEMPMSK |= 1UL << (ep->num & EP_ADDR_MSK);
 715:Drivers/STM32F1xx_HAL_Driver/Src/stm32f1xx_ll_usb.c ****       }
ARM GAS  C:\Users\crist\AppData\Local\Temp\ccqk2JNa.s 			page 14


 716:Drivers/STM32F1xx_HAL_Driver/Src/stm32f1xx_ll_usb.c ****     }
 717:Drivers/STM32F1xx_HAL_Driver/Src/stm32f1xx_ll_usb.c ****     else
 718:Drivers/STM32F1xx_HAL_Driver/Src/stm32f1xx_ll_usb.c ****     {
 719:Drivers/STM32F1xx_HAL_Driver/Src/stm32f1xx_ll_usb.c ****       if ((USBx_DEVICE->DSTS & (1U << 8)) == 0U)
 720:Drivers/STM32F1xx_HAL_Driver/Src/stm32f1xx_ll_usb.c ****       {
 721:Drivers/STM32F1xx_HAL_Driver/Src/stm32f1xx_ll_usb.c ****         USBx_INEP(epnum)->DIEPCTL |= USB_OTG_DIEPCTL_SODDFRM;
 722:Drivers/STM32F1xx_HAL_Driver/Src/stm32f1xx_ll_usb.c ****       }
 723:Drivers/STM32F1xx_HAL_Driver/Src/stm32f1xx_ll_usb.c ****       else
 724:Drivers/STM32F1xx_HAL_Driver/Src/stm32f1xx_ll_usb.c ****       {
 725:Drivers/STM32F1xx_HAL_Driver/Src/stm32f1xx_ll_usb.c ****         USBx_INEP(epnum)->DIEPCTL |= USB_OTG_DIEPCTL_SD0PID_SEVNFRM;
 726:Drivers/STM32F1xx_HAL_Driver/Src/stm32f1xx_ll_usb.c ****       }
 727:Drivers/STM32F1xx_HAL_Driver/Src/stm32f1xx_ll_usb.c **** 
 728:Drivers/STM32F1xx_HAL_Driver/Src/stm32f1xx_ll_usb.c ****       (void)USB_WritePacket(USBx, ep->xfer_buff, ep->num, (uint16_t)ep->xfer_len);
 729:Drivers/STM32F1xx_HAL_Driver/Src/stm32f1xx_ll_usb.c ****     }
 730:Drivers/STM32F1xx_HAL_Driver/Src/stm32f1xx_ll_usb.c ****   }
 731:Drivers/STM32F1xx_HAL_Driver/Src/stm32f1xx_ll_usb.c ****   else /* OUT endpoint */
 732:Drivers/STM32F1xx_HAL_Driver/Src/stm32f1xx_ll_usb.c ****   {
 733:Drivers/STM32F1xx_HAL_Driver/Src/stm32f1xx_ll_usb.c ****     /* Program the transfer size and packet count as follows:
 734:Drivers/STM32F1xx_HAL_Driver/Src/stm32f1xx_ll_usb.c ****     * pktcnt = N
 735:Drivers/STM32F1xx_HAL_Driver/Src/stm32f1xx_ll_usb.c ****     * xfersize = N * maxpacket
 736:Drivers/STM32F1xx_HAL_Driver/Src/stm32f1xx_ll_usb.c ****     */
 737:Drivers/STM32F1xx_HAL_Driver/Src/stm32f1xx_ll_usb.c ****     USBx_OUTEP(epnum)->DOEPTSIZ &= ~(USB_OTG_DOEPTSIZ_XFRSIZ);
 738:Drivers/STM32F1xx_HAL_Driver/Src/stm32f1xx_ll_usb.c ****     USBx_OUTEP(epnum)->DOEPTSIZ &= ~(USB_OTG_DOEPTSIZ_PKTCNT);
 739:Drivers/STM32F1xx_HAL_Driver/Src/stm32f1xx_ll_usb.c **** 
 740:Drivers/STM32F1xx_HAL_Driver/Src/stm32f1xx_ll_usb.c ****     if (epnum == 0U)
 741:Drivers/STM32F1xx_HAL_Driver/Src/stm32f1xx_ll_usb.c ****     {
 742:Drivers/STM32F1xx_HAL_Driver/Src/stm32f1xx_ll_usb.c ****       if (ep->xfer_len > 0U)
 743:Drivers/STM32F1xx_HAL_Driver/Src/stm32f1xx_ll_usb.c ****       {
 744:Drivers/STM32F1xx_HAL_Driver/Src/stm32f1xx_ll_usb.c ****         ep->xfer_len = ep->maxpacket;
 745:Drivers/STM32F1xx_HAL_Driver/Src/stm32f1xx_ll_usb.c ****       }
 746:Drivers/STM32F1xx_HAL_Driver/Src/stm32f1xx_ll_usb.c **** 
 747:Drivers/STM32F1xx_HAL_Driver/Src/stm32f1xx_ll_usb.c ****       /* Store transfer size, for EP0 this is equal to endpoint max packet size */
 748:Drivers/STM32F1xx_HAL_Driver/Src/stm32f1xx_ll_usb.c ****       ep->xfer_size = ep->maxpacket;
 749:Drivers/STM32F1xx_HAL_Driver/Src/stm32f1xx_ll_usb.c **** 
 750:Drivers/STM32F1xx_HAL_Driver/Src/stm32f1xx_ll_usb.c ****       USBx_OUTEP(epnum)->DOEPTSIZ |= (USB_OTG_DOEPTSIZ_XFRSIZ & ep->xfer_size);
 751:Drivers/STM32F1xx_HAL_Driver/Src/stm32f1xx_ll_usb.c ****       USBx_OUTEP(epnum)->DOEPTSIZ |= (USB_OTG_DOEPTSIZ_PKTCNT & (1U << 19));
 752:Drivers/STM32F1xx_HAL_Driver/Src/stm32f1xx_ll_usb.c ****     }
 753:Drivers/STM32F1xx_HAL_Driver/Src/stm32f1xx_ll_usb.c ****     else
 754:Drivers/STM32F1xx_HAL_Driver/Src/stm32f1xx_ll_usb.c ****     {
 755:Drivers/STM32F1xx_HAL_Driver/Src/stm32f1xx_ll_usb.c ****       if (ep->xfer_len == 0U)
 756:Drivers/STM32F1xx_HAL_Driver/Src/stm32f1xx_ll_usb.c ****       {
 757:Drivers/STM32F1xx_HAL_Driver/Src/stm32f1xx_ll_usb.c ****         USBx_OUTEP(epnum)->DOEPTSIZ |= (USB_OTG_DOEPTSIZ_XFRSIZ & ep->maxpacket);
 758:Drivers/STM32F1xx_HAL_Driver/Src/stm32f1xx_ll_usb.c ****         USBx_OUTEP(epnum)->DOEPTSIZ |= (USB_OTG_DOEPTSIZ_PKTCNT & (1U << 19));
 759:Drivers/STM32F1xx_HAL_Driver/Src/stm32f1xx_ll_usb.c ****       }
 760:Drivers/STM32F1xx_HAL_Driver/Src/stm32f1xx_ll_usb.c ****       else
 761:Drivers/STM32F1xx_HAL_Driver/Src/stm32f1xx_ll_usb.c ****       {
 762:Drivers/STM32F1xx_HAL_Driver/Src/stm32f1xx_ll_usb.c ****         pktcnt = (uint16_t)((ep->xfer_len + ep->maxpacket - 1U) / ep->maxpacket);
 763:Drivers/STM32F1xx_HAL_Driver/Src/stm32f1xx_ll_usb.c ****         ep->xfer_size = ep->maxpacket * pktcnt;
 764:Drivers/STM32F1xx_HAL_Driver/Src/stm32f1xx_ll_usb.c **** 
 765:Drivers/STM32F1xx_HAL_Driver/Src/stm32f1xx_ll_usb.c ****         USBx_OUTEP(epnum)->DOEPTSIZ |= USB_OTG_DOEPTSIZ_PKTCNT & ((uint32_t)pktcnt << 19);
 766:Drivers/STM32F1xx_HAL_Driver/Src/stm32f1xx_ll_usb.c ****         USBx_OUTEP(epnum)->DOEPTSIZ |= USB_OTG_DOEPTSIZ_XFRSIZ & ep->xfer_size;
 767:Drivers/STM32F1xx_HAL_Driver/Src/stm32f1xx_ll_usb.c ****       }
 768:Drivers/STM32F1xx_HAL_Driver/Src/stm32f1xx_ll_usb.c ****     }
 769:Drivers/STM32F1xx_HAL_Driver/Src/stm32f1xx_ll_usb.c **** 
 770:Drivers/STM32F1xx_HAL_Driver/Src/stm32f1xx_ll_usb.c ****     if (ep->type == EP_TYPE_ISOC)
 771:Drivers/STM32F1xx_HAL_Driver/Src/stm32f1xx_ll_usb.c ****     {
 772:Drivers/STM32F1xx_HAL_Driver/Src/stm32f1xx_ll_usb.c ****       if ((USBx_DEVICE->DSTS & (1U << 8)) == 0U)
ARM GAS  C:\Users\crist\AppData\Local\Temp\ccqk2JNa.s 			page 15


 773:Drivers/STM32F1xx_HAL_Driver/Src/stm32f1xx_ll_usb.c ****       {
 774:Drivers/STM32F1xx_HAL_Driver/Src/stm32f1xx_ll_usb.c ****         USBx_OUTEP(epnum)->DOEPCTL |= USB_OTG_DOEPCTL_SODDFRM;
 775:Drivers/STM32F1xx_HAL_Driver/Src/stm32f1xx_ll_usb.c ****       }
 776:Drivers/STM32F1xx_HAL_Driver/Src/stm32f1xx_ll_usb.c ****       else
 777:Drivers/STM32F1xx_HAL_Driver/Src/stm32f1xx_ll_usb.c ****       {
 778:Drivers/STM32F1xx_HAL_Driver/Src/stm32f1xx_ll_usb.c ****         USBx_OUTEP(epnum)->DOEPCTL |= USB_OTG_DOEPCTL_SD0PID_SEVNFRM;
 779:Drivers/STM32F1xx_HAL_Driver/Src/stm32f1xx_ll_usb.c ****       }
 780:Drivers/STM32F1xx_HAL_Driver/Src/stm32f1xx_ll_usb.c ****     }
 781:Drivers/STM32F1xx_HAL_Driver/Src/stm32f1xx_ll_usb.c ****     /* EP enable */
 782:Drivers/STM32F1xx_HAL_Driver/Src/stm32f1xx_ll_usb.c ****     USBx_OUTEP(epnum)->DOEPCTL |= (USB_OTG_DOEPCTL_CNAK | USB_OTG_DOEPCTL_EPENA);
 783:Drivers/STM32F1xx_HAL_Driver/Src/stm32f1xx_ll_usb.c ****   }
 784:Drivers/STM32F1xx_HAL_Driver/Src/stm32f1xx_ll_usb.c **** 
 785:Drivers/STM32F1xx_HAL_Driver/Src/stm32f1xx_ll_usb.c ****   return HAL_OK;
 786:Drivers/STM32F1xx_HAL_Driver/Src/stm32f1xx_ll_usb.c **** }
 787:Drivers/STM32F1xx_HAL_Driver/Src/stm32f1xx_ll_usb.c **** 
 788:Drivers/STM32F1xx_HAL_Driver/Src/stm32f1xx_ll_usb.c **** 
 789:Drivers/STM32F1xx_HAL_Driver/Src/stm32f1xx_ll_usb.c **** /**
 790:Drivers/STM32F1xx_HAL_Driver/Src/stm32f1xx_ll_usb.c ****    * @brief  USB_EPStoptXfer  Stop transfer on an EP
 791:Drivers/STM32F1xx_HAL_Driver/Src/stm32f1xx_ll_usb.c ****    * @param  USBx  usb device instance
 792:Drivers/STM32F1xx_HAL_Driver/Src/stm32f1xx_ll_usb.c ****    * @param  ep pointer to endpoint structure
 793:Drivers/STM32F1xx_HAL_Driver/Src/stm32f1xx_ll_usb.c ****    * @retval HAL status
 794:Drivers/STM32F1xx_HAL_Driver/Src/stm32f1xx_ll_usb.c ****    */
 795:Drivers/STM32F1xx_HAL_Driver/Src/stm32f1xx_ll_usb.c **** HAL_StatusTypeDef USB_EPStopXfer(USB_OTG_GlobalTypeDef *USBx, USB_OTG_EPTypeDef *ep)
 796:Drivers/STM32F1xx_HAL_Driver/Src/stm32f1xx_ll_usb.c **** {
 797:Drivers/STM32F1xx_HAL_Driver/Src/stm32f1xx_ll_usb.c ****   __IO uint32_t count = 0U;
 798:Drivers/STM32F1xx_HAL_Driver/Src/stm32f1xx_ll_usb.c ****   HAL_StatusTypeDef ret = HAL_OK;
 799:Drivers/STM32F1xx_HAL_Driver/Src/stm32f1xx_ll_usb.c ****   uint32_t USBx_BASE = (uint32_t)USBx;
 800:Drivers/STM32F1xx_HAL_Driver/Src/stm32f1xx_ll_usb.c **** 
 801:Drivers/STM32F1xx_HAL_Driver/Src/stm32f1xx_ll_usb.c ****   /* IN endpoint */
 802:Drivers/STM32F1xx_HAL_Driver/Src/stm32f1xx_ll_usb.c ****   if (ep->is_in == 1U)
 803:Drivers/STM32F1xx_HAL_Driver/Src/stm32f1xx_ll_usb.c ****   {
 804:Drivers/STM32F1xx_HAL_Driver/Src/stm32f1xx_ll_usb.c ****     /* EP enable, IN data in FIFO */
 805:Drivers/STM32F1xx_HAL_Driver/Src/stm32f1xx_ll_usb.c ****     if (((USBx_INEP(ep->num)->DIEPCTL) & USB_OTG_DIEPCTL_EPENA) == USB_OTG_DIEPCTL_EPENA)
 806:Drivers/STM32F1xx_HAL_Driver/Src/stm32f1xx_ll_usb.c ****     {
 807:Drivers/STM32F1xx_HAL_Driver/Src/stm32f1xx_ll_usb.c ****       USBx_INEP(ep->num)->DIEPCTL |= (USB_OTG_DIEPCTL_SNAK);
 808:Drivers/STM32F1xx_HAL_Driver/Src/stm32f1xx_ll_usb.c ****       USBx_INEP(ep->num)->DIEPCTL |= (USB_OTG_DIEPCTL_EPDIS);
 809:Drivers/STM32F1xx_HAL_Driver/Src/stm32f1xx_ll_usb.c **** 
 810:Drivers/STM32F1xx_HAL_Driver/Src/stm32f1xx_ll_usb.c ****       do
 811:Drivers/STM32F1xx_HAL_Driver/Src/stm32f1xx_ll_usb.c ****       {
 812:Drivers/STM32F1xx_HAL_Driver/Src/stm32f1xx_ll_usb.c ****         count++;
 813:Drivers/STM32F1xx_HAL_Driver/Src/stm32f1xx_ll_usb.c **** 
 814:Drivers/STM32F1xx_HAL_Driver/Src/stm32f1xx_ll_usb.c ****         if (count > 10000U)
 815:Drivers/STM32F1xx_HAL_Driver/Src/stm32f1xx_ll_usb.c ****         {
 816:Drivers/STM32F1xx_HAL_Driver/Src/stm32f1xx_ll_usb.c ****           ret = HAL_ERROR;
 817:Drivers/STM32F1xx_HAL_Driver/Src/stm32f1xx_ll_usb.c ****           break;
 818:Drivers/STM32F1xx_HAL_Driver/Src/stm32f1xx_ll_usb.c ****         }
 819:Drivers/STM32F1xx_HAL_Driver/Src/stm32f1xx_ll_usb.c ****       } while (((USBx_INEP(ep->num)->DIEPCTL) & USB_OTG_DIEPCTL_EPENA) ==  USB_OTG_DIEPCTL_EPENA);
 820:Drivers/STM32F1xx_HAL_Driver/Src/stm32f1xx_ll_usb.c ****     }
 821:Drivers/STM32F1xx_HAL_Driver/Src/stm32f1xx_ll_usb.c ****   }
 822:Drivers/STM32F1xx_HAL_Driver/Src/stm32f1xx_ll_usb.c ****   else /* OUT endpoint */
 823:Drivers/STM32F1xx_HAL_Driver/Src/stm32f1xx_ll_usb.c ****   {
 824:Drivers/STM32F1xx_HAL_Driver/Src/stm32f1xx_ll_usb.c ****     if (((USBx_OUTEP(ep->num)->DOEPCTL) & USB_OTG_DOEPCTL_EPENA) == USB_OTG_DOEPCTL_EPENA)
 825:Drivers/STM32F1xx_HAL_Driver/Src/stm32f1xx_ll_usb.c ****     {
 826:Drivers/STM32F1xx_HAL_Driver/Src/stm32f1xx_ll_usb.c ****       USBx_OUTEP(ep->num)->DOEPCTL |= (USB_OTG_DOEPCTL_SNAK);
 827:Drivers/STM32F1xx_HAL_Driver/Src/stm32f1xx_ll_usb.c ****       USBx_OUTEP(ep->num)->DOEPCTL |= (USB_OTG_DOEPCTL_EPDIS);
 828:Drivers/STM32F1xx_HAL_Driver/Src/stm32f1xx_ll_usb.c **** 
 829:Drivers/STM32F1xx_HAL_Driver/Src/stm32f1xx_ll_usb.c ****       do
ARM GAS  C:\Users\crist\AppData\Local\Temp\ccqk2JNa.s 			page 16


 830:Drivers/STM32F1xx_HAL_Driver/Src/stm32f1xx_ll_usb.c ****       {
 831:Drivers/STM32F1xx_HAL_Driver/Src/stm32f1xx_ll_usb.c ****         count++;
 832:Drivers/STM32F1xx_HAL_Driver/Src/stm32f1xx_ll_usb.c **** 
 833:Drivers/STM32F1xx_HAL_Driver/Src/stm32f1xx_ll_usb.c ****         if (count > 10000U)
 834:Drivers/STM32F1xx_HAL_Driver/Src/stm32f1xx_ll_usb.c ****         {
 835:Drivers/STM32F1xx_HAL_Driver/Src/stm32f1xx_ll_usb.c ****           ret = HAL_ERROR;
 836:Drivers/STM32F1xx_HAL_Driver/Src/stm32f1xx_ll_usb.c ****           break;
 837:Drivers/STM32F1xx_HAL_Driver/Src/stm32f1xx_ll_usb.c ****         }
 838:Drivers/STM32F1xx_HAL_Driver/Src/stm32f1xx_ll_usb.c ****       } while (((USBx_OUTEP(ep->num)->DOEPCTL) & USB_OTG_DOEPCTL_EPENA) ==  USB_OTG_DOEPCTL_EPENA);
 839:Drivers/STM32F1xx_HAL_Driver/Src/stm32f1xx_ll_usb.c ****     }
 840:Drivers/STM32F1xx_HAL_Driver/Src/stm32f1xx_ll_usb.c ****   }
 841:Drivers/STM32F1xx_HAL_Driver/Src/stm32f1xx_ll_usb.c **** 
 842:Drivers/STM32F1xx_HAL_Driver/Src/stm32f1xx_ll_usb.c ****   return ret;
 843:Drivers/STM32F1xx_HAL_Driver/Src/stm32f1xx_ll_usb.c **** }
 844:Drivers/STM32F1xx_HAL_Driver/Src/stm32f1xx_ll_usb.c **** 
 845:Drivers/STM32F1xx_HAL_Driver/Src/stm32f1xx_ll_usb.c **** 
 846:Drivers/STM32F1xx_HAL_Driver/Src/stm32f1xx_ll_usb.c **** /**
 847:Drivers/STM32F1xx_HAL_Driver/Src/stm32f1xx_ll_usb.c ****   * @brief  USB_WritePacket : Writes a packet into the Tx FIFO associated
 848:Drivers/STM32F1xx_HAL_Driver/Src/stm32f1xx_ll_usb.c ****   *         with the EP/channel
 849:Drivers/STM32F1xx_HAL_Driver/Src/stm32f1xx_ll_usb.c ****   * @param  USBx  Selected device
 850:Drivers/STM32F1xx_HAL_Driver/Src/stm32f1xx_ll_usb.c ****   * @param  src   pointer to source buffer
 851:Drivers/STM32F1xx_HAL_Driver/Src/stm32f1xx_ll_usb.c ****   * @param  ch_ep_num  endpoint or host channel number
 852:Drivers/STM32F1xx_HAL_Driver/Src/stm32f1xx_ll_usb.c ****   * @param  len  Number of bytes to write
 853:Drivers/STM32F1xx_HAL_Driver/Src/stm32f1xx_ll_usb.c ****   * @retval HAL status
 854:Drivers/STM32F1xx_HAL_Driver/Src/stm32f1xx_ll_usb.c ****   */
 855:Drivers/STM32F1xx_HAL_Driver/Src/stm32f1xx_ll_usb.c **** HAL_StatusTypeDef USB_WritePacket(USB_OTG_GlobalTypeDef *USBx, uint8_t *src,
 856:Drivers/STM32F1xx_HAL_Driver/Src/stm32f1xx_ll_usb.c ****                                   uint8_t ch_ep_num, uint16_t len)
 857:Drivers/STM32F1xx_HAL_Driver/Src/stm32f1xx_ll_usb.c **** {
 858:Drivers/STM32F1xx_HAL_Driver/Src/stm32f1xx_ll_usb.c ****   uint32_t USBx_BASE = (uint32_t)USBx;
 859:Drivers/STM32F1xx_HAL_Driver/Src/stm32f1xx_ll_usb.c ****   uint8_t *pSrc = src;
 860:Drivers/STM32F1xx_HAL_Driver/Src/stm32f1xx_ll_usb.c ****   uint32_t count32b;
 861:Drivers/STM32F1xx_HAL_Driver/Src/stm32f1xx_ll_usb.c ****   uint32_t i;
 862:Drivers/STM32F1xx_HAL_Driver/Src/stm32f1xx_ll_usb.c **** 
 863:Drivers/STM32F1xx_HAL_Driver/Src/stm32f1xx_ll_usb.c ****   count32b = ((uint32_t)len + 3U) / 4U;
 864:Drivers/STM32F1xx_HAL_Driver/Src/stm32f1xx_ll_usb.c ****   for (i = 0U; i < count32b; i++)
 865:Drivers/STM32F1xx_HAL_Driver/Src/stm32f1xx_ll_usb.c ****   {
 866:Drivers/STM32F1xx_HAL_Driver/Src/stm32f1xx_ll_usb.c ****     USBx_DFIFO((uint32_t)ch_ep_num) = __UNALIGNED_UINT32_READ(pSrc);
 867:Drivers/STM32F1xx_HAL_Driver/Src/stm32f1xx_ll_usb.c ****     pSrc++;
 868:Drivers/STM32F1xx_HAL_Driver/Src/stm32f1xx_ll_usb.c ****     pSrc++;
 869:Drivers/STM32F1xx_HAL_Driver/Src/stm32f1xx_ll_usb.c ****     pSrc++;
 870:Drivers/STM32F1xx_HAL_Driver/Src/stm32f1xx_ll_usb.c ****     pSrc++;
 871:Drivers/STM32F1xx_HAL_Driver/Src/stm32f1xx_ll_usb.c ****   }
 872:Drivers/STM32F1xx_HAL_Driver/Src/stm32f1xx_ll_usb.c **** 
 873:Drivers/STM32F1xx_HAL_Driver/Src/stm32f1xx_ll_usb.c ****   return HAL_OK;
 874:Drivers/STM32F1xx_HAL_Driver/Src/stm32f1xx_ll_usb.c **** }
 875:Drivers/STM32F1xx_HAL_Driver/Src/stm32f1xx_ll_usb.c **** 
 876:Drivers/STM32F1xx_HAL_Driver/Src/stm32f1xx_ll_usb.c **** /**
 877:Drivers/STM32F1xx_HAL_Driver/Src/stm32f1xx_ll_usb.c ****   * @brief  USB_ReadPacket : read a packet from the RX FIFO
 878:Drivers/STM32F1xx_HAL_Driver/Src/stm32f1xx_ll_usb.c ****   * @param  USBx  Selected device
 879:Drivers/STM32F1xx_HAL_Driver/Src/stm32f1xx_ll_usb.c ****   * @param  dest  source pointer
 880:Drivers/STM32F1xx_HAL_Driver/Src/stm32f1xx_ll_usb.c ****   * @param  len  Number of bytes to read
 881:Drivers/STM32F1xx_HAL_Driver/Src/stm32f1xx_ll_usb.c ****   * @retval pointer to destination buffer
 882:Drivers/STM32F1xx_HAL_Driver/Src/stm32f1xx_ll_usb.c ****   */
 883:Drivers/STM32F1xx_HAL_Driver/Src/stm32f1xx_ll_usb.c **** void *USB_ReadPacket(USB_OTG_GlobalTypeDef *USBx, uint8_t *dest, uint16_t len)
 884:Drivers/STM32F1xx_HAL_Driver/Src/stm32f1xx_ll_usb.c **** {
 885:Drivers/STM32F1xx_HAL_Driver/Src/stm32f1xx_ll_usb.c ****   uint32_t USBx_BASE = (uint32_t)USBx;
 886:Drivers/STM32F1xx_HAL_Driver/Src/stm32f1xx_ll_usb.c ****   uint8_t *pDest = dest;
ARM GAS  C:\Users\crist\AppData\Local\Temp\ccqk2JNa.s 			page 17


 887:Drivers/STM32F1xx_HAL_Driver/Src/stm32f1xx_ll_usb.c ****   uint32_t pData;
 888:Drivers/STM32F1xx_HAL_Driver/Src/stm32f1xx_ll_usb.c ****   uint32_t i;
 889:Drivers/STM32F1xx_HAL_Driver/Src/stm32f1xx_ll_usb.c ****   uint32_t count32b = (uint32_t)len >> 2U;
 890:Drivers/STM32F1xx_HAL_Driver/Src/stm32f1xx_ll_usb.c ****   uint16_t remaining_bytes = len % 4U;
 891:Drivers/STM32F1xx_HAL_Driver/Src/stm32f1xx_ll_usb.c **** 
 892:Drivers/STM32F1xx_HAL_Driver/Src/stm32f1xx_ll_usb.c ****   for (i = 0U; i < count32b; i++)
 893:Drivers/STM32F1xx_HAL_Driver/Src/stm32f1xx_ll_usb.c ****   {
 894:Drivers/STM32F1xx_HAL_Driver/Src/stm32f1xx_ll_usb.c ****     __UNALIGNED_UINT32_WRITE(pDest, USBx_DFIFO(0U));
 895:Drivers/STM32F1xx_HAL_Driver/Src/stm32f1xx_ll_usb.c ****     pDest++;
 896:Drivers/STM32F1xx_HAL_Driver/Src/stm32f1xx_ll_usb.c ****     pDest++;
 897:Drivers/STM32F1xx_HAL_Driver/Src/stm32f1xx_ll_usb.c ****     pDest++;
 898:Drivers/STM32F1xx_HAL_Driver/Src/stm32f1xx_ll_usb.c ****     pDest++;
 899:Drivers/STM32F1xx_HAL_Driver/Src/stm32f1xx_ll_usb.c ****   }
 900:Drivers/STM32F1xx_HAL_Driver/Src/stm32f1xx_ll_usb.c **** 
 901:Drivers/STM32F1xx_HAL_Driver/Src/stm32f1xx_ll_usb.c ****   /* When Number of data is not word aligned, read the remaining byte */
 902:Drivers/STM32F1xx_HAL_Driver/Src/stm32f1xx_ll_usb.c ****   if (remaining_bytes != 0U)
 903:Drivers/STM32F1xx_HAL_Driver/Src/stm32f1xx_ll_usb.c ****   {
 904:Drivers/STM32F1xx_HAL_Driver/Src/stm32f1xx_ll_usb.c ****     i = 0U;
 905:Drivers/STM32F1xx_HAL_Driver/Src/stm32f1xx_ll_usb.c ****     __UNALIGNED_UINT32_WRITE(&pData, USBx_DFIFO(0U));
 906:Drivers/STM32F1xx_HAL_Driver/Src/stm32f1xx_ll_usb.c **** 
 907:Drivers/STM32F1xx_HAL_Driver/Src/stm32f1xx_ll_usb.c ****     do
 908:Drivers/STM32F1xx_HAL_Driver/Src/stm32f1xx_ll_usb.c ****     {
 909:Drivers/STM32F1xx_HAL_Driver/Src/stm32f1xx_ll_usb.c ****       *(uint8_t *)pDest = (uint8_t)(pData >> (8U * (uint8_t)(i)));
 910:Drivers/STM32F1xx_HAL_Driver/Src/stm32f1xx_ll_usb.c ****       i++;
 911:Drivers/STM32F1xx_HAL_Driver/Src/stm32f1xx_ll_usb.c ****       pDest++;
 912:Drivers/STM32F1xx_HAL_Driver/Src/stm32f1xx_ll_usb.c ****       remaining_bytes--;
 913:Drivers/STM32F1xx_HAL_Driver/Src/stm32f1xx_ll_usb.c ****     } while (remaining_bytes != 0U);
 914:Drivers/STM32F1xx_HAL_Driver/Src/stm32f1xx_ll_usb.c ****   }
 915:Drivers/STM32F1xx_HAL_Driver/Src/stm32f1xx_ll_usb.c **** 
 916:Drivers/STM32F1xx_HAL_Driver/Src/stm32f1xx_ll_usb.c ****   return ((void *)pDest);
 917:Drivers/STM32F1xx_HAL_Driver/Src/stm32f1xx_ll_usb.c **** }
 918:Drivers/STM32F1xx_HAL_Driver/Src/stm32f1xx_ll_usb.c **** 
 919:Drivers/STM32F1xx_HAL_Driver/Src/stm32f1xx_ll_usb.c **** /**
 920:Drivers/STM32F1xx_HAL_Driver/Src/stm32f1xx_ll_usb.c ****   * @brief  USB_EPSetStall : set a stall condition over an EP
 921:Drivers/STM32F1xx_HAL_Driver/Src/stm32f1xx_ll_usb.c ****   * @param  USBx  Selected device
 922:Drivers/STM32F1xx_HAL_Driver/Src/stm32f1xx_ll_usb.c ****   * @param  ep pointer to endpoint structure
 923:Drivers/STM32F1xx_HAL_Driver/Src/stm32f1xx_ll_usb.c ****   * @retval HAL status
 924:Drivers/STM32F1xx_HAL_Driver/Src/stm32f1xx_ll_usb.c ****   */
 925:Drivers/STM32F1xx_HAL_Driver/Src/stm32f1xx_ll_usb.c **** HAL_StatusTypeDef USB_EPSetStall(USB_OTG_GlobalTypeDef *USBx, USB_OTG_EPTypeDef *ep)
 926:Drivers/STM32F1xx_HAL_Driver/Src/stm32f1xx_ll_usb.c **** {
 927:Drivers/STM32F1xx_HAL_Driver/Src/stm32f1xx_ll_usb.c ****   uint32_t USBx_BASE = (uint32_t)USBx;
 928:Drivers/STM32F1xx_HAL_Driver/Src/stm32f1xx_ll_usb.c ****   uint32_t epnum = (uint32_t)ep->num;
 929:Drivers/STM32F1xx_HAL_Driver/Src/stm32f1xx_ll_usb.c **** 
 930:Drivers/STM32F1xx_HAL_Driver/Src/stm32f1xx_ll_usb.c ****   if (ep->is_in == 1U)
 931:Drivers/STM32F1xx_HAL_Driver/Src/stm32f1xx_ll_usb.c ****   {
 932:Drivers/STM32F1xx_HAL_Driver/Src/stm32f1xx_ll_usb.c ****     if (((USBx_INEP(epnum)->DIEPCTL & USB_OTG_DIEPCTL_EPENA) == 0U) && (epnum != 0U))
 933:Drivers/STM32F1xx_HAL_Driver/Src/stm32f1xx_ll_usb.c ****     {
 934:Drivers/STM32F1xx_HAL_Driver/Src/stm32f1xx_ll_usb.c ****       USBx_INEP(epnum)->DIEPCTL &= ~(USB_OTG_DIEPCTL_EPDIS);
 935:Drivers/STM32F1xx_HAL_Driver/Src/stm32f1xx_ll_usb.c ****     }
 936:Drivers/STM32F1xx_HAL_Driver/Src/stm32f1xx_ll_usb.c ****     USBx_INEP(epnum)->DIEPCTL |= USB_OTG_DIEPCTL_STALL;
 937:Drivers/STM32F1xx_HAL_Driver/Src/stm32f1xx_ll_usb.c ****   }
 938:Drivers/STM32F1xx_HAL_Driver/Src/stm32f1xx_ll_usb.c ****   else
 939:Drivers/STM32F1xx_HAL_Driver/Src/stm32f1xx_ll_usb.c ****   {
 940:Drivers/STM32F1xx_HAL_Driver/Src/stm32f1xx_ll_usb.c ****     if (((USBx_OUTEP(epnum)->DOEPCTL & USB_OTG_DOEPCTL_EPENA) == 0U) && (epnum != 0U))
 941:Drivers/STM32F1xx_HAL_Driver/Src/stm32f1xx_ll_usb.c ****     {
 942:Drivers/STM32F1xx_HAL_Driver/Src/stm32f1xx_ll_usb.c ****       USBx_OUTEP(epnum)->DOEPCTL &= ~(USB_OTG_DOEPCTL_EPDIS);
 943:Drivers/STM32F1xx_HAL_Driver/Src/stm32f1xx_ll_usb.c ****     }
ARM GAS  C:\Users\crist\AppData\Local\Temp\ccqk2JNa.s 			page 18


 944:Drivers/STM32F1xx_HAL_Driver/Src/stm32f1xx_ll_usb.c ****     USBx_OUTEP(epnum)->DOEPCTL |= USB_OTG_DOEPCTL_STALL;
 945:Drivers/STM32F1xx_HAL_Driver/Src/stm32f1xx_ll_usb.c ****   }
 946:Drivers/STM32F1xx_HAL_Driver/Src/stm32f1xx_ll_usb.c **** 
 947:Drivers/STM32F1xx_HAL_Driver/Src/stm32f1xx_ll_usb.c ****   return HAL_OK;
 948:Drivers/STM32F1xx_HAL_Driver/Src/stm32f1xx_ll_usb.c **** }
 949:Drivers/STM32F1xx_HAL_Driver/Src/stm32f1xx_ll_usb.c **** 
 950:Drivers/STM32F1xx_HAL_Driver/Src/stm32f1xx_ll_usb.c **** /**
 951:Drivers/STM32F1xx_HAL_Driver/Src/stm32f1xx_ll_usb.c ****   * @brief  USB_EPClearStall : Clear a stall condition over an EP
 952:Drivers/STM32F1xx_HAL_Driver/Src/stm32f1xx_ll_usb.c ****   * @param  USBx  Selected device
 953:Drivers/STM32F1xx_HAL_Driver/Src/stm32f1xx_ll_usb.c ****   * @param  ep pointer to endpoint structure
 954:Drivers/STM32F1xx_HAL_Driver/Src/stm32f1xx_ll_usb.c ****   * @retval HAL status
 955:Drivers/STM32F1xx_HAL_Driver/Src/stm32f1xx_ll_usb.c ****   */
 956:Drivers/STM32F1xx_HAL_Driver/Src/stm32f1xx_ll_usb.c **** HAL_StatusTypeDef USB_EPClearStall(USB_OTG_GlobalTypeDef *USBx, USB_OTG_EPTypeDef *ep)
 957:Drivers/STM32F1xx_HAL_Driver/Src/stm32f1xx_ll_usb.c **** {
 958:Drivers/STM32F1xx_HAL_Driver/Src/stm32f1xx_ll_usb.c ****   uint32_t USBx_BASE = (uint32_t)USBx;
 959:Drivers/STM32F1xx_HAL_Driver/Src/stm32f1xx_ll_usb.c ****   uint32_t epnum = (uint32_t)ep->num;
 960:Drivers/STM32F1xx_HAL_Driver/Src/stm32f1xx_ll_usb.c **** 
 961:Drivers/STM32F1xx_HAL_Driver/Src/stm32f1xx_ll_usb.c ****   if (ep->is_in == 1U)
 962:Drivers/STM32F1xx_HAL_Driver/Src/stm32f1xx_ll_usb.c ****   {
 963:Drivers/STM32F1xx_HAL_Driver/Src/stm32f1xx_ll_usb.c ****     USBx_INEP(epnum)->DIEPCTL &= ~USB_OTG_DIEPCTL_STALL;
 964:Drivers/STM32F1xx_HAL_Driver/Src/stm32f1xx_ll_usb.c ****     if ((ep->type == EP_TYPE_INTR) || (ep->type == EP_TYPE_BULK))
 965:Drivers/STM32F1xx_HAL_Driver/Src/stm32f1xx_ll_usb.c ****     {
 966:Drivers/STM32F1xx_HAL_Driver/Src/stm32f1xx_ll_usb.c ****       USBx_INEP(epnum)->DIEPCTL |= USB_OTG_DIEPCTL_SD0PID_SEVNFRM; /* DATA0 */
 967:Drivers/STM32F1xx_HAL_Driver/Src/stm32f1xx_ll_usb.c ****     }
 968:Drivers/STM32F1xx_HAL_Driver/Src/stm32f1xx_ll_usb.c ****   }
 969:Drivers/STM32F1xx_HAL_Driver/Src/stm32f1xx_ll_usb.c ****   else
 970:Drivers/STM32F1xx_HAL_Driver/Src/stm32f1xx_ll_usb.c ****   {
 971:Drivers/STM32F1xx_HAL_Driver/Src/stm32f1xx_ll_usb.c ****     USBx_OUTEP(epnum)->DOEPCTL &= ~USB_OTG_DOEPCTL_STALL;
 972:Drivers/STM32F1xx_HAL_Driver/Src/stm32f1xx_ll_usb.c ****     if ((ep->type == EP_TYPE_INTR) || (ep->type == EP_TYPE_BULK))
 973:Drivers/STM32F1xx_HAL_Driver/Src/stm32f1xx_ll_usb.c ****     {
 974:Drivers/STM32F1xx_HAL_Driver/Src/stm32f1xx_ll_usb.c ****       USBx_OUTEP(epnum)->DOEPCTL |= USB_OTG_DOEPCTL_SD0PID_SEVNFRM; /* DATA0 */
 975:Drivers/STM32F1xx_HAL_Driver/Src/stm32f1xx_ll_usb.c ****     }
 976:Drivers/STM32F1xx_HAL_Driver/Src/stm32f1xx_ll_usb.c ****   }
 977:Drivers/STM32F1xx_HAL_Driver/Src/stm32f1xx_ll_usb.c ****   return HAL_OK;
 978:Drivers/STM32F1xx_HAL_Driver/Src/stm32f1xx_ll_usb.c **** }
 979:Drivers/STM32F1xx_HAL_Driver/Src/stm32f1xx_ll_usb.c **** 
 980:Drivers/STM32F1xx_HAL_Driver/Src/stm32f1xx_ll_usb.c **** /**
 981:Drivers/STM32F1xx_HAL_Driver/Src/stm32f1xx_ll_usb.c ****   * @brief  USB_StopDevice : Stop the usb device mode
 982:Drivers/STM32F1xx_HAL_Driver/Src/stm32f1xx_ll_usb.c ****   * @param  USBx  Selected device
 983:Drivers/STM32F1xx_HAL_Driver/Src/stm32f1xx_ll_usb.c ****   * @retval HAL status
 984:Drivers/STM32F1xx_HAL_Driver/Src/stm32f1xx_ll_usb.c ****   */
 985:Drivers/STM32F1xx_HAL_Driver/Src/stm32f1xx_ll_usb.c **** HAL_StatusTypeDef USB_StopDevice(USB_OTG_GlobalTypeDef *USBx)
 986:Drivers/STM32F1xx_HAL_Driver/Src/stm32f1xx_ll_usb.c **** {
 987:Drivers/STM32F1xx_HAL_Driver/Src/stm32f1xx_ll_usb.c ****   HAL_StatusTypeDef ret;
 988:Drivers/STM32F1xx_HAL_Driver/Src/stm32f1xx_ll_usb.c ****   uint32_t USBx_BASE = (uint32_t)USBx;
 989:Drivers/STM32F1xx_HAL_Driver/Src/stm32f1xx_ll_usb.c ****   uint32_t i;
 990:Drivers/STM32F1xx_HAL_Driver/Src/stm32f1xx_ll_usb.c **** 
 991:Drivers/STM32F1xx_HAL_Driver/Src/stm32f1xx_ll_usb.c ****   /* Clear Pending interrupt */
 992:Drivers/STM32F1xx_HAL_Driver/Src/stm32f1xx_ll_usb.c ****   for (i = 0U; i < 15U; i++)
 993:Drivers/STM32F1xx_HAL_Driver/Src/stm32f1xx_ll_usb.c ****   {
 994:Drivers/STM32F1xx_HAL_Driver/Src/stm32f1xx_ll_usb.c ****     USBx_INEP(i)->DIEPINT = 0xFB7FU;
 995:Drivers/STM32F1xx_HAL_Driver/Src/stm32f1xx_ll_usb.c ****     USBx_OUTEP(i)->DOEPINT = 0xFB7FU;
 996:Drivers/STM32F1xx_HAL_Driver/Src/stm32f1xx_ll_usb.c ****   }
 997:Drivers/STM32F1xx_HAL_Driver/Src/stm32f1xx_ll_usb.c **** 
 998:Drivers/STM32F1xx_HAL_Driver/Src/stm32f1xx_ll_usb.c ****   /* Clear interrupt masks */
 999:Drivers/STM32F1xx_HAL_Driver/Src/stm32f1xx_ll_usb.c ****   USBx_DEVICE->DIEPMSK  = 0U;
1000:Drivers/STM32F1xx_HAL_Driver/Src/stm32f1xx_ll_usb.c ****   USBx_DEVICE->DOEPMSK  = 0U;
ARM GAS  C:\Users\crist\AppData\Local\Temp\ccqk2JNa.s 			page 19


1001:Drivers/STM32F1xx_HAL_Driver/Src/stm32f1xx_ll_usb.c ****   USBx_DEVICE->DAINTMSK = 0U;
1002:Drivers/STM32F1xx_HAL_Driver/Src/stm32f1xx_ll_usb.c **** 
1003:Drivers/STM32F1xx_HAL_Driver/Src/stm32f1xx_ll_usb.c ****   /* Flush the FIFO */
1004:Drivers/STM32F1xx_HAL_Driver/Src/stm32f1xx_ll_usb.c ****   ret = USB_FlushRxFifo(USBx);
1005:Drivers/STM32F1xx_HAL_Driver/Src/stm32f1xx_ll_usb.c ****   if (ret != HAL_OK)
1006:Drivers/STM32F1xx_HAL_Driver/Src/stm32f1xx_ll_usb.c ****   {
1007:Drivers/STM32F1xx_HAL_Driver/Src/stm32f1xx_ll_usb.c ****     return ret;
1008:Drivers/STM32F1xx_HAL_Driver/Src/stm32f1xx_ll_usb.c ****   }
1009:Drivers/STM32F1xx_HAL_Driver/Src/stm32f1xx_ll_usb.c **** 
1010:Drivers/STM32F1xx_HAL_Driver/Src/stm32f1xx_ll_usb.c ****   ret = USB_FlushTxFifo(USBx,  0x10U);
1011:Drivers/STM32F1xx_HAL_Driver/Src/stm32f1xx_ll_usb.c ****   if (ret != HAL_OK)
1012:Drivers/STM32F1xx_HAL_Driver/Src/stm32f1xx_ll_usb.c ****   {
1013:Drivers/STM32F1xx_HAL_Driver/Src/stm32f1xx_ll_usb.c ****     return ret;
1014:Drivers/STM32F1xx_HAL_Driver/Src/stm32f1xx_ll_usb.c ****   }
1015:Drivers/STM32F1xx_HAL_Driver/Src/stm32f1xx_ll_usb.c **** 
1016:Drivers/STM32F1xx_HAL_Driver/Src/stm32f1xx_ll_usb.c ****   return ret;
1017:Drivers/STM32F1xx_HAL_Driver/Src/stm32f1xx_ll_usb.c **** }
1018:Drivers/STM32F1xx_HAL_Driver/Src/stm32f1xx_ll_usb.c **** 
1019:Drivers/STM32F1xx_HAL_Driver/Src/stm32f1xx_ll_usb.c **** /**
1020:Drivers/STM32F1xx_HAL_Driver/Src/stm32f1xx_ll_usb.c ****   * @brief  USB_SetDevAddress : Stop the usb device mode
1021:Drivers/STM32F1xx_HAL_Driver/Src/stm32f1xx_ll_usb.c ****   * @param  USBx  Selected device
1022:Drivers/STM32F1xx_HAL_Driver/Src/stm32f1xx_ll_usb.c ****   * @param  address  new device address to be assigned
1023:Drivers/STM32F1xx_HAL_Driver/Src/stm32f1xx_ll_usb.c ****   *          This parameter can be a value from 0 to 255
1024:Drivers/STM32F1xx_HAL_Driver/Src/stm32f1xx_ll_usb.c ****   * @retval HAL status
1025:Drivers/STM32F1xx_HAL_Driver/Src/stm32f1xx_ll_usb.c ****   */
1026:Drivers/STM32F1xx_HAL_Driver/Src/stm32f1xx_ll_usb.c **** HAL_StatusTypeDef USB_SetDevAddress(USB_OTG_GlobalTypeDef *USBx, uint8_t address)
1027:Drivers/STM32F1xx_HAL_Driver/Src/stm32f1xx_ll_usb.c **** {
1028:Drivers/STM32F1xx_HAL_Driver/Src/stm32f1xx_ll_usb.c ****   uint32_t USBx_BASE = (uint32_t)USBx;
1029:Drivers/STM32F1xx_HAL_Driver/Src/stm32f1xx_ll_usb.c **** 
1030:Drivers/STM32F1xx_HAL_Driver/Src/stm32f1xx_ll_usb.c ****   USBx_DEVICE->DCFG &= ~(USB_OTG_DCFG_DAD);
1031:Drivers/STM32F1xx_HAL_Driver/Src/stm32f1xx_ll_usb.c ****   USBx_DEVICE->DCFG |= ((uint32_t)address << 4) & USB_OTG_DCFG_DAD;
1032:Drivers/STM32F1xx_HAL_Driver/Src/stm32f1xx_ll_usb.c **** 
1033:Drivers/STM32F1xx_HAL_Driver/Src/stm32f1xx_ll_usb.c ****   return HAL_OK;
1034:Drivers/STM32F1xx_HAL_Driver/Src/stm32f1xx_ll_usb.c **** }
1035:Drivers/STM32F1xx_HAL_Driver/Src/stm32f1xx_ll_usb.c **** 
1036:Drivers/STM32F1xx_HAL_Driver/Src/stm32f1xx_ll_usb.c **** /**
1037:Drivers/STM32F1xx_HAL_Driver/Src/stm32f1xx_ll_usb.c ****   * @brief  USB_DevConnect : Connect the USB device by enabling Rpu
1038:Drivers/STM32F1xx_HAL_Driver/Src/stm32f1xx_ll_usb.c ****   * @param  USBx  Selected device
1039:Drivers/STM32F1xx_HAL_Driver/Src/stm32f1xx_ll_usb.c ****   * @retval HAL status
1040:Drivers/STM32F1xx_HAL_Driver/Src/stm32f1xx_ll_usb.c ****   */
1041:Drivers/STM32F1xx_HAL_Driver/Src/stm32f1xx_ll_usb.c **** HAL_StatusTypeDef USB_DevConnect(USB_OTG_GlobalTypeDef *USBx)
1042:Drivers/STM32F1xx_HAL_Driver/Src/stm32f1xx_ll_usb.c **** {
1043:Drivers/STM32F1xx_HAL_Driver/Src/stm32f1xx_ll_usb.c ****   uint32_t USBx_BASE = (uint32_t)USBx;
1044:Drivers/STM32F1xx_HAL_Driver/Src/stm32f1xx_ll_usb.c **** 
1045:Drivers/STM32F1xx_HAL_Driver/Src/stm32f1xx_ll_usb.c ****   /* In case phy is stopped, ensure to ungate and restore the phy CLK */
1046:Drivers/STM32F1xx_HAL_Driver/Src/stm32f1xx_ll_usb.c ****   USBx_PCGCCTL &= ~(USB_OTG_PCGCCTL_STOPCLK | USB_OTG_PCGCCTL_GATECLK);
1047:Drivers/STM32F1xx_HAL_Driver/Src/stm32f1xx_ll_usb.c **** 
1048:Drivers/STM32F1xx_HAL_Driver/Src/stm32f1xx_ll_usb.c ****   USBx_DEVICE->DCTL &= ~USB_OTG_DCTL_SDIS;
1049:Drivers/STM32F1xx_HAL_Driver/Src/stm32f1xx_ll_usb.c **** 
1050:Drivers/STM32F1xx_HAL_Driver/Src/stm32f1xx_ll_usb.c ****   return HAL_OK;
1051:Drivers/STM32F1xx_HAL_Driver/Src/stm32f1xx_ll_usb.c **** }
1052:Drivers/STM32F1xx_HAL_Driver/Src/stm32f1xx_ll_usb.c **** 
1053:Drivers/STM32F1xx_HAL_Driver/Src/stm32f1xx_ll_usb.c **** /**
1054:Drivers/STM32F1xx_HAL_Driver/Src/stm32f1xx_ll_usb.c ****   * @brief  USB_DevDisconnect : Disconnect the USB device by disabling Rpu
1055:Drivers/STM32F1xx_HAL_Driver/Src/stm32f1xx_ll_usb.c ****   * @param  USBx  Selected device
1056:Drivers/STM32F1xx_HAL_Driver/Src/stm32f1xx_ll_usb.c ****   * @retval HAL status
1057:Drivers/STM32F1xx_HAL_Driver/Src/stm32f1xx_ll_usb.c ****   */
ARM GAS  C:\Users\crist\AppData\Local\Temp\ccqk2JNa.s 			page 20


1058:Drivers/STM32F1xx_HAL_Driver/Src/stm32f1xx_ll_usb.c **** HAL_StatusTypeDef USB_DevDisconnect(USB_OTG_GlobalTypeDef *USBx)
1059:Drivers/STM32F1xx_HAL_Driver/Src/stm32f1xx_ll_usb.c **** {
1060:Drivers/STM32F1xx_HAL_Driver/Src/stm32f1xx_ll_usb.c ****   uint32_t USBx_BASE = (uint32_t)USBx;
1061:Drivers/STM32F1xx_HAL_Driver/Src/stm32f1xx_ll_usb.c **** 
1062:Drivers/STM32F1xx_HAL_Driver/Src/stm32f1xx_ll_usb.c ****   /* In case phy is stopped, ensure to ungate and restore the phy CLK */
1063:Drivers/STM32F1xx_HAL_Driver/Src/stm32f1xx_ll_usb.c ****   USBx_PCGCCTL &= ~(USB_OTG_PCGCCTL_STOPCLK | USB_OTG_PCGCCTL_GATECLK);
1064:Drivers/STM32F1xx_HAL_Driver/Src/stm32f1xx_ll_usb.c **** 
1065:Drivers/STM32F1xx_HAL_Driver/Src/stm32f1xx_ll_usb.c ****   USBx_DEVICE->DCTL |= USB_OTG_DCTL_SDIS;
1066:Drivers/STM32F1xx_HAL_Driver/Src/stm32f1xx_ll_usb.c **** 
1067:Drivers/STM32F1xx_HAL_Driver/Src/stm32f1xx_ll_usb.c ****   return HAL_OK;
1068:Drivers/STM32F1xx_HAL_Driver/Src/stm32f1xx_ll_usb.c **** }
1069:Drivers/STM32F1xx_HAL_Driver/Src/stm32f1xx_ll_usb.c **** 
1070:Drivers/STM32F1xx_HAL_Driver/Src/stm32f1xx_ll_usb.c **** /**
1071:Drivers/STM32F1xx_HAL_Driver/Src/stm32f1xx_ll_usb.c ****   * @brief  USB_ReadInterrupts: return the global USB interrupt status
1072:Drivers/STM32F1xx_HAL_Driver/Src/stm32f1xx_ll_usb.c ****   * @param  USBx  Selected device
1073:Drivers/STM32F1xx_HAL_Driver/Src/stm32f1xx_ll_usb.c ****   * @retval USB Global Interrupt status
1074:Drivers/STM32F1xx_HAL_Driver/Src/stm32f1xx_ll_usb.c ****   */
1075:Drivers/STM32F1xx_HAL_Driver/Src/stm32f1xx_ll_usb.c **** uint32_t USB_ReadInterrupts(USB_OTG_GlobalTypeDef const *USBx)
1076:Drivers/STM32F1xx_HAL_Driver/Src/stm32f1xx_ll_usb.c **** {
1077:Drivers/STM32F1xx_HAL_Driver/Src/stm32f1xx_ll_usb.c ****   uint32_t tmpreg;
1078:Drivers/STM32F1xx_HAL_Driver/Src/stm32f1xx_ll_usb.c **** 
1079:Drivers/STM32F1xx_HAL_Driver/Src/stm32f1xx_ll_usb.c ****   tmpreg = USBx->GINTSTS;
1080:Drivers/STM32F1xx_HAL_Driver/Src/stm32f1xx_ll_usb.c ****   tmpreg &= USBx->GINTMSK;
1081:Drivers/STM32F1xx_HAL_Driver/Src/stm32f1xx_ll_usb.c **** 
1082:Drivers/STM32F1xx_HAL_Driver/Src/stm32f1xx_ll_usb.c ****   return tmpreg;
1083:Drivers/STM32F1xx_HAL_Driver/Src/stm32f1xx_ll_usb.c **** }
1084:Drivers/STM32F1xx_HAL_Driver/Src/stm32f1xx_ll_usb.c **** 
1085:Drivers/STM32F1xx_HAL_Driver/Src/stm32f1xx_ll_usb.c **** /**
1086:Drivers/STM32F1xx_HAL_Driver/Src/stm32f1xx_ll_usb.c ****   * @brief  USB_ReadChInterrupts: return USB channel interrupt status
1087:Drivers/STM32F1xx_HAL_Driver/Src/stm32f1xx_ll_usb.c ****   * @param  USBx  Selected device
1088:Drivers/STM32F1xx_HAL_Driver/Src/stm32f1xx_ll_usb.c ****   * @param  chnum Channel number
1089:Drivers/STM32F1xx_HAL_Driver/Src/stm32f1xx_ll_usb.c ****   * @retval USB Channel Interrupt status
1090:Drivers/STM32F1xx_HAL_Driver/Src/stm32f1xx_ll_usb.c ****   */
1091:Drivers/STM32F1xx_HAL_Driver/Src/stm32f1xx_ll_usb.c **** uint32_t USB_ReadChInterrupts(USB_OTG_GlobalTypeDef *USBx, uint8_t chnum)
1092:Drivers/STM32F1xx_HAL_Driver/Src/stm32f1xx_ll_usb.c **** {
1093:Drivers/STM32F1xx_HAL_Driver/Src/stm32f1xx_ll_usb.c ****   uint32_t USBx_BASE = (uint32_t)USBx;
1094:Drivers/STM32F1xx_HAL_Driver/Src/stm32f1xx_ll_usb.c ****   uint32_t tmpreg;
1095:Drivers/STM32F1xx_HAL_Driver/Src/stm32f1xx_ll_usb.c **** 
1096:Drivers/STM32F1xx_HAL_Driver/Src/stm32f1xx_ll_usb.c ****   tmpreg = USBx_HC(chnum)->HCINT;
1097:Drivers/STM32F1xx_HAL_Driver/Src/stm32f1xx_ll_usb.c ****   tmpreg &= USBx_HC(chnum)->HCINTMSK;
1098:Drivers/STM32F1xx_HAL_Driver/Src/stm32f1xx_ll_usb.c **** 
1099:Drivers/STM32F1xx_HAL_Driver/Src/stm32f1xx_ll_usb.c ****   return tmpreg;
1100:Drivers/STM32F1xx_HAL_Driver/Src/stm32f1xx_ll_usb.c **** }
1101:Drivers/STM32F1xx_HAL_Driver/Src/stm32f1xx_ll_usb.c **** 
1102:Drivers/STM32F1xx_HAL_Driver/Src/stm32f1xx_ll_usb.c **** /**
1103:Drivers/STM32F1xx_HAL_Driver/Src/stm32f1xx_ll_usb.c ****   * @brief  USB_ReadDevAllOutEpInterrupt: return the USB device OUT endpoints interrupt status
1104:Drivers/STM32F1xx_HAL_Driver/Src/stm32f1xx_ll_usb.c ****   * @param  USBx  Selected device
1105:Drivers/STM32F1xx_HAL_Driver/Src/stm32f1xx_ll_usb.c ****   * @retval USB Device OUT EP interrupt status
1106:Drivers/STM32F1xx_HAL_Driver/Src/stm32f1xx_ll_usb.c ****   */
1107:Drivers/STM32F1xx_HAL_Driver/Src/stm32f1xx_ll_usb.c **** uint32_t USB_ReadDevAllOutEpInterrupt(USB_OTG_GlobalTypeDef *USBx)
1108:Drivers/STM32F1xx_HAL_Driver/Src/stm32f1xx_ll_usb.c **** {
1109:Drivers/STM32F1xx_HAL_Driver/Src/stm32f1xx_ll_usb.c ****   uint32_t USBx_BASE = (uint32_t)USBx;
1110:Drivers/STM32F1xx_HAL_Driver/Src/stm32f1xx_ll_usb.c ****   uint32_t tmpreg;
1111:Drivers/STM32F1xx_HAL_Driver/Src/stm32f1xx_ll_usb.c **** 
1112:Drivers/STM32F1xx_HAL_Driver/Src/stm32f1xx_ll_usb.c ****   tmpreg  = USBx_DEVICE->DAINT;
1113:Drivers/STM32F1xx_HAL_Driver/Src/stm32f1xx_ll_usb.c ****   tmpreg &= USBx_DEVICE->DAINTMSK;
1114:Drivers/STM32F1xx_HAL_Driver/Src/stm32f1xx_ll_usb.c **** 
ARM GAS  C:\Users\crist\AppData\Local\Temp\ccqk2JNa.s 			page 21


1115:Drivers/STM32F1xx_HAL_Driver/Src/stm32f1xx_ll_usb.c ****   return ((tmpreg & 0xffff0000U) >> 16);
1116:Drivers/STM32F1xx_HAL_Driver/Src/stm32f1xx_ll_usb.c **** }
1117:Drivers/STM32F1xx_HAL_Driver/Src/stm32f1xx_ll_usb.c **** 
1118:Drivers/STM32F1xx_HAL_Driver/Src/stm32f1xx_ll_usb.c **** /**
1119:Drivers/STM32F1xx_HAL_Driver/Src/stm32f1xx_ll_usb.c ****   * @brief  USB_ReadDevAllInEpInterrupt: return the USB device IN endpoints interrupt status
1120:Drivers/STM32F1xx_HAL_Driver/Src/stm32f1xx_ll_usb.c ****   * @param  USBx  Selected device
1121:Drivers/STM32F1xx_HAL_Driver/Src/stm32f1xx_ll_usb.c ****   * @retval USB Device IN EP interrupt status
1122:Drivers/STM32F1xx_HAL_Driver/Src/stm32f1xx_ll_usb.c ****   */
1123:Drivers/STM32F1xx_HAL_Driver/Src/stm32f1xx_ll_usb.c **** uint32_t USB_ReadDevAllInEpInterrupt(USB_OTG_GlobalTypeDef *USBx)
1124:Drivers/STM32F1xx_HAL_Driver/Src/stm32f1xx_ll_usb.c **** {
1125:Drivers/STM32F1xx_HAL_Driver/Src/stm32f1xx_ll_usb.c ****   uint32_t USBx_BASE = (uint32_t)USBx;
1126:Drivers/STM32F1xx_HAL_Driver/Src/stm32f1xx_ll_usb.c ****   uint32_t tmpreg;
1127:Drivers/STM32F1xx_HAL_Driver/Src/stm32f1xx_ll_usb.c **** 
1128:Drivers/STM32F1xx_HAL_Driver/Src/stm32f1xx_ll_usb.c ****   tmpreg  = USBx_DEVICE->DAINT;
1129:Drivers/STM32F1xx_HAL_Driver/Src/stm32f1xx_ll_usb.c ****   tmpreg &= USBx_DEVICE->DAINTMSK;
1130:Drivers/STM32F1xx_HAL_Driver/Src/stm32f1xx_ll_usb.c **** 
1131:Drivers/STM32F1xx_HAL_Driver/Src/stm32f1xx_ll_usb.c ****   return ((tmpreg & 0xFFFFU));
1132:Drivers/STM32F1xx_HAL_Driver/Src/stm32f1xx_ll_usb.c **** }
1133:Drivers/STM32F1xx_HAL_Driver/Src/stm32f1xx_ll_usb.c **** 
1134:Drivers/STM32F1xx_HAL_Driver/Src/stm32f1xx_ll_usb.c **** /**
1135:Drivers/STM32F1xx_HAL_Driver/Src/stm32f1xx_ll_usb.c ****   * @brief  Returns Device OUT EP Interrupt register
1136:Drivers/STM32F1xx_HAL_Driver/Src/stm32f1xx_ll_usb.c ****   * @param  USBx  Selected device
1137:Drivers/STM32F1xx_HAL_Driver/Src/stm32f1xx_ll_usb.c ****   * @param  epnum  endpoint number
1138:Drivers/STM32F1xx_HAL_Driver/Src/stm32f1xx_ll_usb.c ****   *          This parameter can be a value from 0 to 15
1139:Drivers/STM32F1xx_HAL_Driver/Src/stm32f1xx_ll_usb.c ****   * @retval Device OUT EP Interrupt register
1140:Drivers/STM32F1xx_HAL_Driver/Src/stm32f1xx_ll_usb.c ****   */
1141:Drivers/STM32F1xx_HAL_Driver/Src/stm32f1xx_ll_usb.c **** uint32_t USB_ReadDevOutEPInterrupt(USB_OTG_GlobalTypeDef *USBx, uint8_t epnum)
1142:Drivers/STM32F1xx_HAL_Driver/Src/stm32f1xx_ll_usb.c **** {
1143:Drivers/STM32F1xx_HAL_Driver/Src/stm32f1xx_ll_usb.c ****   uint32_t USBx_BASE = (uint32_t)USBx;
1144:Drivers/STM32F1xx_HAL_Driver/Src/stm32f1xx_ll_usb.c ****   uint32_t tmpreg;
1145:Drivers/STM32F1xx_HAL_Driver/Src/stm32f1xx_ll_usb.c **** 
1146:Drivers/STM32F1xx_HAL_Driver/Src/stm32f1xx_ll_usb.c ****   tmpreg  = USBx_OUTEP((uint32_t)epnum)->DOEPINT;
1147:Drivers/STM32F1xx_HAL_Driver/Src/stm32f1xx_ll_usb.c ****   tmpreg &= USBx_DEVICE->DOEPMSK;
1148:Drivers/STM32F1xx_HAL_Driver/Src/stm32f1xx_ll_usb.c **** 
1149:Drivers/STM32F1xx_HAL_Driver/Src/stm32f1xx_ll_usb.c ****   return tmpreg;
1150:Drivers/STM32F1xx_HAL_Driver/Src/stm32f1xx_ll_usb.c **** }
1151:Drivers/STM32F1xx_HAL_Driver/Src/stm32f1xx_ll_usb.c **** 
1152:Drivers/STM32F1xx_HAL_Driver/Src/stm32f1xx_ll_usb.c **** /**
1153:Drivers/STM32F1xx_HAL_Driver/Src/stm32f1xx_ll_usb.c ****   * @brief  Returns Device IN EP Interrupt register
1154:Drivers/STM32F1xx_HAL_Driver/Src/stm32f1xx_ll_usb.c ****   * @param  USBx  Selected device
1155:Drivers/STM32F1xx_HAL_Driver/Src/stm32f1xx_ll_usb.c ****   * @param  epnum  endpoint number
1156:Drivers/STM32F1xx_HAL_Driver/Src/stm32f1xx_ll_usb.c ****   *          This parameter can be a value from 0 to 15
1157:Drivers/STM32F1xx_HAL_Driver/Src/stm32f1xx_ll_usb.c ****   * @retval Device IN EP Interrupt register
1158:Drivers/STM32F1xx_HAL_Driver/Src/stm32f1xx_ll_usb.c ****   */
1159:Drivers/STM32F1xx_HAL_Driver/Src/stm32f1xx_ll_usb.c **** uint32_t USB_ReadDevInEPInterrupt(USB_OTG_GlobalTypeDef *USBx, uint8_t epnum)
1160:Drivers/STM32F1xx_HAL_Driver/Src/stm32f1xx_ll_usb.c **** {
1161:Drivers/STM32F1xx_HAL_Driver/Src/stm32f1xx_ll_usb.c ****   uint32_t USBx_BASE = (uint32_t)USBx;
1162:Drivers/STM32F1xx_HAL_Driver/Src/stm32f1xx_ll_usb.c ****   uint32_t tmpreg;
1163:Drivers/STM32F1xx_HAL_Driver/Src/stm32f1xx_ll_usb.c ****   uint32_t msk;
1164:Drivers/STM32F1xx_HAL_Driver/Src/stm32f1xx_ll_usb.c ****   uint32_t emp;
1165:Drivers/STM32F1xx_HAL_Driver/Src/stm32f1xx_ll_usb.c **** 
1166:Drivers/STM32F1xx_HAL_Driver/Src/stm32f1xx_ll_usb.c ****   msk = USBx_DEVICE->DIEPMSK;
1167:Drivers/STM32F1xx_HAL_Driver/Src/stm32f1xx_ll_usb.c ****   emp = USBx_DEVICE->DIEPEMPMSK;
1168:Drivers/STM32F1xx_HAL_Driver/Src/stm32f1xx_ll_usb.c ****   msk |= ((emp >> (epnum & EP_ADDR_MSK)) & 0x1U) << 7;
1169:Drivers/STM32F1xx_HAL_Driver/Src/stm32f1xx_ll_usb.c ****   tmpreg = USBx_INEP((uint32_t)epnum)->DIEPINT & msk;
1170:Drivers/STM32F1xx_HAL_Driver/Src/stm32f1xx_ll_usb.c **** 
1171:Drivers/STM32F1xx_HAL_Driver/Src/stm32f1xx_ll_usb.c ****   return tmpreg;
ARM GAS  C:\Users\crist\AppData\Local\Temp\ccqk2JNa.s 			page 22


1172:Drivers/STM32F1xx_HAL_Driver/Src/stm32f1xx_ll_usb.c **** }
1173:Drivers/STM32F1xx_HAL_Driver/Src/stm32f1xx_ll_usb.c **** 
1174:Drivers/STM32F1xx_HAL_Driver/Src/stm32f1xx_ll_usb.c **** /**
1175:Drivers/STM32F1xx_HAL_Driver/Src/stm32f1xx_ll_usb.c ****   * @brief  USB_ClearInterrupts: clear a USB interrupt
1176:Drivers/STM32F1xx_HAL_Driver/Src/stm32f1xx_ll_usb.c ****   * @param  USBx  Selected device
1177:Drivers/STM32F1xx_HAL_Driver/Src/stm32f1xx_ll_usb.c ****   * @param  interrupt  flag
1178:Drivers/STM32F1xx_HAL_Driver/Src/stm32f1xx_ll_usb.c ****   * @retval None
1179:Drivers/STM32F1xx_HAL_Driver/Src/stm32f1xx_ll_usb.c ****   */
1180:Drivers/STM32F1xx_HAL_Driver/Src/stm32f1xx_ll_usb.c **** void  USB_ClearInterrupts(USB_OTG_GlobalTypeDef *USBx, uint32_t interrupt)
1181:Drivers/STM32F1xx_HAL_Driver/Src/stm32f1xx_ll_usb.c **** {
1182:Drivers/STM32F1xx_HAL_Driver/Src/stm32f1xx_ll_usb.c ****   USBx->GINTSTS &= interrupt;
1183:Drivers/STM32F1xx_HAL_Driver/Src/stm32f1xx_ll_usb.c **** }
1184:Drivers/STM32F1xx_HAL_Driver/Src/stm32f1xx_ll_usb.c **** 
1185:Drivers/STM32F1xx_HAL_Driver/Src/stm32f1xx_ll_usb.c **** /**
1186:Drivers/STM32F1xx_HAL_Driver/Src/stm32f1xx_ll_usb.c ****   * @brief  Returns USB core mode
1187:Drivers/STM32F1xx_HAL_Driver/Src/stm32f1xx_ll_usb.c ****   * @param  USBx  Selected device
1188:Drivers/STM32F1xx_HAL_Driver/Src/stm32f1xx_ll_usb.c ****   * @retval return core mode : Host or Device
1189:Drivers/STM32F1xx_HAL_Driver/Src/stm32f1xx_ll_usb.c ****   *          This parameter can be one of these values:
1190:Drivers/STM32F1xx_HAL_Driver/Src/stm32f1xx_ll_usb.c ****   *           0 : Host
1191:Drivers/STM32F1xx_HAL_Driver/Src/stm32f1xx_ll_usb.c ****   *           1 : Device
1192:Drivers/STM32F1xx_HAL_Driver/Src/stm32f1xx_ll_usb.c ****   */
1193:Drivers/STM32F1xx_HAL_Driver/Src/stm32f1xx_ll_usb.c **** uint32_t USB_GetMode(USB_OTG_GlobalTypeDef *USBx)
1194:Drivers/STM32F1xx_HAL_Driver/Src/stm32f1xx_ll_usb.c **** {
1195:Drivers/STM32F1xx_HAL_Driver/Src/stm32f1xx_ll_usb.c ****   return ((USBx->GINTSTS) & 0x1U);
1196:Drivers/STM32F1xx_HAL_Driver/Src/stm32f1xx_ll_usb.c **** }
1197:Drivers/STM32F1xx_HAL_Driver/Src/stm32f1xx_ll_usb.c **** 
1198:Drivers/STM32F1xx_HAL_Driver/Src/stm32f1xx_ll_usb.c **** /**
1199:Drivers/STM32F1xx_HAL_Driver/Src/stm32f1xx_ll_usb.c ****   * @brief  Activate EP0 for Setup transactions
1200:Drivers/STM32F1xx_HAL_Driver/Src/stm32f1xx_ll_usb.c ****   * @param  USBx  Selected device
1201:Drivers/STM32F1xx_HAL_Driver/Src/stm32f1xx_ll_usb.c ****   * @retval HAL status
1202:Drivers/STM32F1xx_HAL_Driver/Src/stm32f1xx_ll_usb.c ****   */
1203:Drivers/STM32F1xx_HAL_Driver/Src/stm32f1xx_ll_usb.c **** HAL_StatusTypeDef USB_ActivateSetup(USB_OTG_GlobalTypeDef *USBx)
1204:Drivers/STM32F1xx_HAL_Driver/Src/stm32f1xx_ll_usb.c **** {
1205:Drivers/STM32F1xx_HAL_Driver/Src/stm32f1xx_ll_usb.c ****   uint32_t USBx_BASE = (uint32_t)USBx;
1206:Drivers/STM32F1xx_HAL_Driver/Src/stm32f1xx_ll_usb.c **** 
1207:Drivers/STM32F1xx_HAL_Driver/Src/stm32f1xx_ll_usb.c ****   /* Set the MPS of the IN EP0 to 64 bytes */
1208:Drivers/STM32F1xx_HAL_Driver/Src/stm32f1xx_ll_usb.c ****   USBx_INEP(0U)->DIEPCTL &= ~USB_OTG_DIEPCTL_MPSIZ;
1209:Drivers/STM32F1xx_HAL_Driver/Src/stm32f1xx_ll_usb.c **** 
1210:Drivers/STM32F1xx_HAL_Driver/Src/stm32f1xx_ll_usb.c ****   USBx_DEVICE->DCTL |= USB_OTG_DCTL_CGINAK;
1211:Drivers/STM32F1xx_HAL_Driver/Src/stm32f1xx_ll_usb.c **** 
1212:Drivers/STM32F1xx_HAL_Driver/Src/stm32f1xx_ll_usb.c ****   return HAL_OK;
1213:Drivers/STM32F1xx_HAL_Driver/Src/stm32f1xx_ll_usb.c **** }
1214:Drivers/STM32F1xx_HAL_Driver/Src/stm32f1xx_ll_usb.c **** 
1215:Drivers/STM32F1xx_HAL_Driver/Src/stm32f1xx_ll_usb.c **** /**
1216:Drivers/STM32F1xx_HAL_Driver/Src/stm32f1xx_ll_usb.c ****   * @brief  Prepare the EP0 to start the first control setup
1217:Drivers/STM32F1xx_HAL_Driver/Src/stm32f1xx_ll_usb.c ****   * @param  USBx  Selected device
1218:Drivers/STM32F1xx_HAL_Driver/Src/stm32f1xx_ll_usb.c ****   * @param  psetup  pointer to setup packet
1219:Drivers/STM32F1xx_HAL_Driver/Src/stm32f1xx_ll_usb.c ****   * @retval HAL status
1220:Drivers/STM32F1xx_HAL_Driver/Src/stm32f1xx_ll_usb.c ****   */
1221:Drivers/STM32F1xx_HAL_Driver/Src/stm32f1xx_ll_usb.c **** HAL_StatusTypeDef USB_EP0_OutStart(USB_OTG_GlobalTypeDef *USBx, uint8_t *psetup)
1222:Drivers/STM32F1xx_HAL_Driver/Src/stm32f1xx_ll_usb.c **** {
1223:Drivers/STM32F1xx_HAL_Driver/Src/stm32f1xx_ll_usb.c ****   uint32_t USBx_BASE = (uint32_t)USBx;
1224:Drivers/STM32F1xx_HAL_Driver/Src/stm32f1xx_ll_usb.c ****   uint32_t gSNPSiD = *(__IO uint32_t *)(&USBx->CID + 0x1U);
1225:Drivers/STM32F1xx_HAL_Driver/Src/stm32f1xx_ll_usb.c ****   UNUSED(psetup);
1226:Drivers/STM32F1xx_HAL_Driver/Src/stm32f1xx_ll_usb.c **** 
1227:Drivers/STM32F1xx_HAL_Driver/Src/stm32f1xx_ll_usb.c ****   if (gSNPSiD > USB_OTG_CORE_ID_300A)
1228:Drivers/STM32F1xx_HAL_Driver/Src/stm32f1xx_ll_usb.c ****   {
ARM GAS  C:\Users\crist\AppData\Local\Temp\ccqk2JNa.s 			page 23


1229:Drivers/STM32F1xx_HAL_Driver/Src/stm32f1xx_ll_usb.c ****     if ((USBx_OUTEP(0U)->DOEPCTL & USB_OTG_DOEPCTL_EPENA) == USB_OTG_DOEPCTL_EPENA)
1230:Drivers/STM32F1xx_HAL_Driver/Src/stm32f1xx_ll_usb.c ****     {
1231:Drivers/STM32F1xx_HAL_Driver/Src/stm32f1xx_ll_usb.c ****       return HAL_OK;
1232:Drivers/STM32F1xx_HAL_Driver/Src/stm32f1xx_ll_usb.c ****     }
1233:Drivers/STM32F1xx_HAL_Driver/Src/stm32f1xx_ll_usb.c ****   }
1234:Drivers/STM32F1xx_HAL_Driver/Src/stm32f1xx_ll_usb.c **** 
1235:Drivers/STM32F1xx_HAL_Driver/Src/stm32f1xx_ll_usb.c ****   USBx_OUTEP(0U)->DOEPTSIZ = 0U;
1236:Drivers/STM32F1xx_HAL_Driver/Src/stm32f1xx_ll_usb.c ****   USBx_OUTEP(0U)->DOEPTSIZ |= (USB_OTG_DOEPTSIZ_PKTCNT & (1U << 19));
1237:Drivers/STM32F1xx_HAL_Driver/Src/stm32f1xx_ll_usb.c ****   USBx_OUTEP(0U)->DOEPTSIZ |= (3U * 8U);
1238:Drivers/STM32F1xx_HAL_Driver/Src/stm32f1xx_ll_usb.c ****   USBx_OUTEP(0U)->DOEPTSIZ |=  USB_OTG_DOEPTSIZ_STUPCNT;
1239:Drivers/STM32F1xx_HAL_Driver/Src/stm32f1xx_ll_usb.c **** 
1240:Drivers/STM32F1xx_HAL_Driver/Src/stm32f1xx_ll_usb.c ****   return HAL_OK;
1241:Drivers/STM32F1xx_HAL_Driver/Src/stm32f1xx_ll_usb.c **** }
1242:Drivers/STM32F1xx_HAL_Driver/Src/stm32f1xx_ll_usb.c **** 
1243:Drivers/STM32F1xx_HAL_Driver/Src/stm32f1xx_ll_usb.c **** /**
1244:Drivers/STM32F1xx_HAL_Driver/Src/stm32f1xx_ll_usb.c ****   * @brief  Reset the USB Core (needed after USB clock settings change)
1245:Drivers/STM32F1xx_HAL_Driver/Src/stm32f1xx_ll_usb.c ****   * @param  USBx  Selected device
1246:Drivers/STM32F1xx_HAL_Driver/Src/stm32f1xx_ll_usb.c ****   * @retval HAL status
1247:Drivers/STM32F1xx_HAL_Driver/Src/stm32f1xx_ll_usb.c ****   */
1248:Drivers/STM32F1xx_HAL_Driver/Src/stm32f1xx_ll_usb.c **** static HAL_StatusTypeDef USB_CoreReset(USB_OTG_GlobalTypeDef *USBx)
1249:Drivers/STM32F1xx_HAL_Driver/Src/stm32f1xx_ll_usb.c **** {
1250:Drivers/STM32F1xx_HAL_Driver/Src/stm32f1xx_ll_usb.c ****   __IO uint32_t count = 0U;
1251:Drivers/STM32F1xx_HAL_Driver/Src/stm32f1xx_ll_usb.c **** 
1252:Drivers/STM32F1xx_HAL_Driver/Src/stm32f1xx_ll_usb.c ****   /* Wait for AHB master IDLE state. */
1253:Drivers/STM32F1xx_HAL_Driver/Src/stm32f1xx_ll_usb.c ****   do
1254:Drivers/STM32F1xx_HAL_Driver/Src/stm32f1xx_ll_usb.c ****   {
1255:Drivers/STM32F1xx_HAL_Driver/Src/stm32f1xx_ll_usb.c ****     count++;
1256:Drivers/STM32F1xx_HAL_Driver/Src/stm32f1xx_ll_usb.c **** 
1257:Drivers/STM32F1xx_HAL_Driver/Src/stm32f1xx_ll_usb.c ****     if (count > 200000U)
1258:Drivers/STM32F1xx_HAL_Driver/Src/stm32f1xx_ll_usb.c ****     {
1259:Drivers/STM32F1xx_HAL_Driver/Src/stm32f1xx_ll_usb.c ****       return HAL_TIMEOUT;
1260:Drivers/STM32F1xx_HAL_Driver/Src/stm32f1xx_ll_usb.c ****     }
1261:Drivers/STM32F1xx_HAL_Driver/Src/stm32f1xx_ll_usb.c ****   } while ((USBx->GRSTCTL & USB_OTG_GRSTCTL_AHBIDL) == 0U);
1262:Drivers/STM32F1xx_HAL_Driver/Src/stm32f1xx_ll_usb.c **** 
1263:Drivers/STM32F1xx_HAL_Driver/Src/stm32f1xx_ll_usb.c ****   /* Core Soft Reset */
1264:Drivers/STM32F1xx_HAL_Driver/Src/stm32f1xx_ll_usb.c ****   count = 0U;
1265:Drivers/STM32F1xx_HAL_Driver/Src/stm32f1xx_ll_usb.c ****   USBx->GRSTCTL |= USB_OTG_GRSTCTL_CSRST;
1266:Drivers/STM32F1xx_HAL_Driver/Src/stm32f1xx_ll_usb.c **** 
1267:Drivers/STM32F1xx_HAL_Driver/Src/stm32f1xx_ll_usb.c ****   do
1268:Drivers/STM32F1xx_HAL_Driver/Src/stm32f1xx_ll_usb.c ****   {
1269:Drivers/STM32F1xx_HAL_Driver/Src/stm32f1xx_ll_usb.c ****     count++;
1270:Drivers/STM32F1xx_HAL_Driver/Src/stm32f1xx_ll_usb.c **** 
1271:Drivers/STM32F1xx_HAL_Driver/Src/stm32f1xx_ll_usb.c ****     if (count > 200000U)
1272:Drivers/STM32F1xx_HAL_Driver/Src/stm32f1xx_ll_usb.c ****     {
1273:Drivers/STM32F1xx_HAL_Driver/Src/stm32f1xx_ll_usb.c ****       return HAL_TIMEOUT;
1274:Drivers/STM32F1xx_HAL_Driver/Src/stm32f1xx_ll_usb.c ****     }
1275:Drivers/STM32F1xx_HAL_Driver/Src/stm32f1xx_ll_usb.c ****   } while ((USBx->GRSTCTL & USB_OTG_GRSTCTL_CSRST) == USB_OTG_GRSTCTL_CSRST);
1276:Drivers/STM32F1xx_HAL_Driver/Src/stm32f1xx_ll_usb.c **** 
1277:Drivers/STM32F1xx_HAL_Driver/Src/stm32f1xx_ll_usb.c ****   return HAL_OK;
1278:Drivers/STM32F1xx_HAL_Driver/Src/stm32f1xx_ll_usb.c **** }
1279:Drivers/STM32F1xx_HAL_Driver/Src/stm32f1xx_ll_usb.c **** 
1280:Drivers/STM32F1xx_HAL_Driver/Src/stm32f1xx_ll_usb.c **** /**
1281:Drivers/STM32F1xx_HAL_Driver/Src/stm32f1xx_ll_usb.c ****   * @brief  USB_HostInit : Initializes the USB OTG controller registers
1282:Drivers/STM32F1xx_HAL_Driver/Src/stm32f1xx_ll_usb.c ****   *         for Host mode
1283:Drivers/STM32F1xx_HAL_Driver/Src/stm32f1xx_ll_usb.c ****   * @param  USBx  Selected device
1284:Drivers/STM32F1xx_HAL_Driver/Src/stm32f1xx_ll_usb.c ****   * @param  cfg   pointer to a USB_OTG_CfgTypeDef structure that contains
1285:Drivers/STM32F1xx_HAL_Driver/Src/stm32f1xx_ll_usb.c ****   *         the configuration information for the specified USBx peripheral.
ARM GAS  C:\Users\crist\AppData\Local\Temp\ccqk2JNa.s 			page 24


1286:Drivers/STM32F1xx_HAL_Driver/Src/stm32f1xx_ll_usb.c ****   * @retval HAL status
1287:Drivers/STM32F1xx_HAL_Driver/Src/stm32f1xx_ll_usb.c ****   */
1288:Drivers/STM32F1xx_HAL_Driver/Src/stm32f1xx_ll_usb.c **** HAL_StatusTypeDef USB_HostInit(USB_OTG_GlobalTypeDef *USBx, USB_OTG_CfgTypeDef cfg)
1289:Drivers/STM32F1xx_HAL_Driver/Src/stm32f1xx_ll_usb.c **** {
1290:Drivers/STM32F1xx_HAL_Driver/Src/stm32f1xx_ll_usb.c ****   HAL_StatusTypeDef ret = HAL_OK;
1291:Drivers/STM32F1xx_HAL_Driver/Src/stm32f1xx_ll_usb.c ****   uint32_t USBx_BASE = (uint32_t)USBx;
1292:Drivers/STM32F1xx_HAL_Driver/Src/stm32f1xx_ll_usb.c ****   uint32_t i;
1293:Drivers/STM32F1xx_HAL_Driver/Src/stm32f1xx_ll_usb.c **** 
1294:Drivers/STM32F1xx_HAL_Driver/Src/stm32f1xx_ll_usb.c ****   /* Restart the Phy Clock */
1295:Drivers/STM32F1xx_HAL_Driver/Src/stm32f1xx_ll_usb.c ****   USBx_PCGCCTL = 0U;
1296:Drivers/STM32F1xx_HAL_Driver/Src/stm32f1xx_ll_usb.c **** 
1297:Drivers/STM32F1xx_HAL_Driver/Src/stm32f1xx_ll_usb.c ****   /* Disable VBUS sensing */
1298:Drivers/STM32F1xx_HAL_Driver/Src/stm32f1xx_ll_usb.c ****   USBx->GCCFG &= ~(USB_OTG_GCCFG_VBUSASEN);
1299:Drivers/STM32F1xx_HAL_Driver/Src/stm32f1xx_ll_usb.c ****   USBx->GCCFG &= ~(USB_OTG_GCCFG_VBUSBSEN);
1300:Drivers/STM32F1xx_HAL_Driver/Src/stm32f1xx_ll_usb.c ****   /* Set default Max speed support */
1301:Drivers/STM32F1xx_HAL_Driver/Src/stm32f1xx_ll_usb.c ****   USBx_HOST->HCFG &= ~(USB_OTG_HCFG_FSLSS);
1302:Drivers/STM32F1xx_HAL_Driver/Src/stm32f1xx_ll_usb.c **** 
1303:Drivers/STM32F1xx_HAL_Driver/Src/stm32f1xx_ll_usb.c ****   /* Make sure the FIFOs are flushed. */
1304:Drivers/STM32F1xx_HAL_Driver/Src/stm32f1xx_ll_usb.c ****   if (USB_FlushTxFifo(USBx, 0x10U) != HAL_OK) /* all Tx FIFOs */
1305:Drivers/STM32F1xx_HAL_Driver/Src/stm32f1xx_ll_usb.c ****   {
1306:Drivers/STM32F1xx_HAL_Driver/Src/stm32f1xx_ll_usb.c ****     ret = HAL_ERROR;
1307:Drivers/STM32F1xx_HAL_Driver/Src/stm32f1xx_ll_usb.c ****   }
1308:Drivers/STM32F1xx_HAL_Driver/Src/stm32f1xx_ll_usb.c **** 
1309:Drivers/STM32F1xx_HAL_Driver/Src/stm32f1xx_ll_usb.c ****   if (USB_FlushRxFifo(USBx) != HAL_OK)
1310:Drivers/STM32F1xx_HAL_Driver/Src/stm32f1xx_ll_usb.c ****   {
1311:Drivers/STM32F1xx_HAL_Driver/Src/stm32f1xx_ll_usb.c ****     ret = HAL_ERROR;
1312:Drivers/STM32F1xx_HAL_Driver/Src/stm32f1xx_ll_usb.c ****   }
1313:Drivers/STM32F1xx_HAL_Driver/Src/stm32f1xx_ll_usb.c **** 
1314:Drivers/STM32F1xx_HAL_Driver/Src/stm32f1xx_ll_usb.c ****   /* Clear all pending HC Interrupts */
1315:Drivers/STM32F1xx_HAL_Driver/Src/stm32f1xx_ll_usb.c ****   for (i = 0U; i < cfg.Host_channels; i++)
1316:Drivers/STM32F1xx_HAL_Driver/Src/stm32f1xx_ll_usb.c ****   {
1317:Drivers/STM32F1xx_HAL_Driver/Src/stm32f1xx_ll_usb.c ****     USBx_HC(i)->HCINT = CLEAR_INTERRUPT_MASK;
1318:Drivers/STM32F1xx_HAL_Driver/Src/stm32f1xx_ll_usb.c ****     USBx_HC(i)->HCINTMSK = 0U;
1319:Drivers/STM32F1xx_HAL_Driver/Src/stm32f1xx_ll_usb.c ****   }
1320:Drivers/STM32F1xx_HAL_Driver/Src/stm32f1xx_ll_usb.c **** 
1321:Drivers/STM32F1xx_HAL_Driver/Src/stm32f1xx_ll_usb.c ****   /* Disable all interrupts. */
1322:Drivers/STM32F1xx_HAL_Driver/Src/stm32f1xx_ll_usb.c ****   USBx->GINTMSK = 0U;
1323:Drivers/STM32F1xx_HAL_Driver/Src/stm32f1xx_ll_usb.c **** 
1324:Drivers/STM32F1xx_HAL_Driver/Src/stm32f1xx_ll_usb.c ****   /* Clear any pending interrupts */
1325:Drivers/STM32F1xx_HAL_Driver/Src/stm32f1xx_ll_usb.c ****   USBx->GINTSTS = CLEAR_INTERRUPT_MASK;
1326:Drivers/STM32F1xx_HAL_Driver/Src/stm32f1xx_ll_usb.c **** 
1327:Drivers/STM32F1xx_HAL_Driver/Src/stm32f1xx_ll_usb.c ****   /* set Rx FIFO size */
1328:Drivers/STM32F1xx_HAL_Driver/Src/stm32f1xx_ll_usb.c ****   USBx->GRXFSIZ  = 0x80U;
1329:Drivers/STM32F1xx_HAL_Driver/Src/stm32f1xx_ll_usb.c ****   USBx->DIEPTXF0_HNPTXFSIZ = (uint32_t)(((0x60U << 16) & USB_OTG_NPTXFD) | 0x80U);
1330:Drivers/STM32F1xx_HAL_Driver/Src/stm32f1xx_ll_usb.c ****   USBx->HPTXFSIZ = (uint32_t)(((0x40U << 16)& USB_OTG_HPTXFSIZ_PTXFD) | 0xE0U);
1331:Drivers/STM32F1xx_HAL_Driver/Src/stm32f1xx_ll_usb.c ****   /* Enable the common interrupts */
1332:Drivers/STM32F1xx_HAL_Driver/Src/stm32f1xx_ll_usb.c ****   USBx->GINTMSK |= USB_OTG_GINTMSK_RXFLVLM;
1333:Drivers/STM32F1xx_HAL_Driver/Src/stm32f1xx_ll_usb.c **** 
1334:Drivers/STM32F1xx_HAL_Driver/Src/stm32f1xx_ll_usb.c ****   /* Enable interrupts matching to the Host mode ONLY */
1335:Drivers/STM32F1xx_HAL_Driver/Src/stm32f1xx_ll_usb.c ****   USBx->GINTMSK |= (USB_OTG_GINTMSK_PRTIM            | USB_OTG_GINTMSK_HCIM | \
1336:Drivers/STM32F1xx_HAL_Driver/Src/stm32f1xx_ll_usb.c ****                     USB_OTG_GINTMSK_SOFM             | USB_OTG_GINTSTS_DISCINT | \
1337:Drivers/STM32F1xx_HAL_Driver/Src/stm32f1xx_ll_usb.c ****                     USB_OTG_GINTMSK_PXFRM_IISOOXFRM  | USB_OTG_GINTMSK_WUIM);
1338:Drivers/STM32F1xx_HAL_Driver/Src/stm32f1xx_ll_usb.c **** 
1339:Drivers/STM32F1xx_HAL_Driver/Src/stm32f1xx_ll_usb.c ****   return ret;
1340:Drivers/STM32F1xx_HAL_Driver/Src/stm32f1xx_ll_usb.c **** }
1341:Drivers/STM32F1xx_HAL_Driver/Src/stm32f1xx_ll_usb.c **** 
1342:Drivers/STM32F1xx_HAL_Driver/Src/stm32f1xx_ll_usb.c **** /**
ARM GAS  C:\Users\crist\AppData\Local\Temp\ccqk2JNa.s 			page 25


1343:Drivers/STM32F1xx_HAL_Driver/Src/stm32f1xx_ll_usb.c ****   * @brief  USB_InitFSLSPClkSel : Initializes the FSLSPClkSel field of the
1344:Drivers/STM32F1xx_HAL_Driver/Src/stm32f1xx_ll_usb.c ****   *         HCFG register on the PHY type and set the right frame interval
1345:Drivers/STM32F1xx_HAL_Driver/Src/stm32f1xx_ll_usb.c ****   * @param  USBx  Selected device
1346:Drivers/STM32F1xx_HAL_Driver/Src/stm32f1xx_ll_usb.c ****   * @param  freq  clock frequency
1347:Drivers/STM32F1xx_HAL_Driver/Src/stm32f1xx_ll_usb.c ****   *          This parameter can be one of these values:
1348:Drivers/STM32F1xx_HAL_Driver/Src/stm32f1xx_ll_usb.c ****   *           HCFG_48_MHZ : Full Speed 48 MHz Clock
1349:Drivers/STM32F1xx_HAL_Driver/Src/stm32f1xx_ll_usb.c ****   *           HCFG_6_MHZ : Low Speed 6 MHz Clock
1350:Drivers/STM32F1xx_HAL_Driver/Src/stm32f1xx_ll_usb.c ****   * @retval HAL status
1351:Drivers/STM32F1xx_HAL_Driver/Src/stm32f1xx_ll_usb.c ****   */
1352:Drivers/STM32F1xx_HAL_Driver/Src/stm32f1xx_ll_usb.c **** HAL_StatusTypeDef USB_InitFSLSPClkSel(USB_OTG_GlobalTypeDef *USBx, uint8_t freq)
1353:Drivers/STM32F1xx_HAL_Driver/Src/stm32f1xx_ll_usb.c **** {
1354:Drivers/STM32F1xx_HAL_Driver/Src/stm32f1xx_ll_usb.c ****   uint32_t USBx_BASE = (uint32_t)USBx;
1355:Drivers/STM32F1xx_HAL_Driver/Src/stm32f1xx_ll_usb.c **** 
1356:Drivers/STM32F1xx_HAL_Driver/Src/stm32f1xx_ll_usb.c ****   USBx_HOST->HCFG &= ~(USB_OTG_HCFG_FSLSPCS);
1357:Drivers/STM32F1xx_HAL_Driver/Src/stm32f1xx_ll_usb.c ****   USBx_HOST->HCFG |= (uint32_t)freq & USB_OTG_HCFG_FSLSPCS;
1358:Drivers/STM32F1xx_HAL_Driver/Src/stm32f1xx_ll_usb.c **** 
1359:Drivers/STM32F1xx_HAL_Driver/Src/stm32f1xx_ll_usb.c ****   if (freq == HCFG_48_MHZ)
1360:Drivers/STM32F1xx_HAL_Driver/Src/stm32f1xx_ll_usb.c ****   {
1361:Drivers/STM32F1xx_HAL_Driver/Src/stm32f1xx_ll_usb.c ****     USBx_HOST->HFIR = HFIR_48_MHZ;
1362:Drivers/STM32F1xx_HAL_Driver/Src/stm32f1xx_ll_usb.c ****   }
1363:Drivers/STM32F1xx_HAL_Driver/Src/stm32f1xx_ll_usb.c ****   else if (freq == HCFG_6_MHZ)
1364:Drivers/STM32F1xx_HAL_Driver/Src/stm32f1xx_ll_usb.c ****   {
1365:Drivers/STM32F1xx_HAL_Driver/Src/stm32f1xx_ll_usb.c ****     USBx_HOST->HFIR = HFIR_6_MHZ;
1366:Drivers/STM32F1xx_HAL_Driver/Src/stm32f1xx_ll_usb.c ****   }
1367:Drivers/STM32F1xx_HAL_Driver/Src/stm32f1xx_ll_usb.c ****   else
1368:Drivers/STM32F1xx_HAL_Driver/Src/stm32f1xx_ll_usb.c ****   {
1369:Drivers/STM32F1xx_HAL_Driver/Src/stm32f1xx_ll_usb.c ****     return HAL_ERROR;
1370:Drivers/STM32F1xx_HAL_Driver/Src/stm32f1xx_ll_usb.c ****   }
1371:Drivers/STM32F1xx_HAL_Driver/Src/stm32f1xx_ll_usb.c **** 
1372:Drivers/STM32F1xx_HAL_Driver/Src/stm32f1xx_ll_usb.c ****   return HAL_OK;
1373:Drivers/STM32F1xx_HAL_Driver/Src/stm32f1xx_ll_usb.c **** }
1374:Drivers/STM32F1xx_HAL_Driver/Src/stm32f1xx_ll_usb.c **** 
1375:Drivers/STM32F1xx_HAL_Driver/Src/stm32f1xx_ll_usb.c **** /**
1376:Drivers/STM32F1xx_HAL_Driver/Src/stm32f1xx_ll_usb.c ****   * @brief  USB_OTG_ResetPort : Reset Host Port
1377:Drivers/STM32F1xx_HAL_Driver/Src/stm32f1xx_ll_usb.c ****   * @param  USBx  Selected device
1378:Drivers/STM32F1xx_HAL_Driver/Src/stm32f1xx_ll_usb.c ****   * @retval HAL status
1379:Drivers/STM32F1xx_HAL_Driver/Src/stm32f1xx_ll_usb.c ****   * @note (1)The application must wait at least 10 ms
1380:Drivers/STM32F1xx_HAL_Driver/Src/stm32f1xx_ll_usb.c ****   *   before clearing the reset bit.
1381:Drivers/STM32F1xx_HAL_Driver/Src/stm32f1xx_ll_usb.c ****   */
1382:Drivers/STM32F1xx_HAL_Driver/Src/stm32f1xx_ll_usb.c **** HAL_StatusTypeDef USB_ResetPort(USB_OTG_GlobalTypeDef *USBx)
1383:Drivers/STM32F1xx_HAL_Driver/Src/stm32f1xx_ll_usb.c **** {
1384:Drivers/STM32F1xx_HAL_Driver/Src/stm32f1xx_ll_usb.c ****   uint32_t USBx_BASE = (uint32_t)USBx;
1385:Drivers/STM32F1xx_HAL_Driver/Src/stm32f1xx_ll_usb.c **** 
1386:Drivers/STM32F1xx_HAL_Driver/Src/stm32f1xx_ll_usb.c ****   __IO uint32_t hprt0 = 0U;
1387:Drivers/STM32F1xx_HAL_Driver/Src/stm32f1xx_ll_usb.c **** 
1388:Drivers/STM32F1xx_HAL_Driver/Src/stm32f1xx_ll_usb.c ****   hprt0 = USBx_HPRT0;
1389:Drivers/STM32F1xx_HAL_Driver/Src/stm32f1xx_ll_usb.c **** 
1390:Drivers/STM32F1xx_HAL_Driver/Src/stm32f1xx_ll_usb.c ****   hprt0 &= ~(USB_OTG_HPRT_PENA | USB_OTG_HPRT_PCDET |
1391:Drivers/STM32F1xx_HAL_Driver/Src/stm32f1xx_ll_usb.c ****              USB_OTG_HPRT_PENCHNG | USB_OTG_HPRT_POCCHNG);
1392:Drivers/STM32F1xx_HAL_Driver/Src/stm32f1xx_ll_usb.c **** 
1393:Drivers/STM32F1xx_HAL_Driver/Src/stm32f1xx_ll_usb.c ****   USBx_HPRT0 = (USB_OTG_HPRT_PRST | hprt0);
1394:Drivers/STM32F1xx_HAL_Driver/Src/stm32f1xx_ll_usb.c ****   HAL_Delay(100U);                                 /* See Note #1 */
1395:Drivers/STM32F1xx_HAL_Driver/Src/stm32f1xx_ll_usb.c ****   USBx_HPRT0 = ((~USB_OTG_HPRT_PRST) & hprt0);
1396:Drivers/STM32F1xx_HAL_Driver/Src/stm32f1xx_ll_usb.c ****   HAL_Delay(10U);
1397:Drivers/STM32F1xx_HAL_Driver/Src/stm32f1xx_ll_usb.c **** 
1398:Drivers/STM32F1xx_HAL_Driver/Src/stm32f1xx_ll_usb.c ****   return HAL_OK;
1399:Drivers/STM32F1xx_HAL_Driver/Src/stm32f1xx_ll_usb.c **** }
ARM GAS  C:\Users\crist\AppData\Local\Temp\ccqk2JNa.s 			page 26


1400:Drivers/STM32F1xx_HAL_Driver/Src/stm32f1xx_ll_usb.c **** 
1401:Drivers/STM32F1xx_HAL_Driver/Src/stm32f1xx_ll_usb.c **** /**
1402:Drivers/STM32F1xx_HAL_Driver/Src/stm32f1xx_ll_usb.c ****   * @brief  USB_DriveVbus : activate or de-activate vbus
1403:Drivers/STM32F1xx_HAL_Driver/Src/stm32f1xx_ll_usb.c ****   * @param  state  VBUS state
1404:Drivers/STM32F1xx_HAL_Driver/Src/stm32f1xx_ll_usb.c ****   *          This parameter can be one of these values:
1405:Drivers/STM32F1xx_HAL_Driver/Src/stm32f1xx_ll_usb.c ****   *           0 : Deactivate VBUS
1406:Drivers/STM32F1xx_HAL_Driver/Src/stm32f1xx_ll_usb.c ****   *           1 : Activate VBUS
1407:Drivers/STM32F1xx_HAL_Driver/Src/stm32f1xx_ll_usb.c ****   * @retval HAL status
1408:Drivers/STM32F1xx_HAL_Driver/Src/stm32f1xx_ll_usb.c ****   */
1409:Drivers/STM32F1xx_HAL_Driver/Src/stm32f1xx_ll_usb.c **** HAL_StatusTypeDef USB_DriveVbus(USB_OTG_GlobalTypeDef *USBx, uint8_t state)
1410:Drivers/STM32F1xx_HAL_Driver/Src/stm32f1xx_ll_usb.c **** {
1411:Drivers/STM32F1xx_HAL_Driver/Src/stm32f1xx_ll_usb.c ****   uint32_t USBx_BASE = (uint32_t)USBx;
1412:Drivers/STM32F1xx_HAL_Driver/Src/stm32f1xx_ll_usb.c ****   __IO uint32_t hprt0 = 0U;
1413:Drivers/STM32F1xx_HAL_Driver/Src/stm32f1xx_ll_usb.c **** 
1414:Drivers/STM32F1xx_HAL_Driver/Src/stm32f1xx_ll_usb.c ****   hprt0 = USBx_HPRT0;
1415:Drivers/STM32F1xx_HAL_Driver/Src/stm32f1xx_ll_usb.c **** 
1416:Drivers/STM32F1xx_HAL_Driver/Src/stm32f1xx_ll_usb.c ****   hprt0 &= ~(USB_OTG_HPRT_PENA | USB_OTG_HPRT_PCDET |
1417:Drivers/STM32F1xx_HAL_Driver/Src/stm32f1xx_ll_usb.c ****              USB_OTG_HPRT_PENCHNG | USB_OTG_HPRT_POCCHNG);
1418:Drivers/STM32F1xx_HAL_Driver/Src/stm32f1xx_ll_usb.c **** 
1419:Drivers/STM32F1xx_HAL_Driver/Src/stm32f1xx_ll_usb.c ****   if (((hprt0 & USB_OTG_HPRT_PPWR) == 0U) && (state == 1U))
1420:Drivers/STM32F1xx_HAL_Driver/Src/stm32f1xx_ll_usb.c ****   {
1421:Drivers/STM32F1xx_HAL_Driver/Src/stm32f1xx_ll_usb.c ****     USBx_HPRT0 = (USB_OTG_HPRT_PPWR | hprt0);
1422:Drivers/STM32F1xx_HAL_Driver/Src/stm32f1xx_ll_usb.c ****   }
1423:Drivers/STM32F1xx_HAL_Driver/Src/stm32f1xx_ll_usb.c ****   if (((hprt0 & USB_OTG_HPRT_PPWR) == USB_OTG_HPRT_PPWR) && (state == 0U))
1424:Drivers/STM32F1xx_HAL_Driver/Src/stm32f1xx_ll_usb.c ****   {
1425:Drivers/STM32F1xx_HAL_Driver/Src/stm32f1xx_ll_usb.c ****     USBx_HPRT0 = ((~USB_OTG_HPRT_PPWR) & hprt0);
1426:Drivers/STM32F1xx_HAL_Driver/Src/stm32f1xx_ll_usb.c ****   }
1427:Drivers/STM32F1xx_HAL_Driver/Src/stm32f1xx_ll_usb.c ****   return HAL_OK;
1428:Drivers/STM32F1xx_HAL_Driver/Src/stm32f1xx_ll_usb.c **** }
1429:Drivers/STM32F1xx_HAL_Driver/Src/stm32f1xx_ll_usb.c **** 
1430:Drivers/STM32F1xx_HAL_Driver/Src/stm32f1xx_ll_usb.c **** /**
1431:Drivers/STM32F1xx_HAL_Driver/Src/stm32f1xx_ll_usb.c ****   * @brief  Return Host Core speed
1432:Drivers/STM32F1xx_HAL_Driver/Src/stm32f1xx_ll_usb.c ****   * @param  USBx  Selected device
1433:Drivers/STM32F1xx_HAL_Driver/Src/stm32f1xx_ll_usb.c ****   * @retval speed : Host speed
1434:Drivers/STM32F1xx_HAL_Driver/Src/stm32f1xx_ll_usb.c ****   *          This parameter can be one of these values:
1435:Drivers/STM32F1xx_HAL_Driver/Src/stm32f1xx_ll_usb.c ****   *            @arg HCD_SPEED_FULL: Full speed mode
1436:Drivers/STM32F1xx_HAL_Driver/Src/stm32f1xx_ll_usb.c ****   *            @arg HCD_SPEED_LOW: Low speed mode
1437:Drivers/STM32F1xx_HAL_Driver/Src/stm32f1xx_ll_usb.c ****   */
1438:Drivers/STM32F1xx_HAL_Driver/Src/stm32f1xx_ll_usb.c **** uint32_t USB_GetHostSpeed(USB_OTG_GlobalTypeDef const *USBx)
1439:Drivers/STM32F1xx_HAL_Driver/Src/stm32f1xx_ll_usb.c **** {
1440:Drivers/STM32F1xx_HAL_Driver/Src/stm32f1xx_ll_usb.c ****   uint32_t USBx_BASE = (uint32_t)USBx;
1441:Drivers/STM32F1xx_HAL_Driver/Src/stm32f1xx_ll_usb.c ****   __IO uint32_t hprt0 = 0U;
1442:Drivers/STM32F1xx_HAL_Driver/Src/stm32f1xx_ll_usb.c **** 
1443:Drivers/STM32F1xx_HAL_Driver/Src/stm32f1xx_ll_usb.c ****   hprt0 = USBx_HPRT0;
1444:Drivers/STM32F1xx_HAL_Driver/Src/stm32f1xx_ll_usb.c ****   return ((hprt0 & USB_OTG_HPRT_PSPD) >> 17);
1445:Drivers/STM32F1xx_HAL_Driver/Src/stm32f1xx_ll_usb.c **** }
1446:Drivers/STM32F1xx_HAL_Driver/Src/stm32f1xx_ll_usb.c **** 
1447:Drivers/STM32F1xx_HAL_Driver/Src/stm32f1xx_ll_usb.c **** /**
1448:Drivers/STM32F1xx_HAL_Driver/Src/stm32f1xx_ll_usb.c ****   * @brief  Return Host Current Frame number
1449:Drivers/STM32F1xx_HAL_Driver/Src/stm32f1xx_ll_usb.c ****   * @param  USBx  Selected device
1450:Drivers/STM32F1xx_HAL_Driver/Src/stm32f1xx_ll_usb.c ****   * @retval current frame number
1451:Drivers/STM32F1xx_HAL_Driver/Src/stm32f1xx_ll_usb.c ****   */
1452:Drivers/STM32F1xx_HAL_Driver/Src/stm32f1xx_ll_usb.c **** uint32_t USB_GetCurrentFrame(USB_OTG_GlobalTypeDef const *USBx)
1453:Drivers/STM32F1xx_HAL_Driver/Src/stm32f1xx_ll_usb.c **** {
1454:Drivers/STM32F1xx_HAL_Driver/Src/stm32f1xx_ll_usb.c ****   uint32_t USBx_BASE = (uint32_t)USBx;
1455:Drivers/STM32F1xx_HAL_Driver/Src/stm32f1xx_ll_usb.c **** 
1456:Drivers/STM32F1xx_HAL_Driver/Src/stm32f1xx_ll_usb.c ****   return (USBx_HOST->HFNUM & USB_OTG_HFNUM_FRNUM);
ARM GAS  C:\Users\crist\AppData\Local\Temp\ccqk2JNa.s 			page 27


1457:Drivers/STM32F1xx_HAL_Driver/Src/stm32f1xx_ll_usb.c **** }
1458:Drivers/STM32F1xx_HAL_Driver/Src/stm32f1xx_ll_usb.c **** 
1459:Drivers/STM32F1xx_HAL_Driver/Src/stm32f1xx_ll_usb.c **** /**
1460:Drivers/STM32F1xx_HAL_Driver/Src/stm32f1xx_ll_usb.c ****   * @brief  Initialize a host channel
1461:Drivers/STM32F1xx_HAL_Driver/Src/stm32f1xx_ll_usb.c ****   * @param  USBx  Selected device
1462:Drivers/STM32F1xx_HAL_Driver/Src/stm32f1xx_ll_usb.c ****   * @param  ch_num  Channel number
1463:Drivers/STM32F1xx_HAL_Driver/Src/stm32f1xx_ll_usb.c ****   *         This parameter can be a value from 1 to 15
1464:Drivers/STM32F1xx_HAL_Driver/Src/stm32f1xx_ll_usb.c ****   * @param  epnum  Endpoint number
1465:Drivers/STM32F1xx_HAL_Driver/Src/stm32f1xx_ll_usb.c ****   *          This parameter can be a value from 1 to 15
1466:Drivers/STM32F1xx_HAL_Driver/Src/stm32f1xx_ll_usb.c ****   * @param  dev_address  Current device address
1467:Drivers/STM32F1xx_HAL_Driver/Src/stm32f1xx_ll_usb.c ****   *          This parameter can be a value from 0 to 255
1468:Drivers/STM32F1xx_HAL_Driver/Src/stm32f1xx_ll_usb.c ****   * @param  speed  Current device speed
1469:Drivers/STM32F1xx_HAL_Driver/Src/stm32f1xx_ll_usb.c ****   *          This parameter can be one of these values:
1470:Drivers/STM32F1xx_HAL_Driver/Src/stm32f1xx_ll_usb.c ****   *            @arg USB_OTG_SPEED_FULL: Full speed mode
1471:Drivers/STM32F1xx_HAL_Driver/Src/stm32f1xx_ll_usb.c ****   *            @arg USB_OTG_SPEED_LOW: Low speed mode
1472:Drivers/STM32F1xx_HAL_Driver/Src/stm32f1xx_ll_usb.c ****   * @param  ep_type  Endpoint Type
1473:Drivers/STM32F1xx_HAL_Driver/Src/stm32f1xx_ll_usb.c ****   *          This parameter can be one of these values:
1474:Drivers/STM32F1xx_HAL_Driver/Src/stm32f1xx_ll_usb.c ****   *            @arg EP_TYPE_CTRL: Control type
1475:Drivers/STM32F1xx_HAL_Driver/Src/stm32f1xx_ll_usb.c ****   *            @arg EP_TYPE_ISOC: Isochronous type
1476:Drivers/STM32F1xx_HAL_Driver/Src/stm32f1xx_ll_usb.c ****   *            @arg EP_TYPE_BULK: Bulk type
1477:Drivers/STM32F1xx_HAL_Driver/Src/stm32f1xx_ll_usb.c ****   *            @arg EP_TYPE_INTR: Interrupt type
1478:Drivers/STM32F1xx_HAL_Driver/Src/stm32f1xx_ll_usb.c ****   * @param  mps  Max Packet Size
1479:Drivers/STM32F1xx_HAL_Driver/Src/stm32f1xx_ll_usb.c ****   *          This parameter can be a value from 0 to 32K
1480:Drivers/STM32F1xx_HAL_Driver/Src/stm32f1xx_ll_usb.c ****   * @retval HAL state
1481:Drivers/STM32F1xx_HAL_Driver/Src/stm32f1xx_ll_usb.c ****   */
1482:Drivers/STM32F1xx_HAL_Driver/Src/stm32f1xx_ll_usb.c **** HAL_StatusTypeDef USB_HC_Init(USB_OTG_GlobalTypeDef *USBx, uint8_t ch_num,
1483:Drivers/STM32F1xx_HAL_Driver/Src/stm32f1xx_ll_usb.c ****                               uint8_t epnum, uint8_t dev_address, uint8_t speed,
1484:Drivers/STM32F1xx_HAL_Driver/Src/stm32f1xx_ll_usb.c ****                               uint8_t ep_type, uint16_t mps)
1485:Drivers/STM32F1xx_HAL_Driver/Src/stm32f1xx_ll_usb.c **** {
1486:Drivers/STM32F1xx_HAL_Driver/Src/stm32f1xx_ll_usb.c ****   HAL_StatusTypeDef ret = HAL_OK;
1487:Drivers/STM32F1xx_HAL_Driver/Src/stm32f1xx_ll_usb.c ****   uint32_t USBx_BASE = (uint32_t)USBx;
1488:Drivers/STM32F1xx_HAL_Driver/Src/stm32f1xx_ll_usb.c ****   uint32_t HCcharEpDir;
1489:Drivers/STM32F1xx_HAL_Driver/Src/stm32f1xx_ll_usb.c ****   uint32_t HCcharLowSpeed;
1490:Drivers/STM32F1xx_HAL_Driver/Src/stm32f1xx_ll_usb.c ****   uint32_t HostCoreSpeed;
1491:Drivers/STM32F1xx_HAL_Driver/Src/stm32f1xx_ll_usb.c **** 
1492:Drivers/STM32F1xx_HAL_Driver/Src/stm32f1xx_ll_usb.c ****   /* Clear old interrupt conditions for this host channel. */
1493:Drivers/STM32F1xx_HAL_Driver/Src/stm32f1xx_ll_usb.c ****   USBx_HC((uint32_t)ch_num)->HCINT = CLEAR_INTERRUPT_MASK;
1494:Drivers/STM32F1xx_HAL_Driver/Src/stm32f1xx_ll_usb.c **** 
1495:Drivers/STM32F1xx_HAL_Driver/Src/stm32f1xx_ll_usb.c ****   /* Enable channel interrupts required for this transfer. */
1496:Drivers/STM32F1xx_HAL_Driver/Src/stm32f1xx_ll_usb.c ****   switch (ep_type)
1497:Drivers/STM32F1xx_HAL_Driver/Src/stm32f1xx_ll_usb.c ****   {
1498:Drivers/STM32F1xx_HAL_Driver/Src/stm32f1xx_ll_usb.c ****     case EP_TYPE_CTRL:
1499:Drivers/STM32F1xx_HAL_Driver/Src/stm32f1xx_ll_usb.c ****     case EP_TYPE_BULK:
1500:Drivers/STM32F1xx_HAL_Driver/Src/stm32f1xx_ll_usb.c ****       USBx_HC((uint32_t)ch_num)->HCINTMSK = USB_OTG_HCINTMSK_XFRCM  |
1501:Drivers/STM32F1xx_HAL_Driver/Src/stm32f1xx_ll_usb.c ****                                             USB_OTG_HCINTMSK_STALLM |
1502:Drivers/STM32F1xx_HAL_Driver/Src/stm32f1xx_ll_usb.c ****                                             USB_OTG_HCINTMSK_TXERRM |
1503:Drivers/STM32F1xx_HAL_Driver/Src/stm32f1xx_ll_usb.c ****                                             USB_OTG_HCINTMSK_DTERRM |
1504:Drivers/STM32F1xx_HAL_Driver/Src/stm32f1xx_ll_usb.c ****                                             USB_OTG_HCINTMSK_AHBERR |
1505:Drivers/STM32F1xx_HAL_Driver/Src/stm32f1xx_ll_usb.c ****                                             USB_OTG_HCINTMSK_NAKM;
1506:Drivers/STM32F1xx_HAL_Driver/Src/stm32f1xx_ll_usb.c **** 
1507:Drivers/STM32F1xx_HAL_Driver/Src/stm32f1xx_ll_usb.c ****       if ((epnum & 0x80U) == 0x80U)
1508:Drivers/STM32F1xx_HAL_Driver/Src/stm32f1xx_ll_usb.c ****       {
1509:Drivers/STM32F1xx_HAL_Driver/Src/stm32f1xx_ll_usb.c ****         USBx_HC((uint32_t)ch_num)->HCINTMSK |= USB_OTG_HCINTMSK_BBERRM;
1510:Drivers/STM32F1xx_HAL_Driver/Src/stm32f1xx_ll_usb.c ****       }
1511:Drivers/STM32F1xx_HAL_Driver/Src/stm32f1xx_ll_usb.c ****       break;
1512:Drivers/STM32F1xx_HAL_Driver/Src/stm32f1xx_ll_usb.c **** 
1513:Drivers/STM32F1xx_HAL_Driver/Src/stm32f1xx_ll_usb.c ****     case EP_TYPE_INTR:
ARM GAS  C:\Users\crist\AppData\Local\Temp\ccqk2JNa.s 			page 28


1514:Drivers/STM32F1xx_HAL_Driver/Src/stm32f1xx_ll_usb.c ****       USBx_HC((uint32_t)ch_num)->HCINTMSK = USB_OTG_HCINTMSK_XFRCM  |
1515:Drivers/STM32F1xx_HAL_Driver/Src/stm32f1xx_ll_usb.c ****                                             USB_OTG_HCINTMSK_STALLM |
1516:Drivers/STM32F1xx_HAL_Driver/Src/stm32f1xx_ll_usb.c ****                                             USB_OTG_HCINTMSK_TXERRM |
1517:Drivers/STM32F1xx_HAL_Driver/Src/stm32f1xx_ll_usb.c ****                                             USB_OTG_HCINTMSK_DTERRM |
1518:Drivers/STM32F1xx_HAL_Driver/Src/stm32f1xx_ll_usb.c ****                                             USB_OTG_HCINTMSK_NAKM   |
1519:Drivers/STM32F1xx_HAL_Driver/Src/stm32f1xx_ll_usb.c ****                                             USB_OTG_HCINTMSK_AHBERR |
1520:Drivers/STM32F1xx_HAL_Driver/Src/stm32f1xx_ll_usb.c ****                                             USB_OTG_HCINTMSK_FRMORM;
1521:Drivers/STM32F1xx_HAL_Driver/Src/stm32f1xx_ll_usb.c **** 
1522:Drivers/STM32F1xx_HAL_Driver/Src/stm32f1xx_ll_usb.c ****       if ((epnum & 0x80U) == 0x80U)
1523:Drivers/STM32F1xx_HAL_Driver/Src/stm32f1xx_ll_usb.c ****       {
1524:Drivers/STM32F1xx_HAL_Driver/Src/stm32f1xx_ll_usb.c ****         USBx_HC((uint32_t)ch_num)->HCINTMSK |= USB_OTG_HCINTMSK_BBERRM;
1525:Drivers/STM32F1xx_HAL_Driver/Src/stm32f1xx_ll_usb.c ****       }
1526:Drivers/STM32F1xx_HAL_Driver/Src/stm32f1xx_ll_usb.c **** 
1527:Drivers/STM32F1xx_HAL_Driver/Src/stm32f1xx_ll_usb.c ****       break;
1528:Drivers/STM32F1xx_HAL_Driver/Src/stm32f1xx_ll_usb.c **** 
1529:Drivers/STM32F1xx_HAL_Driver/Src/stm32f1xx_ll_usb.c ****     case EP_TYPE_ISOC:
1530:Drivers/STM32F1xx_HAL_Driver/Src/stm32f1xx_ll_usb.c ****       USBx_HC((uint32_t)ch_num)->HCINTMSK = USB_OTG_HCINTMSK_XFRCM  |
1531:Drivers/STM32F1xx_HAL_Driver/Src/stm32f1xx_ll_usb.c ****                                             USB_OTG_HCINTMSK_ACKM   |
1532:Drivers/STM32F1xx_HAL_Driver/Src/stm32f1xx_ll_usb.c ****                                             USB_OTG_HCINTMSK_AHBERR |
1533:Drivers/STM32F1xx_HAL_Driver/Src/stm32f1xx_ll_usb.c ****                                             USB_OTG_HCINTMSK_FRMORM;
1534:Drivers/STM32F1xx_HAL_Driver/Src/stm32f1xx_ll_usb.c **** 
1535:Drivers/STM32F1xx_HAL_Driver/Src/stm32f1xx_ll_usb.c ****       if ((epnum & 0x80U) == 0x80U)
1536:Drivers/STM32F1xx_HAL_Driver/Src/stm32f1xx_ll_usb.c ****       {
1537:Drivers/STM32F1xx_HAL_Driver/Src/stm32f1xx_ll_usb.c ****         USBx_HC((uint32_t)ch_num)->HCINTMSK |= (USB_OTG_HCINTMSK_TXERRM | USB_OTG_HCINTMSK_BBERRM);
1538:Drivers/STM32F1xx_HAL_Driver/Src/stm32f1xx_ll_usb.c ****       }
1539:Drivers/STM32F1xx_HAL_Driver/Src/stm32f1xx_ll_usb.c ****       break;
1540:Drivers/STM32F1xx_HAL_Driver/Src/stm32f1xx_ll_usb.c **** 
1541:Drivers/STM32F1xx_HAL_Driver/Src/stm32f1xx_ll_usb.c ****     default:
1542:Drivers/STM32F1xx_HAL_Driver/Src/stm32f1xx_ll_usb.c ****       ret = HAL_ERROR;
1543:Drivers/STM32F1xx_HAL_Driver/Src/stm32f1xx_ll_usb.c ****       break;
1544:Drivers/STM32F1xx_HAL_Driver/Src/stm32f1xx_ll_usb.c ****   }
1545:Drivers/STM32F1xx_HAL_Driver/Src/stm32f1xx_ll_usb.c **** 
1546:Drivers/STM32F1xx_HAL_Driver/Src/stm32f1xx_ll_usb.c ****   /* Enable host channel Halt interrupt */
1547:Drivers/STM32F1xx_HAL_Driver/Src/stm32f1xx_ll_usb.c ****   USBx_HC((uint32_t)ch_num)->HCINTMSK |= USB_OTG_HCINTMSK_CHHM;
1548:Drivers/STM32F1xx_HAL_Driver/Src/stm32f1xx_ll_usb.c **** 
1549:Drivers/STM32F1xx_HAL_Driver/Src/stm32f1xx_ll_usb.c ****   /* Enable the top level host channel interrupt. */
1550:Drivers/STM32F1xx_HAL_Driver/Src/stm32f1xx_ll_usb.c ****   USBx_HOST->HAINTMSK |= 1UL << (ch_num & 0xFU);
1551:Drivers/STM32F1xx_HAL_Driver/Src/stm32f1xx_ll_usb.c **** 
1552:Drivers/STM32F1xx_HAL_Driver/Src/stm32f1xx_ll_usb.c ****   /* Make sure host channel interrupts are enabled. */
1553:Drivers/STM32F1xx_HAL_Driver/Src/stm32f1xx_ll_usb.c ****   USBx->GINTMSK |= USB_OTG_GINTMSK_HCIM;
1554:Drivers/STM32F1xx_HAL_Driver/Src/stm32f1xx_ll_usb.c **** 
1555:Drivers/STM32F1xx_HAL_Driver/Src/stm32f1xx_ll_usb.c ****   /* Program the HCCHAR register */
1556:Drivers/STM32F1xx_HAL_Driver/Src/stm32f1xx_ll_usb.c ****   if ((epnum & 0x80U) == 0x80U)
1557:Drivers/STM32F1xx_HAL_Driver/Src/stm32f1xx_ll_usb.c ****   {
1558:Drivers/STM32F1xx_HAL_Driver/Src/stm32f1xx_ll_usb.c ****     HCcharEpDir = (0x1U << 15) & USB_OTG_HCCHAR_EPDIR;
1559:Drivers/STM32F1xx_HAL_Driver/Src/stm32f1xx_ll_usb.c ****   }
1560:Drivers/STM32F1xx_HAL_Driver/Src/stm32f1xx_ll_usb.c ****   else
1561:Drivers/STM32F1xx_HAL_Driver/Src/stm32f1xx_ll_usb.c ****   {
1562:Drivers/STM32F1xx_HAL_Driver/Src/stm32f1xx_ll_usb.c ****     HCcharEpDir = 0U;
1563:Drivers/STM32F1xx_HAL_Driver/Src/stm32f1xx_ll_usb.c ****   }
1564:Drivers/STM32F1xx_HAL_Driver/Src/stm32f1xx_ll_usb.c **** 
1565:Drivers/STM32F1xx_HAL_Driver/Src/stm32f1xx_ll_usb.c ****   HostCoreSpeed = USB_GetHostSpeed(USBx);
1566:Drivers/STM32F1xx_HAL_Driver/Src/stm32f1xx_ll_usb.c **** 
1567:Drivers/STM32F1xx_HAL_Driver/Src/stm32f1xx_ll_usb.c ****   /* LS device plugged to HUB */
1568:Drivers/STM32F1xx_HAL_Driver/Src/stm32f1xx_ll_usb.c ****   if ((speed == HPRT0_PRTSPD_LOW_SPEED) && (HostCoreSpeed != HPRT0_PRTSPD_LOW_SPEED))
1569:Drivers/STM32F1xx_HAL_Driver/Src/stm32f1xx_ll_usb.c ****   {
1570:Drivers/STM32F1xx_HAL_Driver/Src/stm32f1xx_ll_usb.c ****     HCcharLowSpeed = (0x1U << 17) & USB_OTG_HCCHAR_LSDEV;
ARM GAS  C:\Users\crist\AppData\Local\Temp\ccqk2JNa.s 			page 29


1571:Drivers/STM32F1xx_HAL_Driver/Src/stm32f1xx_ll_usb.c ****   }
1572:Drivers/STM32F1xx_HAL_Driver/Src/stm32f1xx_ll_usb.c ****   else
1573:Drivers/STM32F1xx_HAL_Driver/Src/stm32f1xx_ll_usb.c ****   {
1574:Drivers/STM32F1xx_HAL_Driver/Src/stm32f1xx_ll_usb.c ****     HCcharLowSpeed = 0U;
1575:Drivers/STM32F1xx_HAL_Driver/Src/stm32f1xx_ll_usb.c ****   }
1576:Drivers/STM32F1xx_HAL_Driver/Src/stm32f1xx_ll_usb.c **** 
1577:Drivers/STM32F1xx_HAL_Driver/Src/stm32f1xx_ll_usb.c ****   USBx_HC((uint32_t)ch_num)->HCCHAR = (((uint32_t)dev_address << 22) & USB_OTG_HCCHAR_DAD) |
1578:Drivers/STM32F1xx_HAL_Driver/Src/stm32f1xx_ll_usb.c ****                                       ((((uint32_t)epnum & 0x7FU) << 11) & USB_OTG_HCCHAR_EPNUM) |
1579:Drivers/STM32F1xx_HAL_Driver/Src/stm32f1xx_ll_usb.c ****                                       (((uint32_t)ep_type << 18) & USB_OTG_HCCHAR_EPTYP) |
1580:Drivers/STM32F1xx_HAL_Driver/Src/stm32f1xx_ll_usb.c ****                                       ((uint32_t)mps & USB_OTG_HCCHAR_MPSIZ) |
1581:Drivers/STM32F1xx_HAL_Driver/Src/stm32f1xx_ll_usb.c ****                                       USB_OTG_HCCHAR_MC_0 | HCcharEpDir | HCcharLowSpeed;
1582:Drivers/STM32F1xx_HAL_Driver/Src/stm32f1xx_ll_usb.c **** 
1583:Drivers/STM32F1xx_HAL_Driver/Src/stm32f1xx_ll_usb.c ****   if ((ep_type == EP_TYPE_INTR) || (ep_type == EP_TYPE_ISOC))
1584:Drivers/STM32F1xx_HAL_Driver/Src/stm32f1xx_ll_usb.c ****   {
1585:Drivers/STM32F1xx_HAL_Driver/Src/stm32f1xx_ll_usb.c ****     USBx_HC((uint32_t)ch_num)->HCCHAR |= USB_OTG_HCCHAR_ODDFRM;
1586:Drivers/STM32F1xx_HAL_Driver/Src/stm32f1xx_ll_usb.c ****   }
1587:Drivers/STM32F1xx_HAL_Driver/Src/stm32f1xx_ll_usb.c **** 
1588:Drivers/STM32F1xx_HAL_Driver/Src/stm32f1xx_ll_usb.c ****   return ret;
1589:Drivers/STM32F1xx_HAL_Driver/Src/stm32f1xx_ll_usb.c **** }
1590:Drivers/STM32F1xx_HAL_Driver/Src/stm32f1xx_ll_usb.c **** 
1591:Drivers/STM32F1xx_HAL_Driver/Src/stm32f1xx_ll_usb.c **** /**
1592:Drivers/STM32F1xx_HAL_Driver/Src/stm32f1xx_ll_usb.c ****   * @brief  Start a transfer over a host channel
1593:Drivers/STM32F1xx_HAL_Driver/Src/stm32f1xx_ll_usb.c ****   * @param  USBx  Selected device
1594:Drivers/STM32F1xx_HAL_Driver/Src/stm32f1xx_ll_usb.c ****   * @param  hc  pointer to host channel structure
1595:Drivers/STM32F1xx_HAL_Driver/Src/stm32f1xx_ll_usb.c ****   * @retval HAL state
1596:Drivers/STM32F1xx_HAL_Driver/Src/stm32f1xx_ll_usb.c ****   */
1597:Drivers/STM32F1xx_HAL_Driver/Src/stm32f1xx_ll_usb.c **** HAL_StatusTypeDef USB_HC_StartXfer(USB_OTG_GlobalTypeDef *USBx, USB_OTG_HCTypeDef *hc)
1598:Drivers/STM32F1xx_HAL_Driver/Src/stm32f1xx_ll_usb.c **** {
1599:Drivers/STM32F1xx_HAL_Driver/Src/stm32f1xx_ll_usb.c ****   uint32_t USBx_BASE = (uint32_t)USBx;
1600:Drivers/STM32F1xx_HAL_Driver/Src/stm32f1xx_ll_usb.c ****   uint32_t ch_num = (uint32_t)hc->ch_num;
1601:Drivers/STM32F1xx_HAL_Driver/Src/stm32f1xx_ll_usb.c ****   __IO uint32_t tmpreg;
1602:Drivers/STM32F1xx_HAL_Driver/Src/stm32f1xx_ll_usb.c ****   uint8_t  is_oddframe;
1603:Drivers/STM32F1xx_HAL_Driver/Src/stm32f1xx_ll_usb.c ****   uint16_t len_words;
1604:Drivers/STM32F1xx_HAL_Driver/Src/stm32f1xx_ll_usb.c ****   uint16_t num_packets;
1605:Drivers/STM32F1xx_HAL_Driver/Src/stm32f1xx_ll_usb.c ****   uint16_t max_hc_pkt_count = HC_MAX_PKT_CNT;
1606:Drivers/STM32F1xx_HAL_Driver/Src/stm32f1xx_ll_usb.c **** 
1607:Drivers/STM32F1xx_HAL_Driver/Src/stm32f1xx_ll_usb.c ****   /* Compute the expected number of packets associated to the transfer */
1608:Drivers/STM32F1xx_HAL_Driver/Src/stm32f1xx_ll_usb.c ****   if (hc->xfer_len > 0U)
1609:Drivers/STM32F1xx_HAL_Driver/Src/stm32f1xx_ll_usb.c ****   {
1610:Drivers/STM32F1xx_HAL_Driver/Src/stm32f1xx_ll_usb.c ****     num_packets = (uint16_t)((hc->xfer_len + hc->max_packet - 1U) / hc->max_packet);
1611:Drivers/STM32F1xx_HAL_Driver/Src/stm32f1xx_ll_usb.c **** 
1612:Drivers/STM32F1xx_HAL_Driver/Src/stm32f1xx_ll_usb.c ****     if (num_packets > max_hc_pkt_count)
1613:Drivers/STM32F1xx_HAL_Driver/Src/stm32f1xx_ll_usb.c ****     {
1614:Drivers/STM32F1xx_HAL_Driver/Src/stm32f1xx_ll_usb.c ****       num_packets = max_hc_pkt_count;
1615:Drivers/STM32F1xx_HAL_Driver/Src/stm32f1xx_ll_usb.c ****       hc->XferSize = (uint32_t)num_packets * hc->max_packet;
1616:Drivers/STM32F1xx_HAL_Driver/Src/stm32f1xx_ll_usb.c ****     }
1617:Drivers/STM32F1xx_HAL_Driver/Src/stm32f1xx_ll_usb.c ****   }
1618:Drivers/STM32F1xx_HAL_Driver/Src/stm32f1xx_ll_usb.c ****   else
1619:Drivers/STM32F1xx_HAL_Driver/Src/stm32f1xx_ll_usb.c ****   {
1620:Drivers/STM32F1xx_HAL_Driver/Src/stm32f1xx_ll_usb.c ****     num_packets = 1U;
1621:Drivers/STM32F1xx_HAL_Driver/Src/stm32f1xx_ll_usb.c ****   }
1622:Drivers/STM32F1xx_HAL_Driver/Src/stm32f1xx_ll_usb.c **** 
1623:Drivers/STM32F1xx_HAL_Driver/Src/stm32f1xx_ll_usb.c ****   /*
1624:Drivers/STM32F1xx_HAL_Driver/Src/stm32f1xx_ll_usb.c ****    * For IN channel HCTSIZ.XferSize is expected to be an integer multiple of
1625:Drivers/STM32F1xx_HAL_Driver/Src/stm32f1xx_ll_usb.c ****    * max_packet size.
1626:Drivers/STM32F1xx_HAL_Driver/Src/stm32f1xx_ll_usb.c ****    */
1627:Drivers/STM32F1xx_HAL_Driver/Src/stm32f1xx_ll_usb.c ****   if (hc->ep_is_in != 0U)
ARM GAS  C:\Users\crist\AppData\Local\Temp\ccqk2JNa.s 			page 30


1628:Drivers/STM32F1xx_HAL_Driver/Src/stm32f1xx_ll_usb.c ****   {
1629:Drivers/STM32F1xx_HAL_Driver/Src/stm32f1xx_ll_usb.c ****     hc->XferSize = (uint32_t)num_packets * hc->max_packet;
1630:Drivers/STM32F1xx_HAL_Driver/Src/stm32f1xx_ll_usb.c ****   }
1631:Drivers/STM32F1xx_HAL_Driver/Src/stm32f1xx_ll_usb.c ****   else
1632:Drivers/STM32F1xx_HAL_Driver/Src/stm32f1xx_ll_usb.c ****   {
1633:Drivers/STM32F1xx_HAL_Driver/Src/stm32f1xx_ll_usb.c ****     hc->XferSize = hc->xfer_len;
1634:Drivers/STM32F1xx_HAL_Driver/Src/stm32f1xx_ll_usb.c ****   }
1635:Drivers/STM32F1xx_HAL_Driver/Src/stm32f1xx_ll_usb.c **** 
1636:Drivers/STM32F1xx_HAL_Driver/Src/stm32f1xx_ll_usb.c ****   /* Initialize the HCTSIZn register */
1637:Drivers/STM32F1xx_HAL_Driver/Src/stm32f1xx_ll_usb.c ****   USBx_HC(ch_num)->HCTSIZ = (hc->XferSize & USB_OTG_HCTSIZ_XFRSIZ) |
1638:Drivers/STM32F1xx_HAL_Driver/Src/stm32f1xx_ll_usb.c ****                             (((uint32_t)num_packets << 19) & USB_OTG_HCTSIZ_PKTCNT) |
1639:Drivers/STM32F1xx_HAL_Driver/Src/stm32f1xx_ll_usb.c ****                             (((uint32_t)hc->data_pid << 29) & USB_OTG_HCTSIZ_DPID);
1640:Drivers/STM32F1xx_HAL_Driver/Src/stm32f1xx_ll_usb.c **** 
1641:Drivers/STM32F1xx_HAL_Driver/Src/stm32f1xx_ll_usb.c ****   is_oddframe = (((uint32_t)USBx_HOST->HFNUM & 0x01U) != 0U) ? 0U : 1U;
1642:Drivers/STM32F1xx_HAL_Driver/Src/stm32f1xx_ll_usb.c ****   USBx_HC(ch_num)->HCCHAR &= ~USB_OTG_HCCHAR_ODDFRM;
1643:Drivers/STM32F1xx_HAL_Driver/Src/stm32f1xx_ll_usb.c ****   USBx_HC(ch_num)->HCCHAR |= (uint32_t)is_oddframe << 29;
1644:Drivers/STM32F1xx_HAL_Driver/Src/stm32f1xx_ll_usb.c **** 
1645:Drivers/STM32F1xx_HAL_Driver/Src/stm32f1xx_ll_usb.c ****   /* Set host channel enable */
1646:Drivers/STM32F1xx_HAL_Driver/Src/stm32f1xx_ll_usb.c ****   tmpreg = USBx_HC(ch_num)->HCCHAR;
1647:Drivers/STM32F1xx_HAL_Driver/Src/stm32f1xx_ll_usb.c ****   tmpreg &= ~USB_OTG_HCCHAR_CHDIS;
1648:Drivers/STM32F1xx_HAL_Driver/Src/stm32f1xx_ll_usb.c **** 
1649:Drivers/STM32F1xx_HAL_Driver/Src/stm32f1xx_ll_usb.c ****   /* make sure to set the correct ep direction */
1650:Drivers/STM32F1xx_HAL_Driver/Src/stm32f1xx_ll_usb.c ****   if (hc->ep_is_in != 0U)
1651:Drivers/STM32F1xx_HAL_Driver/Src/stm32f1xx_ll_usb.c ****   {
1652:Drivers/STM32F1xx_HAL_Driver/Src/stm32f1xx_ll_usb.c ****     tmpreg |= USB_OTG_HCCHAR_EPDIR;
1653:Drivers/STM32F1xx_HAL_Driver/Src/stm32f1xx_ll_usb.c ****   }
1654:Drivers/STM32F1xx_HAL_Driver/Src/stm32f1xx_ll_usb.c ****   else
1655:Drivers/STM32F1xx_HAL_Driver/Src/stm32f1xx_ll_usb.c ****   {
1656:Drivers/STM32F1xx_HAL_Driver/Src/stm32f1xx_ll_usb.c ****     tmpreg &= ~USB_OTG_HCCHAR_EPDIR;
1657:Drivers/STM32F1xx_HAL_Driver/Src/stm32f1xx_ll_usb.c ****   }
1658:Drivers/STM32F1xx_HAL_Driver/Src/stm32f1xx_ll_usb.c ****   tmpreg |= USB_OTG_HCCHAR_CHENA;
1659:Drivers/STM32F1xx_HAL_Driver/Src/stm32f1xx_ll_usb.c ****   USBx_HC(ch_num)->HCCHAR = tmpreg;
1660:Drivers/STM32F1xx_HAL_Driver/Src/stm32f1xx_ll_usb.c **** 
1661:Drivers/STM32F1xx_HAL_Driver/Src/stm32f1xx_ll_usb.c ****   if ((hc->ep_is_in == 0U) && (hc->xfer_len > 0U))
1662:Drivers/STM32F1xx_HAL_Driver/Src/stm32f1xx_ll_usb.c ****   {
1663:Drivers/STM32F1xx_HAL_Driver/Src/stm32f1xx_ll_usb.c ****     switch (hc->ep_type)
1664:Drivers/STM32F1xx_HAL_Driver/Src/stm32f1xx_ll_usb.c ****     {
1665:Drivers/STM32F1xx_HAL_Driver/Src/stm32f1xx_ll_usb.c ****       /* Non periodic transfer */
1666:Drivers/STM32F1xx_HAL_Driver/Src/stm32f1xx_ll_usb.c ****       case EP_TYPE_CTRL:
1667:Drivers/STM32F1xx_HAL_Driver/Src/stm32f1xx_ll_usb.c ****       case EP_TYPE_BULK:
1668:Drivers/STM32F1xx_HAL_Driver/Src/stm32f1xx_ll_usb.c **** 
1669:Drivers/STM32F1xx_HAL_Driver/Src/stm32f1xx_ll_usb.c ****         len_words = (uint16_t)((hc->xfer_len + 3U) / 4U);
1670:Drivers/STM32F1xx_HAL_Driver/Src/stm32f1xx_ll_usb.c **** 
1671:Drivers/STM32F1xx_HAL_Driver/Src/stm32f1xx_ll_usb.c ****         /* check if there is enough space in FIFO space */
1672:Drivers/STM32F1xx_HAL_Driver/Src/stm32f1xx_ll_usb.c ****         if (len_words > (USBx->HNPTXSTS & 0xFFFFU))
1673:Drivers/STM32F1xx_HAL_Driver/Src/stm32f1xx_ll_usb.c ****         {
1674:Drivers/STM32F1xx_HAL_Driver/Src/stm32f1xx_ll_usb.c ****           /* need to process data in nptxfempty interrupt */
1675:Drivers/STM32F1xx_HAL_Driver/Src/stm32f1xx_ll_usb.c ****           USBx->GINTMSK |= USB_OTG_GINTMSK_NPTXFEM;
1676:Drivers/STM32F1xx_HAL_Driver/Src/stm32f1xx_ll_usb.c ****         }
1677:Drivers/STM32F1xx_HAL_Driver/Src/stm32f1xx_ll_usb.c ****         break;
1678:Drivers/STM32F1xx_HAL_Driver/Src/stm32f1xx_ll_usb.c **** 
1679:Drivers/STM32F1xx_HAL_Driver/Src/stm32f1xx_ll_usb.c ****       /* Periodic transfer */
1680:Drivers/STM32F1xx_HAL_Driver/Src/stm32f1xx_ll_usb.c ****       case EP_TYPE_INTR:
1681:Drivers/STM32F1xx_HAL_Driver/Src/stm32f1xx_ll_usb.c ****       case EP_TYPE_ISOC:
1682:Drivers/STM32F1xx_HAL_Driver/Src/stm32f1xx_ll_usb.c ****         len_words = (uint16_t)((hc->xfer_len + 3U) / 4U);
1683:Drivers/STM32F1xx_HAL_Driver/Src/stm32f1xx_ll_usb.c ****         /* check if there is enough space in FIFO space */
1684:Drivers/STM32F1xx_HAL_Driver/Src/stm32f1xx_ll_usb.c ****         if (len_words > (USBx_HOST->HPTXSTS & 0xFFFFU)) /* split the transfer */
ARM GAS  C:\Users\crist\AppData\Local\Temp\ccqk2JNa.s 			page 31


1685:Drivers/STM32F1xx_HAL_Driver/Src/stm32f1xx_ll_usb.c ****         {
1686:Drivers/STM32F1xx_HAL_Driver/Src/stm32f1xx_ll_usb.c ****           /* need to process data in ptxfempty interrupt */
1687:Drivers/STM32F1xx_HAL_Driver/Src/stm32f1xx_ll_usb.c ****           USBx->GINTMSK |= USB_OTG_GINTMSK_PTXFEM;
1688:Drivers/STM32F1xx_HAL_Driver/Src/stm32f1xx_ll_usb.c ****         }
1689:Drivers/STM32F1xx_HAL_Driver/Src/stm32f1xx_ll_usb.c ****         break;
1690:Drivers/STM32F1xx_HAL_Driver/Src/stm32f1xx_ll_usb.c **** 
1691:Drivers/STM32F1xx_HAL_Driver/Src/stm32f1xx_ll_usb.c ****       default:
1692:Drivers/STM32F1xx_HAL_Driver/Src/stm32f1xx_ll_usb.c ****         break;
1693:Drivers/STM32F1xx_HAL_Driver/Src/stm32f1xx_ll_usb.c ****     }
1694:Drivers/STM32F1xx_HAL_Driver/Src/stm32f1xx_ll_usb.c **** 
1695:Drivers/STM32F1xx_HAL_Driver/Src/stm32f1xx_ll_usb.c ****     /* Write packet into the Tx FIFO. */
1696:Drivers/STM32F1xx_HAL_Driver/Src/stm32f1xx_ll_usb.c ****     (void)USB_WritePacket(USBx, hc->xfer_buff, hc->ch_num, (uint16_t)hc->xfer_len);
1697:Drivers/STM32F1xx_HAL_Driver/Src/stm32f1xx_ll_usb.c ****   }
1698:Drivers/STM32F1xx_HAL_Driver/Src/stm32f1xx_ll_usb.c **** 
1699:Drivers/STM32F1xx_HAL_Driver/Src/stm32f1xx_ll_usb.c ****   return HAL_OK;
1700:Drivers/STM32F1xx_HAL_Driver/Src/stm32f1xx_ll_usb.c **** }
1701:Drivers/STM32F1xx_HAL_Driver/Src/stm32f1xx_ll_usb.c **** 
1702:Drivers/STM32F1xx_HAL_Driver/Src/stm32f1xx_ll_usb.c **** /**
1703:Drivers/STM32F1xx_HAL_Driver/Src/stm32f1xx_ll_usb.c ****   * @brief Read all host channel interrupts status
1704:Drivers/STM32F1xx_HAL_Driver/Src/stm32f1xx_ll_usb.c ****   * @param  USBx  Selected device
1705:Drivers/STM32F1xx_HAL_Driver/Src/stm32f1xx_ll_usb.c ****   * @retval HAL state
1706:Drivers/STM32F1xx_HAL_Driver/Src/stm32f1xx_ll_usb.c ****   */
1707:Drivers/STM32F1xx_HAL_Driver/Src/stm32f1xx_ll_usb.c **** uint32_t USB_HC_ReadInterrupt(USB_OTG_GlobalTypeDef *USBx)
1708:Drivers/STM32F1xx_HAL_Driver/Src/stm32f1xx_ll_usb.c **** {
1709:Drivers/STM32F1xx_HAL_Driver/Src/stm32f1xx_ll_usb.c ****   uint32_t USBx_BASE = (uint32_t)USBx;
1710:Drivers/STM32F1xx_HAL_Driver/Src/stm32f1xx_ll_usb.c **** 
1711:Drivers/STM32F1xx_HAL_Driver/Src/stm32f1xx_ll_usb.c ****   return ((USBx_HOST->HAINT) & 0xFFFFU);
1712:Drivers/STM32F1xx_HAL_Driver/Src/stm32f1xx_ll_usb.c **** }
1713:Drivers/STM32F1xx_HAL_Driver/Src/stm32f1xx_ll_usb.c **** 
1714:Drivers/STM32F1xx_HAL_Driver/Src/stm32f1xx_ll_usb.c **** /**
1715:Drivers/STM32F1xx_HAL_Driver/Src/stm32f1xx_ll_usb.c ****   * @brief  Halt a host channel
1716:Drivers/STM32F1xx_HAL_Driver/Src/stm32f1xx_ll_usb.c ****   * @param  USBx  Selected device
1717:Drivers/STM32F1xx_HAL_Driver/Src/stm32f1xx_ll_usb.c ****   * @param  hc_num  Host Channel number
1718:Drivers/STM32F1xx_HAL_Driver/Src/stm32f1xx_ll_usb.c ****   *         This parameter can be a value from 1 to 15
1719:Drivers/STM32F1xx_HAL_Driver/Src/stm32f1xx_ll_usb.c ****   * @retval HAL state
1720:Drivers/STM32F1xx_HAL_Driver/Src/stm32f1xx_ll_usb.c ****   */
1721:Drivers/STM32F1xx_HAL_Driver/Src/stm32f1xx_ll_usb.c **** HAL_StatusTypeDef USB_HC_Halt(USB_OTG_GlobalTypeDef *USBx, uint8_t hc_num)
1722:Drivers/STM32F1xx_HAL_Driver/Src/stm32f1xx_ll_usb.c **** {
1723:Drivers/STM32F1xx_HAL_Driver/Src/stm32f1xx_ll_usb.c ****   uint32_t USBx_BASE = (uint32_t)USBx;
1724:Drivers/STM32F1xx_HAL_Driver/Src/stm32f1xx_ll_usb.c ****   uint32_t hcnum = (uint32_t)hc_num;
1725:Drivers/STM32F1xx_HAL_Driver/Src/stm32f1xx_ll_usb.c ****   __IO uint32_t count = 0U;
1726:Drivers/STM32F1xx_HAL_Driver/Src/stm32f1xx_ll_usb.c ****   uint32_t HcEpType = (USBx_HC(hcnum)->HCCHAR & USB_OTG_HCCHAR_EPTYP) >> 18;
1727:Drivers/STM32F1xx_HAL_Driver/Src/stm32f1xx_ll_usb.c ****   uint32_t ChannelEna = (USBx_HC(hcnum)->HCCHAR & USB_OTG_HCCHAR_CHENA) >> 31;
1728:Drivers/STM32F1xx_HAL_Driver/Src/stm32f1xx_ll_usb.c ****   uint32_t SplitEna = (USBx_HC(hcnum)->HCSPLT & USB_OTG_HCSPLT_SPLITEN) >> 31;
1729:Drivers/STM32F1xx_HAL_Driver/Src/stm32f1xx_ll_usb.c **** 
1730:Drivers/STM32F1xx_HAL_Driver/Src/stm32f1xx_ll_usb.c ****   /* In buffer DMA, Channel disable must not be programmed for non-split periodic channels.
1731:Drivers/STM32F1xx_HAL_Driver/Src/stm32f1xx_ll_usb.c ****      At the end of the next uframe/frame (in the worst case), the core generates a channel halted
1732:Drivers/STM32F1xx_HAL_Driver/Src/stm32f1xx_ll_usb.c ****      and disables the channel automatically. */
1733:Drivers/STM32F1xx_HAL_Driver/Src/stm32f1xx_ll_usb.c **** 
1734:Drivers/STM32F1xx_HAL_Driver/Src/stm32f1xx_ll_usb.c ****   if ((((USBx->GAHBCFG & USB_OTG_GAHBCFG_DMAEN) == USB_OTG_GAHBCFG_DMAEN) && (SplitEna == 0U)) &&
1735:Drivers/STM32F1xx_HAL_Driver/Src/stm32f1xx_ll_usb.c ****       ((ChannelEna == 0U) || (((HcEpType == HCCHAR_ISOC) || (HcEpType == HCCHAR_INTR)))))
1736:Drivers/STM32F1xx_HAL_Driver/Src/stm32f1xx_ll_usb.c ****   {
1737:Drivers/STM32F1xx_HAL_Driver/Src/stm32f1xx_ll_usb.c ****     return HAL_OK;
1738:Drivers/STM32F1xx_HAL_Driver/Src/stm32f1xx_ll_usb.c ****   }
1739:Drivers/STM32F1xx_HAL_Driver/Src/stm32f1xx_ll_usb.c **** 
1740:Drivers/STM32F1xx_HAL_Driver/Src/stm32f1xx_ll_usb.c ****   /* Check for space in the request queue to issue the halt. */
1741:Drivers/STM32F1xx_HAL_Driver/Src/stm32f1xx_ll_usb.c ****   if ((HcEpType == HCCHAR_CTRL) || (HcEpType == HCCHAR_BULK))
ARM GAS  C:\Users\crist\AppData\Local\Temp\ccqk2JNa.s 			page 32


1742:Drivers/STM32F1xx_HAL_Driver/Src/stm32f1xx_ll_usb.c ****   {
1743:Drivers/STM32F1xx_HAL_Driver/Src/stm32f1xx_ll_usb.c ****     USBx_HC(hcnum)->HCCHAR |= USB_OTG_HCCHAR_CHDIS;
1744:Drivers/STM32F1xx_HAL_Driver/Src/stm32f1xx_ll_usb.c **** 
1745:Drivers/STM32F1xx_HAL_Driver/Src/stm32f1xx_ll_usb.c ****     if ((USBx->GAHBCFG & USB_OTG_GAHBCFG_DMAEN) == 0U)
1746:Drivers/STM32F1xx_HAL_Driver/Src/stm32f1xx_ll_usb.c ****     {
1747:Drivers/STM32F1xx_HAL_Driver/Src/stm32f1xx_ll_usb.c ****       if ((USBx->HNPTXSTS & (0xFFU << 16)) == 0U)
1748:Drivers/STM32F1xx_HAL_Driver/Src/stm32f1xx_ll_usb.c ****       {
1749:Drivers/STM32F1xx_HAL_Driver/Src/stm32f1xx_ll_usb.c ****         USBx_HC(hcnum)->HCCHAR &= ~USB_OTG_HCCHAR_CHENA;
1750:Drivers/STM32F1xx_HAL_Driver/Src/stm32f1xx_ll_usb.c ****         USBx_HC(hcnum)->HCCHAR |= USB_OTG_HCCHAR_CHENA;
1751:Drivers/STM32F1xx_HAL_Driver/Src/stm32f1xx_ll_usb.c ****         do
1752:Drivers/STM32F1xx_HAL_Driver/Src/stm32f1xx_ll_usb.c ****         {
1753:Drivers/STM32F1xx_HAL_Driver/Src/stm32f1xx_ll_usb.c ****           count++;
1754:Drivers/STM32F1xx_HAL_Driver/Src/stm32f1xx_ll_usb.c **** 
1755:Drivers/STM32F1xx_HAL_Driver/Src/stm32f1xx_ll_usb.c ****           if (count > 1000U)
1756:Drivers/STM32F1xx_HAL_Driver/Src/stm32f1xx_ll_usb.c ****           {
1757:Drivers/STM32F1xx_HAL_Driver/Src/stm32f1xx_ll_usb.c ****             break;
1758:Drivers/STM32F1xx_HAL_Driver/Src/stm32f1xx_ll_usb.c ****           }
1759:Drivers/STM32F1xx_HAL_Driver/Src/stm32f1xx_ll_usb.c ****         } while ((USBx_HC(hcnum)->HCCHAR & USB_OTG_HCCHAR_CHENA) == USB_OTG_HCCHAR_CHENA);
1760:Drivers/STM32F1xx_HAL_Driver/Src/stm32f1xx_ll_usb.c ****       }
1761:Drivers/STM32F1xx_HAL_Driver/Src/stm32f1xx_ll_usb.c ****       else
1762:Drivers/STM32F1xx_HAL_Driver/Src/stm32f1xx_ll_usb.c ****       {
1763:Drivers/STM32F1xx_HAL_Driver/Src/stm32f1xx_ll_usb.c ****         USBx_HC(hcnum)->HCCHAR |= USB_OTG_HCCHAR_CHENA;
1764:Drivers/STM32F1xx_HAL_Driver/Src/stm32f1xx_ll_usb.c ****       }
1765:Drivers/STM32F1xx_HAL_Driver/Src/stm32f1xx_ll_usb.c ****     }
1766:Drivers/STM32F1xx_HAL_Driver/Src/stm32f1xx_ll_usb.c ****     else
1767:Drivers/STM32F1xx_HAL_Driver/Src/stm32f1xx_ll_usb.c ****     {
1768:Drivers/STM32F1xx_HAL_Driver/Src/stm32f1xx_ll_usb.c ****       USBx_HC(hcnum)->HCCHAR |= USB_OTG_HCCHAR_CHENA;
1769:Drivers/STM32F1xx_HAL_Driver/Src/stm32f1xx_ll_usb.c ****     }
1770:Drivers/STM32F1xx_HAL_Driver/Src/stm32f1xx_ll_usb.c ****   }
1771:Drivers/STM32F1xx_HAL_Driver/Src/stm32f1xx_ll_usb.c ****   else
1772:Drivers/STM32F1xx_HAL_Driver/Src/stm32f1xx_ll_usb.c ****   {
1773:Drivers/STM32F1xx_HAL_Driver/Src/stm32f1xx_ll_usb.c ****     USBx_HC(hcnum)->HCCHAR |= USB_OTG_HCCHAR_CHDIS;
1774:Drivers/STM32F1xx_HAL_Driver/Src/stm32f1xx_ll_usb.c **** 
1775:Drivers/STM32F1xx_HAL_Driver/Src/stm32f1xx_ll_usb.c ****     if ((USBx_HOST->HPTXSTS & (0xFFU << 16)) == 0U)
1776:Drivers/STM32F1xx_HAL_Driver/Src/stm32f1xx_ll_usb.c ****     {
1777:Drivers/STM32F1xx_HAL_Driver/Src/stm32f1xx_ll_usb.c ****       USBx_HC(hcnum)->HCCHAR &= ~USB_OTG_HCCHAR_CHENA;
1778:Drivers/STM32F1xx_HAL_Driver/Src/stm32f1xx_ll_usb.c ****       USBx_HC(hcnum)->HCCHAR |= USB_OTG_HCCHAR_CHENA;
1779:Drivers/STM32F1xx_HAL_Driver/Src/stm32f1xx_ll_usb.c ****       do
1780:Drivers/STM32F1xx_HAL_Driver/Src/stm32f1xx_ll_usb.c ****       {
1781:Drivers/STM32F1xx_HAL_Driver/Src/stm32f1xx_ll_usb.c ****         count++;
1782:Drivers/STM32F1xx_HAL_Driver/Src/stm32f1xx_ll_usb.c **** 
1783:Drivers/STM32F1xx_HAL_Driver/Src/stm32f1xx_ll_usb.c ****         if (count > 1000U)
1784:Drivers/STM32F1xx_HAL_Driver/Src/stm32f1xx_ll_usb.c ****         {
1785:Drivers/STM32F1xx_HAL_Driver/Src/stm32f1xx_ll_usb.c ****           break;
1786:Drivers/STM32F1xx_HAL_Driver/Src/stm32f1xx_ll_usb.c ****         }
1787:Drivers/STM32F1xx_HAL_Driver/Src/stm32f1xx_ll_usb.c ****       } while ((USBx_HC(hcnum)->HCCHAR & USB_OTG_HCCHAR_CHENA) == USB_OTG_HCCHAR_CHENA);
1788:Drivers/STM32F1xx_HAL_Driver/Src/stm32f1xx_ll_usb.c ****     }
1789:Drivers/STM32F1xx_HAL_Driver/Src/stm32f1xx_ll_usb.c ****     else
1790:Drivers/STM32F1xx_HAL_Driver/Src/stm32f1xx_ll_usb.c ****     {
1791:Drivers/STM32F1xx_HAL_Driver/Src/stm32f1xx_ll_usb.c ****       USBx_HC(hcnum)->HCCHAR |= USB_OTG_HCCHAR_CHENA;
1792:Drivers/STM32F1xx_HAL_Driver/Src/stm32f1xx_ll_usb.c ****     }
1793:Drivers/STM32F1xx_HAL_Driver/Src/stm32f1xx_ll_usb.c ****   }
1794:Drivers/STM32F1xx_HAL_Driver/Src/stm32f1xx_ll_usb.c **** 
1795:Drivers/STM32F1xx_HAL_Driver/Src/stm32f1xx_ll_usb.c ****   return HAL_OK;
1796:Drivers/STM32F1xx_HAL_Driver/Src/stm32f1xx_ll_usb.c **** }
1797:Drivers/STM32F1xx_HAL_Driver/Src/stm32f1xx_ll_usb.c **** 
1798:Drivers/STM32F1xx_HAL_Driver/Src/stm32f1xx_ll_usb.c **** /**
ARM GAS  C:\Users\crist\AppData\Local\Temp\ccqk2JNa.s 			page 33


1799:Drivers/STM32F1xx_HAL_Driver/Src/stm32f1xx_ll_usb.c ****   * @brief  Initiate Do Ping protocol
1800:Drivers/STM32F1xx_HAL_Driver/Src/stm32f1xx_ll_usb.c ****   * @param  USBx  Selected device
1801:Drivers/STM32F1xx_HAL_Driver/Src/stm32f1xx_ll_usb.c ****   * @param  hc_num  Host Channel number
1802:Drivers/STM32F1xx_HAL_Driver/Src/stm32f1xx_ll_usb.c ****   *         This parameter can be a value from 1 to 15
1803:Drivers/STM32F1xx_HAL_Driver/Src/stm32f1xx_ll_usb.c ****   * @retval HAL state
1804:Drivers/STM32F1xx_HAL_Driver/Src/stm32f1xx_ll_usb.c ****   */
1805:Drivers/STM32F1xx_HAL_Driver/Src/stm32f1xx_ll_usb.c **** HAL_StatusTypeDef USB_DoPing(USB_OTG_GlobalTypeDef *USBx, uint8_t ch_num)
1806:Drivers/STM32F1xx_HAL_Driver/Src/stm32f1xx_ll_usb.c **** {
1807:Drivers/STM32F1xx_HAL_Driver/Src/stm32f1xx_ll_usb.c ****   uint32_t USBx_BASE = (uint32_t)USBx;
1808:Drivers/STM32F1xx_HAL_Driver/Src/stm32f1xx_ll_usb.c ****   uint32_t chnum = (uint32_t)ch_num;
1809:Drivers/STM32F1xx_HAL_Driver/Src/stm32f1xx_ll_usb.c ****   uint32_t num_packets = 1U;
1810:Drivers/STM32F1xx_HAL_Driver/Src/stm32f1xx_ll_usb.c ****   uint32_t tmpreg;
1811:Drivers/STM32F1xx_HAL_Driver/Src/stm32f1xx_ll_usb.c **** 
1812:Drivers/STM32F1xx_HAL_Driver/Src/stm32f1xx_ll_usb.c ****   USBx_HC(chnum)->HCTSIZ = ((num_packets << 19) & USB_OTG_HCTSIZ_PKTCNT) |
1813:Drivers/STM32F1xx_HAL_Driver/Src/stm32f1xx_ll_usb.c ****                            USB_OTG_HCTSIZ_DOPING;
1814:Drivers/STM32F1xx_HAL_Driver/Src/stm32f1xx_ll_usb.c **** 
1815:Drivers/STM32F1xx_HAL_Driver/Src/stm32f1xx_ll_usb.c ****   /* Set host channel enable */
1816:Drivers/STM32F1xx_HAL_Driver/Src/stm32f1xx_ll_usb.c ****   tmpreg = USBx_HC(chnum)->HCCHAR;
1817:Drivers/STM32F1xx_HAL_Driver/Src/stm32f1xx_ll_usb.c ****   tmpreg &= ~USB_OTG_HCCHAR_CHDIS;
1818:Drivers/STM32F1xx_HAL_Driver/Src/stm32f1xx_ll_usb.c ****   tmpreg |= USB_OTG_HCCHAR_CHENA;
1819:Drivers/STM32F1xx_HAL_Driver/Src/stm32f1xx_ll_usb.c ****   USBx_HC(chnum)->HCCHAR = tmpreg;
1820:Drivers/STM32F1xx_HAL_Driver/Src/stm32f1xx_ll_usb.c **** 
1821:Drivers/STM32F1xx_HAL_Driver/Src/stm32f1xx_ll_usb.c ****   return HAL_OK;
1822:Drivers/STM32F1xx_HAL_Driver/Src/stm32f1xx_ll_usb.c **** }
1823:Drivers/STM32F1xx_HAL_Driver/Src/stm32f1xx_ll_usb.c **** 
1824:Drivers/STM32F1xx_HAL_Driver/Src/stm32f1xx_ll_usb.c **** /**
1825:Drivers/STM32F1xx_HAL_Driver/Src/stm32f1xx_ll_usb.c ****   * @brief  Stop Host Core
1826:Drivers/STM32F1xx_HAL_Driver/Src/stm32f1xx_ll_usb.c ****   * @param  USBx  Selected device
1827:Drivers/STM32F1xx_HAL_Driver/Src/stm32f1xx_ll_usb.c ****   * @retval HAL state
1828:Drivers/STM32F1xx_HAL_Driver/Src/stm32f1xx_ll_usb.c ****   */
1829:Drivers/STM32F1xx_HAL_Driver/Src/stm32f1xx_ll_usb.c **** HAL_StatusTypeDef USB_StopHost(USB_OTG_GlobalTypeDef *USBx)
1830:Drivers/STM32F1xx_HAL_Driver/Src/stm32f1xx_ll_usb.c **** {
1831:Drivers/STM32F1xx_HAL_Driver/Src/stm32f1xx_ll_usb.c ****   HAL_StatusTypeDef ret = HAL_OK;
1832:Drivers/STM32F1xx_HAL_Driver/Src/stm32f1xx_ll_usb.c ****   uint32_t USBx_BASE = (uint32_t)USBx;
1833:Drivers/STM32F1xx_HAL_Driver/Src/stm32f1xx_ll_usb.c ****   __IO uint32_t count = 0U;
1834:Drivers/STM32F1xx_HAL_Driver/Src/stm32f1xx_ll_usb.c ****   uint32_t value;
1835:Drivers/STM32F1xx_HAL_Driver/Src/stm32f1xx_ll_usb.c ****   uint32_t i;
1836:Drivers/STM32F1xx_HAL_Driver/Src/stm32f1xx_ll_usb.c **** 
1837:Drivers/STM32F1xx_HAL_Driver/Src/stm32f1xx_ll_usb.c ****   (void)USB_DisableGlobalInt(USBx);
1838:Drivers/STM32F1xx_HAL_Driver/Src/stm32f1xx_ll_usb.c **** 
1839:Drivers/STM32F1xx_HAL_Driver/Src/stm32f1xx_ll_usb.c ****   /* Flush USB FIFO */
1840:Drivers/STM32F1xx_HAL_Driver/Src/stm32f1xx_ll_usb.c ****   if (USB_FlushTxFifo(USBx, 0x10U) != HAL_OK) /* all Tx FIFOs */
1841:Drivers/STM32F1xx_HAL_Driver/Src/stm32f1xx_ll_usb.c ****   {
1842:Drivers/STM32F1xx_HAL_Driver/Src/stm32f1xx_ll_usb.c ****     ret = HAL_ERROR;
1843:Drivers/STM32F1xx_HAL_Driver/Src/stm32f1xx_ll_usb.c ****   }
1844:Drivers/STM32F1xx_HAL_Driver/Src/stm32f1xx_ll_usb.c **** 
1845:Drivers/STM32F1xx_HAL_Driver/Src/stm32f1xx_ll_usb.c ****   if (USB_FlushRxFifo(USBx) != HAL_OK)
1846:Drivers/STM32F1xx_HAL_Driver/Src/stm32f1xx_ll_usb.c ****   {
1847:Drivers/STM32F1xx_HAL_Driver/Src/stm32f1xx_ll_usb.c ****     ret = HAL_ERROR;
1848:Drivers/STM32F1xx_HAL_Driver/Src/stm32f1xx_ll_usb.c ****   }
1849:Drivers/STM32F1xx_HAL_Driver/Src/stm32f1xx_ll_usb.c **** 
1850:Drivers/STM32F1xx_HAL_Driver/Src/stm32f1xx_ll_usb.c ****   /* Flush out any leftover queued requests. */
1851:Drivers/STM32F1xx_HAL_Driver/Src/stm32f1xx_ll_usb.c ****   for (i = 0U; i <= 15U; i++)
1852:Drivers/STM32F1xx_HAL_Driver/Src/stm32f1xx_ll_usb.c ****   {
1853:Drivers/STM32F1xx_HAL_Driver/Src/stm32f1xx_ll_usb.c ****     value = USBx_HC(i)->HCCHAR;
1854:Drivers/STM32F1xx_HAL_Driver/Src/stm32f1xx_ll_usb.c ****     value |=  USB_OTG_HCCHAR_CHDIS;
1855:Drivers/STM32F1xx_HAL_Driver/Src/stm32f1xx_ll_usb.c ****     value &= ~USB_OTG_HCCHAR_CHENA;
ARM GAS  C:\Users\crist\AppData\Local\Temp\ccqk2JNa.s 			page 34


1856:Drivers/STM32F1xx_HAL_Driver/Src/stm32f1xx_ll_usb.c ****     value &= ~USB_OTG_HCCHAR_EPDIR;
1857:Drivers/STM32F1xx_HAL_Driver/Src/stm32f1xx_ll_usb.c ****     USBx_HC(i)->HCCHAR = value;
1858:Drivers/STM32F1xx_HAL_Driver/Src/stm32f1xx_ll_usb.c ****   }
1859:Drivers/STM32F1xx_HAL_Driver/Src/stm32f1xx_ll_usb.c **** 
1860:Drivers/STM32F1xx_HAL_Driver/Src/stm32f1xx_ll_usb.c ****   /* Halt all channels to put them into a known state. */
1861:Drivers/STM32F1xx_HAL_Driver/Src/stm32f1xx_ll_usb.c ****   for (i = 0U; i <= 15U; i++)
1862:Drivers/STM32F1xx_HAL_Driver/Src/stm32f1xx_ll_usb.c ****   {
1863:Drivers/STM32F1xx_HAL_Driver/Src/stm32f1xx_ll_usb.c ****     value = USBx_HC(i)->HCCHAR;
1864:Drivers/STM32F1xx_HAL_Driver/Src/stm32f1xx_ll_usb.c ****     value |= USB_OTG_HCCHAR_CHDIS;
1865:Drivers/STM32F1xx_HAL_Driver/Src/stm32f1xx_ll_usb.c ****     value |= USB_OTG_HCCHAR_CHENA;
1866:Drivers/STM32F1xx_HAL_Driver/Src/stm32f1xx_ll_usb.c ****     value &= ~USB_OTG_HCCHAR_EPDIR;
1867:Drivers/STM32F1xx_HAL_Driver/Src/stm32f1xx_ll_usb.c ****     USBx_HC(i)->HCCHAR = value;
1868:Drivers/STM32F1xx_HAL_Driver/Src/stm32f1xx_ll_usb.c **** 
1869:Drivers/STM32F1xx_HAL_Driver/Src/stm32f1xx_ll_usb.c ****     do
1870:Drivers/STM32F1xx_HAL_Driver/Src/stm32f1xx_ll_usb.c ****     {
1871:Drivers/STM32F1xx_HAL_Driver/Src/stm32f1xx_ll_usb.c ****       count++;
1872:Drivers/STM32F1xx_HAL_Driver/Src/stm32f1xx_ll_usb.c **** 
1873:Drivers/STM32F1xx_HAL_Driver/Src/stm32f1xx_ll_usb.c ****       if (count > 1000U)
1874:Drivers/STM32F1xx_HAL_Driver/Src/stm32f1xx_ll_usb.c ****       {
1875:Drivers/STM32F1xx_HAL_Driver/Src/stm32f1xx_ll_usb.c ****         break;
1876:Drivers/STM32F1xx_HAL_Driver/Src/stm32f1xx_ll_usb.c ****       }
1877:Drivers/STM32F1xx_HAL_Driver/Src/stm32f1xx_ll_usb.c ****     } while ((USBx_HC(i)->HCCHAR & USB_OTG_HCCHAR_CHENA) == USB_OTG_HCCHAR_CHENA);
1878:Drivers/STM32F1xx_HAL_Driver/Src/stm32f1xx_ll_usb.c ****   }
1879:Drivers/STM32F1xx_HAL_Driver/Src/stm32f1xx_ll_usb.c **** 
1880:Drivers/STM32F1xx_HAL_Driver/Src/stm32f1xx_ll_usb.c ****   /* Clear any pending Host interrupts */
1881:Drivers/STM32F1xx_HAL_Driver/Src/stm32f1xx_ll_usb.c ****   USBx_HOST->HAINT = CLEAR_INTERRUPT_MASK;
1882:Drivers/STM32F1xx_HAL_Driver/Src/stm32f1xx_ll_usb.c ****   USBx->GINTSTS = CLEAR_INTERRUPT_MASK;
1883:Drivers/STM32F1xx_HAL_Driver/Src/stm32f1xx_ll_usb.c **** 
1884:Drivers/STM32F1xx_HAL_Driver/Src/stm32f1xx_ll_usb.c ****   (void)USB_EnableGlobalInt(USBx);
1885:Drivers/STM32F1xx_HAL_Driver/Src/stm32f1xx_ll_usb.c **** 
1886:Drivers/STM32F1xx_HAL_Driver/Src/stm32f1xx_ll_usb.c ****   return ret;
1887:Drivers/STM32F1xx_HAL_Driver/Src/stm32f1xx_ll_usb.c **** }
1888:Drivers/STM32F1xx_HAL_Driver/Src/stm32f1xx_ll_usb.c **** 
1889:Drivers/STM32F1xx_HAL_Driver/Src/stm32f1xx_ll_usb.c **** /**
1890:Drivers/STM32F1xx_HAL_Driver/Src/stm32f1xx_ll_usb.c ****   * @brief  USB_ActivateRemoteWakeup active remote wakeup signalling
1891:Drivers/STM32F1xx_HAL_Driver/Src/stm32f1xx_ll_usb.c ****   * @param  USBx Selected device
1892:Drivers/STM32F1xx_HAL_Driver/Src/stm32f1xx_ll_usb.c ****   * @retval HAL status
1893:Drivers/STM32F1xx_HAL_Driver/Src/stm32f1xx_ll_usb.c ****   */
1894:Drivers/STM32F1xx_HAL_Driver/Src/stm32f1xx_ll_usb.c **** HAL_StatusTypeDef USB_ActivateRemoteWakeup(USB_OTG_GlobalTypeDef *USBx)
1895:Drivers/STM32F1xx_HAL_Driver/Src/stm32f1xx_ll_usb.c **** {
1896:Drivers/STM32F1xx_HAL_Driver/Src/stm32f1xx_ll_usb.c ****   uint32_t USBx_BASE = (uint32_t)USBx;
1897:Drivers/STM32F1xx_HAL_Driver/Src/stm32f1xx_ll_usb.c **** 
1898:Drivers/STM32F1xx_HAL_Driver/Src/stm32f1xx_ll_usb.c ****   if ((USBx_DEVICE->DSTS & USB_OTG_DSTS_SUSPSTS) == USB_OTG_DSTS_SUSPSTS)
1899:Drivers/STM32F1xx_HAL_Driver/Src/stm32f1xx_ll_usb.c ****   {
1900:Drivers/STM32F1xx_HAL_Driver/Src/stm32f1xx_ll_usb.c ****     /* active Remote wakeup signalling */
1901:Drivers/STM32F1xx_HAL_Driver/Src/stm32f1xx_ll_usb.c ****     USBx_DEVICE->DCTL |= USB_OTG_DCTL_RWUSIG;
1902:Drivers/STM32F1xx_HAL_Driver/Src/stm32f1xx_ll_usb.c ****   }
1903:Drivers/STM32F1xx_HAL_Driver/Src/stm32f1xx_ll_usb.c **** 
1904:Drivers/STM32F1xx_HAL_Driver/Src/stm32f1xx_ll_usb.c ****   return HAL_OK;
1905:Drivers/STM32F1xx_HAL_Driver/Src/stm32f1xx_ll_usb.c **** }
1906:Drivers/STM32F1xx_HAL_Driver/Src/stm32f1xx_ll_usb.c **** 
1907:Drivers/STM32F1xx_HAL_Driver/Src/stm32f1xx_ll_usb.c **** /**
1908:Drivers/STM32F1xx_HAL_Driver/Src/stm32f1xx_ll_usb.c ****   * @brief  USB_DeActivateRemoteWakeup de-active remote wakeup signalling
1909:Drivers/STM32F1xx_HAL_Driver/Src/stm32f1xx_ll_usb.c ****   * @param  USBx Selected device
1910:Drivers/STM32F1xx_HAL_Driver/Src/stm32f1xx_ll_usb.c ****   * @retval HAL status
1911:Drivers/STM32F1xx_HAL_Driver/Src/stm32f1xx_ll_usb.c ****   */
1912:Drivers/STM32F1xx_HAL_Driver/Src/stm32f1xx_ll_usb.c **** HAL_StatusTypeDef USB_DeActivateRemoteWakeup(USB_OTG_GlobalTypeDef *USBx)
ARM GAS  C:\Users\crist\AppData\Local\Temp\ccqk2JNa.s 			page 35


1913:Drivers/STM32F1xx_HAL_Driver/Src/stm32f1xx_ll_usb.c **** {
1914:Drivers/STM32F1xx_HAL_Driver/Src/stm32f1xx_ll_usb.c ****   uint32_t USBx_BASE = (uint32_t)USBx;
1915:Drivers/STM32F1xx_HAL_Driver/Src/stm32f1xx_ll_usb.c **** 
1916:Drivers/STM32F1xx_HAL_Driver/Src/stm32f1xx_ll_usb.c ****   /* active Remote wakeup signalling */
1917:Drivers/STM32F1xx_HAL_Driver/Src/stm32f1xx_ll_usb.c ****   USBx_DEVICE->DCTL &= ~(USB_OTG_DCTL_RWUSIG);
1918:Drivers/STM32F1xx_HAL_Driver/Src/stm32f1xx_ll_usb.c **** 
1919:Drivers/STM32F1xx_HAL_Driver/Src/stm32f1xx_ll_usb.c ****   return HAL_OK;
1920:Drivers/STM32F1xx_HAL_Driver/Src/stm32f1xx_ll_usb.c **** }
1921:Drivers/STM32F1xx_HAL_Driver/Src/stm32f1xx_ll_usb.c **** #endif /* defined (USB_OTG_FS) */
1922:Drivers/STM32F1xx_HAL_Driver/Src/stm32f1xx_ll_usb.c **** 
1923:Drivers/STM32F1xx_HAL_Driver/Src/stm32f1xx_ll_usb.c **** #if defined (USB)
1924:Drivers/STM32F1xx_HAL_Driver/Src/stm32f1xx_ll_usb.c **** /**
1925:Drivers/STM32F1xx_HAL_Driver/Src/stm32f1xx_ll_usb.c ****   * @brief  Initializes the USB Core
1926:Drivers/STM32F1xx_HAL_Driver/Src/stm32f1xx_ll_usb.c ****   * @param  USBx USB Instance
1927:Drivers/STM32F1xx_HAL_Driver/Src/stm32f1xx_ll_usb.c ****   * @param  cfg pointer to a USB_CfgTypeDef structure that contains
1928:Drivers/STM32F1xx_HAL_Driver/Src/stm32f1xx_ll_usb.c ****   *         the configuration information for the specified USBx peripheral.
1929:Drivers/STM32F1xx_HAL_Driver/Src/stm32f1xx_ll_usb.c ****   * @retval HAL status
1930:Drivers/STM32F1xx_HAL_Driver/Src/stm32f1xx_ll_usb.c ****   */
1931:Drivers/STM32F1xx_HAL_Driver/Src/stm32f1xx_ll_usb.c **** HAL_StatusTypeDef USB_CoreInit(USB_TypeDef *USBx, USB_CfgTypeDef cfg)
1932:Drivers/STM32F1xx_HAL_Driver/Src/stm32f1xx_ll_usb.c **** {
  28              		.loc 1 1932 1 view -0
  29              		.cfi_startproc
  30              		@ args = 36, pretend = 16, frame = 0
  31              		@ frame_needed = 0, uses_anonymous_args = 0
  32              		@ link register save eliminated.
  33              		.loc 1 1932 1 is_stmt 0 view .LVU1
  34 0000 84B0     		sub	sp, sp, #16
  35              	.LCFI0:
  36              		.cfi_def_cfa_offset 16
  37 0002 01A8     		add	r0, sp, #4
  38              	.LVL1:
  39              		.loc 1 1932 1 view .LVU2
  40 0004 80E80E00 		stm	r0, {r1, r2, r3}
1933:Drivers/STM32F1xx_HAL_Driver/Src/stm32f1xx_ll_usb.c ****   /* Prevent unused argument(s) compilation warning */
1934:Drivers/STM32F1xx_HAL_Driver/Src/stm32f1xx_ll_usb.c ****   UNUSED(USBx);
  41              		.loc 1 1934 3 is_stmt 1 view .LVU3
1935:Drivers/STM32F1xx_HAL_Driver/Src/stm32f1xx_ll_usb.c ****   UNUSED(cfg);
  42              		.loc 1 1935 3 view .LVU4
1936:Drivers/STM32F1xx_HAL_Driver/Src/stm32f1xx_ll_usb.c **** 
1937:Drivers/STM32F1xx_HAL_Driver/Src/stm32f1xx_ll_usb.c ****   /* NOTE : - This function is not required by USB Device FS peripheral, it is used
1938:Drivers/STM32F1xx_HAL_Driver/Src/stm32f1xx_ll_usb.c ****               only by USB OTG FS peripheral.
1939:Drivers/STM32F1xx_HAL_Driver/Src/stm32f1xx_ll_usb.c ****             - This function is added to ensure compatibility across platforms.
1940:Drivers/STM32F1xx_HAL_Driver/Src/stm32f1xx_ll_usb.c ****    */
1941:Drivers/STM32F1xx_HAL_Driver/Src/stm32f1xx_ll_usb.c **** 
1942:Drivers/STM32F1xx_HAL_Driver/Src/stm32f1xx_ll_usb.c ****   return HAL_OK;
  43              		.loc 1 1942 3 view .LVU5
1943:Drivers/STM32F1xx_HAL_Driver/Src/stm32f1xx_ll_usb.c **** }
  44              		.loc 1 1943 1 is_stmt 0 view .LVU6
  45 0008 0020     		movs	r0, #0
  46 000a 04B0     		add	sp, sp, #16
  47              	.LCFI1:
  48              		.cfi_def_cfa_offset 0
  49 000c 7047     		bx	lr
  50              		.cfi_endproc
  51              	.LFE65:
  53              		.section	.text.USB_EnableGlobalInt,"ax",%progbits
  54              		.align	1
ARM GAS  C:\Users\crist\AppData\Local\Temp\ccqk2JNa.s 			page 36


  55              		.global	USB_EnableGlobalInt
  56              		.syntax unified
  57              		.thumb
  58              		.thumb_func
  60              	USB_EnableGlobalInt:
  61              	.LVL2:
  62              	.LFB66:
1944:Drivers/STM32F1xx_HAL_Driver/Src/stm32f1xx_ll_usb.c **** 
1945:Drivers/STM32F1xx_HAL_Driver/Src/stm32f1xx_ll_usb.c **** /**
1946:Drivers/STM32F1xx_HAL_Driver/Src/stm32f1xx_ll_usb.c ****   * @brief  USB_EnableGlobalInt
1947:Drivers/STM32F1xx_HAL_Driver/Src/stm32f1xx_ll_usb.c ****   *         Enables the controller's Global Int in the AHB Config reg
1948:Drivers/STM32F1xx_HAL_Driver/Src/stm32f1xx_ll_usb.c ****   * @param  USBx Selected device
1949:Drivers/STM32F1xx_HAL_Driver/Src/stm32f1xx_ll_usb.c ****   * @retval HAL status
1950:Drivers/STM32F1xx_HAL_Driver/Src/stm32f1xx_ll_usb.c ****   */
1951:Drivers/STM32F1xx_HAL_Driver/Src/stm32f1xx_ll_usb.c **** HAL_StatusTypeDef USB_EnableGlobalInt(USB_TypeDef *USBx)
1952:Drivers/STM32F1xx_HAL_Driver/Src/stm32f1xx_ll_usb.c **** {
  63              		.loc 1 1952 1 is_stmt 1 view -0
  64              		.cfi_startproc
  65              		@ args = 0, pretend = 0, frame = 0
  66              		@ frame_needed = 0, uses_anonymous_args = 0
  67              		@ link register save eliminated.
  68              		.loc 1 1952 1 is_stmt 0 view .LVU8
  69 0000 0346     		mov	r3, r0
1953:Drivers/STM32F1xx_HAL_Driver/Src/stm32f1xx_ll_usb.c ****   uint32_t winterruptmask;
  70              		.loc 1 1953 3 is_stmt 1 view .LVU9
1954:Drivers/STM32F1xx_HAL_Driver/Src/stm32f1xx_ll_usb.c **** 
1955:Drivers/STM32F1xx_HAL_Driver/Src/stm32f1xx_ll_usb.c ****   /* Clear pending interrupts */
1956:Drivers/STM32F1xx_HAL_Driver/Src/stm32f1xx_ll_usb.c ****   USBx->ISTR = 0U;
  71              		.loc 1 1956 3 view .LVU10
  72              		.loc 1 1956 14 is_stmt 0 view .LVU11
  73 0002 0020     		movs	r0, #0
  74              	.LVL3:
  75              		.loc 1 1956 14 view .LVU12
  76 0004 A3F84400 		strh	r0, [r3, #68]	@ movhi
1957:Drivers/STM32F1xx_HAL_Driver/Src/stm32f1xx_ll_usb.c **** 
1958:Drivers/STM32F1xx_HAL_Driver/Src/stm32f1xx_ll_usb.c ****   /* Set winterruptmask variable */
1959:Drivers/STM32F1xx_HAL_Driver/Src/stm32f1xx_ll_usb.c ****   winterruptmask = USB_CNTR_CTRM  | USB_CNTR_WKUPM |
  77              		.loc 1 1959 3 is_stmt 1 view .LVU13
  78              	.LVL4:
1960:Drivers/STM32F1xx_HAL_Driver/Src/stm32f1xx_ll_usb.c ****                    USB_CNTR_SUSPM | USB_CNTR_ERRM |
1961:Drivers/STM32F1xx_HAL_Driver/Src/stm32f1xx_ll_usb.c ****                    USB_CNTR_SOFM | USB_CNTR_ESOFM |
1962:Drivers/STM32F1xx_HAL_Driver/Src/stm32f1xx_ll_usb.c ****                    USB_CNTR_RESETM;
1963:Drivers/STM32F1xx_HAL_Driver/Src/stm32f1xx_ll_usb.c **** 
1964:Drivers/STM32F1xx_HAL_Driver/Src/stm32f1xx_ll_usb.c ****   /* Set interrupt mask */
1965:Drivers/STM32F1xx_HAL_Driver/Src/stm32f1xx_ll_usb.c ****   USBx->CNTR = (uint16_t)winterruptmask;
  79              		.loc 1 1965 3 view .LVU14
  80              		.loc 1 1965 14 is_stmt 0 view .LVU15
  81 0008 4FF43F42 		mov	r2, #48896
  82 000c A3F84020 		strh	r2, [r3, #64]	@ movhi
1966:Drivers/STM32F1xx_HAL_Driver/Src/stm32f1xx_ll_usb.c **** 
1967:Drivers/STM32F1xx_HAL_Driver/Src/stm32f1xx_ll_usb.c ****   return HAL_OK;
  83              		.loc 1 1967 3 is_stmt 1 view .LVU16
1968:Drivers/STM32F1xx_HAL_Driver/Src/stm32f1xx_ll_usb.c **** }
  84              		.loc 1 1968 1 is_stmt 0 view .LVU17
  85 0010 7047     		bx	lr
  86              		.cfi_endproc
  87              	.LFE66:
ARM GAS  C:\Users\crist\AppData\Local\Temp\ccqk2JNa.s 			page 37


  89              		.section	.text.USB_DisableGlobalInt,"ax",%progbits
  90              		.align	1
  91              		.global	USB_DisableGlobalInt
  92              		.syntax unified
  93              		.thumb
  94              		.thumb_func
  96              	USB_DisableGlobalInt:
  97              	.LVL5:
  98              	.LFB67:
1969:Drivers/STM32F1xx_HAL_Driver/Src/stm32f1xx_ll_usb.c **** 
1970:Drivers/STM32F1xx_HAL_Driver/Src/stm32f1xx_ll_usb.c **** /**
1971:Drivers/STM32F1xx_HAL_Driver/Src/stm32f1xx_ll_usb.c ****   * @brief  USB_DisableGlobalInt
1972:Drivers/STM32F1xx_HAL_Driver/Src/stm32f1xx_ll_usb.c ****   *         Disable the controller's Global Int in the AHB Config reg
1973:Drivers/STM32F1xx_HAL_Driver/Src/stm32f1xx_ll_usb.c ****   * @param  USBx Selected device
1974:Drivers/STM32F1xx_HAL_Driver/Src/stm32f1xx_ll_usb.c ****   * @retval HAL status
1975:Drivers/STM32F1xx_HAL_Driver/Src/stm32f1xx_ll_usb.c ****   */
1976:Drivers/STM32F1xx_HAL_Driver/Src/stm32f1xx_ll_usb.c **** HAL_StatusTypeDef USB_DisableGlobalInt(USB_TypeDef *USBx)
1977:Drivers/STM32F1xx_HAL_Driver/Src/stm32f1xx_ll_usb.c **** {
  99              		.loc 1 1977 1 is_stmt 1 view -0
 100              		.cfi_startproc
 101              		@ args = 0, pretend = 0, frame = 0
 102              		@ frame_needed = 0, uses_anonymous_args = 0
 103              		@ link register save eliminated.
1978:Drivers/STM32F1xx_HAL_Driver/Src/stm32f1xx_ll_usb.c ****   uint32_t winterruptmask;
 104              		.loc 1 1978 3 view .LVU19
1979:Drivers/STM32F1xx_HAL_Driver/Src/stm32f1xx_ll_usb.c **** 
1980:Drivers/STM32F1xx_HAL_Driver/Src/stm32f1xx_ll_usb.c ****   /* Set winterruptmask variable */
1981:Drivers/STM32F1xx_HAL_Driver/Src/stm32f1xx_ll_usb.c ****   winterruptmask = USB_CNTR_CTRM  | USB_CNTR_WKUPM |
 105              		.loc 1 1981 3 view .LVU20
1982:Drivers/STM32F1xx_HAL_Driver/Src/stm32f1xx_ll_usb.c ****                    USB_CNTR_SUSPM | USB_CNTR_ERRM |
1983:Drivers/STM32F1xx_HAL_Driver/Src/stm32f1xx_ll_usb.c ****                    USB_CNTR_SOFM | USB_CNTR_ESOFM |
1984:Drivers/STM32F1xx_HAL_Driver/Src/stm32f1xx_ll_usb.c ****                    USB_CNTR_RESETM;
1985:Drivers/STM32F1xx_HAL_Driver/Src/stm32f1xx_ll_usb.c **** 
1986:Drivers/STM32F1xx_HAL_Driver/Src/stm32f1xx_ll_usb.c ****   /* Clear interrupt mask */
1987:Drivers/STM32F1xx_HAL_Driver/Src/stm32f1xx_ll_usb.c ****   USBx->CNTR &= (uint16_t)(~winterruptmask);
 106              		.loc 1 1987 3 view .LVU21
 107              		.loc 1 1987 7 is_stmt 0 view .LVU22
 108 0000 B0F84030 		ldrh	r3, [r0, #64]
 109              		.loc 1 1987 14 view .LVU23
 110 0004 23F47C53 		bic	r3, r3, #16128
 111 0008 5B04     		lsls	r3, r3, #17
 112 000a 5B0C     		lsrs	r3, r3, #17
 113 000c A0F84030 		strh	r3, [r0, #64]	@ movhi
1988:Drivers/STM32F1xx_HAL_Driver/Src/stm32f1xx_ll_usb.c **** 
1989:Drivers/STM32F1xx_HAL_Driver/Src/stm32f1xx_ll_usb.c ****   return HAL_OK;
 114              		.loc 1 1989 3 is_stmt 1 view .LVU24
1990:Drivers/STM32F1xx_HAL_Driver/Src/stm32f1xx_ll_usb.c **** }
 115              		.loc 1 1990 1 is_stmt 0 view .LVU25
 116 0010 0020     		movs	r0, #0
 117              	.LVL6:
 118              		.loc 1 1990 1 view .LVU26
 119 0012 7047     		bx	lr
 120              		.cfi_endproc
 121              	.LFE67:
 123              		.section	.text.USB_SetCurrentMode,"ax",%progbits
 124              		.align	1
 125              		.global	USB_SetCurrentMode
ARM GAS  C:\Users\crist\AppData\Local\Temp\ccqk2JNa.s 			page 38


 126              		.syntax unified
 127              		.thumb
 128              		.thumb_func
 130              	USB_SetCurrentMode:
 131              	.LVL7:
 132              	.LFB68:
1991:Drivers/STM32F1xx_HAL_Driver/Src/stm32f1xx_ll_usb.c **** 
1992:Drivers/STM32F1xx_HAL_Driver/Src/stm32f1xx_ll_usb.c **** /**
1993:Drivers/STM32F1xx_HAL_Driver/Src/stm32f1xx_ll_usb.c ****   * @brief  USB_SetCurrentMode Set functional mode
1994:Drivers/STM32F1xx_HAL_Driver/Src/stm32f1xx_ll_usb.c ****   * @param  USBx Selected device
1995:Drivers/STM32F1xx_HAL_Driver/Src/stm32f1xx_ll_usb.c ****   * @param  mode current core mode
1996:Drivers/STM32F1xx_HAL_Driver/Src/stm32f1xx_ll_usb.c ****   *          This parameter can be one of the these values:
1997:Drivers/STM32F1xx_HAL_Driver/Src/stm32f1xx_ll_usb.c ****   *            @arg USB_DEVICE_MODE Peripheral mode
1998:Drivers/STM32F1xx_HAL_Driver/Src/stm32f1xx_ll_usb.c ****   * @retval HAL status
1999:Drivers/STM32F1xx_HAL_Driver/Src/stm32f1xx_ll_usb.c ****   */
2000:Drivers/STM32F1xx_HAL_Driver/Src/stm32f1xx_ll_usb.c **** HAL_StatusTypeDef USB_SetCurrentMode(USB_TypeDef *USBx, USB_ModeTypeDef mode)
2001:Drivers/STM32F1xx_HAL_Driver/Src/stm32f1xx_ll_usb.c **** {
 133              		.loc 1 2001 1 is_stmt 1 view -0
 134              		.cfi_startproc
 135              		@ args = 0, pretend = 0, frame = 0
 136              		@ frame_needed = 0, uses_anonymous_args = 0
 137              		@ link register save eliminated.
2002:Drivers/STM32F1xx_HAL_Driver/Src/stm32f1xx_ll_usb.c ****   /* Prevent unused argument(s) compilation warning */
2003:Drivers/STM32F1xx_HAL_Driver/Src/stm32f1xx_ll_usb.c ****   UNUSED(USBx);
 138              		.loc 1 2003 3 view .LVU28
2004:Drivers/STM32F1xx_HAL_Driver/Src/stm32f1xx_ll_usb.c ****   UNUSED(mode);
 139              		.loc 1 2004 3 view .LVU29
2005:Drivers/STM32F1xx_HAL_Driver/Src/stm32f1xx_ll_usb.c **** 
2006:Drivers/STM32F1xx_HAL_Driver/Src/stm32f1xx_ll_usb.c ****   /* NOTE : - This function is not required by USB Device FS peripheral, it is used
2007:Drivers/STM32F1xx_HAL_Driver/Src/stm32f1xx_ll_usb.c ****               only by USB OTG FS peripheral.
2008:Drivers/STM32F1xx_HAL_Driver/Src/stm32f1xx_ll_usb.c ****             - This function is added to ensure compatibility across platforms.
2009:Drivers/STM32F1xx_HAL_Driver/Src/stm32f1xx_ll_usb.c ****    */
2010:Drivers/STM32F1xx_HAL_Driver/Src/stm32f1xx_ll_usb.c ****   return HAL_OK;
 140              		.loc 1 2010 3 view .LVU30
2011:Drivers/STM32F1xx_HAL_Driver/Src/stm32f1xx_ll_usb.c **** }
 141              		.loc 1 2011 1 is_stmt 0 view .LVU31
 142 0000 0020     		movs	r0, #0
 143              	.LVL8:
 144              		.loc 1 2011 1 view .LVU32
 145 0002 7047     		bx	lr
 146              		.cfi_endproc
 147              	.LFE68:
 149              		.section	.text.USB_DevInit,"ax",%progbits
 150              		.align	1
 151              		.global	USB_DevInit
 152              		.syntax unified
 153              		.thumb
 154              		.thumb_func
 156              	USB_DevInit:
 157              	.LVL9:
 158              	.LFB69:
2012:Drivers/STM32F1xx_HAL_Driver/Src/stm32f1xx_ll_usb.c **** 
2013:Drivers/STM32F1xx_HAL_Driver/Src/stm32f1xx_ll_usb.c **** /**
2014:Drivers/STM32F1xx_HAL_Driver/Src/stm32f1xx_ll_usb.c ****   * @brief  USB_DevInit Initializes the USB controller registers
2015:Drivers/STM32F1xx_HAL_Driver/Src/stm32f1xx_ll_usb.c ****   *         for device mode
2016:Drivers/STM32F1xx_HAL_Driver/Src/stm32f1xx_ll_usb.c ****   * @param  USBx Selected device
2017:Drivers/STM32F1xx_HAL_Driver/Src/stm32f1xx_ll_usb.c ****   * @param  cfg  pointer to a USB_CfgTypeDef structure that contains
ARM GAS  C:\Users\crist\AppData\Local\Temp\ccqk2JNa.s 			page 39


2018:Drivers/STM32F1xx_HAL_Driver/Src/stm32f1xx_ll_usb.c ****   *         the configuration information for the specified USBx peripheral.
2019:Drivers/STM32F1xx_HAL_Driver/Src/stm32f1xx_ll_usb.c ****   * @retval HAL status
2020:Drivers/STM32F1xx_HAL_Driver/Src/stm32f1xx_ll_usb.c ****   */
2021:Drivers/STM32F1xx_HAL_Driver/Src/stm32f1xx_ll_usb.c **** HAL_StatusTypeDef USB_DevInit(USB_TypeDef *USBx, USB_CfgTypeDef cfg)
2022:Drivers/STM32F1xx_HAL_Driver/Src/stm32f1xx_ll_usb.c **** {
 159              		.loc 1 2022 1 is_stmt 1 view -0
 160              		.cfi_startproc
 161              		@ args = 36, pretend = 16, frame = 0
 162              		@ frame_needed = 0, uses_anonymous_args = 0
 163              		@ link register save eliminated.
 164              		.loc 1 2022 1 is_stmt 0 view .LVU34
 165 0000 84B0     		sub	sp, sp, #16
 166              	.LCFI2:
 167              		.cfi_def_cfa_offset 16
 168 0002 8446     		mov	ip, r0
 169 0004 01A8     		add	r0, sp, #4
 170              	.LVL10:
 171              		.loc 1 2022 1 view .LVU35
 172 0006 80E80E00 		stm	r0, {r1, r2, r3}
2023:Drivers/STM32F1xx_HAL_Driver/Src/stm32f1xx_ll_usb.c ****   /* Prevent unused argument(s) compilation warning */
2024:Drivers/STM32F1xx_HAL_Driver/Src/stm32f1xx_ll_usb.c ****   UNUSED(cfg);
 173              		.loc 1 2024 3 is_stmt 1 view .LVU36
2025:Drivers/STM32F1xx_HAL_Driver/Src/stm32f1xx_ll_usb.c **** 
2026:Drivers/STM32F1xx_HAL_Driver/Src/stm32f1xx_ll_usb.c ****   /* Init Device */
2027:Drivers/STM32F1xx_HAL_Driver/Src/stm32f1xx_ll_usb.c ****   /* CNTR_FRES = 1 */
2028:Drivers/STM32F1xx_HAL_Driver/Src/stm32f1xx_ll_usb.c ****   USBx->CNTR = (uint16_t)USB_CNTR_FRES;
 174              		.loc 1 2028 3 view .LVU37
 175              		.loc 1 2028 14 is_stmt 0 view .LVU38
 176 000a 0123     		movs	r3, #1
 177 000c ACF84030 		strh	r3, [ip, #64]	@ movhi
2029:Drivers/STM32F1xx_HAL_Driver/Src/stm32f1xx_ll_usb.c **** 
2030:Drivers/STM32F1xx_HAL_Driver/Src/stm32f1xx_ll_usb.c ****   /* CNTR_FRES = 0 */
2031:Drivers/STM32F1xx_HAL_Driver/Src/stm32f1xx_ll_usb.c ****   USBx->CNTR = 0U;
 178              		.loc 1 2031 3 is_stmt 1 view .LVU39
 179              		.loc 1 2031 14 is_stmt 0 view .LVU40
 180 0010 0020     		movs	r0, #0
 181 0012 ACF84000 		strh	r0, [ip, #64]	@ movhi
2032:Drivers/STM32F1xx_HAL_Driver/Src/stm32f1xx_ll_usb.c **** 
2033:Drivers/STM32F1xx_HAL_Driver/Src/stm32f1xx_ll_usb.c ****   /* Clear pending interrupts */
2034:Drivers/STM32F1xx_HAL_Driver/Src/stm32f1xx_ll_usb.c ****   USBx->ISTR = 0U;
 182              		.loc 1 2034 3 is_stmt 1 view .LVU41
 183              		.loc 1 2034 14 is_stmt 0 view .LVU42
 184 0016 ACF84400 		strh	r0, [ip, #68]	@ movhi
2035:Drivers/STM32F1xx_HAL_Driver/Src/stm32f1xx_ll_usb.c **** 
2036:Drivers/STM32F1xx_HAL_Driver/Src/stm32f1xx_ll_usb.c ****   /*Set Btable Address*/
2037:Drivers/STM32F1xx_HAL_Driver/Src/stm32f1xx_ll_usb.c ****   USBx->BTABLE = BTABLE_ADDRESS;
 185              		.loc 1 2037 3 is_stmt 1 view .LVU43
 186              		.loc 1 2037 16 is_stmt 0 view .LVU44
 187 001a ACF85000 		strh	r0, [ip, #80]	@ movhi
2038:Drivers/STM32F1xx_HAL_Driver/Src/stm32f1xx_ll_usb.c **** 
2039:Drivers/STM32F1xx_HAL_Driver/Src/stm32f1xx_ll_usb.c ****   return HAL_OK;
 188              		.loc 1 2039 3 is_stmt 1 view .LVU45
2040:Drivers/STM32F1xx_HAL_Driver/Src/stm32f1xx_ll_usb.c **** }
 189              		.loc 1 2040 1 is_stmt 0 view .LVU46
 190 001e 04B0     		add	sp, sp, #16
 191              	.LCFI3:
 192              		.cfi_def_cfa_offset 0
ARM GAS  C:\Users\crist\AppData\Local\Temp\ccqk2JNa.s 			page 40


 193 0020 7047     		bx	lr
 194              		.cfi_endproc
 195              	.LFE69:
 197              		.section	.text.USB_FlushTxFifo,"ax",%progbits
 198              		.align	1
 199              		.global	USB_FlushTxFifo
 200              		.syntax unified
 201              		.thumb
 202              		.thumb_func
 204              	USB_FlushTxFifo:
 205              	.LVL11:
 206              	.LFB70:
2041:Drivers/STM32F1xx_HAL_Driver/Src/stm32f1xx_ll_usb.c **** 
2042:Drivers/STM32F1xx_HAL_Driver/Src/stm32f1xx_ll_usb.c **** /**
2043:Drivers/STM32F1xx_HAL_Driver/Src/stm32f1xx_ll_usb.c ****   * @brief  USB_FlushTxFifo : Flush a Tx FIFO
2044:Drivers/STM32F1xx_HAL_Driver/Src/stm32f1xx_ll_usb.c ****   * @param  USBx : Selected device
2045:Drivers/STM32F1xx_HAL_Driver/Src/stm32f1xx_ll_usb.c ****   * @param  num : FIFO number
2046:Drivers/STM32F1xx_HAL_Driver/Src/stm32f1xx_ll_usb.c ****   *         This parameter can be a value from 1 to 15
2047:Drivers/STM32F1xx_HAL_Driver/Src/stm32f1xx_ll_usb.c ****             15 means Flush all Tx FIFOs
2048:Drivers/STM32F1xx_HAL_Driver/Src/stm32f1xx_ll_usb.c ****   * @retval HAL status
2049:Drivers/STM32F1xx_HAL_Driver/Src/stm32f1xx_ll_usb.c ****   */
2050:Drivers/STM32F1xx_HAL_Driver/Src/stm32f1xx_ll_usb.c **** HAL_StatusTypeDef USB_FlushTxFifo(USB_TypeDef const *USBx, uint32_t num)
2051:Drivers/STM32F1xx_HAL_Driver/Src/stm32f1xx_ll_usb.c **** {
 207              		.loc 1 2051 1 is_stmt 1 view -0
 208              		.cfi_startproc
 209              		@ args = 0, pretend = 0, frame = 0
 210              		@ frame_needed = 0, uses_anonymous_args = 0
 211              		@ link register save eliminated.
2052:Drivers/STM32F1xx_HAL_Driver/Src/stm32f1xx_ll_usb.c ****   /* Prevent unused argument(s) compilation warning */
2053:Drivers/STM32F1xx_HAL_Driver/Src/stm32f1xx_ll_usb.c ****   UNUSED(USBx);
 212              		.loc 1 2053 3 view .LVU48
2054:Drivers/STM32F1xx_HAL_Driver/Src/stm32f1xx_ll_usb.c ****   UNUSED(num);
 213              		.loc 1 2054 3 view .LVU49
2055:Drivers/STM32F1xx_HAL_Driver/Src/stm32f1xx_ll_usb.c **** 
2056:Drivers/STM32F1xx_HAL_Driver/Src/stm32f1xx_ll_usb.c ****   /* NOTE : - This function is not required by USB Device FS peripheral, it is used
2057:Drivers/STM32F1xx_HAL_Driver/Src/stm32f1xx_ll_usb.c ****               only by USB OTG FS peripheral.
2058:Drivers/STM32F1xx_HAL_Driver/Src/stm32f1xx_ll_usb.c ****             - This function is added to ensure compatibility across platforms.
2059:Drivers/STM32F1xx_HAL_Driver/Src/stm32f1xx_ll_usb.c ****    */
2060:Drivers/STM32F1xx_HAL_Driver/Src/stm32f1xx_ll_usb.c **** 
2061:Drivers/STM32F1xx_HAL_Driver/Src/stm32f1xx_ll_usb.c ****   return HAL_OK;
 214              		.loc 1 2061 3 view .LVU50
2062:Drivers/STM32F1xx_HAL_Driver/Src/stm32f1xx_ll_usb.c **** }
 215              		.loc 1 2062 1 is_stmt 0 view .LVU51
 216 0000 0020     		movs	r0, #0
 217              	.LVL12:
 218              		.loc 1 2062 1 view .LVU52
 219 0002 7047     		bx	lr
 220              		.cfi_endproc
 221              	.LFE70:
 223              		.section	.text.USB_FlushRxFifo,"ax",%progbits
 224              		.align	1
 225              		.global	USB_FlushRxFifo
 226              		.syntax unified
 227              		.thumb
 228              		.thumb_func
 230              	USB_FlushRxFifo:
 231              	.LVL13:
ARM GAS  C:\Users\crist\AppData\Local\Temp\ccqk2JNa.s 			page 41


 232              	.LFB71:
2063:Drivers/STM32F1xx_HAL_Driver/Src/stm32f1xx_ll_usb.c **** 
2064:Drivers/STM32F1xx_HAL_Driver/Src/stm32f1xx_ll_usb.c **** /**
2065:Drivers/STM32F1xx_HAL_Driver/Src/stm32f1xx_ll_usb.c ****   * @brief  USB_FlushRxFifo : Flush Rx FIFO
2066:Drivers/STM32F1xx_HAL_Driver/Src/stm32f1xx_ll_usb.c ****   * @param  USBx : Selected device
2067:Drivers/STM32F1xx_HAL_Driver/Src/stm32f1xx_ll_usb.c ****   * @retval HAL status
2068:Drivers/STM32F1xx_HAL_Driver/Src/stm32f1xx_ll_usb.c ****   */
2069:Drivers/STM32F1xx_HAL_Driver/Src/stm32f1xx_ll_usb.c **** HAL_StatusTypeDef USB_FlushRxFifo(USB_TypeDef const *USBx)
2070:Drivers/STM32F1xx_HAL_Driver/Src/stm32f1xx_ll_usb.c **** {
 233              		.loc 1 2070 1 is_stmt 1 view -0
 234              		.cfi_startproc
 235              		@ args = 0, pretend = 0, frame = 0
 236              		@ frame_needed = 0, uses_anonymous_args = 0
 237              		@ link register save eliminated.
2071:Drivers/STM32F1xx_HAL_Driver/Src/stm32f1xx_ll_usb.c ****   /* Prevent unused argument(s) compilation warning */
2072:Drivers/STM32F1xx_HAL_Driver/Src/stm32f1xx_ll_usb.c ****   UNUSED(USBx);
 238              		.loc 1 2072 3 view .LVU54
2073:Drivers/STM32F1xx_HAL_Driver/Src/stm32f1xx_ll_usb.c **** 
2074:Drivers/STM32F1xx_HAL_Driver/Src/stm32f1xx_ll_usb.c ****   /* NOTE : - This function is not required by USB Device FS peripheral, it is used
2075:Drivers/STM32F1xx_HAL_Driver/Src/stm32f1xx_ll_usb.c ****               only by USB OTG FS peripheral.
2076:Drivers/STM32F1xx_HAL_Driver/Src/stm32f1xx_ll_usb.c ****             - This function is added to ensure compatibility across platforms.
2077:Drivers/STM32F1xx_HAL_Driver/Src/stm32f1xx_ll_usb.c ****    */
2078:Drivers/STM32F1xx_HAL_Driver/Src/stm32f1xx_ll_usb.c **** 
2079:Drivers/STM32F1xx_HAL_Driver/Src/stm32f1xx_ll_usb.c ****   return HAL_OK;
 239              		.loc 1 2079 3 view .LVU55
2080:Drivers/STM32F1xx_HAL_Driver/Src/stm32f1xx_ll_usb.c **** }
 240              		.loc 1 2080 1 is_stmt 0 view .LVU56
 241 0000 0020     		movs	r0, #0
 242              	.LVL14:
 243              		.loc 1 2080 1 view .LVU57
 244 0002 7047     		bx	lr
 245              		.cfi_endproc
 246              	.LFE71:
 248              		.section	.text.USB_ActivateEndpoint,"ax",%progbits
 249              		.align	1
 250              		.global	USB_ActivateEndpoint
 251              		.syntax unified
 252              		.thumb
 253              		.thumb_func
 255              	USB_ActivateEndpoint:
 256              	.LVL15:
 257              	.LFB72:
2081:Drivers/STM32F1xx_HAL_Driver/Src/stm32f1xx_ll_usb.c **** 
2082:Drivers/STM32F1xx_HAL_Driver/Src/stm32f1xx_ll_usb.c **** 
2083:Drivers/STM32F1xx_HAL_Driver/Src/stm32f1xx_ll_usb.c **** #if defined (HAL_PCD_MODULE_ENABLED)
2084:Drivers/STM32F1xx_HAL_Driver/Src/stm32f1xx_ll_usb.c **** /**
2085:Drivers/STM32F1xx_HAL_Driver/Src/stm32f1xx_ll_usb.c ****   * @brief  Activate and configure an endpoint
2086:Drivers/STM32F1xx_HAL_Driver/Src/stm32f1xx_ll_usb.c ****   * @param  USBx Selected device
2087:Drivers/STM32F1xx_HAL_Driver/Src/stm32f1xx_ll_usb.c ****   * @param  ep pointer to endpoint structure
2088:Drivers/STM32F1xx_HAL_Driver/Src/stm32f1xx_ll_usb.c ****   * @retval HAL status
2089:Drivers/STM32F1xx_HAL_Driver/Src/stm32f1xx_ll_usb.c ****   */
2090:Drivers/STM32F1xx_HAL_Driver/Src/stm32f1xx_ll_usb.c **** HAL_StatusTypeDef USB_ActivateEndpoint(USB_TypeDef *USBx, USB_EPTypeDef *ep)
2091:Drivers/STM32F1xx_HAL_Driver/Src/stm32f1xx_ll_usb.c **** {
 258              		.loc 1 2091 1 is_stmt 1 view -0
 259              		.cfi_startproc
 260              		@ args = 0, pretend = 0, frame = 0
 261              		@ frame_needed = 0, uses_anonymous_args = 0
ARM GAS  C:\Users\crist\AppData\Local\Temp\ccqk2JNa.s 			page 42


 262              		.loc 1 2091 1 is_stmt 0 view .LVU59
 263 0000 10B5     		push	{r4, lr}
 264              	.LCFI4:
 265              		.cfi_def_cfa_offset 8
 266              		.cfi_offset 4, -8
 267              		.cfi_offset 14, -4
 268 0002 0346     		mov	r3, r0
2092:Drivers/STM32F1xx_HAL_Driver/Src/stm32f1xx_ll_usb.c ****   HAL_StatusTypeDef ret = HAL_OK;
 269              		.loc 1 2092 3 is_stmt 1 view .LVU60
 270              	.LVL16:
2093:Drivers/STM32F1xx_HAL_Driver/Src/stm32f1xx_ll_usb.c ****   uint16_t wEpRegVal;
 271              		.loc 1 2093 3 view .LVU61
2094:Drivers/STM32F1xx_HAL_Driver/Src/stm32f1xx_ll_usb.c **** 
2095:Drivers/STM32F1xx_HAL_Driver/Src/stm32f1xx_ll_usb.c ****   wEpRegVal = PCD_GET_ENDPOINT(USBx, ep->num) & USB_EP_T_MASK;
 272              		.loc 1 2095 3 view .LVU62
 273              		.loc 1 2095 15 is_stmt 0 view .LVU63
 274 0004 91F800C0 		ldrb	ip, [r1]	@ zero_extendqisi2
 275 0008 30F82C20 		ldrh	r2, [r0, ip, lsl #2]
 276 000c 92B2     		uxth	r2, r2
 277              		.loc 1 2095 13 view .LVU64
 278 000e 22F4EC42 		bic	r2, r2, #30208
 279 0012 22F07002 		bic	r2, r2, #112
 280 0016 92B2     		uxth	r2, r2
 281              	.LVL17:
2096:Drivers/STM32F1xx_HAL_Driver/Src/stm32f1xx_ll_usb.c **** 
2097:Drivers/STM32F1xx_HAL_Driver/Src/stm32f1xx_ll_usb.c ****   /* initialize Endpoint */
2098:Drivers/STM32F1xx_HAL_Driver/Src/stm32f1xx_ll_usb.c ****   switch (ep->type)
 282              		.loc 1 2098 3 is_stmt 1 view .LVU65
 283              		.loc 1 2098 13 is_stmt 0 view .LVU66
 284 0018 C878     		ldrb	r0, [r1, #3]	@ zero_extendqisi2
 285              	.LVL18:
 286              		.loc 1 2098 3 view .LVU67
 287 001a 0328     		cmp	r0, #3
 288 001c 61D8     		bhi	.L38
 289 001e DFE800F0 		tbb	[pc, r0]
 290              	.L13:
 291 0022 55       		.byte	(.L16-.L13)/2
 292 0023 5C       		.byte	(.L15-.L13)/2
 293 0024 02       		.byte	(.L14-.L13)/2
 294 0025 58       		.byte	(.L12-.L13)/2
 295              		.p2align 1
 296              	.L14:
 297 0026 0020     		movs	r0, #0
 298              	.L11:
 299              	.LVL19:
2099:Drivers/STM32F1xx_HAL_Driver/Src/stm32f1xx_ll_usb.c ****   {
2100:Drivers/STM32F1xx_HAL_Driver/Src/stm32f1xx_ll_usb.c ****     case EP_TYPE_CTRL:
2101:Drivers/STM32F1xx_HAL_Driver/Src/stm32f1xx_ll_usb.c ****       wEpRegVal |= USB_EP_CONTROL;
2102:Drivers/STM32F1xx_HAL_Driver/Src/stm32f1xx_ll_usb.c ****       break;
2103:Drivers/STM32F1xx_HAL_Driver/Src/stm32f1xx_ll_usb.c **** 
2104:Drivers/STM32F1xx_HAL_Driver/Src/stm32f1xx_ll_usb.c ****     case EP_TYPE_BULK:
2105:Drivers/STM32F1xx_HAL_Driver/Src/stm32f1xx_ll_usb.c ****       wEpRegVal |= USB_EP_BULK;
2106:Drivers/STM32F1xx_HAL_Driver/Src/stm32f1xx_ll_usb.c ****       break;
2107:Drivers/STM32F1xx_HAL_Driver/Src/stm32f1xx_ll_usb.c **** 
2108:Drivers/STM32F1xx_HAL_Driver/Src/stm32f1xx_ll_usb.c ****     case EP_TYPE_INTR:
2109:Drivers/STM32F1xx_HAL_Driver/Src/stm32f1xx_ll_usb.c ****       wEpRegVal |= USB_EP_INTERRUPT;
2110:Drivers/STM32F1xx_HAL_Driver/Src/stm32f1xx_ll_usb.c ****       break;
ARM GAS  C:\Users\crist\AppData\Local\Temp\ccqk2JNa.s 			page 43


2111:Drivers/STM32F1xx_HAL_Driver/Src/stm32f1xx_ll_usb.c **** 
2112:Drivers/STM32F1xx_HAL_Driver/Src/stm32f1xx_ll_usb.c ****     case EP_TYPE_ISOC:
2113:Drivers/STM32F1xx_HAL_Driver/Src/stm32f1xx_ll_usb.c ****       wEpRegVal |= USB_EP_ISOCHRONOUS;
2114:Drivers/STM32F1xx_HAL_Driver/Src/stm32f1xx_ll_usb.c ****       break;
2115:Drivers/STM32F1xx_HAL_Driver/Src/stm32f1xx_ll_usb.c **** 
2116:Drivers/STM32F1xx_HAL_Driver/Src/stm32f1xx_ll_usb.c ****     default:
2117:Drivers/STM32F1xx_HAL_Driver/Src/stm32f1xx_ll_usb.c ****       ret = HAL_ERROR;
2118:Drivers/STM32F1xx_HAL_Driver/Src/stm32f1xx_ll_usb.c ****       break;
2119:Drivers/STM32F1xx_HAL_Driver/Src/stm32f1xx_ll_usb.c ****   }
2120:Drivers/STM32F1xx_HAL_Driver/Src/stm32f1xx_ll_usb.c **** 
2121:Drivers/STM32F1xx_HAL_Driver/Src/stm32f1xx_ll_usb.c ****   PCD_SET_ENDPOINT(USBx, ep->num, (wEpRegVal | USB_EP_CTR_RX | USB_EP_CTR_TX));
 300              		.loc 1 2121 3 is_stmt 1 view .LVU68
 301 0028 48F2800E 		movw	lr, #32896
 302 002c 42EA0E02 		orr	r2, r2, lr
 303              	.LVL20:
 304              		.loc 1 2121 3 is_stmt 0 view .LVU69
 305 0030 23F82C20 		strh	r2, [r3, ip, lsl #2]	@ movhi
2122:Drivers/STM32F1xx_HAL_Driver/Src/stm32f1xx_ll_usb.c **** 
2123:Drivers/STM32F1xx_HAL_Driver/Src/stm32f1xx_ll_usb.c ****   PCD_SET_EP_ADDRESS(USBx, ep->num, ep->num);
 306              		.loc 1 2123 3 is_stmt 1 view .LVU70
 307              	.LBB2:
 308              		.loc 1 2123 3 view .LVU71
 309              		.loc 1 2123 3 view .LVU72
 310 0034 91F800C0 		ldrb	ip, [r1]	@ zero_extendqisi2
 311 0038 33F82C20 		ldrh	r2, [r3, ip, lsl #2]
 312 003c 92B2     		uxth	r2, r2
 313 003e 22F4E042 		bic	r2, r2, #28672
 314 0042 22F07002 		bic	r2, r2, #112
 315 0046 42EA0C02 		orr	r2, r2, ip
 316              	.LVL21:
 317              		.loc 1 2123 3 view .LVU73
 318 004a 42EA0E02 		orr	r2, r2, lr
 319              	.LVL22:
 320              		.loc 1 2123 3 is_stmt 0 view .LVU74
 321 004e 23F82C20 		strh	r2, [r3, ip, lsl #2]	@ movhi
 322              	.LBE2:
 323              		.loc 1 2123 3 is_stmt 1 view .LVU75
2124:Drivers/STM32F1xx_HAL_Driver/Src/stm32f1xx_ll_usb.c **** 
2125:Drivers/STM32F1xx_HAL_Driver/Src/stm32f1xx_ll_usb.c ****   if (ep->doublebuffer == 0U)
 324              		.loc 1 2125 3 view .LVU76
 325              		.loc 1 2125 9 is_stmt 0 view .LVU77
 326 0052 0A7B     		ldrb	r2, [r1, #12]	@ zero_extendqisi2
 327              		.loc 1 2125 6 view .LVU78
 328 0054 002A     		cmp	r2, #0
 329 0056 40F0DC80 		bne	.L17
2126:Drivers/STM32F1xx_HAL_Driver/Src/stm32f1xx_ll_usb.c ****   {
2127:Drivers/STM32F1xx_HAL_Driver/Src/stm32f1xx_ll_usb.c ****     if (ep->is_in != 0U)
 330              		.loc 1 2127 5 is_stmt 1 view .LVU79
 331              		.loc 1 2127 11 is_stmt 0 view .LVU80
 332 005a 4A78     		ldrb	r2, [r1, #1]	@ zero_extendqisi2
 333              		.loc 1 2127 8 view .LVU81
 334 005c 002A     		cmp	r2, #0
 335 005e 51D0     		beq	.L18
2128:Drivers/STM32F1xx_HAL_Driver/Src/stm32f1xx_ll_usb.c ****     {
2129:Drivers/STM32F1xx_HAL_Driver/Src/stm32f1xx_ll_usb.c ****       /*Set the endpoint Transmit buffer address */
2130:Drivers/STM32F1xx_HAL_Driver/Src/stm32f1xx_ll_usb.c ****       PCD_SET_EP_TX_ADDRESS(USBx, ep->num, ep->pmaadress);
 336              		.loc 1 2130 7 is_stmt 1 view .LVU82
ARM GAS  C:\Users\crist\AppData\Local\Temp\ccqk2JNa.s 			page 44


 337              	.LBB3:
 338              		.loc 1 2130 7 view .LVU83
 339              		.loc 1 2130 7 view .LVU84
 340              	.LVL23:
 341              		.loc 1 2130 7 view .LVU85
 342 0060 B3F85020 		ldrh	r2, [r3, #80]
 343 0064 92B2     		uxth	r2, r2
 344 0066 1A44     		add	r2, r2, r3
 345              	.LVL24:
 346              		.loc 1 2130 7 view .LVU86
 347 0068 0C78     		ldrb	r4, [r1]	@ zero_extendqisi2
 348 006a 02EB0412 		add	r2, r2, r4, lsl #4
 349              	.LVL25:
 350              		.loc 1 2130 7 view .LVU87
 351 006e B1F806C0 		ldrh	ip, [r1, #6]
 352 0072 4FEA5C0C 		lsr	ip, ip, #1
 353 0076 4FEA4C0C 		lsl	ip, ip, #1
 354 007a A2F800C4 		strh	ip, [r2, #1024]	@ movhi
 355              	.LBE3:
 356              		.loc 1 2130 7 view .LVU88
2131:Drivers/STM32F1xx_HAL_Driver/Src/stm32f1xx_ll_usb.c ****       PCD_CLEAR_TX_DTOG(USBx, ep->num);
 357              		.loc 1 2131 7 view .LVU89
 358              	.LBB4:
 359              		.loc 1 2131 7 view .LVU90
 360              		.loc 1 2131 7 view .LVU91
 361 007e 0C78     		ldrb	r4, [r1]	@ zero_extendqisi2
 362 0080 33F82420 		ldrh	r2, [r3, r4, lsl #2]
 363              	.LVL26:
 364              		.loc 1 2131 7 view .LVU92
 365 0084 12F0400F 		tst	r2, #64
 366 0088 0CD0     		beq	.L19
 367              		.loc 1 2131 7 discriminator 1 view .LVU93
 368              	.LBB5:
 369              		.loc 1 2131 7 discriminator 1 view .LVU94
 370              		.loc 1 2131 7 discriminator 1 view .LVU95
 371 008a 33F82420 		ldrh	r2, [r3, r4, lsl #2]
 372              	.LVL27:
 373              		.loc 1 2131 7 is_stmt 0 discriminator 1 view .LVU96
 374 008e 92B2     		uxth	r2, r2
 375 0090 22F4E042 		bic	r2, r2, #28672
 376 0094 22F07002 		bic	r2, r2, #112
 377              	.LVL28:
 378              		.loc 1 2131 7 is_stmt 1 view .LVU97
 379              		.loc 1 2131 7 is_stmt 0 discriminator 1 view .LVU98
 380 0098 42F40042 		orr	r2, r2, #32768
 381              	.LVL29:
 382              		.loc 1 2131 7 discriminator 1 view .LVU99
 383 009c 42F0C002 		orr	r2, r2, #192
 384 00a0 23F82420 		strh	r2, [r3, r4, lsl #2]	@ movhi
 385              	.LVL30:
 386              	.L19:
 387              		.loc 1 2131 7 discriminator 1 view .LVU100
 388              	.LBE5:
 389              		.loc 1 2131 7 is_stmt 1 view .LVU101
 390              	.LBE4:
 391              		.loc 1 2131 7 view .LVU102
2132:Drivers/STM32F1xx_HAL_Driver/Src/stm32f1xx_ll_usb.c **** 
ARM GAS  C:\Users\crist\AppData\Local\Temp\ccqk2JNa.s 			page 45


2133:Drivers/STM32F1xx_HAL_Driver/Src/stm32f1xx_ll_usb.c ****       if (ep->type != EP_TYPE_ISOC)
 392              		.loc 1 2133 7 view .LVU103
 393              		.loc 1 2133 13 is_stmt 0 view .LVU104
 394 00a4 CA78     		ldrb	r2, [r1, #3]	@ zero_extendqisi2
 395              		.loc 1 2133 10 view .LVU105
 396 00a6 012A     		cmp	r2, #1
 397 00a8 1DD0     		beq	.L20
2134:Drivers/STM32F1xx_HAL_Driver/Src/stm32f1xx_ll_usb.c ****       {
2135:Drivers/STM32F1xx_HAL_Driver/Src/stm32f1xx_ll_usb.c ****         /* Configure NAK status for the Endpoint */
2136:Drivers/STM32F1xx_HAL_Driver/Src/stm32f1xx_ll_usb.c ****         PCD_SET_EP_TX_STATUS(USBx, ep->num, USB_EP_TX_NAK);
 398              		.loc 1 2136 9 is_stmt 1 view .LVU106
 399              	.LBB6:
 400              		.loc 1 2136 9 view .LVU107
 401              		.loc 1 2136 9 view .LVU108
 402 00aa 0978     		ldrb	r1, [r1]	@ zero_extendqisi2
 403              	.LVL31:
 404              		.loc 1 2136 9 is_stmt 0 view .LVU109
 405 00ac 33F82120 		ldrh	r2, [r3, r1, lsl #2]
 406 00b0 92B2     		uxth	r2, r2
 407 00b2 22F4E042 		bic	r2, r2, #28672
 408 00b6 22F04002 		bic	r2, r2, #64
 409              	.LVL32:
 410              		.loc 1 2136 9 is_stmt 1 view .LVU110
 411              		.loc 1 2136 9 discriminator 3 view .LVU111
 412              		.loc 1 2136 9 discriminator 4 view .LVU112
 413 00ba 82F02002 		eor	r2, r2, #32
 414              	.LVL33:
 415              		.loc 1 2136 9 discriminator 6 view .LVU113
 416 00be 42F40042 		orr	r2, r2, #32768
 417              	.LVL34:
 418              		.loc 1 2136 9 is_stmt 0 discriminator 6 view .LVU114
 419 00c2 42F08002 		orr	r2, r2, #128
 420 00c6 23F82120 		strh	r2, [r3, r1, lsl #2]	@ movhi
 421              	.LBE6:
 422              		.loc 1 2136 9 is_stmt 1 view .LVU115
 423 00ca 17E1     		b	.L21
 424              	.LVL35:
 425              	.L16:
2101:Drivers/STM32F1xx_HAL_Driver/Src/stm32f1xx_ll_usb.c ****       break;
 426              		.loc 1 2101 7 view .LVU116
2101:Drivers/STM32F1xx_HAL_Driver/Src/stm32f1xx_ll_usb.c ****       break;
 427              		.loc 1 2101 17 is_stmt 0 view .LVU117
 428 00cc 42F40072 		orr	r2, r2, #512
 429              	.LVL36:
2102:Drivers/STM32F1xx_HAL_Driver/Src/stm32f1xx_ll_usb.c **** 
 430              		.loc 1 2102 7 is_stmt 1 view .LVU118
 431 00d0 AAE7     		b	.L11
 432              	.L12:
2109:Drivers/STM32F1xx_HAL_Driver/Src/stm32f1xx_ll_usb.c ****       break;
 433              		.loc 1 2109 7 view .LVU119
2109:Drivers/STM32F1xx_HAL_Driver/Src/stm32f1xx_ll_usb.c ****       break;
 434              		.loc 1 2109 17 is_stmt 0 view .LVU120
 435 00d2 42F4C062 		orr	r2, r2, #1536
 436              	.LVL37:
2110:Drivers/STM32F1xx_HAL_Driver/Src/stm32f1xx_ll_usb.c **** 
 437              		.loc 1 2110 7 is_stmt 1 view .LVU121
2092:Drivers/STM32F1xx_HAL_Driver/Src/stm32f1xx_ll_usb.c ****   uint16_t wEpRegVal;
ARM GAS  C:\Users\crist\AppData\Local\Temp\ccqk2JNa.s 			page 46


 438              		.loc 1 2092 21 is_stmt 0 view .LVU122
 439 00d6 0020     		movs	r0, #0
2110:Drivers/STM32F1xx_HAL_Driver/Src/stm32f1xx_ll_usb.c **** 
 440              		.loc 1 2110 7 view .LVU123
 441 00d8 A6E7     		b	.L11
 442              	.L15:
2113:Drivers/STM32F1xx_HAL_Driver/Src/stm32f1xx_ll_usb.c ****       break;
 443              		.loc 1 2113 7 is_stmt 1 view .LVU124
2113:Drivers/STM32F1xx_HAL_Driver/Src/stm32f1xx_ll_usb.c ****       break;
 444              		.loc 1 2113 17 is_stmt 0 view .LVU125
 445 00da 42F48062 		orr	r2, r2, #1024
 446              	.LVL38:
2114:Drivers/STM32F1xx_HAL_Driver/Src/stm32f1xx_ll_usb.c **** 
 447              		.loc 1 2114 7 is_stmt 1 view .LVU126
2092:Drivers/STM32F1xx_HAL_Driver/Src/stm32f1xx_ll_usb.c ****   uint16_t wEpRegVal;
 448              		.loc 1 2092 21 is_stmt 0 view .LVU127
 449 00de 0020     		movs	r0, #0
2114:Drivers/STM32F1xx_HAL_Driver/Src/stm32f1xx_ll_usb.c **** 
 450              		.loc 1 2114 7 view .LVU128
 451 00e0 A2E7     		b	.L11
 452              	.L38:
2117:Drivers/STM32F1xx_HAL_Driver/Src/stm32f1xx_ll_usb.c ****       break;
 453              		.loc 1 2117 11 view .LVU129
 454 00e2 0120     		movs	r0, #1
 455 00e4 A0E7     		b	.L11
 456              	.LVL39:
 457              	.L20:
2137:Drivers/STM32F1xx_HAL_Driver/Src/stm32f1xx_ll_usb.c ****       }
2138:Drivers/STM32F1xx_HAL_Driver/Src/stm32f1xx_ll_usb.c ****       else
2139:Drivers/STM32F1xx_HAL_Driver/Src/stm32f1xx_ll_usb.c ****       {
2140:Drivers/STM32F1xx_HAL_Driver/Src/stm32f1xx_ll_usb.c ****         /* Configure TX Endpoint to disabled state */
2141:Drivers/STM32F1xx_HAL_Driver/Src/stm32f1xx_ll_usb.c ****         PCD_SET_EP_TX_STATUS(USBx, ep->num, USB_EP_TX_DIS);
 458              		.loc 1 2141 9 is_stmt 1 view .LVU130
 459              	.LBB7:
 460              		.loc 1 2141 9 view .LVU131
 461              		.loc 1 2141 9 view .LVU132
 462 00e6 0978     		ldrb	r1, [r1]	@ zero_extendqisi2
 463              	.LVL40:
 464              		.loc 1 2141 9 is_stmt 0 view .LVU133
 465 00e8 33F82120 		ldrh	r2, [r3, r1, lsl #2]
 466 00ec 92B2     		uxth	r2, r2
 467 00ee 22F4E042 		bic	r2, r2, #28672
 468 00f2 22F04002 		bic	r2, r2, #64
 469              	.LVL41:
 470              		.loc 1 2141 9 is_stmt 1 view .LVU134
 471              		.loc 1 2141 9 discriminator 3 view .LVU135
 472              		.loc 1 2141 9 discriminator 6 view .LVU136
 473 00f6 42F40042 		orr	r2, r2, #32768
 474              	.LVL42:
 475              		.loc 1 2141 9 is_stmt 0 discriminator 6 view .LVU137
 476 00fa 42F08002 		orr	r2, r2, #128
 477 00fe 23F82120 		strh	r2, [r3, r1, lsl #2]	@ movhi
 478 0102 FBE0     		b	.L21
 479              	.LVL43:
 480              	.L18:
 481              		.loc 1 2141 9 discriminator 6 view .LVU138
 482              	.LBE7:
ARM GAS  C:\Users\crist\AppData\Local\Temp\ccqk2JNa.s 			page 47


2142:Drivers/STM32F1xx_HAL_Driver/Src/stm32f1xx_ll_usb.c ****       }
2143:Drivers/STM32F1xx_HAL_Driver/Src/stm32f1xx_ll_usb.c ****     }
2144:Drivers/STM32F1xx_HAL_Driver/Src/stm32f1xx_ll_usb.c ****     else
2145:Drivers/STM32F1xx_HAL_Driver/Src/stm32f1xx_ll_usb.c ****     {
2146:Drivers/STM32F1xx_HAL_Driver/Src/stm32f1xx_ll_usb.c ****       /* Set the endpoint Receive buffer address */
2147:Drivers/STM32F1xx_HAL_Driver/Src/stm32f1xx_ll_usb.c ****       PCD_SET_EP_RX_ADDRESS(USBx, ep->num, ep->pmaadress);
 483              		.loc 1 2147 7 is_stmt 1 view .LVU139
 484              	.LBB8:
 485              		.loc 1 2147 7 view .LVU140
 486              		.loc 1 2147 7 view .LVU141
 487              		.loc 1 2147 7 view .LVU142
 488 0104 B3F85020 		ldrh	r2, [r3, #80]
 489 0108 92B2     		uxth	r2, r2
 490 010a 1A44     		add	r2, r2, r3
 491              	.LVL44:
 492              		.loc 1 2147 7 view .LVU143
 493 010c 0C78     		ldrb	r4, [r1]	@ zero_extendqisi2
 494 010e 02EB0412 		add	r2, r2, r4, lsl #4
 495              	.LVL45:
 496              		.loc 1 2147 7 view .LVU144
 497 0112 B1F806C0 		ldrh	ip, [r1, #6]
 498 0116 4FEA5C0C 		lsr	ip, ip, #1
 499 011a 4FEA4C0C 		lsl	ip, ip, #1
 500 011e A2F808C4 		strh	ip, [r2, #1032]	@ movhi
 501              	.LBE8:
 502              		.loc 1 2147 7 view .LVU145
2148:Drivers/STM32F1xx_HAL_Driver/Src/stm32f1xx_ll_usb.c **** 
2149:Drivers/STM32F1xx_HAL_Driver/Src/stm32f1xx_ll_usb.c ****       /* Set the endpoint Receive buffer counter */
2150:Drivers/STM32F1xx_HAL_Driver/Src/stm32f1xx_ll_usb.c ****       PCD_SET_EP_RX_CNT(USBx, ep->num, ep->maxpacket);
 503              		.loc 1 2150 7 view .LVU146
 504              	.LBB9:
 505              		.loc 1 2150 7 view .LVU147
 506              	.LVL46:
 507              		.loc 1 2150 7 view .LVU148
 508              		.loc 1 2150 7 view .LVU149
 509 0122 B3F85020 		ldrh	r2, [r3, #80]
 510              	.LVL47:
 511              		.loc 1 2150 7 is_stmt 0 view .LVU150
 512 0126 92B2     		uxth	r2, r2
 513 0128 1A44     		add	r2, r2, r3
 514              	.LVL48:
 515              		.loc 1 2150 7 is_stmt 1 view .LVU151
 516 012a 0C78     		ldrb	r4, [r1]	@ zero_extendqisi2
 517              		.loc 1 2150 7 is_stmt 0 view .LVU152
 518 012c 02EB0412 		add	r2, r2, r4, lsl #4
 519              	.LVL49:
 520              		.loc 1 2150 7 is_stmt 1 view .LVU153
 521              	.LBB10:
 522              		.loc 1 2150 7 view .LVU154
 523              		.loc 1 2150 7 view .LVU155
 524 0130 B2F80CC4 		ldrh	ip, [r2, #1036]
 525 0134 CCF3090C 		ubfx	ip, ip, #0, #10
 526 0138 A2F80CC4 		strh	ip, [r2, #1036]	@ movhi
 527              		.loc 1 2150 7 view .LVU156
 528 013c 0C69     		ldr	r4, [r1, #16]
 529 013e 3E2C     		cmp	r4, #62
 530 0140 39D9     		bls	.L22
ARM GAS  C:\Users\crist\AppData\Local\Temp\ccqk2JNa.s 			page 48


 531              		.loc 1 2150 7 discriminator 1 view .LVU157
 532              		.loc 1 2150 7 discriminator 1 view .LVU158
 533 0142 4FEA541E 		lsr	lr, r4, #5
 534              	.LVL50:
 535              		.loc 1 2150 7 view .LVU159
 536              		.loc 1 2150 7 is_stmt 0 discriminator 1 view .LVU160
 537 0146 14F01F0F 		tst	r4, #31
 538 014a 01D1     		bne	.L23
 539              		.loc 1 2150 7 is_stmt 1 discriminator 3 view .LVU161
 540 014c 0EF1FF3E 		add	lr, lr, #-1
 541              	.LVL51:
 542              	.L23:
 543              		.loc 1 2150 7 discriminator 5 view .LVU162
 544 0150 B2F80CC4 		ldrh	ip, [r2, #1036]
 545 0154 1FFA8CFC 		uxth	ip, ip
 546 0158 4FEA8E2E 		lsl	lr, lr, #10
 547              	.LVL52:
 548              		.loc 1 2150 7 is_stmt 0 discriminator 5 view .LVU163
 549 015c 1FFA8EFE 		uxth	lr, lr
 550 0160 4CEA0E0C 		orr	ip, ip, lr
 551 0164 4CF4004C 		orr	ip, ip, #32768
 552 0168 A2F80CC4 		strh	ip, [r2, #1036]	@ movhi
 553              		.loc 1 2150 7 is_stmt 1 view .LVU164
 554              	.LVL53:
 555              	.L24:
 556              		.loc 1 2150 7 view .LVU165
 557              	.LBE10:
 558              		.loc 1 2150 7 view .LVU166
 559              	.LBE9:
 560              		.loc 1 2150 7 view .LVU167
2151:Drivers/STM32F1xx_HAL_Driver/Src/stm32f1xx_ll_usb.c ****       PCD_CLEAR_RX_DTOG(USBx, ep->num);
 561              		.loc 1 2151 7 view .LVU168
 562              	.LBB12:
 563              		.loc 1 2151 7 view .LVU169
 564              		.loc 1 2151 7 view .LVU170
 565 016c 0C78     		ldrb	r4, [r1]	@ zero_extendqisi2
 566 016e 33F82420 		ldrh	r2, [r3, r4, lsl #2]
 567              	.LVL54:
 568              		.loc 1 2151 7 view .LVU171
 569 0172 12F4804F 		tst	r2, #16384
 570 0176 0CD0     		beq	.L27
 571              		.loc 1 2151 7 discriminator 1 view .LVU172
 572              	.LBB13:
 573              		.loc 1 2151 7 discriminator 1 view .LVU173
 574              		.loc 1 2151 7 discriminator 1 view .LVU174
 575 0178 33F82420 		ldrh	r2, [r3, r4, lsl #2]
 576              	.LVL55:
 577              		.loc 1 2151 7 is_stmt 0 discriminator 1 view .LVU175
 578 017c 92B2     		uxth	r2, r2
 579 017e 22F4E042 		bic	r2, r2, #28672
 580 0182 22F07002 		bic	r2, r2, #112
 581              	.LVL56:
 582              		.loc 1 2151 7 is_stmt 1 view .LVU176
 583              		.loc 1 2151 7 is_stmt 0 discriminator 1 view .LVU177
 584 0186 42F44042 		orr	r2, r2, #49152
 585              	.LVL57:
 586              		.loc 1 2151 7 discriminator 1 view .LVU178
ARM GAS  C:\Users\crist\AppData\Local\Temp\ccqk2JNa.s 			page 49


 587 018a 42F08002 		orr	r2, r2, #128
 588 018e 23F82420 		strh	r2, [r3, r4, lsl #2]	@ movhi
 589              	.LVL58:
 590              	.L27:
 591              		.loc 1 2151 7 discriminator 1 view .LVU179
 592              	.LBE13:
 593              		.loc 1 2151 7 is_stmt 1 view .LVU180
 594              	.LBE12:
 595              		.loc 1 2151 7 view .LVU181
2152:Drivers/STM32F1xx_HAL_Driver/Src/stm32f1xx_ll_usb.c **** 
2153:Drivers/STM32F1xx_HAL_Driver/Src/stm32f1xx_ll_usb.c ****       if (ep->num == 0U)
 596              		.loc 1 2153 7 view .LVU182
 597              		.loc 1 2153 13 is_stmt 0 view .LVU183
 598 0192 0978     		ldrb	r1, [r1]	@ zero_extendqisi2
 599              	.LVL59:
 600              		.loc 1 2153 10 view .LVU184
 601 0194 69BB     		cbnz	r1, .L28
2154:Drivers/STM32F1xx_HAL_Driver/Src/stm32f1xx_ll_usb.c ****       {
2155:Drivers/STM32F1xx_HAL_Driver/Src/stm32f1xx_ll_usb.c ****         /* Configure VALID status for EP0 */
2156:Drivers/STM32F1xx_HAL_Driver/Src/stm32f1xx_ll_usb.c ****         PCD_SET_EP_RX_STATUS(USBx, ep->num, USB_EP_RX_VALID);
 602              		.loc 1 2156 9 is_stmt 1 view .LVU185
 603              	.LBB14:
 604              		.loc 1 2156 9 view .LVU186
 605              		.loc 1 2156 9 view .LVU187
 606 0196 33F82120 		ldrh	r2, [r3, r1, lsl #2]
 607 019a 92B2     		uxth	r2, r2
 608 019c 22F48042 		bic	r2, r2, #16384
 609 01a0 22F07002 		bic	r2, r2, #112
 610              	.LVL60:
 611              		.loc 1 2156 9 view .LVU188
 612              		.loc 1 2156 9 discriminator 1 view .LVU189
 613              		.loc 1 2156 9 discriminator 3 view .LVU190
 614              		.loc 1 2156 9 discriminator 4 view .LVU191
 615 01a4 82F44052 		eor	r2, r2, #12288
 616              	.LVL61:
 617              		.loc 1 2156 9 discriminator 6 view .LVU192
 618 01a8 42F40042 		orr	r2, r2, #32768
 619              	.LVL62:
 620              		.loc 1 2156 9 is_stmt 0 discriminator 6 view .LVU193
 621 01ac 42F08002 		orr	r2, r2, #128
 622 01b0 23F82120 		strh	r2, [r3, r1, lsl #2]	@ movhi
 623              	.LBE14:
 624              		.loc 1 2156 9 is_stmt 1 view .LVU194
 625 01b4 A2E0     		b	.L21
 626              	.LVL63:
 627              	.L22:
 628              	.LBB15:
 629              	.LBB11:
2150:Drivers/STM32F1xx_HAL_Driver/Src/stm32f1xx_ll_usb.c ****       PCD_CLEAR_RX_DTOG(USBx, ep->num);
 630              		.loc 1 2150 7 discriminator 2 view .LVU195
 631 01b6 4CB9     		cbnz	r4, .L25
2150:Drivers/STM32F1xx_HAL_Driver/Src/stm32f1xx_ll_usb.c ****       PCD_CLEAR_RX_DTOG(USBx, ep->num);
 632              		.loc 1 2150 7 discriminator 6 view .LVU196
 633 01b8 B2F80C44 		ldrh	r4, [r2, #1036]
 634 01bc 6FEA4444 		mvn	r4, r4, lsl #17
 635 01c0 6FEA5444 		mvn	r4, r4, lsr #17
 636 01c4 A4B2     		uxth	r4, r4
ARM GAS  C:\Users\crist\AppData\Local\Temp\ccqk2JNa.s 			page 50


 637 01c6 A2F80C44 		strh	r4, [r2, #1036]	@ movhi
 638 01ca CFE7     		b	.L24
 639              	.L25:
2150:Drivers/STM32F1xx_HAL_Driver/Src/stm32f1xx_ll_usb.c ****       PCD_CLEAR_RX_DTOG(USBx, ep->num);
 640              		.loc 1 2150 7 discriminator 7 view .LVU197
2150:Drivers/STM32F1xx_HAL_Driver/Src/stm32f1xx_ll_usb.c ****       PCD_CLEAR_RX_DTOG(USBx, ep->num);
 641              		.loc 1 2150 7 discriminator 7 view .LVU198
 642 01cc 4FEA540C 		lsr	ip, r4, #1
 643              	.LVL64:
2150:Drivers/STM32F1xx_HAL_Driver/Src/stm32f1xx_ll_usb.c ****       PCD_CLEAR_RX_DTOG(USBx, ep->num);
 644              		.loc 1 2150 7 view .LVU199
2150:Drivers/STM32F1xx_HAL_Driver/Src/stm32f1xx_ll_usb.c ****       PCD_CLEAR_RX_DTOG(USBx, ep->num);
 645              		.loc 1 2150 7 is_stmt 0 discriminator 7 view .LVU200
 646 01d0 14F0010F 		tst	r4, #1
 647 01d4 01D0     		beq	.L26
2150:Drivers/STM32F1xx_HAL_Driver/Src/stm32f1xx_ll_usb.c ****       PCD_CLEAR_RX_DTOG(USBx, ep->num);
 648              		.loc 1 2150 7 is_stmt 1 discriminator 8 view .LVU201
 649 01d6 0CF1010C 		add	ip, ip, #1
 650              	.LVL65:
 651              	.L26:
2150:Drivers/STM32F1xx_HAL_Driver/Src/stm32f1xx_ll_usb.c ****       PCD_CLEAR_RX_DTOG(USBx, ep->num);
 652              		.loc 1 2150 7 discriminator 10 view .LVU202
 653 01da B2F80C44 		ldrh	r4, [r2, #1036]
 654 01de A4B2     		uxth	r4, r4
 655 01e0 4FEA8C2C 		lsl	ip, ip, #10
 656              	.LVL66:
2150:Drivers/STM32F1xx_HAL_Driver/Src/stm32f1xx_ll_usb.c ****       PCD_CLEAR_RX_DTOG(USBx, ep->num);
 657              		.loc 1 2150 7 is_stmt 0 discriminator 10 view .LVU203
 658 01e4 1FFA8CFC 		uxth	ip, ip
 659 01e8 44EA0C04 		orr	r4, r4, ip
 660 01ec A2F80C44 		strh	r4, [r2, #1036]	@ movhi
 661 01f0 BCE7     		b	.L24
 662              	.LVL67:
 663              	.L28:
2150:Drivers/STM32F1xx_HAL_Driver/Src/stm32f1xx_ll_usb.c ****       PCD_CLEAR_RX_DTOG(USBx, ep->num);
 664              		.loc 1 2150 7 discriminator 10 view .LVU204
 665              	.LBE11:
 666              	.LBE15:
2157:Drivers/STM32F1xx_HAL_Driver/Src/stm32f1xx_ll_usb.c ****       }
2158:Drivers/STM32F1xx_HAL_Driver/Src/stm32f1xx_ll_usb.c ****       else
2159:Drivers/STM32F1xx_HAL_Driver/Src/stm32f1xx_ll_usb.c ****       {
2160:Drivers/STM32F1xx_HAL_Driver/Src/stm32f1xx_ll_usb.c ****         /* Configure NAK status for OUT Endpoint */
2161:Drivers/STM32F1xx_HAL_Driver/Src/stm32f1xx_ll_usb.c ****         PCD_SET_EP_RX_STATUS(USBx, ep->num, USB_EP_RX_NAK);
 667              		.loc 1 2161 9 is_stmt 1 view .LVU205
 668              	.LBB16:
 669              		.loc 1 2161 9 view .LVU206
 670              		.loc 1 2161 9 view .LVU207
 671 01f2 33F82120 		ldrh	r2, [r3, r1, lsl #2]
 672 01f6 92B2     		uxth	r2, r2
 673 01f8 22F48042 		bic	r2, r2, #16384
 674 01fc 22F07002 		bic	r2, r2, #112
 675              	.LVL68:
 676              		.loc 1 2161 9 view .LVU208
 677              		.loc 1 2161 9 discriminator 3 view .LVU209
 678              		.loc 1 2161 9 discriminator 4 view .LVU210
 679 0200 82F40052 		eor	r2, r2, #8192
 680              	.LVL69:
ARM GAS  C:\Users\crist\AppData\Local\Temp\ccqk2JNa.s 			page 51


 681              		.loc 1 2161 9 discriminator 6 view .LVU211
 682 0204 42F40042 		orr	r2, r2, #32768
 683              	.LVL70:
 684              		.loc 1 2161 9 is_stmt 0 discriminator 6 view .LVU212
 685 0208 42F08002 		orr	r2, r2, #128
 686 020c 23F82120 		strh	r2, [r3, r1, lsl #2]	@ movhi
 687 0210 74E0     		b	.L21
 688              	.LVL71:
 689              	.L17:
 690              		.loc 1 2161 9 discriminator 6 view .LVU213
 691              	.LBE16:
2162:Drivers/STM32F1xx_HAL_Driver/Src/stm32f1xx_ll_usb.c ****       }
2163:Drivers/STM32F1xx_HAL_Driver/Src/stm32f1xx_ll_usb.c ****     }
2164:Drivers/STM32F1xx_HAL_Driver/Src/stm32f1xx_ll_usb.c ****   }
2165:Drivers/STM32F1xx_HAL_Driver/Src/stm32f1xx_ll_usb.c **** #if (USE_USB_DOUBLE_BUFFER == 1U)
2166:Drivers/STM32F1xx_HAL_Driver/Src/stm32f1xx_ll_usb.c ****   /* Double Buffer */
2167:Drivers/STM32F1xx_HAL_Driver/Src/stm32f1xx_ll_usb.c ****   else
2168:Drivers/STM32F1xx_HAL_Driver/Src/stm32f1xx_ll_usb.c ****   {
2169:Drivers/STM32F1xx_HAL_Driver/Src/stm32f1xx_ll_usb.c ****     if (ep->type == EP_TYPE_BULK)
 692              		.loc 1 2169 5 is_stmt 1 view .LVU214
 693              		.loc 1 2169 11 is_stmt 0 view .LVU215
 694 0212 CA78     		ldrb	r2, [r1, #3]	@ zero_extendqisi2
 695              		.loc 1 2169 8 view .LVU216
 696 0214 022A     		cmp	r2, #2
 697 0216 72D0     		beq	.L40
2170:Drivers/STM32F1xx_HAL_Driver/Src/stm32f1xx_ll_usb.c ****     {
2171:Drivers/STM32F1xx_HAL_Driver/Src/stm32f1xx_ll_usb.c ****       /* Set bulk endpoint as double buffered */
2172:Drivers/STM32F1xx_HAL_Driver/Src/stm32f1xx_ll_usb.c ****       PCD_SET_BULK_EP_DBUF(USBx, ep->num);
2173:Drivers/STM32F1xx_HAL_Driver/Src/stm32f1xx_ll_usb.c ****     }
2174:Drivers/STM32F1xx_HAL_Driver/Src/stm32f1xx_ll_usb.c ****     else
2175:Drivers/STM32F1xx_HAL_Driver/Src/stm32f1xx_ll_usb.c ****     {
2176:Drivers/STM32F1xx_HAL_Driver/Src/stm32f1xx_ll_usb.c ****       /* Set the ISOC endpoint in double buffer mode */
2177:Drivers/STM32F1xx_HAL_Driver/Src/stm32f1xx_ll_usb.c ****       PCD_CLEAR_EP_KIND(USBx, ep->num);
 698              		.loc 1 2177 7 is_stmt 1 view .LVU217
 699              	.LBB17:
 700              		.loc 1 2177 7 view .LVU218
 701              		.loc 1 2177 7 view .LVU219
 702 0218 0C78     		ldrb	r4, [r1]	@ zero_extendqisi2
 703 021a 33F82420 		ldrh	r2, [r3, r4, lsl #2]
 704 021e 92B2     		uxth	r2, r2
 705 0220 22F4E242 		bic	r2, r2, #28928
 706 0224 22F07002 		bic	r2, r2, #112
 707              	.LVL72:
 708              		.loc 1 2177 7 view .LVU220
 709 0228 42F40042 		orr	r2, r2, #32768
 710              	.LVL73:
 711              		.loc 1 2177 7 is_stmt 0 view .LVU221
 712 022c 42F08002 		orr	r2, r2, #128
 713 0230 23F82420 		strh	r2, [r3, r4, lsl #2]	@ movhi
 714              	.LVL74:
 715              	.L30:
 716              		.loc 1 2177 7 view .LVU222
 717              	.LBE17:
 718              		.loc 1 2177 7 is_stmt 1 view .LVU223
2178:Drivers/STM32F1xx_HAL_Driver/Src/stm32f1xx_ll_usb.c ****     }
2179:Drivers/STM32F1xx_HAL_Driver/Src/stm32f1xx_ll_usb.c **** 
2180:Drivers/STM32F1xx_HAL_Driver/Src/stm32f1xx_ll_usb.c ****     /* Set buffer address for double buffered mode */
ARM GAS  C:\Users\crist\AppData\Local\Temp\ccqk2JNa.s 			page 52


2181:Drivers/STM32F1xx_HAL_Driver/Src/stm32f1xx_ll_usb.c ****     PCD_SET_EP_DBUF_ADDR(USBx, ep->num, ep->pmaaddr0, ep->pmaaddr1);
 719              		.loc 1 2181 5 view .LVU224
 720              		.loc 1 2181 5 view .LVU225
 721              		.loc 1 2181 5 view .LVU226
 722              	.LBB18:
 723              		.loc 1 2181 5 view .LVU227
 724              		.loc 1 2181 5 view .LVU228
 725              		.loc 1 2181 5 view .LVU229
 726 0234 B3F85020 		ldrh	r2, [r3, #80]
 727 0238 92B2     		uxth	r2, r2
 728 023a 1A44     		add	r2, r2, r3
 729              	.LVL75:
 730              		.loc 1 2181 5 view .LVU230
 731 023c 91F800C0 		ldrb	ip, [r1]	@ zero_extendqisi2
 732 0240 02EB0C12 		add	r2, r2, ip, lsl #4
 733              	.LVL76:
 734              		.loc 1 2181 5 view .LVU231
 735 0244 B1F808C0 		ldrh	ip, [r1, #8]
 736 0248 4FEA5C0C 		lsr	ip, ip, #1
 737 024c 4FEA4C0C 		lsl	ip, ip, #1
 738 0250 A2F800C4 		strh	ip, [r2, #1024]	@ movhi
 739              	.LBE18:
 740              		.loc 1 2181 5 view .LVU232
 741              		.loc 1 2181 5 view .LVU233
 742              		.loc 1 2181 5 view .LVU234
 743              		.loc 1 2181 5 view .LVU235
 744              	.LBB19:
 745              		.loc 1 2181 5 view .LVU236
 746              		.loc 1 2181 5 view .LVU237
 747              	.LVL77:
 748              		.loc 1 2181 5 view .LVU238
 749 0254 B3F85020 		ldrh	r2, [r3, #80]
 750              	.LVL78:
 751              		.loc 1 2181 5 is_stmt 0 view .LVU239
 752 0258 92B2     		uxth	r2, r2
 753 025a 1A44     		add	r2, r2, r3
 754              	.LVL79:
 755              		.loc 1 2181 5 is_stmt 1 view .LVU240
 756 025c 91F800C0 		ldrb	ip, [r1]	@ zero_extendqisi2
 757 0260 02EB0C12 		add	r2, r2, ip, lsl #4
 758              	.LVL80:
 759              		.loc 1 2181 5 view .LVU241
 760 0264 B1F80AC0 		ldrh	ip, [r1, #10]
 761 0268 4FEA5C0C 		lsr	ip, ip, #1
 762 026c 4FEA4C0C 		lsl	ip, ip, #1
 763 0270 A2F808C4 		strh	ip, [r2, #1032]	@ movhi
 764              	.LBE19:
 765              		.loc 1 2181 5 view .LVU242
 766              		.loc 1 2181 5 view .LVU243
 767              		.loc 1 2181 5 view .LVU244
2182:Drivers/STM32F1xx_HAL_Driver/Src/stm32f1xx_ll_usb.c **** 
2183:Drivers/STM32F1xx_HAL_Driver/Src/stm32f1xx_ll_usb.c ****     if (ep->is_in == 0U)
 768              		.loc 1 2183 5 view .LVU245
 769              		.loc 1 2183 11 is_stmt 0 view .LVU246
 770 0274 4A78     		ldrb	r2, [r1, #1]	@ zero_extendqisi2
 771              	.LVL81:
 772              		.loc 1 2183 8 view .LVU247
ARM GAS  C:\Users\crist\AppData\Local\Temp\ccqk2JNa.s 			page 53


 773 0276 002A     		cmp	r2, #0
 774 0278 50D1     		bne	.L31
2184:Drivers/STM32F1xx_HAL_Driver/Src/stm32f1xx_ll_usb.c ****     {
2185:Drivers/STM32F1xx_HAL_Driver/Src/stm32f1xx_ll_usb.c ****       /* Clear the data toggle bits for the endpoint IN/OUT */
2186:Drivers/STM32F1xx_HAL_Driver/Src/stm32f1xx_ll_usb.c ****       PCD_CLEAR_RX_DTOG(USBx, ep->num);
 775              		.loc 1 2186 7 is_stmt 1 view .LVU248
 776              	.LBB20:
 777              		.loc 1 2186 7 view .LVU249
 778              		.loc 1 2186 7 view .LVU250
 779 027a 0C78     		ldrb	r4, [r1]	@ zero_extendqisi2
 780 027c 33F82420 		ldrh	r2, [r3, r4, lsl #2]
 781              	.LVL82:
 782              		.loc 1 2186 7 view .LVU251
 783 0280 12F4804F 		tst	r2, #16384
 784 0284 0CD0     		beq	.L32
 785              		.loc 1 2186 7 discriminator 1 view .LVU252
 786              	.LBB21:
 787              		.loc 1 2186 7 discriminator 1 view .LVU253
 788              		.loc 1 2186 7 discriminator 1 view .LVU254
 789 0286 33F82420 		ldrh	r2, [r3, r4, lsl #2]
 790              	.LVL83:
 791              		.loc 1 2186 7 is_stmt 0 discriminator 1 view .LVU255
 792 028a 92B2     		uxth	r2, r2
 793 028c 22F4E042 		bic	r2, r2, #28672
 794 0290 22F07002 		bic	r2, r2, #112
 795              	.LVL84:
 796              		.loc 1 2186 7 is_stmt 1 view .LVU256
 797              		.loc 1 2186 7 is_stmt 0 discriminator 1 view .LVU257
 798 0294 42F44042 		orr	r2, r2, #49152
 799              	.LVL85:
 800              		.loc 1 2186 7 discriminator 1 view .LVU258
 801 0298 42F08002 		orr	r2, r2, #128
 802 029c 23F82420 		strh	r2, [r3, r4, lsl #2]	@ movhi
 803              	.LVL86:
 804              	.L32:
 805              		.loc 1 2186 7 discriminator 1 view .LVU259
 806              	.LBE21:
 807              		.loc 1 2186 7 is_stmt 1 view .LVU260
 808              	.LBE20:
 809              		.loc 1 2186 7 view .LVU261
2187:Drivers/STM32F1xx_HAL_Driver/Src/stm32f1xx_ll_usb.c ****       PCD_CLEAR_TX_DTOG(USBx, ep->num);
 810              		.loc 1 2187 7 view .LVU262
 811              	.LBB22:
 812              		.loc 1 2187 7 view .LVU263
 813              		.loc 1 2187 7 view .LVU264
 814 02a0 0C78     		ldrb	r4, [r1]	@ zero_extendqisi2
 815 02a2 33F82420 		ldrh	r2, [r3, r4, lsl #2]
 816              	.LVL87:
 817              		.loc 1 2187 7 view .LVU265
 818 02a6 12F0400F 		tst	r2, #64
 819 02aa 0CD0     		beq	.L33
 820              		.loc 1 2187 7 discriminator 1 view .LVU266
 821              	.LBB23:
 822              		.loc 1 2187 7 discriminator 1 view .LVU267
 823              		.loc 1 2187 7 discriminator 1 view .LVU268
 824 02ac 33F82420 		ldrh	r2, [r3, r4, lsl #2]
 825              	.LVL88:
ARM GAS  C:\Users\crist\AppData\Local\Temp\ccqk2JNa.s 			page 54


 826              		.loc 1 2187 7 is_stmt 0 discriminator 1 view .LVU269
 827 02b0 92B2     		uxth	r2, r2
 828 02b2 22F4E042 		bic	r2, r2, #28672
 829 02b6 22F07002 		bic	r2, r2, #112
 830              	.LVL89:
 831              		.loc 1 2187 7 is_stmt 1 view .LVU270
 832              		.loc 1 2187 7 is_stmt 0 discriminator 1 view .LVU271
 833 02ba 42F40042 		orr	r2, r2, #32768
 834              	.LVL90:
 835              		.loc 1 2187 7 discriminator 1 view .LVU272
 836 02be 42F0C002 		orr	r2, r2, #192
 837 02c2 23F82420 		strh	r2, [r3, r4, lsl #2]	@ movhi
 838              	.LVL91:
 839              	.L33:
 840              		.loc 1 2187 7 discriminator 1 view .LVU273
 841              	.LBE23:
 842              		.loc 1 2187 7 is_stmt 1 view .LVU274
 843              	.LBE22:
 844              		.loc 1 2187 7 view .LVU275
2188:Drivers/STM32F1xx_HAL_Driver/Src/stm32f1xx_ll_usb.c **** 
2189:Drivers/STM32F1xx_HAL_Driver/Src/stm32f1xx_ll_usb.c ****       PCD_SET_EP_RX_STATUS(USBx, ep->num, USB_EP_RX_VALID);
 845              		.loc 1 2189 7 view .LVU276
 846              	.LBB24:
 847              		.loc 1 2189 7 view .LVU277
 848              		.loc 1 2189 7 view .LVU278
 849 02c6 91F800C0 		ldrb	ip, [r1]	@ zero_extendqisi2
 850 02ca 33F82C20 		ldrh	r2, [r3, ip, lsl #2]
 851 02ce 92B2     		uxth	r2, r2
 852 02d0 22F48042 		bic	r2, r2, #16384
 853 02d4 22F07002 		bic	r2, r2, #112
 854              	.LVL92:
 855              		.loc 1 2189 7 view .LVU279
 856              		.loc 1 2189 7 discriminator 1 view .LVU280
 857              		.loc 1 2189 7 discriminator 3 view .LVU281
 858              		.loc 1 2189 7 discriminator 4 view .LVU282
 859 02d8 82F44052 		eor	r2, r2, #12288
 860              	.LVL93:
 861              		.loc 1 2189 7 discriminator 6 view .LVU283
 862 02dc 48F28004 		movw	r4, #32896
 863 02e0 2243     		orrs	r2, r2, r4
 864              	.LVL94:
 865              		.loc 1 2189 7 is_stmt 0 discriminator 6 view .LVU284
 866 02e2 23F82C20 		strh	r2, [r3, ip, lsl #2]	@ movhi
 867              	.LBE24:
 868              		.loc 1 2189 7 is_stmt 1 view .LVU285
2190:Drivers/STM32F1xx_HAL_Driver/Src/stm32f1xx_ll_usb.c ****       PCD_SET_EP_TX_STATUS(USBx, ep->num, USB_EP_TX_DIS);
 869              		.loc 1 2190 7 view .LVU286
 870              	.LBB25:
 871              		.loc 1 2190 7 view .LVU287
 872              		.loc 1 2190 7 view .LVU288
 873 02e6 0978     		ldrb	r1, [r1]	@ zero_extendqisi2
 874              	.LVL95:
 875              		.loc 1 2190 7 is_stmt 0 view .LVU289
 876 02e8 33F82120 		ldrh	r2, [r3, r1, lsl #2]
 877 02ec 92B2     		uxth	r2, r2
 878 02ee 22F4E042 		bic	r2, r2, #28672
 879 02f2 22F04002 		bic	r2, r2, #64
ARM GAS  C:\Users\crist\AppData\Local\Temp\ccqk2JNa.s 			page 55


 880              	.LVL96:
 881              		.loc 1 2190 7 is_stmt 1 view .LVU290
 882              		.loc 1 2190 7 discriminator 3 view .LVU291
 883              		.loc 1 2190 7 discriminator 6 view .LVU292
 884 02f6 2243     		orrs	r2, r2, r4
 885              	.LVL97:
 886              		.loc 1 2190 7 is_stmt 0 discriminator 6 view .LVU293
 887 02f8 23F82120 		strh	r2, [r3, r1, lsl #2]	@ movhi
 888              	.LBE25:
 889              		.loc 1 2190 7 is_stmt 1 view .LVU294
 890              	.LVL98:
 891              	.L21:
2191:Drivers/STM32F1xx_HAL_Driver/Src/stm32f1xx_ll_usb.c ****     }
2192:Drivers/STM32F1xx_HAL_Driver/Src/stm32f1xx_ll_usb.c ****     else
2193:Drivers/STM32F1xx_HAL_Driver/Src/stm32f1xx_ll_usb.c ****     {
2194:Drivers/STM32F1xx_HAL_Driver/Src/stm32f1xx_ll_usb.c ****       /* Clear the data toggle bits for the endpoint IN/OUT */
2195:Drivers/STM32F1xx_HAL_Driver/Src/stm32f1xx_ll_usb.c ****       PCD_CLEAR_RX_DTOG(USBx, ep->num);
2196:Drivers/STM32F1xx_HAL_Driver/Src/stm32f1xx_ll_usb.c ****       PCD_CLEAR_TX_DTOG(USBx, ep->num);
2197:Drivers/STM32F1xx_HAL_Driver/Src/stm32f1xx_ll_usb.c **** 
2198:Drivers/STM32F1xx_HAL_Driver/Src/stm32f1xx_ll_usb.c ****       if (ep->type != EP_TYPE_ISOC)
2199:Drivers/STM32F1xx_HAL_Driver/Src/stm32f1xx_ll_usb.c ****       {
2200:Drivers/STM32F1xx_HAL_Driver/Src/stm32f1xx_ll_usb.c ****         /* Configure NAK status for the Endpoint */
2201:Drivers/STM32F1xx_HAL_Driver/Src/stm32f1xx_ll_usb.c ****         PCD_SET_EP_TX_STATUS(USBx, ep->num, USB_EP_TX_NAK);
2202:Drivers/STM32F1xx_HAL_Driver/Src/stm32f1xx_ll_usb.c ****       }
2203:Drivers/STM32F1xx_HAL_Driver/Src/stm32f1xx_ll_usb.c ****       else
2204:Drivers/STM32F1xx_HAL_Driver/Src/stm32f1xx_ll_usb.c ****       {
2205:Drivers/STM32F1xx_HAL_Driver/Src/stm32f1xx_ll_usb.c ****         /* Configure TX Endpoint to disabled state */
2206:Drivers/STM32F1xx_HAL_Driver/Src/stm32f1xx_ll_usb.c ****         PCD_SET_EP_TX_STATUS(USBx, ep->num, USB_EP_TX_DIS);
2207:Drivers/STM32F1xx_HAL_Driver/Src/stm32f1xx_ll_usb.c ****       }
2208:Drivers/STM32F1xx_HAL_Driver/Src/stm32f1xx_ll_usb.c **** 
2209:Drivers/STM32F1xx_HAL_Driver/Src/stm32f1xx_ll_usb.c ****       PCD_SET_EP_RX_STATUS(USBx, ep->num, USB_EP_RX_DIS);
 892              		.loc 1 2209 7 view .LVU295
2210:Drivers/STM32F1xx_HAL_Driver/Src/stm32f1xx_ll_usb.c ****     }
2211:Drivers/STM32F1xx_HAL_Driver/Src/stm32f1xx_ll_usb.c ****   }
2212:Drivers/STM32F1xx_HAL_Driver/Src/stm32f1xx_ll_usb.c **** #endif /* (USE_USB_DOUBLE_BUFFER == 1U) */
2213:Drivers/STM32F1xx_HAL_Driver/Src/stm32f1xx_ll_usb.c **** 
2214:Drivers/STM32F1xx_HAL_Driver/Src/stm32f1xx_ll_usb.c ****   return ret;
 893              		.loc 1 2214 3 view .LVU296
2215:Drivers/STM32F1xx_HAL_Driver/Src/stm32f1xx_ll_usb.c **** }
 894              		.loc 1 2215 1 is_stmt 0 view .LVU297
 895 02fc 10BD     		pop	{r4, pc}
 896              	.LVL99:
 897              	.L40:
2172:Drivers/STM32F1xx_HAL_Driver/Src/stm32f1xx_ll_usb.c ****     }
 898              		.loc 1 2172 7 is_stmt 1 view .LVU298
 899              	.LBB26:
2172:Drivers/STM32F1xx_HAL_Driver/Src/stm32f1xx_ll_usb.c ****     }
 900              		.loc 1 2172 7 view .LVU299
2172:Drivers/STM32F1xx_HAL_Driver/Src/stm32f1xx_ll_usb.c ****     }
 901              		.loc 1 2172 7 view .LVU300
 902 02fe 0C78     		ldrb	r4, [r1]	@ zero_extendqisi2
 903 0300 33F82420 		ldrh	r2, [r3, r4, lsl #2]
 904 0304 92B2     		uxth	r2, r2
 905 0306 22F4E042 		bic	r2, r2, #28672
 906 030a 22F07002 		bic	r2, r2, #112
 907              	.LVL100:
2172:Drivers/STM32F1xx_HAL_Driver/Src/stm32f1xx_ll_usb.c ****     }
ARM GAS  C:\Users\crist\AppData\Local\Temp\ccqk2JNa.s 			page 56


 908              		.loc 1 2172 7 view .LVU301
 909 030e 42F40142 		orr	r2, r2, #33024
 910              	.LVL101:
2172:Drivers/STM32F1xx_HAL_Driver/Src/stm32f1xx_ll_usb.c ****     }
 911              		.loc 1 2172 7 is_stmt 0 view .LVU302
 912 0312 42F08002 		orr	r2, r2, #128
 913 0316 23F82420 		strh	r2, [r3, r4, lsl #2]	@ movhi
 914              	.LBE26:
2172:Drivers/STM32F1xx_HAL_Driver/Src/stm32f1xx_ll_usb.c ****     }
 915              		.loc 1 2172 7 is_stmt 1 view .LVU303
 916 031a 8BE7     		b	.L30
 917              	.LVL102:
 918              	.L31:
2195:Drivers/STM32F1xx_HAL_Driver/Src/stm32f1xx_ll_usb.c ****       PCD_CLEAR_TX_DTOG(USBx, ep->num);
 919              		.loc 1 2195 7 view .LVU304
 920              	.LBB27:
2195:Drivers/STM32F1xx_HAL_Driver/Src/stm32f1xx_ll_usb.c ****       PCD_CLEAR_TX_DTOG(USBx, ep->num);
 921              		.loc 1 2195 7 view .LVU305
2195:Drivers/STM32F1xx_HAL_Driver/Src/stm32f1xx_ll_usb.c ****       PCD_CLEAR_TX_DTOG(USBx, ep->num);
 922              		.loc 1 2195 7 view .LVU306
 923 031c 0C78     		ldrb	r4, [r1]	@ zero_extendqisi2
 924 031e 33F82420 		ldrh	r2, [r3, r4, lsl #2]
 925              	.LVL103:
2195:Drivers/STM32F1xx_HAL_Driver/Src/stm32f1xx_ll_usb.c ****       PCD_CLEAR_TX_DTOG(USBx, ep->num);
 926              		.loc 1 2195 7 view .LVU307
 927 0322 12F4804F 		tst	r2, #16384
 928 0326 0CD0     		beq	.L34
2195:Drivers/STM32F1xx_HAL_Driver/Src/stm32f1xx_ll_usb.c ****       PCD_CLEAR_TX_DTOG(USBx, ep->num);
 929              		.loc 1 2195 7 discriminator 1 view .LVU308
 930              	.LBB28:
2195:Drivers/STM32F1xx_HAL_Driver/Src/stm32f1xx_ll_usb.c ****       PCD_CLEAR_TX_DTOG(USBx, ep->num);
 931              		.loc 1 2195 7 discriminator 1 view .LVU309
2195:Drivers/STM32F1xx_HAL_Driver/Src/stm32f1xx_ll_usb.c ****       PCD_CLEAR_TX_DTOG(USBx, ep->num);
 932              		.loc 1 2195 7 discriminator 1 view .LVU310
 933 0328 33F82420 		ldrh	r2, [r3, r4, lsl #2]
 934              	.LVL104:
2195:Drivers/STM32F1xx_HAL_Driver/Src/stm32f1xx_ll_usb.c ****       PCD_CLEAR_TX_DTOG(USBx, ep->num);
 935              		.loc 1 2195 7 is_stmt 0 discriminator 1 view .LVU311
 936 032c 92B2     		uxth	r2, r2
 937 032e 22F4E042 		bic	r2, r2, #28672
 938 0332 22F07002 		bic	r2, r2, #112
 939              	.LVL105:
2195:Drivers/STM32F1xx_HAL_Driver/Src/stm32f1xx_ll_usb.c ****       PCD_CLEAR_TX_DTOG(USBx, ep->num);
 940              		.loc 1 2195 7 is_stmt 1 view .LVU312
2195:Drivers/STM32F1xx_HAL_Driver/Src/stm32f1xx_ll_usb.c ****       PCD_CLEAR_TX_DTOG(USBx, ep->num);
 941              		.loc 1 2195 7 is_stmt 0 discriminator 1 view .LVU313
 942 0336 42F44042 		orr	r2, r2, #49152
 943              	.LVL106:
2195:Drivers/STM32F1xx_HAL_Driver/Src/stm32f1xx_ll_usb.c ****       PCD_CLEAR_TX_DTOG(USBx, ep->num);
 944              		.loc 1 2195 7 discriminator 1 view .LVU314
 945 033a 42F08002 		orr	r2, r2, #128
 946 033e 23F82420 		strh	r2, [r3, r4, lsl #2]	@ movhi
 947              	.LVL107:
 948              	.L34:
2195:Drivers/STM32F1xx_HAL_Driver/Src/stm32f1xx_ll_usb.c ****       PCD_CLEAR_TX_DTOG(USBx, ep->num);
 949              		.loc 1 2195 7 discriminator 1 view .LVU315
 950              	.LBE28:
ARM GAS  C:\Users\crist\AppData\Local\Temp\ccqk2JNa.s 			page 57


2195:Drivers/STM32F1xx_HAL_Driver/Src/stm32f1xx_ll_usb.c ****       PCD_CLEAR_TX_DTOG(USBx, ep->num);
 951              		.loc 1 2195 7 is_stmt 1 view .LVU316
 952              	.LBE27:
2195:Drivers/STM32F1xx_HAL_Driver/Src/stm32f1xx_ll_usb.c ****       PCD_CLEAR_TX_DTOG(USBx, ep->num);
 953              		.loc 1 2195 7 view .LVU317
2196:Drivers/STM32F1xx_HAL_Driver/Src/stm32f1xx_ll_usb.c **** 
 954              		.loc 1 2196 7 view .LVU318
 955              	.LBB29:
2196:Drivers/STM32F1xx_HAL_Driver/Src/stm32f1xx_ll_usb.c **** 
 956              		.loc 1 2196 7 view .LVU319
2196:Drivers/STM32F1xx_HAL_Driver/Src/stm32f1xx_ll_usb.c **** 
 957              		.loc 1 2196 7 view .LVU320
 958 0342 0C78     		ldrb	r4, [r1]	@ zero_extendqisi2
 959 0344 33F82420 		ldrh	r2, [r3, r4, lsl #2]
 960              	.LVL108:
2196:Drivers/STM32F1xx_HAL_Driver/Src/stm32f1xx_ll_usb.c **** 
 961              		.loc 1 2196 7 view .LVU321
 962 0348 12F0400F 		tst	r2, #64
 963 034c 0CD0     		beq	.L35
2196:Drivers/STM32F1xx_HAL_Driver/Src/stm32f1xx_ll_usb.c **** 
 964              		.loc 1 2196 7 discriminator 1 view .LVU322
 965              	.LBB30:
2196:Drivers/STM32F1xx_HAL_Driver/Src/stm32f1xx_ll_usb.c **** 
 966              		.loc 1 2196 7 discriminator 1 view .LVU323
2196:Drivers/STM32F1xx_HAL_Driver/Src/stm32f1xx_ll_usb.c **** 
 967              		.loc 1 2196 7 discriminator 1 view .LVU324
 968 034e 33F82420 		ldrh	r2, [r3, r4, lsl #2]
 969              	.LVL109:
2196:Drivers/STM32F1xx_HAL_Driver/Src/stm32f1xx_ll_usb.c **** 
 970              		.loc 1 2196 7 is_stmt 0 discriminator 1 view .LVU325
 971 0352 92B2     		uxth	r2, r2
 972 0354 22F4E042 		bic	r2, r2, #28672
 973 0358 22F07002 		bic	r2, r2, #112
 974              	.LVL110:
2196:Drivers/STM32F1xx_HAL_Driver/Src/stm32f1xx_ll_usb.c **** 
 975              		.loc 1 2196 7 is_stmt 1 view .LVU326
2196:Drivers/STM32F1xx_HAL_Driver/Src/stm32f1xx_ll_usb.c **** 
 976              		.loc 1 2196 7 is_stmt 0 discriminator 1 view .LVU327
 977 035c 42F40042 		orr	r2, r2, #32768
 978              	.LVL111:
2196:Drivers/STM32F1xx_HAL_Driver/Src/stm32f1xx_ll_usb.c **** 
 979              		.loc 1 2196 7 discriminator 1 view .LVU328
 980 0360 42F0C002 		orr	r2, r2, #192
 981 0364 23F82420 		strh	r2, [r3, r4, lsl #2]	@ movhi
 982              	.LVL112:
 983              	.L35:
2196:Drivers/STM32F1xx_HAL_Driver/Src/stm32f1xx_ll_usb.c **** 
 984              		.loc 1 2196 7 discriminator 1 view .LVU329
 985              	.LBE30:
2196:Drivers/STM32F1xx_HAL_Driver/Src/stm32f1xx_ll_usb.c **** 
 986              		.loc 1 2196 7 is_stmt 1 view .LVU330
 987              	.LBE29:
2196:Drivers/STM32F1xx_HAL_Driver/Src/stm32f1xx_ll_usb.c **** 
 988              		.loc 1 2196 7 view .LVU331
2198:Drivers/STM32F1xx_HAL_Driver/Src/stm32f1xx_ll_usb.c ****       {
 989              		.loc 1 2198 7 view .LVU332
2198:Drivers/STM32F1xx_HAL_Driver/Src/stm32f1xx_ll_usb.c ****       {
ARM GAS  C:\Users\crist\AppData\Local\Temp\ccqk2JNa.s 			page 58


 990              		.loc 1 2198 13 is_stmt 0 view .LVU333
 991 0368 CA78     		ldrb	r2, [r1, #3]	@ zero_extendqisi2
2198:Drivers/STM32F1xx_HAL_Driver/Src/stm32f1xx_ll_usb.c ****       {
 992              		.loc 1 2198 10 view .LVU334
 993 036a 012A     		cmp	r2, #1
 994 036c 1ED0     		beq	.L36
2201:Drivers/STM32F1xx_HAL_Driver/Src/stm32f1xx_ll_usb.c ****       }
 995              		.loc 1 2201 9 is_stmt 1 view .LVU335
 996              	.LBB31:
2201:Drivers/STM32F1xx_HAL_Driver/Src/stm32f1xx_ll_usb.c ****       }
 997              		.loc 1 2201 9 view .LVU336
2201:Drivers/STM32F1xx_HAL_Driver/Src/stm32f1xx_ll_usb.c ****       }
 998              		.loc 1 2201 9 view .LVU337
 999 036e 0C78     		ldrb	r4, [r1]	@ zero_extendqisi2
 1000 0370 33F82420 		ldrh	r2, [r3, r4, lsl #2]
 1001 0374 92B2     		uxth	r2, r2
 1002 0376 22F4E042 		bic	r2, r2, #28672
 1003 037a 22F04002 		bic	r2, r2, #64
 1004              	.LVL113:
2201:Drivers/STM32F1xx_HAL_Driver/Src/stm32f1xx_ll_usb.c ****       }
 1005              		.loc 1 2201 9 view .LVU338
2201:Drivers/STM32F1xx_HAL_Driver/Src/stm32f1xx_ll_usb.c ****       }
 1006              		.loc 1 2201 9 discriminator 3 view .LVU339
2201:Drivers/STM32F1xx_HAL_Driver/Src/stm32f1xx_ll_usb.c ****       }
 1007              		.loc 1 2201 9 discriminator 4 view .LVU340
 1008 037e 82F02002 		eor	r2, r2, #32
 1009              	.LVL114:
2201:Drivers/STM32F1xx_HAL_Driver/Src/stm32f1xx_ll_usb.c ****       }
 1010              		.loc 1 2201 9 discriminator 6 view .LVU341
 1011 0382 42F40042 		orr	r2, r2, #32768
 1012              	.LVL115:
2201:Drivers/STM32F1xx_HAL_Driver/Src/stm32f1xx_ll_usb.c ****       }
 1013              		.loc 1 2201 9 is_stmt 0 discriminator 6 view .LVU342
 1014 0386 42F08002 		orr	r2, r2, #128
 1015 038a 23F82420 		strh	r2, [r3, r4, lsl #2]	@ movhi
 1016              	.LBE31:
2201:Drivers/STM32F1xx_HAL_Driver/Src/stm32f1xx_ll_usb.c ****       }
 1017              		.loc 1 2201 9 is_stmt 1 view .LVU343
 1018              	.LVL116:
 1019              	.L37:
2206:Drivers/STM32F1xx_HAL_Driver/Src/stm32f1xx_ll_usb.c ****       }
 1020              		.loc 1 2206 9 view .LVU344
2209:Drivers/STM32F1xx_HAL_Driver/Src/stm32f1xx_ll_usb.c ****     }
 1021              		.loc 1 2209 7 view .LVU345
 1022              	.LBB32:
2209:Drivers/STM32F1xx_HAL_Driver/Src/stm32f1xx_ll_usb.c ****     }
 1023              		.loc 1 2209 7 view .LVU346
2209:Drivers/STM32F1xx_HAL_Driver/Src/stm32f1xx_ll_usb.c ****     }
 1024              		.loc 1 2209 7 view .LVU347
 1025 038e 0978     		ldrb	r1, [r1]	@ zero_extendqisi2
 1026              	.LVL117:
2209:Drivers/STM32F1xx_HAL_Driver/Src/stm32f1xx_ll_usb.c ****     }
 1027              		.loc 1 2209 7 is_stmt 0 view .LVU348
 1028 0390 33F82120 		ldrh	r2, [r3, r1, lsl #2]
 1029 0394 92B2     		uxth	r2, r2
 1030 0396 22F48042 		bic	r2, r2, #16384
 1031 039a 22F07002 		bic	r2, r2, #112
ARM GAS  C:\Users\crist\AppData\Local\Temp\ccqk2JNa.s 			page 59


 1032              	.LVL118:
2209:Drivers/STM32F1xx_HAL_Driver/Src/stm32f1xx_ll_usb.c ****     }
 1033              		.loc 1 2209 7 is_stmt 1 view .LVU349
2209:Drivers/STM32F1xx_HAL_Driver/Src/stm32f1xx_ll_usb.c ****     }
 1034              		.loc 1 2209 7 discriminator 3 view .LVU350
2209:Drivers/STM32F1xx_HAL_Driver/Src/stm32f1xx_ll_usb.c ****     }
 1035              		.loc 1 2209 7 discriminator 6 view .LVU351
 1036 039e 42F40042 		orr	r2, r2, #32768
 1037              	.LVL119:
2209:Drivers/STM32F1xx_HAL_Driver/Src/stm32f1xx_ll_usb.c ****     }
 1038              		.loc 1 2209 7 is_stmt 0 discriminator 6 view .LVU352
 1039 03a2 42F08002 		orr	r2, r2, #128
 1040 03a6 23F82120 		strh	r2, [r3, r1, lsl #2]	@ movhi
 1041 03aa A7E7     		b	.L21
 1042              	.LVL120:
 1043              	.L36:
2209:Drivers/STM32F1xx_HAL_Driver/Src/stm32f1xx_ll_usb.c ****     }
 1044              		.loc 1 2209 7 discriminator 6 view .LVU353
 1045              	.LBE32:
2206:Drivers/STM32F1xx_HAL_Driver/Src/stm32f1xx_ll_usb.c ****       }
 1046              		.loc 1 2206 9 is_stmt 1 view .LVU354
 1047              	.LBB33:
2206:Drivers/STM32F1xx_HAL_Driver/Src/stm32f1xx_ll_usb.c ****       }
 1048              		.loc 1 2206 9 view .LVU355
2206:Drivers/STM32F1xx_HAL_Driver/Src/stm32f1xx_ll_usb.c ****       }
 1049              		.loc 1 2206 9 view .LVU356
 1050 03ac 0C78     		ldrb	r4, [r1]	@ zero_extendqisi2
 1051 03ae 33F82420 		ldrh	r2, [r3, r4, lsl #2]
 1052 03b2 92B2     		uxth	r2, r2
 1053 03b4 22F4E042 		bic	r2, r2, #28672
 1054 03b8 22F04002 		bic	r2, r2, #64
 1055              	.LVL121:
2206:Drivers/STM32F1xx_HAL_Driver/Src/stm32f1xx_ll_usb.c ****       }
 1056              		.loc 1 2206 9 view .LVU357
2206:Drivers/STM32F1xx_HAL_Driver/Src/stm32f1xx_ll_usb.c ****       }
 1057              		.loc 1 2206 9 discriminator 3 view .LVU358
2206:Drivers/STM32F1xx_HAL_Driver/Src/stm32f1xx_ll_usb.c ****       }
 1058              		.loc 1 2206 9 discriminator 6 view .LVU359
 1059 03bc 42F40042 		orr	r2, r2, #32768
 1060              	.LVL122:
2206:Drivers/STM32F1xx_HAL_Driver/Src/stm32f1xx_ll_usb.c ****       }
 1061              		.loc 1 2206 9 is_stmt 0 discriminator 6 view .LVU360
 1062 03c0 42F08002 		orr	r2, r2, #128
 1063 03c4 23F82420 		strh	r2, [r3, r4, lsl #2]	@ movhi
 1064 03c8 E1E7     		b	.L37
 1065              	.LBE33:
 1066              		.cfi_endproc
 1067              	.LFE72:
 1069              		.section	.text.USB_DeactivateEndpoint,"ax",%progbits
 1070              		.align	1
 1071              		.global	USB_DeactivateEndpoint
 1072              		.syntax unified
 1073              		.thumb
 1074              		.thumb_func
 1076              	USB_DeactivateEndpoint:
 1077              	.LVL123:
 1078              	.LFB73:
ARM GAS  C:\Users\crist\AppData\Local\Temp\ccqk2JNa.s 			page 60


2216:Drivers/STM32F1xx_HAL_Driver/Src/stm32f1xx_ll_usb.c **** 
2217:Drivers/STM32F1xx_HAL_Driver/Src/stm32f1xx_ll_usb.c **** /**
2218:Drivers/STM32F1xx_HAL_Driver/Src/stm32f1xx_ll_usb.c ****   * @brief  De-activate and de-initialize an endpoint
2219:Drivers/STM32F1xx_HAL_Driver/Src/stm32f1xx_ll_usb.c ****   * @param  USBx Selected device
2220:Drivers/STM32F1xx_HAL_Driver/Src/stm32f1xx_ll_usb.c ****   * @param  ep pointer to endpoint structure
2221:Drivers/STM32F1xx_HAL_Driver/Src/stm32f1xx_ll_usb.c ****   * @retval HAL status
2222:Drivers/STM32F1xx_HAL_Driver/Src/stm32f1xx_ll_usb.c ****   */
2223:Drivers/STM32F1xx_HAL_Driver/Src/stm32f1xx_ll_usb.c **** HAL_StatusTypeDef USB_DeactivateEndpoint(USB_TypeDef *USBx, USB_EPTypeDef *ep)
2224:Drivers/STM32F1xx_HAL_Driver/Src/stm32f1xx_ll_usb.c **** {
 1079              		.loc 1 2224 1 is_stmt 1 view -0
 1080              		.cfi_startproc
 1081              		@ args = 0, pretend = 0, frame = 0
 1082              		@ frame_needed = 0, uses_anonymous_args = 0
 1083              		@ link register save eliminated.
2225:Drivers/STM32F1xx_HAL_Driver/Src/stm32f1xx_ll_usb.c ****   if (ep->doublebuffer == 0U)
 1084              		.loc 1 2225 3 view .LVU362
 1085              		.loc 1 2225 9 is_stmt 0 view .LVU363
 1086 0000 0B7B     		ldrb	r3, [r1, #12]	@ zero_extendqisi2
 1087              		.loc 1 2225 6 view .LVU364
 1088 0002 002B     		cmp	r3, #0
 1089 0004 46D1     		bne	.L42
2226:Drivers/STM32F1xx_HAL_Driver/Src/stm32f1xx_ll_usb.c ****   {
2227:Drivers/STM32F1xx_HAL_Driver/Src/stm32f1xx_ll_usb.c ****     if (ep->is_in != 0U)
 1090              		.loc 1 2227 5 is_stmt 1 view .LVU365
 1091              		.loc 1 2227 11 is_stmt 0 view .LVU366
 1092 0006 4B78     		ldrb	r3, [r1, #1]	@ zero_extendqisi2
 1093              		.loc 1 2227 8 view .LVU367
 1094 0008 13B3     		cbz	r3, .L43
2228:Drivers/STM32F1xx_HAL_Driver/Src/stm32f1xx_ll_usb.c ****     {
2229:Drivers/STM32F1xx_HAL_Driver/Src/stm32f1xx_ll_usb.c ****       PCD_CLEAR_TX_DTOG(USBx, ep->num);
 1095              		.loc 1 2229 7 is_stmt 1 view .LVU368
 1096              	.LBB34:
 1097              		.loc 1 2229 7 view .LVU369
 1098              		.loc 1 2229 7 view .LVU370
 1099 000a 0A78     		ldrb	r2, [r1]	@ zero_extendqisi2
 1100 000c 30F82230 		ldrh	r3, [r0, r2, lsl #2]
 1101              	.LVL124:
 1102              		.loc 1 2229 7 view .LVU371
 1103 0010 13F0400F 		tst	r3, #64
 1104 0014 0CD0     		beq	.L44
 1105              		.loc 1 2229 7 discriminator 1 view .LVU372
 1106              	.LBB35:
 1107              		.loc 1 2229 7 discriminator 1 view .LVU373
 1108              		.loc 1 2229 7 discriminator 1 view .LVU374
 1109 0016 30F82230 		ldrh	r3, [r0, r2, lsl #2]
 1110              	.LVL125:
 1111              		.loc 1 2229 7 is_stmt 0 discriminator 1 view .LVU375
 1112 001a 9BB2     		uxth	r3, r3
 1113 001c 23F4E043 		bic	r3, r3, #28672
 1114 0020 23F07003 		bic	r3, r3, #112
 1115              	.LVL126:
 1116              		.loc 1 2229 7 is_stmt 1 view .LVU376
 1117              		.loc 1 2229 7 is_stmt 0 discriminator 1 view .LVU377
 1118 0024 43F40043 		orr	r3, r3, #32768
 1119              	.LVL127:
 1120              		.loc 1 2229 7 discriminator 1 view .LVU378
 1121 0028 43F0C003 		orr	r3, r3, #192
ARM GAS  C:\Users\crist\AppData\Local\Temp\ccqk2JNa.s 			page 61


 1122 002c 20F82230 		strh	r3, [r0, r2, lsl #2]	@ movhi
 1123              	.LVL128:
 1124              	.L44:
 1125              		.loc 1 2229 7 discriminator 1 view .LVU379
 1126              	.LBE35:
 1127              		.loc 1 2229 7 is_stmt 1 view .LVU380
 1128              	.LBE34:
 1129              		.loc 1 2229 7 view .LVU381
2230:Drivers/STM32F1xx_HAL_Driver/Src/stm32f1xx_ll_usb.c **** 
2231:Drivers/STM32F1xx_HAL_Driver/Src/stm32f1xx_ll_usb.c ****       /* Configure DISABLE status for the Endpoint */
2232:Drivers/STM32F1xx_HAL_Driver/Src/stm32f1xx_ll_usb.c ****       PCD_SET_EP_TX_STATUS(USBx, ep->num, USB_EP_TX_DIS);
 1130              		.loc 1 2232 7 view .LVU382
 1131              	.LBB36:
 1132              		.loc 1 2232 7 view .LVU383
 1133              		.loc 1 2232 7 view .LVU384
 1134 0030 0A78     		ldrb	r2, [r1]	@ zero_extendqisi2
 1135 0032 30F82230 		ldrh	r3, [r0, r2, lsl #2]
 1136 0036 9BB2     		uxth	r3, r3
 1137 0038 23F4E043 		bic	r3, r3, #28672
 1138 003c 23F04003 		bic	r3, r3, #64
 1139              	.LVL129:
 1140              		.loc 1 2232 7 view .LVU385
 1141              		.loc 1 2232 7 discriminator 3 view .LVU386
 1142              		.loc 1 2232 7 discriminator 6 view .LVU387
 1143 0040 43F40043 		orr	r3, r3, #32768
 1144              	.LVL130:
 1145              		.loc 1 2232 7 is_stmt 0 discriminator 6 view .LVU388
 1146 0044 43F08003 		orr	r3, r3, #128
 1147 0048 20F82230 		strh	r3, [r0, r2, lsl #2]	@ movhi
 1148              	.LBE36:
 1149              		.loc 1 2232 7 is_stmt 1 view .LVU389
 1150              	.LVL131:
 1151              	.L45:
2233:Drivers/STM32F1xx_HAL_Driver/Src/stm32f1xx_ll_usb.c ****     }
2234:Drivers/STM32F1xx_HAL_Driver/Src/stm32f1xx_ll_usb.c **** 
2235:Drivers/STM32F1xx_HAL_Driver/Src/stm32f1xx_ll_usb.c ****     else
2236:Drivers/STM32F1xx_HAL_Driver/Src/stm32f1xx_ll_usb.c ****     {
2237:Drivers/STM32F1xx_HAL_Driver/Src/stm32f1xx_ll_usb.c ****       PCD_CLEAR_RX_DTOG(USBx, ep->num);
2238:Drivers/STM32F1xx_HAL_Driver/Src/stm32f1xx_ll_usb.c **** 
2239:Drivers/STM32F1xx_HAL_Driver/Src/stm32f1xx_ll_usb.c ****       /* Configure DISABLE status for the Endpoint */
2240:Drivers/STM32F1xx_HAL_Driver/Src/stm32f1xx_ll_usb.c ****       PCD_SET_EP_RX_STATUS(USBx, ep->num, USB_EP_RX_DIS);
2241:Drivers/STM32F1xx_HAL_Driver/Src/stm32f1xx_ll_usb.c ****     }
2242:Drivers/STM32F1xx_HAL_Driver/Src/stm32f1xx_ll_usb.c ****   }
2243:Drivers/STM32F1xx_HAL_Driver/Src/stm32f1xx_ll_usb.c **** #if (USE_USB_DOUBLE_BUFFER == 1U)
2244:Drivers/STM32F1xx_HAL_Driver/Src/stm32f1xx_ll_usb.c ****   /* Double Buffer */
2245:Drivers/STM32F1xx_HAL_Driver/Src/stm32f1xx_ll_usb.c ****   else
2246:Drivers/STM32F1xx_HAL_Driver/Src/stm32f1xx_ll_usb.c ****   {
2247:Drivers/STM32F1xx_HAL_Driver/Src/stm32f1xx_ll_usb.c ****     if (ep->is_in == 0U)
2248:Drivers/STM32F1xx_HAL_Driver/Src/stm32f1xx_ll_usb.c ****     {
2249:Drivers/STM32F1xx_HAL_Driver/Src/stm32f1xx_ll_usb.c ****       /* Clear the data toggle bits for the endpoint IN/OUT*/
2250:Drivers/STM32F1xx_HAL_Driver/Src/stm32f1xx_ll_usb.c ****       PCD_CLEAR_RX_DTOG(USBx, ep->num);
2251:Drivers/STM32F1xx_HAL_Driver/Src/stm32f1xx_ll_usb.c ****       PCD_CLEAR_TX_DTOG(USBx, ep->num);
2252:Drivers/STM32F1xx_HAL_Driver/Src/stm32f1xx_ll_usb.c **** 
2253:Drivers/STM32F1xx_HAL_Driver/Src/stm32f1xx_ll_usb.c ****       /* Reset value of the data toggle bits for the endpoint out*/
2254:Drivers/STM32F1xx_HAL_Driver/Src/stm32f1xx_ll_usb.c ****       PCD_TX_DTOG(USBx, ep->num);
2255:Drivers/STM32F1xx_HAL_Driver/Src/stm32f1xx_ll_usb.c **** 
2256:Drivers/STM32F1xx_HAL_Driver/Src/stm32f1xx_ll_usb.c ****       PCD_SET_EP_RX_STATUS(USBx, ep->num, USB_EP_RX_DIS);
ARM GAS  C:\Users\crist\AppData\Local\Temp\ccqk2JNa.s 			page 62


2257:Drivers/STM32F1xx_HAL_Driver/Src/stm32f1xx_ll_usb.c ****       PCD_SET_EP_TX_STATUS(USBx, ep->num, USB_EP_TX_DIS);
2258:Drivers/STM32F1xx_HAL_Driver/Src/stm32f1xx_ll_usb.c ****     }
2259:Drivers/STM32F1xx_HAL_Driver/Src/stm32f1xx_ll_usb.c ****     else
2260:Drivers/STM32F1xx_HAL_Driver/Src/stm32f1xx_ll_usb.c ****     {
2261:Drivers/STM32F1xx_HAL_Driver/Src/stm32f1xx_ll_usb.c ****       /* Clear the data toggle bits for the endpoint IN/OUT*/
2262:Drivers/STM32F1xx_HAL_Driver/Src/stm32f1xx_ll_usb.c ****       PCD_CLEAR_RX_DTOG(USBx, ep->num);
2263:Drivers/STM32F1xx_HAL_Driver/Src/stm32f1xx_ll_usb.c ****       PCD_CLEAR_TX_DTOG(USBx, ep->num);
2264:Drivers/STM32F1xx_HAL_Driver/Src/stm32f1xx_ll_usb.c ****       PCD_RX_DTOG(USBx, ep->num);
2265:Drivers/STM32F1xx_HAL_Driver/Src/stm32f1xx_ll_usb.c **** 
2266:Drivers/STM32F1xx_HAL_Driver/Src/stm32f1xx_ll_usb.c ****       /* Configure DISABLE status for the Endpoint*/
2267:Drivers/STM32F1xx_HAL_Driver/Src/stm32f1xx_ll_usb.c ****       PCD_SET_EP_TX_STATUS(USBx, ep->num, USB_EP_TX_DIS);
2268:Drivers/STM32F1xx_HAL_Driver/Src/stm32f1xx_ll_usb.c ****       PCD_SET_EP_RX_STATUS(USBx, ep->num, USB_EP_RX_DIS);
 1152              		.loc 1 2268 7 view .LVU390
2269:Drivers/STM32F1xx_HAL_Driver/Src/stm32f1xx_ll_usb.c ****     }
2270:Drivers/STM32F1xx_HAL_Driver/Src/stm32f1xx_ll_usb.c ****   }
2271:Drivers/STM32F1xx_HAL_Driver/Src/stm32f1xx_ll_usb.c **** #endif /* (USE_USB_DOUBLE_BUFFER == 1U) */
2272:Drivers/STM32F1xx_HAL_Driver/Src/stm32f1xx_ll_usb.c **** 
2273:Drivers/STM32F1xx_HAL_Driver/Src/stm32f1xx_ll_usb.c ****   return HAL_OK;
 1153              		.loc 1 2273 3 view .LVU391
2274:Drivers/STM32F1xx_HAL_Driver/Src/stm32f1xx_ll_usb.c **** }
 1154              		.loc 1 2274 1 is_stmt 0 view .LVU392
 1155 004c 0020     		movs	r0, #0
 1156              	.LVL132:
 1157              		.loc 1 2274 1 view .LVU393
 1158 004e 7047     		bx	lr
 1159              	.LVL133:
 1160              	.L43:
2237:Drivers/STM32F1xx_HAL_Driver/Src/stm32f1xx_ll_usb.c **** 
 1161              		.loc 1 2237 7 is_stmt 1 view .LVU394
 1162              	.LBB37:
2237:Drivers/STM32F1xx_HAL_Driver/Src/stm32f1xx_ll_usb.c **** 
 1163              		.loc 1 2237 7 view .LVU395
2237:Drivers/STM32F1xx_HAL_Driver/Src/stm32f1xx_ll_usb.c **** 
 1164              		.loc 1 2237 7 view .LVU396
 1165 0050 0A78     		ldrb	r2, [r1]	@ zero_extendqisi2
 1166 0052 30F82230 		ldrh	r3, [r0, r2, lsl #2]
 1167              	.LVL134:
2237:Drivers/STM32F1xx_HAL_Driver/Src/stm32f1xx_ll_usb.c **** 
 1168              		.loc 1 2237 7 view .LVU397
 1169 0056 13F4804F 		tst	r3, #16384
 1170 005a 0CD0     		beq	.L46
2237:Drivers/STM32F1xx_HAL_Driver/Src/stm32f1xx_ll_usb.c **** 
 1171              		.loc 1 2237 7 discriminator 1 view .LVU398
 1172              	.LBB38:
2237:Drivers/STM32F1xx_HAL_Driver/Src/stm32f1xx_ll_usb.c **** 
 1173              		.loc 1 2237 7 discriminator 1 view .LVU399
2237:Drivers/STM32F1xx_HAL_Driver/Src/stm32f1xx_ll_usb.c **** 
 1174              		.loc 1 2237 7 discriminator 1 view .LVU400
 1175 005c 30F82230 		ldrh	r3, [r0, r2, lsl #2]
 1176              	.LVL135:
2237:Drivers/STM32F1xx_HAL_Driver/Src/stm32f1xx_ll_usb.c **** 
 1177              		.loc 1 2237 7 is_stmt 0 discriminator 1 view .LVU401
 1178 0060 9BB2     		uxth	r3, r3
 1179 0062 23F4E043 		bic	r3, r3, #28672
 1180 0066 23F07003 		bic	r3, r3, #112
 1181              	.LVL136:
2237:Drivers/STM32F1xx_HAL_Driver/Src/stm32f1xx_ll_usb.c **** 
ARM GAS  C:\Users\crist\AppData\Local\Temp\ccqk2JNa.s 			page 63


 1182              		.loc 1 2237 7 is_stmt 1 view .LVU402
2237:Drivers/STM32F1xx_HAL_Driver/Src/stm32f1xx_ll_usb.c **** 
 1183              		.loc 1 2237 7 is_stmt 0 discriminator 1 view .LVU403
 1184 006a 43F44043 		orr	r3, r3, #49152
 1185              	.LVL137:
2237:Drivers/STM32F1xx_HAL_Driver/Src/stm32f1xx_ll_usb.c **** 
 1186              		.loc 1 2237 7 discriminator 1 view .LVU404
 1187 006e 43F08003 		orr	r3, r3, #128
 1188 0072 20F82230 		strh	r3, [r0, r2, lsl #2]	@ movhi
 1189              	.LVL138:
 1190              	.L46:
2237:Drivers/STM32F1xx_HAL_Driver/Src/stm32f1xx_ll_usb.c **** 
 1191              		.loc 1 2237 7 discriminator 1 view .LVU405
 1192              	.LBE38:
2237:Drivers/STM32F1xx_HAL_Driver/Src/stm32f1xx_ll_usb.c **** 
 1193              		.loc 1 2237 7 is_stmt 1 view .LVU406
 1194              	.LBE37:
2237:Drivers/STM32F1xx_HAL_Driver/Src/stm32f1xx_ll_usb.c **** 
 1195              		.loc 1 2237 7 view .LVU407
2240:Drivers/STM32F1xx_HAL_Driver/Src/stm32f1xx_ll_usb.c ****     }
 1196              		.loc 1 2240 7 view .LVU408
 1197              	.LBB39:
2240:Drivers/STM32F1xx_HAL_Driver/Src/stm32f1xx_ll_usb.c ****     }
 1198              		.loc 1 2240 7 view .LVU409
2240:Drivers/STM32F1xx_HAL_Driver/Src/stm32f1xx_ll_usb.c ****     }
 1199              		.loc 1 2240 7 view .LVU410
 1200 0076 0A78     		ldrb	r2, [r1]	@ zero_extendqisi2
 1201 0078 30F82230 		ldrh	r3, [r0, r2, lsl #2]
 1202 007c 9BB2     		uxth	r3, r3
 1203 007e 23F48043 		bic	r3, r3, #16384
 1204 0082 23F07003 		bic	r3, r3, #112
 1205              	.LVL139:
2240:Drivers/STM32F1xx_HAL_Driver/Src/stm32f1xx_ll_usb.c ****     }
 1206              		.loc 1 2240 7 view .LVU411
2240:Drivers/STM32F1xx_HAL_Driver/Src/stm32f1xx_ll_usb.c ****     }
 1207              		.loc 1 2240 7 discriminator 3 view .LVU412
2240:Drivers/STM32F1xx_HAL_Driver/Src/stm32f1xx_ll_usb.c ****     }
 1208              		.loc 1 2240 7 discriminator 6 view .LVU413
 1209 0086 43F40043 		orr	r3, r3, #32768
 1210              	.LVL140:
2240:Drivers/STM32F1xx_HAL_Driver/Src/stm32f1xx_ll_usb.c ****     }
 1211              		.loc 1 2240 7 is_stmt 0 discriminator 6 view .LVU414
 1212 008a 43F08003 		orr	r3, r3, #128
 1213 008e 20F82230 		strh	r3, [r0, r2, lsl #2]	@ movhi
 1214 0092 DBE7     		b	.L45
 1215              	.LVL141:
 1216              	.L42:
2240:Drivers/STM32F1xx_HAL_Driver/Src/stm32f1xx_ll_usb.c ****     }
 1217              		.loc 1 2240 7 discriminator 6 view .LVU415
 1218              	.LBE39:
2247:Drivers/STM32F1xx_HAL_Driver/Src/stm32f1xx_ll_usb.c ****     {
 1219              		.loc 1 2247 5 is_stmt 1 view .LVU416
2247:Drivers/STM32F1xx_HAL_Driver/Src/stm32f1xx_ll_usb.c ****     {
 1220              		.loc 1 2247 11 is_stmt 0 view .LVU417
 1221 0094 4B78     		ldrb	r3, [r1, #1]	@ zero_extendqisi2
2247:Drivers/STM32F1xx_HAL_Driver/Src/stm32f1xx_ll_usb.c ****     {
 1222              		.loc 1 2247 8 view .LVU418
ARM GAS  C:\Users\crist\AppData\Local\Temp\ccqk2JNa.s 			page 64


 1223 0096 002B     		cmp	r3, #0
 1224 0098 4ED1     		bne	.L47
2250:Drivers/STM32F1xx_HAL_Driver/Src/stm32f1xx_ll_usb.c ****       PCD_CLEAR_TX_DTOG(USBx, ep->num);
 1225              		.loc 1 2250 7 is_stmt 1 view .LVU419
 1226              	.LBB40:
2250:Drivers/STM32F1xx_HAL_Driver/Src/stm32f1xx_ll_usb.c ****       PCD_CLEAR_TX_DTOG(USBx, ep->num);
 1227              		.loc 1 2250 7 view .LVU420
2250:Drivers/STM32F1xx_HAL_Driver/Src/stm32f1xx_ll_usb.c ****       PCD_CLEAR_TX_DTOG(USBx, ep->num);
 1228              		.loc 1 2250 7 view .LVU421
 1229 009a 0A78     		ldrb	r2, [r1]	@ zero_extendqisi2
 1230 009c 30F82230 		ldrh	r3, [r0, r2, lsl #2]
 1231              	.LVL142:
2250:Drivers/STM32F1xx_HAL_Driver/Src/stm32f1xx_ll_usb.c ****       PCD_CLEAR_TX_DTOG(USBx, ep->num);
 1232              		.loc 1 2250 7 view .LVU422
 1233 00a0 13F4804F 		tst	r3, #16384
 1234 00a4 0CD0     		beq	.L48
2250:Drivers/STM32F1xx_HAL_Driver/Src/stm32f1xx_ll_usb.c ****       PCD_CLEAR_TX_DTOG(USBx, ep->num);
 1235              		.loc 1 2250 7 discriminator 1 view .LVU423
 1236              	.LBB41:
2250:Drivers/STM32F1xx_HAL_Driver/Src/stm32f1xx_ll_usb.c ****       PCD_CLEAR_TX_DTOG(USBx, ep->num);
 1237              		.loc 1 2250 7 discriminator 1 view .LVU424
2250:Drivers/STM32F1xx_HAL_Driver/Src/stm32f1xx_ll_usb.c ****       PCD_CLEAR_TX_DTOG(USBx, ep->num);
 1238              		.loc 1 2250 7 discriminator 1 view .LVU425
 1239 00a6 30F82230 		ldrh	r3, [r0, r2, lsl #2]
 1240              	.LVL143:
2250:Drivers/STM32F1xx_HAL_Driver/Src/stm32f1xx_ll_usb.c ****       PCD_CLEAR_TX_DTOG(USBx, ep->num);
 1241              		.loc 1 2250 7 is_stmt 0 discriminator 1 view .LVU426
 1242 00aa 9BB2     		uxth	r3, r3
 1243 00ac 23F4E043 		bic	r3, r3, #28672
 1244 00b0 23F07003 		bic	r3, r3, #112
 1245              	.LVL144:
2250:Drivers/STM32F1xx_HAL_Driver/Src/stm32f1xx_ll_usb.c ****       PCD_CLEAR_TX_DTOG(USBx, ep->num);
 1246              		.loc 1 2250 7 is_stmt 1 view .LVU427
2250:Drivers/STM32F1xx_HAL_Driver/Src/stm32f1xx_ll_usb.c ****       PCD_CLEAR_TX_DTOG(USBx, ep->num);
 1247              		.loc 1 2250 7 is_stmt 0 discriminator 1 view .LVU428
 1248 00b4 43F44043 		orr	r3, r3, #49152
 1249              	.LVL145:
2250:Drivers/STM32F1xx_HAL_Driver/Src/stm32f1xx_ll_usb.c ****       PCD_CLEAR_TX_DTOG(USBx, ep->num);
 1250              		.loc 1 2250 7 discriminator 1 view .LVU429
 1251 00b8 43F08003 		orr	r3, r3, #128
 1252 00bc 20F82230 		strh	r3, [r0, r2, lsl #2]	@ movhi
 1253              	.LVL146:
 1254              	.L48:
2250:Drivers/STM32F1xx_HAL_Driver/Src/stm32f1xx_ll_usb.c ****       PCD_CLEAR_TX_DTOG(USBx, ep->num);
 1255              		.loc 1 2250 7 discriminator 1 view .LVU430
 1256              	.LBE41:
2250:Drivers/STM32F1xx_HAL_Driver/Src/stm32f1xx_ll_usb.c ****       PCD_CLEAR_TX_DTOG(USBx, ep->num);
 1257              		.loc 1 2250 7 is_stmt 1 view .LVU431
 1258              	.LBE40:
2250:Drivers/STM32F1xx_HAL_Driver/Src/stm32f1xx_ll_usb.c ****       PCD_CLEAR_TX_DTOG(USBx, ep->num);
 1259              		.loc 1 2250 7 view .LVU432
2251:Drivers/STM32F1xx_HAL_Driver/Src/stm32f1xx_ll_usb.c **** 
 1260              		.loc 1 2251 7 view .LVU433
 1261              	.LBB42:
2251:Drivers/STM32F1xx_HAL_Driver/Src/stm32f1xx_ll_usb.c **** 
 1262              		.loc 1 2251 7 view .LVU434
2251:Drivers/STM32F1xx_HAL_Driver/Src/stm32f1xx_ll_usb.c **** 
ARM GAS  C:\Users\crist\AppData\Local\Temp\ccqk2JNa.s 			page 65


 1263              		.loc 1 2251 7 view .LVU435
 1264 00c0 0A78     		ldrb	r2, [r1]	@ zero_extendqisi2
 1265 00c2 30F82230 		ldrh	r3, [r0, r2, lsl #2]
 1266              	.LVL147:
2251:Drivers/STM32F1xx_HAL_Driver/Src/stm32f1xx_ll_usb.c **** 
 1267              		.loc 1 2251 7 view .LVU436
 1268 00c6 13F0400F 		tst	r3, #64
 1269 00ca 0CD0     		beq	.L49
2251:Drivers/STM32F1xx_HAL_Driver/Src/stm32f1xx_ll_usb.c **** 
 1270              		.loc 1 2251 7 discriminator 1 view .LVU437
 1271              	.LBB43:
2251:Drivers/STM32F1xx_HAL_Driver/Src/stm32f1xx_ll_usb.c **** 
 1272              		.loc 1 2251 7 discriminator 1 view .LVU438
2251:Drivers/STM32F1xx_HAL_Driver/Src/stm32f1xx_ll_usb.c **** 
 1273              		.loc 1 2251 7 discriminator 1 view .LVU439
 1274 00cc 30F82230 		ldrh	r3, [r0, r2, lsl #2]
 1275              	.LVL148:
2251:Drivers/STM32F1xx_HAL_Driver/Src/stm32f1xx_ll_usb.c **** 
 1276              		.loc 1 2251 7 is_stmt 0 discriminator 1 view .LVU440
 1277 00d0 9BB2     		uxth	r3, r3
 1278 00d2 23F4E043 		bic	r3, r3, #28672
 1279 00d6 23F07003 		bic	r3, r3, #112
 1280              	.LVL149:
2251:Drivers/STM32F1xx_HAL_Driver/Src/stm32f1xx_ll_usb.c **** 
 1281              		.loc 1 2251 7 is_stmt 1 view .LVU441
2251:Drivers/STM32F1xx_HAL_Driver/Src/stm32f1xx_ll_usb.c **** 
 1282              		.loc 1 2251 7 is_stmt 0 discriminator 1 view .LVU442
 1283 00da 43F40043 		orr	r3, r3, #32768
 1284              	.LVL150:
2251:Drivers/STM32F1xx_HAL_Driver/Src/stm32f1xx_ll_usb.c **** 
 1285              		.loc 1 2251 7 discriminator 1 view .LVU443
 1286 00de 43F0C003 		orr	r3, r3, #192
 1287 00e2 20F82230 		strh	r3, [r0, r2, lsl #2]	@ movhi
 1288              	.LVL151:
 1289              	.L49:
2251:Drivers/STM32F1xx_HAL_Driver/Src/stm32f1xx_ll_usb.c **** 
 1290              		.loc 1 2251 7 discriminator 1 view .LVU444
 1291              	.LBE43:
2251:Drivers/STM32F1xx_HAL_Driver/Src/stm32f1xx_ll_usb.c **** 
 1292              		.loc 1 2251 7 is_stmt 1 view .LVU445
 1293              	.LBE42:
2251:Drivers/STM32F1xx_HAL_Driver/Src/stm32f1xx_ll_usb.c **** 
 1294              		.loc 1 2251 7 view .LVU446
2254:Drivers/STM32F1xx_HAL_Driver/Src/stm32f1xx_ll_usb.c **** 
 1295              		.loc 1 2254 7 view .LVU447
 1296              	.LBB44:
2254:Drivers/STM32F1xx_HAL_Driver/Src/stm32f1xx_ll_usb.c **** 
 1297              		.loc 1 2254 7 view .LVU448
2254:Drivers/STM32F1xx_HAL_Driver/Src/stm32f1xx_ll_usb.c **** 
 1298              		.loc 1 2254 7 view .LVU449
 1299 00e6 0A78     		ldrb	r2, [r1]	@ zero_extendqisi2
 1300 00e8 30F82230 		ldrh	r3, [r0, r2, lsl #2]
 1301 00ec 9BB2     		uxth	r3, r3
 1302 00ee 23F4E043 		bic	r3, r3, #28672
 1303 00f2 23F07003 		bic	r3, r3, #112
 1304              	.LVL152:
2254:Drivers/STM32F1xx_HAL_Driver/Src/stm32f1xx_ll_usb.c **** 
ARM GAS  C:\Users\crist\AppData\Local\Temp\ccqk2JNa.s 			page 66


 1305              		.loc 1 2254 7 view .LVU450
 1306 00f6 43F40043 		orr	r3, r3, #32768
 1307              	.LVL153:
2254:Drivers/STM32F1xx_HAL_Driver/Src/stm32f1xx_ll_usb.c **** 
 1308              		.loc 1 2254 7 is_stmt 0 view .LVU451
 1309 00fa 43F0C003 		orr	r3, r3, #192
 1310 00fe 20F82230 		strh	r3, [r0, r2, lsl #2]	@ movhi
 1311              	.LBE44:
2254:Drivers/STM32F1xx_HAL_Driver/Src/stm32f1xx_ll_usb.c **** 
 1312              		.loc 1 2254 7 is_stmt 1 view .LVU452
2256:Drivers/STM32F1xx_HAL_Driver/Src/stm32f1xx_ll_usb.c ****       PCD_SET_EP_TX_STATUS(USBx, ep->num, USB_EP_TX_DIS);
 1313              		.loc 1 2256 7 view .LVU453
 1314              	.LBB45:
2256:Drivers/STM32F1xx_HAL_Driver/Src/stm32f1xx_ll_usb.c ****       PCD_SET_EP_TX_STATUS(USBx, ep->num, USB_EP_TX_DIS);
 1315              		.loc 1 2256 7 view .LVU454
2256:Drivers/STM32F1xx_HAL_Driver/Src/stm32f1xx_ll_usb.c ****       PCD_SET_EP_TX_STATUS(USBx, ep->num, USB_EP_TX_DIS);
 1316              		.loc 1 2256 7 view .LVU455
 1317 0102 0A78     		ldrb	r2, [r1]	@ zero_extendqisi2
 1318 0104 30F82230 		ldrh	r3, [r0, r2, lsl #2]
 1319 0108 9BB2     		uxth	r3, r3
 1320 010a 23F48043 		bic	r3, r3, #16384
 1321 010e 23F07003 		bic	r3, r3, #112
 1322              	.LVL154:
2256:Drivers/STM32F1xx_HAL_Driver/Src/stm32f1xx_ll_usb.c ****       PCD_SET_EP_TX_STATUS(USBx, ep->num, USB_EP_TX_DIS);
 1323              		.loc 1 2256 7 view .LVU456
2256:Drivers/STM32F1xx_HAL_Driver/Src/stm32f1xx_ll_usb.c ****       PCD_SET_EP_TX_STATUS(USBx, ep->num, USB_EP_TX_DIS);
 1324              		.loc 1 2256 7 discriminator 3 view .LVU457
2256:Drivers/STM32F1xx_HAL_Driver/Src/stm32f1xx_ll_usb.c ****       PCD_SET_EP_TX_STATUS(USBx, ep->num, USB_EP_TX_DIS);
 1325              		.loc 1 2256 7 discriminator 6 view .LVU458
 1326 0112 48F2800C 		movw	ip, #32896
 1327 0116 43EA0C03 		orr	r3, r3, ip
 1328              	.LVL155:
2256:Drivers/STM32F1xx_HAL_Driver/Src/stm32f1xx_ll_usb.c ****       PCD_SET_EP_TX_STATUS(USBx, ep->num, USB_EP_TX_DIS);
 1329              		.loc 1 2256 7 is_stmt 0 discriminator 6 view .LVU459
 1330 011a 20F82230 		strh	r3, [r0, r2, lsl #2]	@ movhi
 1331              	.LBE45:
2256:Drivers/STM32F1xx_HAL_Driver/Src/stm32f1xx_ll_usb.c ****       PCD_SET_EP_TX_STATUS(USBx, ep->num, USB_EP_TX_DIS);
 1332              		.loc 1 2256 7 is_stmt 1 view .LVU460
2257:Drivers/STM32F1xx_HAL_Driver/Src/stm32f1xx_ll_usb.c ****     }
 1333              		.loc 1 2257 7 view .LVU461
 1334              	.LBB46:
2257:Drivers/STM32F1xx_HAL_Driver/Src/stm32f1xx_ll_usb.c ****     }
 1335              		.loc 1 2257 7 view .LVU462
2257:Drivers/STM32F1xx_HAL_Driver/Src/stm32f1xx_ll_usb.c ****     }
 1336              		.loc 1 2257 7 view .LVU463
 1337 011e 0A78     		ldrb	r2, [r1]	@ zero_extendqisi2
 1338 0120 30F82230 		ldrh	r3, [r0, r2, lsl #2]
 1339 0124 9BB2     		uxth	r3, r3
 1340 0126 23F4E043 		bic	r3, r3, #28672
 1341 012a 23F04003 		bic	r3, r3, #64
 1342              	.LVL156:
2257:Drivers/STM32F1xx_HAL_Driver/Src/stm32f1xx_ll_usb.c ****     }
 1343              		.loc 1 2257 7 view .LVU464
2257:Drivers/STM32F1xx_HAL_Driver/Src/stm32f1xx_ll_usb.c ****     }
 1344              		.loc 1 2257 7 discriminator 3 view .LVU465
2257:Drivers/STM32F1xx_HAL_Driver/Src/stm32f1xx_ll_usb.c ****     }
 1345              		.loc 1 2257 7 discriminator 6 view .LVU466
ARM GAS  C:\Users\crist\AppData\Local\Temp\ccqk2JNa.s 			page 67


 1346 012e 43EA0C03 		orr	r3, r3, ip
 1347              	.LVL157:
2257:Drivers/STM32F1xx_HAL_Driver/Src/stm32f1xx_ll_usb.c ****     }
 1348              		.loc 1 2257 7 is_stmt 0 discriminator 6 view .LVU467
 1349 0132 20F82230 		strh	r3, [r0, r2, lsl #2]	@ movhi
 1350              	.LBE46:
2257:Drivers/STM32F1xx_HAL_Driver/Src/stm32f1xx_ll_usb.c ****     }
 1351              		.loc 1 2257 7 is_stmt 1 view .LVU468
 1352 0136 89E7     		b	.L45
 1353              	.LVL158:
 1354              	.L47:
2262:Drivers/STM32F1xx_HAL_Driver/Src/stm32f1xx_ll_usb.c ****       PCD_CLEAR_TX_DTOG(USBx, ep->num);
 1355              		.loc 1 2262 7 view .LVU469
 1356              	.LBB47:
2262:Drivers/STM32F1xx_HAL_Driver/Src/stm32f1xx_ll_usb.c ****       PCD_CLEAR_TX_DTOG(USBx, ep->num);
 1357              		.loc 1 2262 7 view .LVU470
2262:Drivers/STM32F1xx_HAL_Driver/Src/stm32f1xx_ll_usb.c ****       PCD_CLEAR_TX_DTOG(USBx, ep->num);
 1358              		.loc 1 2262 7 view .LVU471
 1359 0138 0A78     		ldrb	r2, [r1]	@ zero_extendqisi2
 1360 013a 30F82230 		ldrh	r3, [r0, r2, lsl #2]
 1361              	.LVL159:
2262:Drivers/STM32F1xx_HAL_Driver/Src/stm32f1xx_ll_usb.c ****       PCD_CLEAR_TX_DTOG(USBx, ep->num);
 1362              		.loc 1 2262 7 view .LVU472
 1363 013e 13F4804F 		tst	r3, #16384
 1364 0142 0CD0     		beq	.L50
2262:Drivers/STM32F1xx_HAL_Driver/Src/stm32f1xx_ll_usb.c ****       PCD_CLEAR_TX_DTOG(USBx, ep->num);
 1365              		.loc 1 2262 7 discriminator 1 view .LVU473
 1366              	.LBB48:
2262:Drivers/STM32F1xx_HAL_Driver/Src/stm32f1xx_ll_usb.c ****       PCD_CLEAR_TX_DTOG(USBx, ep->num);
 1367              		.loc 1 2262 7 discriminator 1 view .LVU474
2262:Drivers/STM32F1xx_HAL_Driver/Src/stm32f1xx_ll_usb.c ****       PCD_CLEAR_TX_DTOG(USBx, ep->num);
 1368              		.loc 1 2262 7 discriminator 1 view .LVU475
 1369 0144 30F82230 		ldrh	r3, [r0, r2, lsl #2]
 1370              	.LVL160:
2262:Drivers/STM32F1xx_HAL_Driver/Src/stm32f1xx_ll_usb.c ****       PCD_CLEAR_TX_DTOG(USBx, ep->num);
 1371              		.loc 1 2262 7 is_stmt 0 discriminator 1 view .LVU476
 1372 0148 9BB2     		uxth	r3, r3
 1373 014a 23F4E043 		bic	r3, r3, #28672
 1374 014e 23F07003 		bic	r3, r3, #112
 1375              	.LVL161:
2262:Drivers/STM32F1xx_HAL_Driver/Src/stm32f1xx_ll_usb.c ****       PCD_CLEAR_TX_DTOG(USBx, ep->num);
 1376              		.loc 1 2262 7 is_stmt 1 view .LVU477
2262:Drivers/STM32F1xx_HAL_Driver/Src/stm32f1xx_ll_usb.c ****       PCD_CLEAR_TX_DTOG(USBx, ep->num);
 1377              		.loc 1 2262 7 is_stmt 0 discriminator 1 view .LVU478
 1378 0152 43F44043 		orr	r3, r3, #49152
 1379              	.LVL162:
2262:Drivers/STM32F1xx_HAL_Driver/Src/stm32f1xx_ll_usb.c ****       PCD_CLEAR_TX_DTOG(USBx, ep->num);
 1380              		.loc 1 2262 7 discriminator 1 view .LVU479
 1381 0156 43F08003 		orr	r3, r3, #128
 1382 015a 20F82230 		strh	r3, [r0, r2, lsl #2]	@ movhi
 1383              	.LVL163:
 1384              	.L50:
2262:Drivers/STM32F1xx_HAL_Driver/Src/stm32f1xx_ll_usb.c ****       PCD_CLEAR_TX_DTOG(USBx, ep->num);
 1385              		.loc 1 2262 7 discriminator 1 view .LVU480
 1386              	.LBE48:
2262:Drivers/STM32F1xx_HAL_Driver/Src/stm32f1xx_ll_usb.c ****       PCD_CLEAR_TX_DTOG(USBx, ep->num);
 1387              		.loc 1 2262 7 is_stmt 1 view .LVU481
ARM GAS  C:\Users\crist\AppData\Local\Temp\ccqk2JNa.s 			page 68


 1388              	.LBE47:
2262:Drivers/STM32F1xx_HAL_Driver/Src/stm32f1xx_ll_usb.c ****       PCD_CLEAR_TX_DTOG(USBx, ep->num);
 1389              		.loc 1 2262 7 view .LVU482
2263:Drivers/STM32F1xx_HAL_Driver/Src/stm32f1xx_ll_usb.c ****       PCD_RX_DTOG(USBx, ep->num);
 1390              		.loc 1 2263 7 view .LVU483
 1391              	.LBB49:
2263:Drivers/STM32F1xx_HAL_Driver/Src/stm32f1xx_ll_usb.c ****       PCD_RX_DTOG(USBx, ep->num);
 1392              		.loc 1 2263 7 view .LVU484
2263:Drivers/STM32F1xx_HAL_Driver/Src/stm32f1xx_ll_usb.c ****       PCD_RX_DTOG(USBx, ep->num);
 1393              		.loc 1 2263 7 view .LVU485
 1394 015e 0A78     		ldrb	r2, [r1]	@ zero_extendqisi2
 1395 0160 30F82230 		ldrh	r3, [r0, r2, lsl #2]
 1396              	.LVL164:
2263:Drivers/STM32F1xx_HAL_Driver/Src/stm32f1xx_ll_usb.c ****       PCD_RX_DTOG(USBx, ep->num);
 1397              		.loc 1 2263 7 view .LVU486
 1398 0164 13F0400F 		tst	r3, #64
 1399 0168 0CD0     		beq	.L51
2263:Drivers/STM32F1xx_HAL_Driver/Src/stm32f1xx_ll_usb.c ****       PCD_RX_DTOG(USBx, ep->num);
 1400              		.loc 1 2263 7 discriminator 1 view .LVU487
 1401              	.LBB50:
2263:Drivers/STM32F1xx_HAL_Driver/Src/stm32f1xx_ll_usb.c ****       PCD_RX_DTOG(USBx, ep->num);
 1402              		.loc 1 2263 7 discriminator 1 view .LVU488
2263:Drivers/STM32F1xx_HAL_Driver/Src/stm32f1xx_ll_usb.c ****       PCD_RX_DTOG(USBx, ep->num);
 1403              		.loc 1 2263 7 discriminator 1 view .LVU489
 1404 016a 30F82230 		ldrh	r3, [r0, r2, lsl #2]
 1405              	.LVL165:
2263:Drivers/STM32F1xx_HAL_Driver/Src/stm32f1xx_ll_usb.c ****       PCD_RX_DTOG(USBx, ep->num);
 1406              		.loc 1 2263 7 is_stmt 0 discriminator 1 view .LVU490
 1407 016e 9BB2     		uxth	r3, r3
 1408 0170 23F4E043 		bic	r3, r3, #28672
 1409 0174 23F07003 		bic	r3, r3, #112
 1410              	.LVL166:
2263:Drivers/STM32F1xx_HAL_Driver/Src/stm32f1xx_ll_usb.c ****       PCD_RX_DTOG(USBx, ep->num);
 1411              		.loc 1 2263 7 is_stmt 1 view .LVU491
2263:Drivers/STM32F1xx_HAL_Driver/Src/stm32f1xx_ll_usb.c ****       PCD_RX_DTOG(USBx, ep->num);
 1412              		.loc 1 2263 7 is_stmt 0 discriminator 1 view .LVU492
 1413 0178 43F40043 		orr	r3, r3, #32768
 1414              	.LVL167:
2263:Drivers/STM32F1xx_HAL_Driver/Src/stm32f1xx_ll_usb.c ****       PCD_RX_DTOG(USBx, ep->num);
 1415              		.loc 1 2263 7 discriminator 1 view .LVU493
 1416 017c 43F0C003 		orr	r3, r3, #192
 1417 0180 20F82230 		strh	r3, [r0, r2, lsl #2]	@ movhi
 1418              	.LVL168:
 1419              	.L51:
2263:Drivers/STM32F1xx_HAL_Driver/Src/stm32f1xx_ll_usb.c ****       PCD_RX_DTOG(USBx, ep->num);
 1420              		.loc 1 2263 7 discriminator 1 view .LVU494
 1421              	.LBE50:
2263:Drivers/STM32F1xx_HAL_Driver/Src/stm32f1xx_ll_usb.c ****       PCD_RX_DTOG(USBx, ep->num);
 1422              		.loc 1 2263 7 is_stmt 1 view .LVU495
 1423              	.LBE49:
2263:Drivers/STM32F1xx_HAL_Driver/Src/stm32f1xx_ll_usb.c ****       PCD_RX_DTOG(USBx, ep->num);
 1424              		.loc 1 2263 7 view .LVU496
2264:Drivers/STM32F1xx_HAL_Driver/Src/stm32f1xx_ll_usb.c **** 
 1425              		.loc 1 2264 7 view .LVU497
 1426              	.LBB51:
2264:Drivers/STM32F1xx_HAL_Driver/Src/stm32f1xx_ll_usb.c **** 
 1427              		.loc 1 2264 7 view .LVU498
ARM GAS  C:\Users\crist\AppData\Local\Temp\ccqk2JNa.s 			page 69


2264:Drivers/STM32F1xx_HAL_Driver/Src/stm32f1xx_ll_usb.c **** 
 1428              		.loc 1 2264 7 view .LVU499
 1429 0184 0A78     		ldrb	r2, [r1]	@ zero_extendqisi2
 1430 0186 30F82230 		ldrh	r3, [r0, r2, lsl #2]
 1431 018a 9BB2     		uxth	r3, r3
 1432 018c 23F4E043 		bic	r3, r3, #28672
 1433 0190 23F07003 		bic	r3, r3, #112
 1434              	.LVL169:
2264:Drivers/STM32F1xx_HAL_Driver/Src/stm32f1xx_ll_usb.c **** 
 1435              		.loc 1 2264 7 view .LVU500
 1436 0194 43F44043 		orr	r3, r3, #49152
 1437              	.LVL170:
2264:Drivers/STM32F1xx_HAL_Driver/Src/stm32f1xx_ll_usb.c **** 
 1438              		.loc 1 2264 7 is_stmt 0 view .LVU501
 1439 0198 43F08003 		orr	r3, r3, #128
 1440 019c 20F82230 		strh	r3, [r0, r2, lsl #2]	@ movhi
 1441              	.LBE51:
2264:Drivers/STM32F1xx_HAL_Driver/Src/stm32f1xx_ll_usb.c **** 
 1442              		.loc 1 2264 7 is_stmt 1 view .LVU502
2267:Drivers/STM32F1xx_HAL_Driver/Src/stm32f1xx_ll_usb.c ****       PCD_SET_EP_RX_STATUS(USBx, ep->num, USB_EP_RX_DIS);
 1443              		.loc 1 2267 7 view .LVU503
 1444              	.LBB52:
2267:Drivers/STM32F1xx_HAL_Driver/Src/stm32f1xx_ll_usb.c ****       PCD_SET_EP_RX_STATUS(USBx, ep->num, USB_EP_RX_DIS);
 1445              		.loc 1 2267 7 view .LVU504
2267:Drivers/STM32F1xx_HAL_Driver/Src/stm32f1xx_ll_usb.c ****       PCD_SET_EP_RX_STATUS(USBx, ep->num, USB_EP_RX_DIS);
 1446              		.loc 1 2267 7 view .LVU505
 1447 01a0 0A78     		ldrb	r2, [r1]	@ zero_extendqisi2
 1448 01a2 30F82230 		ldrh	r3, [r0, r2, lsl #2]
 1449 01a6 9BB2     		uxth	r3, r3
 1450 01a8 23F4E043 		bic	r3, r3, #28672
 1451 01ac 23F04003 		bic	r3, r3, #64
 1452              	.LVL171:
2267:Drivers/STM32F1xx_HAL_Driver/Src/stm32f1xx_ll_usb.c ****       PCD_SET_EP_RX_STATUS(USBx, ep->num, USB_EP_RX_DIS);
 1453              		.loc 1 2267 7 view .LVU506
2267:Drivers/STM32F1xx_HAL_Driver/Src/stm32f1xx_ll_usb.c ****       PCD_SET_EP_RX_STATUS(USBx, ep->num, USB_EP_RX_DIS);
 1454              		.loc 1 2267 7 discriminator 3 view .LVU507
2267:Drivers/STM32F1xx_HAL_Driver/Src/stm32f1xx_ll_usb.c ****       PCD_SET_EP_RX_STATUS(USBx, ep->num, USB_EP_RX_DIS);
 1455              		.loc 1 2267 7 discriminator 6 view .LVU508
 1456 01b0 48F2800C 		movw	ip, #32896
 1457 01b4 43EA0C03 		orr	r3, r3, ip
 1458              	.LVL172:
2267:Drivers/STM32F1xx_HAL_Driver/Src/stm32f1xx_ll_usb.c ****       PCD_SET_EP_RX_STATUS(USBx, ep->num, USB_EP_RX_DIS);
 1459              		.loc 1 2267 7 is_stmt 0 discriminator 6 view .LVU509
 1460 01b8 20F82230 		strh	r3, [r0, r2, lsl #2]	@ movhi
 1461              	.LBE52:
2267:Drivers/STM32F1xx_HAL_Driver/Src/stm32f1xx_ll_usb.c ****       PCD_SET_EP_RX_STATUS(USBx, ep->num, USB_EP_RX_DIS);
 1462              		.loc 1 2267 7 is_stmt 1 view .LVU510
2268:Drivers/STM32F1xx_HAL_Driver/Src/stm32f1xx_ll_usb.c ****     }
 1463              		.loc 1 2268 7 view .LVU511
 1464              	.LBB53:
2268:Drivers/STM32F1xx_HAL_Driver/Src/stm32f1xx_ll_usb.c ****     }
 1465              		.loc 1 2268 7 view .LVU512
2268:Drivers/STM32F1xx_HAL_Driver/Src/stm32f1xx_ll_usb.c ****     }
 1466              		.loc 1 2268 7 view .LVU513
 1467 01bc 0A78     		ldrb	r2, [r1]	@ zero_extendqisi2
 1468 01be 30F82230 		ldrh	r3, [r0, r2, lsl #2]
 1469 01c2 9BB2     		uxth	r3, r3
ARM GAS  C:\Users\crist\AppData\Local\Temp\ccqk2JNa.s 			page 70


 1470 01c4 23F48043 		bic	r3, r3, #16384
 1471 01c8 23F07003 		bic	r3, r3, #112
 1472              	.LVL173:
2268:Drivers/STM32F1xx_HAL_Driver/Src/stm32f1xx_ll_usb.c ****     }
 1473              		.loc 1 2268 7 view .LVU514
2268:Drivers/STM32F1xx_HAL_Driver/Src/stm32f1xx_ll_usb.c ****     }
 1474              		.loc 1 2268 7 discriminator 3 view .LVU515
2268:Drivers/STM32F1xx_HAL_Driver/Src/stm32f1xx_ll_usb.c ****     }
 1475              		.loc 1 2268 7 discriminator 6 view .LVU516
 1476 01cc 43EA0C03 		orr	r3, r3, ip
 1477              	.LVL174:
2268:Drivers/STM32F1xx_HAL_Driver/Src/stm32f1xx_ll_usb.c ****     }
 1478              		.loc 1 2268 7 is_stmt 0 discriminator 6 view .LVU517
 1479 01d0 20F82230 		strh	r3, [r0, r2, lsl #2]	@ movhi
 1480 01d4 3AE7     		b	.L45
 1481              	.LBE53:
 1482              		.cfi_endproc
 1483              	.LFE73:
 1485              		.section	.text.USB_EPSetStall,"ax",%progbits
 1486              		.align	1
 1487              		.global	USB_EPSetStall
 1488              		.syntax unified
 1489              		.thumb
 1490              		.thumb_func
 1492              	USB_EPSetStall:
 1493              	.LVL175:
 1494              	.LFB75:
2275:Drivers/STM32F1xx_HAL_Driver/Src/stm32f1xx_ll_usb.c **** 
2276:Drivers/STM32F1xx_HAL_Driver/Src/stm32f1xx_ll_usb.c **** /**
2277:Drivers/STM32F1xx_HAL_Driver/Src/stm32f1xx_ll_usb.c ****   * @brief  USB_EPStartXfer setup and starts a transfer over an EP
2278:Drivers/STM32F1xx_HAL_Driver/Src/stm32f1xx_ll_usb.c ****   * @param  USBx Selected device
2279:Drivers/STM32F1xx_HAL_Driver/Src/stm32f1xx_ll_usb.c ****   * @param  ep pointer to endpoint structure
2280:Drivers/STM32F1xx_HAL_Driver/Src/stm32f1xx_ll_usb.c ****   * @retval HAL status
2281:Drivers/STM32F1xx_HAL_Driver/Src/stm32f1xx_ll_usb.c ****   */
2282:Drivers/STM32F1xx_HAL_Driver/Src/stm32f1xx_ll_usb.c **** HAL_StatusTypeDef USB_EPStartXfer(USB_TypeDef *USBx, USB_EPTypeDef *ep)
2283:Drivers/STM32F1xx_HAL_Driver/Src/stm32f1xx_ll_usb.c **** {
2284:Drivers/STM32F1xx_HAL_Driver/Src/stm32f1xx_ll_usb.c ****   uint32_t len;
2285:Drivers/STM32F1xx_HAL_Driver/Src/stm32f1xx_ll_usb.c **** #if (USE_USB_DOUBLE_BUFFER == 1U)
2286:Drivers/STM32F1xx_HAL_Driver/Src/stm32f1xx_ll_usb.c ****   uint16_t pmabuffer;
2287:Drivers/STM32F1xx_HAL_Driver/Src/stm32f1xx_ll_usb.c ****   uint16_t wEPVal;
2288:Drivers/STM32F1xx_HAL_Driver/Src/stm32f1xx_ll_usb.c **** #endif /* (USE_USB_DOUBLE_BUFFER == 1U) */
2289:Drivers/STM32F1xx_HAL_Driver/Src/stm32f1xx_ll_usb.c **** 
2290:Drivers/STM32F1xx_HAL_Driver/Src/stm32f1xx_ll_usb.c ****   /* IN endpoint */
2291:Drivers/STM32F1xx_HAL_Driver/Src/stm32f1xx_ll_usb.c ****   if (ep->is_in == 1U)
2292:Drivers/STM32F1xx_HAL_Driver/Src/stm32f1xx_ll_usb.c ****   {
2293:Drivers/STM32F1xx_HAL_Driver/Src/stm32f1xx_ll_usb.c ****     /*Multi packet transfer*/
2294:Drivers/STM32F1xx_HAL_Driver/Src/stm32f1xx_ll_usb.c ****     if (ep->xfer_len > ep->maxpacket)
2295:Drivers/STM32F1xx_HAL_Driver/Src/stm32f1xx_ll_usb.c ****     {
2296:Drivers/STM32F1xx_HAL_Driver/Src/stm32f1xx_ll_usb.c ****       len = ep->maxpacket;
2297:Drivers/STM32F1xx_HAL_Driver/Src/stm32f1xx_ll_usb.c ****     }
2298:Drivers/STM32F1xx_HAL_Driver/Src/stm32f1xx_ll_usb.c ****     else
2299:Drivers/STM32F1xx_HAL_Driver/Src/stm32f1xx_ll_usb.c ****     {
2300:Drivers/STM32F1xx_HAL_Driver/Src/stm32f1xx_ll_usb.c ****       len = ep->xfer_len;
2301:Drivers/STM32F1xx_HAL_Driver/Src/stm32f1xx_ll_usb.c ****     }
2302:Drivers/STM32F1xx_HAL_Driver/Src/stm32f1xx_ll_usb.c **** 
2303:Drivers/STM32F1xx_HAL_Driver/Src/stm32f1xx_ll_usb.c ****     /* configure and validate Tx endpoint */
2304:Drivers/STM32F1xx_HAL_Driver/Src/stm32f1xx_ll_usb.c ****     if (ep->doublebuffer == 0U)
ARM GAS  C:\Users\crist\AppData\Local\Temp\ccqk2JNa.s 			page 71


2305:Drivers/STM32F1xx_HAL_Driver/Src/stm32f1xx_ll_usb.c ****     {
2306:Drivers/STM32F1xx_HAL_Driver/Src/stm32f1xx_ll_usb.c ****       USB_WritePMA(USBx, ep->xfer_buff, ep->pmaadress, (uint16_t)len);
2307:Drivers/STM32F1xx_HAL_Driver/Src/stm32f1xx_ll_usb.c ****       PCD_SET_EP_TX_CNT(USBx, ep->num, len);
2308:Drivers/STM32F1xx_HAL_Driver/Src/stm32f1xx_ll_usb.c ****     }
2309:Drivers/STM32F1xx_HAL_Driver/Src/stm32f1xx_ll_usb.c **** #if (USE_USB_DOUBLE_BUFFER == 1U)
2310:Drivers/STM32F1xx_HAL_Driver/Src/stm32f1xx_ll_usb.c ****     else
2311:Drivers/STM32F1xx_HAL_Driver/Src/stm32f1xx_ll_usb.c ****     {
2312:Drivers/STM32F1xx_HAL_Driver/Src/stm32f1xx_ll_usb.c ****       /* double buffer bulk management */
2313:Drivers/STM32F1xx_HAL_Driver/Src/stm32f1xx_ll_usb.c ****       if (ep->type == EP_TYPE_BULK)
2314:Drivers/STM32F1xx_HAL_Driver/Src/stm32f1xx_ll_usb.c ****       {
2315:Drivers/STM32F1xx_HAL_Driver/Src/stm32f1xx_ll_usb.c ****         if (ep->xfer_len_db > ep->maxpacket)
2316:Drivers/STM32F1xx_HAL_Driver/Src/stm32f1xx_ll_usb.c ****         {
2317:Drivers/STM32F1xx_HAL_Driver/Src/stm32f1xx_ll_usb.c ****           /* enable double buffer */
2318:Drivers/STM32F1xx_HAL_Driver/Src/stm32f1xx_ll_usb.c ****           PCD_SET_BULK_EP_DBUF(USBx, ep->num);
2319:Drivers/STM32F1xx_HAL_Driver/Src/stm32f1xx_ll_usb.c **** 
2320:Drivers/STM32F1xx_HAL_Driver/Src/stm32f1xx_ll_usb.c ****           /* each Time to write in PMA xfer_len_db will */
2321:Drivers/STM32F1xx_HAL_Driver/Src/stm32f1xx_ll_usb.c ****           ep->xfer_len_db -= len;
2322:Drivers/STM32F1xx_HAL_Driver/Src/stm32f1xx_ll_usb.c **** 
2323:Drivers/STM32F1xx_HAL_Driver/Src/stm32f1xx_ll_usb.c ****           /* Fill the two first buffer in the Buffer0 & Buffer1 */
2324:Drivers/STM32F1xx_HAL_Driver/Src/stm32f1xx_ll_usb.c ****           if ((PCD_GET_ENDPOINT(USBx, ep->num) & USB_EP_DTOG_TX) != 0U)
2325:Drivers/STM32F1xx_HAL_Driver/Src/stm32f1xx_ll_usb.c ****           {
2326:Drivers/STM32F1xx_HAL_Driver/Src/stm32f1xx_ll_usb.c ****             /* Set the Double buffer counter for pmabuffer1 */
2327:Drivers/STM32F1xx_HAL_Driver/Src/stm32f1xx_ll_usb.c ****             PCD_SET_EP_DBUF1_CNT(USBx, ep->num, ep->is_in, len);
2328:Drivers/STM32F1xx_HAL_Driver/Src/stm32f1xx_ll_usb.c ****             pmabuffer = ep->pmaaddr1;
2329:Drivers/STM32F1xx_HAL_Driver/Src/stm32f1xx_ll_usb.c **** 
2330:Drivers/STM32F1xx_HAL_Driver/Src/stm32f1xx_ll_usb.c ****             /* Write the user buffer to USB PMA */
2331:Drivers/STM32F1xx_HAL_Driver/Src/stm32f1xx_ll_usb.c ****             USB_WritePMA(USBx, ep->xfer_buff, pmabuffer, (uint16_t)len);
2332:Drivers/STM32F1xx_HAL_Driver/Src/stm32f1xx_ll_usb.c ****             ep->xfer_buff += len;
2333:Drivers/STM32F1xx_HAL_Driver/Src/stm32f1xx_ll_usb.c **** 
2334:Drivers/STM32F1xx_HAL_Driver/Src/stm32f1xx_ll_usb.c ****             if (ep->xfer_len_db > ep->maxpacket)
2335:Drivers/STM32F1xx_HAL_Driver/Src/stm32f1xx_ll_usb.c ****             {
2336:Drivers/STM32F1xx_HAL_Driver/Src/stm32f1xx_ll_usb.c ****               ep->xfer_len_db -= len;
2337:Drivers/STM32F1xx_HAL_Driver/Src/stm32f1xx_ll_usb.c ****             }
2338:Drivers/STM32F1xx_HAL_Driver/Src/stm32f1xx_ll_usb.c ****             else
2339:Drivers/STM32F1xx_HAL_Driver/Src/stm32f1xx_ll_usb.c ****             {
2340:Drivers/STM32F1xx_HAL_Driver/Src/stm32f1xx_ll_usb.c ****               len = ep->xfer_len_db;
2341:Drivers/STM32F1xx_HAL_Driver/Src/stm32f1xx_ll_usb.c ****               ep->xfer_len_db = 0U;
2342:Drivers/STM32F1xx_HAL_Driver/Src/stm32f1xx_ll_usb.c ****             }
2343:Drivers/STM32F1xx_HAL_Driver/Src/stm32f1xx_ll_usb.c **** 
2344:Drivers/STM32F1xx_HAL_Driver/Src/stm32f1xx_ll_usb.c ****             /* Set the Double buffer counter for pmabuffer0 */
2345:Drivers/STM32F1xx_HAL_Driver/Src/stm32f1xx_ll_usb.c ****             PCD_SET_EP_DBUF0_CNT(USBx, ep->num, ep->is_in, len);
2346:Drivers/STM32F1xx_HAL_Driver/Src/stm32f1xx_ll_usb.c ****             pmabuffer = ep->pmaaddr0;
2347:Drivers/STM32F1xx_HAL_Driver/Src/stm32f1xx_ll_usb.c **** 
2348:Drivers/STM32F1xx_HAL_Driver/Src/stm32f1xx_ll_usb.c ****             /* Write the user buffer to USB PMA */
2349:Drivers/STM32F1xx_HAL_Driver/Src/stm32f1xx_ll_usb.c ****             USB_WritePMA(USBx, ep->xfer_buff, pmabuffer, (uint16_t)len);
2350:Drivers/STM32F1xx_HAL_Driver/Src/stm32f1xx_ll_usb.c ****           }
2351:Drivers/STM32F1xx_HAL_Driver/Src/stm32f1xx_ll_usb.c ****           else
2352:Drivers/STM32F1xx_HAL_Driver/Src/stm32f1xx_ll_usb.c ****           {
2353:Drivers/STM32F1xx_HAL_Driver/Src/stm32f1xx_ll_usb.c ****             /* Set the Double buffer counter for pmabuffer0 */
2354:Drivers/STM32F1xx_HAL_Driver/Src/stm32f1xx_ll_usb.c ****             PCD_SET_EP_DBUF0_CNT(USBx, ep->num, ep->is_in, len);
2355:Drivers/STM32F1xx_HAL_Driver/Src/stm32f1xx_ll_usb.c ****             pmabuffer = ep->pmaaddr0;
2356:Drivers/STM32F1xx_HAL_Driver/Src/stm32f1xx_ll_usb.c **** 
2357:Drivers/STM32F1xx_HAL_Driver/Src/stm32f1xx_ll_usb.c ****             /* Write the user buffer to USB PMA */
2358:Drivers/STM32F1xx_HAL_Driver/Src/stm32f1xx_ll_usb.c ****             USB_WritePMA(USBx, ep->xfer_buff, pmabuffer, (uint16_t)len);
2359:Drivers/STM32F1xx_HAL_Driver/Src/stm32f1xx_ll_usb.c ****             ep->xfer_buff += len;
2360:Drivers/STM32F1xx_HAL_Driver/Src/stm32f1xx_ll_usb.c **** 
2361:Drivers/STM32F1xx_HAL_Driver/Src/stm32f1xx_ll_usb.c ****             if (ep->xfer_len_db > ep->maxpacket)
ARM GAS  C:\Users\crist\AppData\Local\Temp\ccqk2JNa.s 			page 72


2362:Drivers/STM32F1xx_HAL_Driver/Src/stm32f1xx_ll_usb.c ****             {
2363:Drivers/STM32F1xx_HAL_Driver/Src/stm32f1xx_ll_usb.c ****               ep->xfer_len_db -= len;
2364:Drivers/STM32F1xx_HAL_Driver/Src/stm32f1xx_ll_usb.c ****             }
2365:Drivers/STM32F1xx_HAL_Driver/Src/stm32f1xx_ll_usb.c ****             else
2366:Drivers/STM32F1xx_HAL_Driver/Src/stm32f1xx_ll_usb.c ****             {
2367:Drivers/STM32F1xx_HAL_Driver/Src/stm32f1xx_ll_usb.c ****               len = ep->xfer_len_db;
2368:Drivers/STM32F1xx_HAL_Driver/Src/stm32f1xx_ll_usb.c ****               ep->xfer_len_db = 0U;
2369:Drivers/STM32F1xx_HAL_Driver/Src/stm32f1xx_ll_usb.c ****             }
2370:Drivers/STM32F1xx_HAL_Driver/Src/stm32f1xx_ll_usb.c **** 
2371:Drivers/STM32F1xx_HAL_Driver/Src/stm32f1xx_ll_usb.c ****             /* Set the Double buffer counter for pmabuffer1 */
2372:Drivers/STM32F1xx_HAL_Driver/Src/stm32f1xx_ll_usb.c ****             PCD_SET_EP_DBUF1_CNT(USBx, ep->num, ep->is_in, len);
2373:Drivers/STM32F1xx_HAL_Driver/Src/stm32f1xx_ll_usb.c ****             pmabuffer = ep->pmaaddr1;
2374:Drivers/STM32F1xx_HAL_Driver/Src/stm32f1xx_ll_usb.c **** 
2375:Drivers/STM32F1xx_HAL_Driver/Src/stm32f1xx_ll_usb.c ****             /* Write the user buffer to USB PMA */
2376:Drivers/STM32F1xx_HAL_Driver/Src/stm32f1xx_ll_usb.c ****             USB_WritePMA(USBx, ep->xfer_buff, pmabuffer, (uint16_t)len);
2377:Drivers/STM32F1xx_HAL_Driver/Src/stm32f1xx_ll_usb.c ****           }
2378:Drivers/STM32F1xx_HAL_Driver/Src/stm32f1xx_ll_usb.c ****         }
2379:Drivers/STM32F1xx_HAL_Driver/Src/stm32f1xx_ll_usb.c ****         /* auto Switch to single buffer mode when transfer <Mps no need to manage in double buffer 
2380:Drivers/STM32F1xx_HAL_Driver/Src/stm32f1xx_ll_usb.c ****         else
2381:Drivers/STM32F1xx_HAL_Driver/Src/stm32f1xx_ll_usb.c ****         {
2382:Drivers/STM32F1xx_HAL_Driver/Src/stm32f1xx_ll_usb.c ****           len = ep->xfer_len_db;
2383:Drivers/STM32F1xx_HAL_Driver/Src/stm32f1xx_ll_usb.c **** 
2384:Drivers/STM32F1xx_HAL_Driver/Src/stm32f1xx_ll_usb.c ****           /* disable double buffer mode for Bulk endpoint */
2385:Drivers/STM32F1xx_HAL_Driver/Src/stm32f1xx_ll_usb.c ****           PCD_CLEAR_BULK_EP_DBUF(USBx, ep->num);
2386:Drivers/STM32F1xx_HAL_Driver/Src/stm32f1xx_ll_usb.c **** 
2387:Drivers/STM32F1xx_HAL_Driver/Src/stm32f1xx_ll_usb.c ****           /* Set Tx count with nbre of byte to be transmitted */
2388:Drivers/STM32F1xx_HAL_Driver/Src/stm32f1xx_ll_usb.c ****           PCD_SET_EP_TX_CNT(USBx, ep->num, len);
2389:Drivers/STM32F1xx_HAL_Driver/Src/stm32f1xx_ll_usb.c ****           pmabuffer = ep->pmaaddr0;
2390:Drivers/STM32F1xx_HAL_Driver/Src/stm32f1xx_ll_usb.c **** 
2391:Drivers/STM32F1xx_HAL_Driver/Src/stm32f1xx_ll_usb.c ****           /* Write the user buffer to USB PMA */
2392:Drivers/STM32F1xx_HAL_Driver/Src/stm32f1xx_ll_usb.c ****           USB_WritePMA(USBx, ep->xfer_buff, pmabuffer, (uint16_t)len);
2393:Drivers/STM32F1xx_HAL_Driver/Src/stm32f1xx_ll_usb.c ****         }
2394:Drivers/STM32F1xx_HAL_Driver/Src/stm32f1xx_ll_usb.c ****       }
2395:Drivers/STM32F1xx_HAL_Driver/Src/stm32f1xx_ll_usb.c ****       else /* manage isochronous double buffer IN mode */
2396:Drivers/STM32F1xx_HAL_Driver/Src/stm32f1xx_ll_usb.c ****       {
2397:Drivers/STM32F1xx_HAL_Driver/Src/stm32f1xx_ll_usb.c ****         /* each Time to write in PMA xfer_len_db will */
2398:Drivers/STM32F1xx_HAL_Driver/Src/stm32f1xx_ll_usb.c ****         ep->xfer_len_db -= len;
2399:Drivers/STM32F1xx_HAL_Driver/Src/stm32f1xx_ll_usb.c **** 
2400:Drivers/STM32F1xx_HAL_Driver/Src/stm32f1xx_ll_usb.c ****         /* Fill the data buffer */
2401:Drivers/STM32F1xx_HAL_Driver/Src/stm32f1xx_ll_usb.c ****         if ((PCD_GET_ENDPOINT(USBx, ep->num) & USB_EP_DTOG_TX) != 0U)
2402:Drivers/STM32F1xx_HAL_Driver/Src/stm32f1xx_ll_usb.c ****         {
2403:Drivers/STM32F1xx_HAL_Driver/Src/stm32f1xx_ll_usb.c ****           /* Set the Double buffer counter for pmabuffer1 */
2404:Drivers/STM32F1xx_HAL_Driver/Src/stm32f1xx_ll_usb.c ****           PCD_SET_EP_DBUF1_CNT(USBx, ep->num, ep->is_in, len);
2405:Drivers/STM32F1xx_HAL_Driver/Src/stm32f1xx_ll_usb.c ****           pmabuffer = ep->pmaaddr1;
2406:Drivers/STM32F1xx_HAL_Driver/Src/stm32f1xx_ll_usb.c **** 
2407:Drivers/STM32F1xx_HAL_Driver/Src/stm32f1xx_ll_usb.c ****           /* Write the user buffer to USB PMA */
2408:Drivers/STM32F1xx_HAL_Driver/Src/stm32f1xx_ll_usb.c ****           USB_WritePMA(USBx, ep->xfer_buff, pmabuffer, (uint16_t)len);
2409:Drivers/STM32F1xx_HAL_Driver/Src/stm32f1xx_ll_usb.c ****         }
2410:Drivers/STM32F1xx_HAL_Driver/Src/stm32f1xx_ll_usb.c ****         else
2411:Drivers/STM32F1xx_HAL_Driver/Src/stm32f1xx_ll_usb.c ****         {
2412:Drivers/STM32F1xx_HAL_Driver/Src/stm32f1xx_ll_usb.c ****           /* Set the Double buffer counter for pmabuffer0 */
2413:Drivers/STM32F1xx_HAL_Driver/Src/stm32f1xx_ll_usb.c ****           PCD_SET_EP_DBUF0_CNT(USBx, ep->num, ep->is_in, len);
2414:Drivers/STM32F1xx_HAL_Driver/Src/stm32f1xx_ll_usb.c ****           pmabuffer = ep->pmaaddr0;
2415:Drivers/STM32F1xx_HAL_Driver/Src/stm32f1xx_ll_usb.c **** 
2416:Drivers/STM32F1xx_HAL_Driver/Src/stm32f1xx_ll_usb.c ****           /* Write the user buffer to USB PMA */
2417:Drivers/STM32F1xx_HAL_Driver/Src/stm32f1xx_ll_usb.c ****           USB_WritePMA(USBx, ep->xfer_buff, pmabuffer, (uint16_t)len);
2418:Drivers/STM32F1xx_HAL_Driver/Src/stm32f1xx_ll_usb.c ****         }
ARM GAS  C:\Users\crist\AppData\Local\Temp\ccqk2JNa.s 			page 73


2419:Drivers/STM32F1xx_HAL_Driver/Src/stm32f1xx_ll_usb.c ****       }
2420:Drivers/STM32F1xx_HAL_Driver/Src/stm32f1xx_ll_usb.c ****     }
2421:Drivers/STM32F1xx_HAL_Driver/Src/stm32f1xx_ll_usb.c **** #endif /* (USE_USB_DOUBLE_BUFFER == 1U) */
2422:Drivers/STM32F1xx_HAL_Driver/Src/stm32f1xx_ll_usb.c **** 
2423:Drivers/STM32F1xx_HAL_Driver/Src/stm32f1xx_ll_usb.c ****     PCD_SET_EP_TX_STATUS(USBx, ep->num, USB_EP_TX_VALID);
2424:Drivers/STM32F1xx_HAL_Driver/Src/stm32f1xx_ll_usb.c ****   }
2425:Drivers/STM32F1xx_HAL_Driver/Src/stm32f1xx_ll_usb.c ****   else /* OUT endpoint */
2426:Drivers/STM32F1xx_HAL_Driver/Src/stm32f1xx_ll_usb.c ****   {
2427:Drivers/STM32F1xx_HAL_Driver/Src/stm32f1xx_ll_usb.c ****     if (ep->doublebuffer == 0U)
2428:Drivers/STM32F1xx_HAL_Driver/Src/stm32f1xx_ll_usb.c ****     {
2429:Drivers/STM32F1xx_HAL_Driver/Src/stm32f1xx_ll_usb.c ****       /* Multi packet transfer */
2430:Drivers/STM32F1xx_HAL_Driver/Src/stm32f1xx_ll_usb.c ****       if (ep->xfer_len > ep->maxpacket)
2431:Drivers/STM32F1xx_HAL_Driver/Src/stm32f1xx_ll_usb.c ****       {
2432:Drivers/STM32F1xx_HAL_Driver/Src/stm32f1xx_ll_usb.c ****         len = ep->maxpacket;
2433:Drivers/STM32F1xx_HAL_Driver/Src/stm32f1xx_ll_usb.c ****         ep->xfer_len -= len;
2434:Drivers/STM32F1xx_HAL_Driver/Src/stm32f1xx_ll_usb.c ****       }
2435:Drivers/STM32F1xx_HAL_Driver/Src/stm32f1xx_ll_usb.c ****       else
2436:Drivers/STM32F1xx_HAL_Driver/Src/stm32f1xx_ll_usb.c ****       {
2437:Drivers/STM32F1xx_HAL_Driver/Src/stm32f1xx_ll_usb.c ****         len = ep->xfer_len;
2438:Drivers/STM32F1xx_HAL_Driver/Src/stm32f1xx_ll_usb.c ****         ep->xfer_len = 0U;
2439:Drivers/STM32F1xx_HAL_Driver/Src/stm32f1xx_ll_usb.c ****       }
2440:Drivers/STM32F1xx_HAL_Driver/Src/stm32f1xx_ll_usb.c ****       /* configure and validate Rx endpoint */
2441:Drivers/STM32F1xx_HAL_Driver/Src/stm32f1xx_ll_usb.c ****       PCD_SET_EP_RX_CNT(USBx, ep->num, len);
2442:Drivers/STM32F1xx_HAL_Driver/Src/stm32f1xx_ll_usb.c ****     }
2443:Drivers/STM32F1xx_HAL_Driver/Src/stm32f1xx_ll_usb.c **** #if (USE_USB_DOUBLE_BUFFER == 1U)
2444:Drivers/STM32F1xx_HAL_Driver/Src/stm32f1xx_ll_usb.c ****     else
2445:Drivers/STM32F1xx_HAL_Driver/Src/stm32f1xx_ll_usb.c ****     {
2446:Drivers/STM32F1xx_HAL_Driver/Src/stm32f1xx_ll_usb.c ****       /* First Transfer Coming From HAL_PCD_EP_Receive & From ISR */
2447:Drivers/STM32F1xx_HAL_Driver/Src/stm32f1xx_ll_usb.c ****       /* Set the Double buffer counter */
2448:Drivers/STM32F1xx_HAL_Driver/Src/stm32f1xx_ll_usb.c ****       if (ep->type == EP_TYPE_BULK)
2449:Drivers/STM32F1xx_HAL_Driver/Src/stm32f1xx_ll_usb.c ****       {
2450:Drivers/STM32F1xx_HAL_Driver/Src/stm32f1xx_ll_usb.c ****         PCD_SET_EP_DBUF_CNT(USBx, ep->num, ep->is_in, ep->maxpacket);
2451:Drivers/STM32F1xx_HAL_Driver/Src/stm32f1xx_ll_usb.c **** 
2452:Drivers/STM32F1xx_HAL_Driver/Src/stm32f1xx_ll_usb.c ****         /* Coming from ISR */
2453:Drivers/STM32F1xx_HAL_Driver/Src/stm32f1xx_ll_usb.c ****         if (ep->xfer_count != 0U)
2454:Drivers/STM32F1xx_HAL_Driver/Src/stm32f1xx_ll_usb.c ****         {
2455:Drivers/STM32F1xx_HAL_Driver/Src/stm32f1xx_ll_usb.c ****           /* update last value to check if there is blocking state */
2456:Drivers/STM32F1xx_HAL_Driver/Src/stm32f1xx_ll_usb.c ****           wEPVal = PCD_GET_ENDPOINT(USBx, ep->num);
2457:Drivers/STM32F1xx_HAL_Driver/Src/stm32f1xx_ll_usb.c **** 
2458:Drivers/STM32F1xx_HAL_Driver/Src/stm32f1xx_ll_usb.c ****           /*Blocking State */
2459:Drivers/STM32F1xx_HAL_Driver/Src/stm32f1xx_ll_usb.c ****           if ((((wEPVal & USB_EP_DTOG_RX) != 0U) && ((wEPVal & USB_EP_DTOG_TX) != 0U)) ||
2460:Drivers/STM32F1xx_HAL_Driver/Src/stm32f1xx_ll_usb.c ****               (((wEPVal & USB_EP_DTOG_RX) == 0U) && ((wEPVal & USB_EP_DTOG_TX) == 0U)))
2461:Drivers/STM32F1xx_HAL_Driver/Src/stm32f1xx_ll_usb.c ****           {
2462:Drivers/STM32F1xx_HAL_Driver/Src/stm32f1xx_ll_usb.c ****             PCD_FREE_USER_BUFFER(USBx, ep->num, 0U);
2463:Drivers/STM32F1xx_HAL_Driver/Src/stm32f1xx_ll_usb.c ****           }
2464:Drivers/STM32F1xx_HAL_Driver/Src/stm32f1xx_ll_usb.c ****         }
2465:Drivers/STM32F1xx_HAL_Driver/Src/stm32f1xx_ll_usb.c ****       }
2466:Drivers/STM32F1xx_HAL_Driver/Src/stm32f1xx_ll_usb.c ****       /* iso out double */
2467:Drivers/STM32F1xx_HAL_Driver/Src/stm32f1xx_ll_usb.c ****       else if (ep->type == EP_TYPE_ISOC)
2468:Drivers/STM32F1xx_HAL_Driver/Src/stm32f1xx_ll_usb.c ****       {
2469:Drivers/STM32F1xx_HAL_Driver/Src/stm32f1xx_ll_usb.c ****         /* Multi packet transfer */
2470:Drivers/STM32F1xx_HAL_Driver/Src/stm32f1xx_ll_usb.c ****         if (ep->xfer_len > ep->maxpacket)
2471:Drivers/STM32F1xx_HAL_Driver/Src/stm32f1xx_ll_usb.c ****         {
2472:Drivers/STM32F1xx_HAL_Driver/Src/stm32f1xx_ll_usb.c ****           len = ep->maxpacket;
2473:Drivers/STM32F1xx_HAL_Driver/Src/stm32f1xx_ll_usb.c ****           ep->xfer_len -= len;
2474:Drivers/STM32F1xx_HAL_Driver/Src/stm32f1xx_ll_usb.c ****         }
2475:Drivers/STM32F1xx_HAL_Driver/Src/stm32f1xx_ll_usb.c ****         else
ARM GAS  C:\Users\crist\AppData\Local\Temp\ccqk2JNa.s 			page 74


2476:Drivers/STM32F1xx_HAL_Driver/Src/stm32f1xx_ll_usb.c ****         {
2477:Drivers/STM32F1xx_HAL_Driver/Src/stm32f1xx_ll_usb.c ****           len = ep->xfer_len;
2478:Drivers/STM32F1xx_HAL_Driver/Src/stm32f1xx_ll_usb.c ****           ep->xfer_len = 0U;
2479:Drivers/STM32F1xx_HAL_Driver/Src/stm32f1xx_ll_usb.c ****         }
2480:Drivers/STM32F1xx_HAL_Driver/Src/stm32f1xx_ll_usb.c ****         PCD_SET_EP_DBUF_CNT(USBx, ep->num, ep->is_in, len);
2481:Drivers/STM32F1xx_HAL_Driver/Src/stm32f1xx_ll_usb.c ****       }
2482:Drivers/STM32F1xx_HAL_Driver/Src/stm32f1xx_ll_usb.c ****       else
2483:Drivers/STM32F1xx_HAL_Driver/Src/stm32f1xx_ll_usb.c ****       {
2484:Drivers/STM32F1xx_HAL_Driver/Src/stm32f1xx_ll_usb.c ****         return HAL_ERROR;
2485:Drivers/STM32F1xx_HAL_Driver/Src/stm32f1xx_ll_usb.c ****       }
2486:Drivers/STM32F1xx_HAL_Driver/Src/stm32f1xx_ll_usb.c ****     }
2487:Drivers/STM32F1xx_HAL_Driver/Src/stm32f1xx_ll_usb.c **** #endif /* (USE_USB_DOUBLE_BUFFER == 1U) */
2488:Drivers/STM32F1xx_HAL_Driver/Src/stm32f1xx_ll_usb.c **** 
2489:Drivers/STM32F1xx_HAL_Driver/Src/stm32f1xx_ll_usb.c ****     PCD_SET_EP_RX_STATUS(USBx, ep->num, USB_EP_RX_VALID);
2490:Drivers/STM32F1xx_HAL_Driver/Src/stm32f1xx_ll_usb.c ****   }
2491:Drivers/STM32F1xx_HAL_Driver/Src/stm32f1xx_ll_usb.c **** 
2492:Drivers/STM32F1xx_HAL_Driver/Src/stm32f1xx_ll_usb.c ****   return HAL_OK;
2493:Drivers/STM32F1xx_HAL_Driver/Src/stm32f1xx_ll_usb.c **** }
2494:Drivers/STM32F1xx_HAL_Driver/Src/stm32f1xx_ll_usb.c **** 
2495:Drivers/STM32F1xx_HAL_Driver/Src/stm32f1xx_ll_usb.c **** 
2496:Drivers/STM32F1xx_HAL_Driver/Src/stm32f1xx_ll_usb.c **** /**
2497:Drivers/STM32F1xx_HAL_Driver/Src/stm32f1xx_ll_usb.c ****   * @brief  USB_EPSetStall set a stall condition over an EP
2498:Drivers/STM32F1xx_HAL_Driver/Src/stm32f1xx_ll_usb.c ****   * @param  USBx Selected device
2499:Drivers/STM32F1xx_HAL_Driver/Src/stm32f1xx_ll_usb.c ****   * @param  ep pointer to endpoint structure
2500:Drivers/STM32F1xx_HAL_Driver/Src/stm32f1xx_ll_usb.c ****   * @retval HAL status
2501:Drivers/STM32F1xx_HAL_Driver/Src/stm32f1xx_ll_usb.c ****   */
2502:Drivers/STM32F1xx_HAL_Driver/Src/stm32f1xx_ll_usb.c **** HAL_StatusTypeDef USB_EPSetStall(USB_TypeDef *USBx, USB_EPTypeDef *ep)
2503:Drivers/STM32F1xx_HAL_Driver/Src/stm32f1xx_ll_usb.c **** {
 1495              		.loc 1 2503 1 is_stmt 1 view -0
 1496              		.cfi_startproc
 1497              		@ args = 0, pretend = 0, frame = 0
 1498              		@ frame_needed = 0, uses_anonymous_args = 0
 1499              		@ link register save eliminated.
2504:Drivers/STM32F1xx_HAL_Driver/Src/stm32f1xx_ll_usb.c ****   if (ep->is_in != 0U)
 1500              		.loc 1 2504 3 view .LVU519
 1501              		.loc 1 2504 9 is_stmt 0 view .LVU520
 1502 0000 4B78     		ldrb	r3, [r1, #1]	@ zero_extendqisi2
 1503              		.loc 1 2504 6 view .LVU521
 1504 0002 8BB1     		cbz	r3, .L53
2505:Drivers/STM32F1xx_HAL_Driver/Src/stm32f1xx_ll_usb.c ****   {
2506:Drivers/STM32F1xx_HAL_Driver/Src/stm32f1xx_ll_usb.c ****     PCD_SET_EP_TX_STATUS(USBx, ep->num, USB_EP_TX_STALL);
 1505              		.loc 1 2506 5 is_stmt 1 view .LVU522
 1506              	.LBB54:
 1507              		.loc 1 2506 5 view .LVU523
 1508              		.loc 1 2506 5 view .LVU524
 1509 0004 0A78     		ldrb	r2, [r1]	@ zero_extendqisi2
 1510 0006 30F82230 		ldrh	r3, [r0, r2, lsl #2]
 1511 000a 9BB2     		uxth	r3, r3
 1512 000c 23F4E043 		bic	r3, r3, #28672
 1513 0010 23F04003 		bic	r3, r3, #64
 1514              	.LVL176:
 1515              		.loc 1 2506 5 view .LVU525
 1516              		.loc 1 2506 5 discriminator 1 view .LVU526
 1517 0014 83F01003 		eor	r3, r3, #16
 1518              	.LVL177:
 1519              		.loc 1 2506 5 discriminator 3 view .LVU527
 1520              		.loc 1 2506 5 discriminator 6 view .LVU528
ARM GAS  C:\Users\crist\AppData\Local\Temp\ccqk2JNa.s 			page 75


 1521 0018 43F40043 		orr	r3, r3, #32768
 1522              	.LVL178:
 1523              		.loc 1 2506 5 is_stmt 0 discriminator 6 view .LVU529
 1524 001c 43F08003 		orr	r3, r3, #128
 1525 0020 20F82230 		strh	r3, [r0, r2, lsl #2]	@ movhi
 1526              	.LBE54:
 1527              		.loc 1 2506 5 is_stmt 1 view .LVU530
 1528              	.LVL179:
 1529              	.L54:
2507:Drivers/STM32F1xx_HAL_Driver/Src/stm32f1xx_ll_usb.c ****   }
2508:Drivers/STM32F1xx_HAL_Driver/Src/stm32f1xx_ll_usb.c ****   else
2509:Drivers/STM32F1xx_HAL_Driver/Src/stm32f1xx_ll_usb.c ****   {
2510:Drivers/STM32F1xx_HAL_Driver/Src/stm32f1xx_ll_usb.c ****     PCD_SET_EP_RX_STATUS(USBx, ep->num, USB_EP_RX_STALL);
 1530              		.loc 1 2510 5 view .LVU531
2511:Drivers/STM32F1xx_HAL_Driver/Src/stm32f1xx_ll_usb.c ****   }
2512:Drivers/STM32F1xx_HAL_Driver/Src/stm32f1xx_ll_usb.c **** 
2513:Drivers/STM32F1xx_HAL_Driver/Src/stm32f1xx_ll_usb.c ****   return HAL_OK;
 1531              		.loc 1 2513 3 view .LVU532
2514:Drivers/STM32F1xx_HAL_Driver/Src/stm32f1xx_ll_usb.c **** }
 1532              		.loc 1 2514 1 is_stmt 0 view .LVU533
 1533 0024 0020     		movs	r0, #0
 1534              	.LVL180:
 1535              		.loc 1 2514 1 view .LVU534
 1536 0026 7047     		bx	lr
 1537              	.LVL181:
 1538              	.L53:
2510:Drivers/STM32F1xx_HAL_Driver/Src/stm32f1xx_ll_usb.c ****   }
 1539              		.loc 1 2510 5 is_stmt 1 view .LVU535
 1540              	.LBB55:
2510:Drivers/STM32F1xx_HAL_Driver/Src/stm32f1xx_ll_usb.c ****   }
 1541              		.loc 1 2510 5 view .LVU536
2510:Drivers/STM32F1xx_HAL_Driver/Src/stm32f1xx_ll_usb.c ****   }
 1542              		.loc 1 2510 5 view .LVU537
 1543 0028 0A78     		ldrb	r2, [r1]	@ zero_extendqisi2
 1544 002a 30F82230 		ldrh	r3, [r0, r2, lsl #2]
 1545 002e 9BB2     		uxth	r3, r3
 1546 0030 23F48043 		bic	r3, r3, #16384
 1547 0034 23F07003 		bic	r3, r3, #112
 1548              	.LVL182:
2510:Drivers/STM32F1xx_HAL_Driver/Src/stm32f1xx_ll_usb.c ****   }
 1549              		.loc 1 2510 5 view .LVU538
2510:Drivers/STM32F1xx_HAL_Driver/Src/stm32f1xx_ll_usb.c ****   }
 1550              		.loc 1 2510 5 discriminator 1 view .LVU539
 1551 0038 83F48053 		eor	r3, r3, #4096
 1552              	.LVL183:
2510:Drivers/STM32F1xx_HAL_Driver/Src/stm32f1xx_ll_usb.c ****   }
 1553              		.loc 1 2510 5 discriminator 3 view .LVU540
2510:Drivers/STM32F1xx_HAL_Driver/Src/stm32f1xx_ll_usb.c ****   }
 1554              		.loc 1 2510 5 discriminator 6 view .LVU541
 1555 003c 43F40043 		orr	r3, r3, #32768
 1556              	.LVL184:
2510:Drivers/STM32F1xx_HAL_Driver/Src/stm32f1xx_ll_usb.c ****   }
 1557              		.loc 1 2510 5 is_stmt 0 discriminator 6 view .LVU542
 1558 0040 43F08003 		orr	r3, r3, #128
 1559 0044 20F82230 		strh	r3, [r0, r2, lsl #2]	@ movhi
 1560 0048 ECE7     		b	.L54
 1561              	.LBE55:
ARM GAS  C:\Users\crist\AppData\Local\Temp\ccqk2JNa.s 			page 76


 1562              		.cfi_endproc
 1563              	.LFE75:
 1565              		.section	.text.USB_EPClearStall,"ax",%progbits
 1566              		.align	1
 1567              		.global	USB_EPClearStall
 1568              		.syntax unified
 1569              		.thumb
 1570              		.thumb_func
 1572              	USB_EPClearStall:
 1573              	.LVL185:
 1574              	.LFB76:
2515:Drivers/STM32F1xx_HAL_Driver/Src/stm32f1xx_ll_usb.c **** 
2516:Drivers/STM32F1xx_HAL_Driver/Src/stm32f1xx_ll_usb.c **** /**
2517:Drivers/STM32F1xx_HAL_Driver/Src/stm32f1xx_ll_usb.c ****   * @brief  USB_EPClearStall Clear a stall condition over an EP
2518:Drivers/STM32F1xx_HAL_Driver/Src/stm32f1xx_ll_usb.c ****   * @param  USBx Selected device
2519:Drivers/STM32F1xx_HAL_Driver/Src/stm32f1xx_ll_usb.c ****   * @param  ep pointer to endpoint structure
2520:Drivers/STM32F1xx_HAL_Driver/Src/stm32f1xx_ll_usb.c ****   * @retval HAL status
2521:Drivers/STM32F1xx_HAL_Driver/Src/stm32f1xx_ll_usb.c ****   */
2522:Drivers/STM32F1xx_HAL_Driver/Src/stm32f1xx_ll_usb.c **** HAL_StatusTypeDef USB_EPClearStall(USB_TypeDef *USBx, USB_EPTypeDef *ep)
2523:Drivers/STM32F1xx_HAL_Driver/Src/stm32f1xx_ll_usb.c **** {
 1575              		.loc 1 2523 1 is_stmt 1 view -0
 1576              		.cfi_startproc
 1577              		@ args = 0, pretend = 0, frame = 0
 1578              		@ frame_needed = 0, uses_anonymous_args = 0
 1579              		@ link register save eliminated.
2524:Drivers/STM32F1xx_HAL_Driver/Src/stm32f1xx_ll_usb.c ****   if (ep->doublebuffer == 0U)
 1580              		.loc 1 2524 3 view .LVU544
 1581              		.loc 1 2524 9 is_stmt 0 view .LVU545
 1582 0000 0B7B     		ldrb	r3, [r1, #12]	@ zero_extendqisi2
 1583              		.loc 1 2524 6 view .LVU546
 1584 0002 002B     		cmp	r3, #0
 1585 0004 4BD1     		bne	.L56
2525:Drivers/STM32F1xx_HAL_Driver/Src/stm32f1xx_ll_usb.c ****   {
2526:Drivers/STM32F1xx_HAL_Driver/Src/stm32f1xx_ll_usb.c ****     if (ep->is_in != 0U)
 1586              		.loc 1 2526 5 is_stmt 1 view .LVU547
 1587              		.loc 1 2526 11 is_stmt 0 view .LVU548
 1588 0006 4B78     		ldrb	r3, [r1, #1]	@ zero_extendqisi2
 1589              		.loc 1 2526 8 view .LVU549
 1590 0008 33B3     		cbz	r3, .L57
2527:Drivers/STM32F1xx_HAL_Driver/Src/stm32f1xx_ll_usb.c ****     {
2528:Drivers/STM32F1xx_HAL_Driver/Src/stm32f1xx_ll_usb.c ****       PCD_CLEAR_TX_DTOG(USBx, ep->num);
 1591              		.loc 1 2528 7 is_stmt 1 view .LVU550
 1592              	.LBB56:
 1593              		.loc 1 2528 7 view .LVU551
 1594              		.loc 1 2528 7 view .LVU552
 1595 000a 0A78     		ldrb	r2, [r1]	@ zero_extendqisi2
 1596 000c 30F82230 		ldrh	r3, [r0, r2, lsl #2]
 1597              	.LVL186:
 1598              		.loc 1 2528 7 view .LVU553
 1599 0010 13F0400F 		tst	r3, #64
 1600 0014 0CD0     		beq	.L58
 1601              		.loc 1 2528 7 discriminator 1 view .LVU554
 1602              	.LBB57:
 1603              		.loc 1 2528 7 discriminator 1 view .LVU555
 1604              		.loc 1 2528 7 discriminator 1 view .LVU556
 1605 0016 30F82230 		ldrh	r3, [r0, r2, lsl #2]
 1606              	.LVL187:
ARM GAS  C:\Users\crist\AppData\Local\Temp\ccqk2JNa.s 			page 77


 1607              		.loc 1 2528 7 is_stmt 0 discriminator 1 view .LVU557
 1608 001a 9BB2     		uxth	r3, r3
 1609 001c 23F4E043 		bic	r3, r3, #28672
 1610 0020 23F07003 		bic	r3, r3, #112
 1611              	.LVL188:
 1612              		.loc 1 2528 7 is_stmt 1 view .LVU558
 1613              		.loc 1 2528 7 is_stmt 0 discriminator 1 view .LVU559
 1614 0024 43F40043 		orr	r3, r3, #32768
 1615              	.LVL189:
 1616              		.loc 1 2528 7 discriminator 1 view .LVU560
 1617 0028 43F0C003 		orr	r3, r3, #192
 1618 002c 20F82230 		strh	r3, [r0, r2, lsl #2]	@ movhi
 1619              	.LVL190:
 1620              	.L58:
 1621              		.loc 1 2528 7 discriminator 1 view .LVU561
 1622              	.LBE57:
 1623              		.loc 1 2528 7 is_stmt 1 view .LVU562
 1624              	.LBE56:
 1625              		.loc 1 2528 7 view .LVU563
2529:Drivers/STM32F1xx_HAL_Driver/Src/stm32f1xx_ll_usb.c **** 
2530:Drivers/STM32F1xx_HAL_Driver/Src/stm32f1xx_ll_usb.c ****       if (ep->type != EP_TYPE_ISOC)
 1626              		.loc 1 2530 7 view .LVU564
 1627              		.loc 1 2530 13 is_stmt 0 view .LVU565
 1628 0030 CB78     		ldrb	r3, [r1, #3]	@ zero_extendqisi2
 1629              		.loc 1 2530 10 view .LVU566
 1630 0032 012B     		cmp	r3, #1
 1631 0034 33D0     		beq	.L56
2531:Drivers/STM32F1xx_HAL_Driver/Src/stm32f1xx_ll_usb.c ****       {
2532:Drivers/STM32F1xx_HAL_Driver/Src/stm32f1xx_ll_usb.c ****         /* Configure NAK status for the Endpoint */
2533:Drivers/STM32F1xx_HAL_Driver/Src/stm32f1xx_ll_usb.c ****         PCD_SET_EP_TX_STATUS(USBx, ep->num, USB_EP_TX_NAK);
 1632              		.loc 1 2533 9 is_stmt 1 view .LVU567
 1633              	.LBB58:
 1634              		.loc 1 2533 9 view .LVU568
 1635              		.loc 1 2533 9 view .LVU569
 1636 0036 0A78     		ldrb	r2, [r1]	@ zero_extendqisi2
 1637 0038 30F82230 		ldrh	r3, [r0, r2, lsl #2]
 1638 003c 9BB2     		uxth	r3, r3
 1639 003e 23F4E043 		bic	r3, r3, #28672
 1640 0042 23F04003 		bic	r3, r3, #64
 1641              	.LVL191:
 1642              		.loc 1 2533 9 view .LVU570
 1643              		.loc 1 2533 9 discriminator 3 view .LVU571
 1644              		.loc 1 2533 9 discriminator 4 view .LVU572
 1645 0046 83F02003 		eor	r3, r3, #32
 1646              	.LVL192:
 1647              		.loc 1 2533 9 discriminator 6 view .LVU573
 1648 004a 43F40043 		orr	r3, r3, #32768
 1649              	.LVL193:
 1650              		.loc 1 2533 9 is_stmt 0 discriminator 6 view .LVU574
 1651 004e 43F08003 		orr	r3, r3, #128
 1652 0052 20F82230 		strh	r3, [r0, r2, lsl #2]	@ movhi
 1653 0056 22E0     		b	.L56
 1654              	.LVL194:
 1655              	.L57:
 1656              		.loc 1 2533 9 discriminator 6 view .LVU575
 1657              	.LBE58:
2534:Drivers/STM32F1xx_HAL_Driver/Src/stm32f1xx_ll_usb.c ****       }
ARM GAS  C:\Users\crist\AppData\Local\Temp\ccqk2JNa.s 			page 78


2535:Drivers/STM32F1xx_HAL_Driver/Src/stm32f1xx_ll_usb.c ****     }
2536:Drivers/STM32F1xx_HAL_Driver/Src/stm32f1xx_ll_usb.c ****     else
2537:Drivers/STM32F1xx_HAL_Driver/Src/stm32f1xx_ll_usb.c ****     {
2538:Drivers/STM32F1xx_HAL_Driver/Src/stm32f1xx_ll_usb.c ****       PCD_CLEAR_RX_DTOG(USBx, ep->num);
 1658              		.loc 1 2538 7 is_stmt 1 view .LVU576
 1659              	.LBB59:
 1660              		.loc 1 2538 7 view .LVU577
 1661              		.loc 1 2538 7 view .LVU578
 1662 0058 0A78     		ldrb	r2, [r1]	@ zero_extendqisi2
 1663 005a 30F82230 		ldrh	r3, [r0, r2, lsl #2]
 1664              	.LVL195:
 1665              		.loc 1 2538 7 view .LVU579
 1666 005e 13F4804F 		tst	r3, #16384
 1667 0062 0CD0     		beq	.L59
 1668              		.loc 1 2538 7 discriminator 1 view .LVU580
 1669              	.LBB60:
 1670              		.loc 1 2538 7 discriminator 1 view .LVU581
 1671              		.loc 1 2538 7 discriminator 1 view .LVU582
 1672 0064 30F82230 		ldrh	r3, [r0, r2, lsl #2]
 1673              	.LVL196:
 1674              		.loc 1 2538 7 is_stmt 0 discriminator 1 view .LVU583
 1675 0068 9BB2     		uxth	r3, r3
 1676 006a 23F4E043 		bic	r3, r3, #28672
 1677 006e 23F07003 		bic	r3, r3, #112
 1678              	.LVL197:
 1679              		.loc 1 2538 7 is_stmt 1 view .LVU584
 1680              		.loc 1 2538 7 is_stmt 0 discriminator 1 view .LVU585
 1681 0072 43F44043 		orr	r3, r3, #49152
 1682              	.LVL198:
 1683              		.loc 1 2538 7 discriminator 1 view .LVU586
 1684 0076 43F08003 		orr	r3, r3, #128
 1685 007a 20F82230 		strh	r3, [r0, r2, lsl #2]	@ movhi
 1686              	.LVL199:
 1687              	.L59:
 1688              		.loc 1 2538 7 discriminator 1 view .LVU587
 1689              	.LBE60:
 1690              		.loc 1 2538 7 is_stmt 1 view .LVU588
 1691              	.LBE59:
 1692              		.loc 1 2538 7 view .LVU589
2539:Drivers/STM32F1xx_HAL_Driver/Src/stm32f1xx_ll_usb.c **** 
2540:Drivers/STM32F1xx_HAL_Driver/Src/stm32f1xx_ll_usb.c ****       /* Configure VALID status for the Endpoint */
2541:Drivers/STM32F1xx_HAL_Driver/Src/stm32f1xx_ll_usb.c ****       PCD_SET_EP_RX_STATUS(USBx, ep->num, USB_EP_RX_VALID);
 1693              		.loc 1 2541 7 view .LVU590
 1694              	.LBB61:
 1695              		.loc 1 2541 7 view .LVU591
 1696              		.loc 1 2541 7 view .LVU592
 1697 007e 0A78     		ldrb	r2, [r1]	@ zero_extendqisi2
 1698 0080 30F82230 		ldrh	r3, [r0, r2, lsl #2]
 1699 0084 9BB2     		uxth	r3, r3
 1700 0086 23F48043 		bic	r3, r3, #16384
 1701 008a 23F07003 		bic	r3, r3, #112
 1702              	.LVL200:
 1703              		.loc 1 2541 7 view .LVU593
 1704              		.loc 1 2541 7 discriminator 1 view .LVU594
 1705              		.loc 1 2541 7 discriminator 3 view .LVU595
 1706              		.loc 1 2541 7 discriminator 4 view .LVU596
 1707 008e 83F44053 		eor	r3, r3, #12288
ARM GAS  C:\Users\crist\AppData\Local\Temp\ccqk2JNa.s 			page 79


 1708              	.LVL201:
 1709              		.loc 1 2541 7 discriminator 6 view .LVU597
 1710 0092 43F40043 		orr	r3, r3, #32768
 1711              	.LVL202:
 1712              		.loc 1 2541 7 is_stmt 0 discriminator 6 view .LVU598
 1713 0096 43F08003 		orr	r3, r3, #128
 1714 009a 20F82230 		strh	r3, [r0, r2, lsl #2]	@ movhi
 1715              	.LVL203:
 1716              	.L56:
 1717              		.loc 1 2541 7 discriminator 6 view .LVU599
 1718              	.LBE61:
 1719              		.loc 1 2541 7 is_stmt 1 view .LVU600
2542:Drivers/STM32F1xx_HAL_Driver/Src/stm32f1xx_ll_usb.c ****     }
2543:Drivers/STM32F1xx_HAL_Driver/Src/stm32f1xx_ll_usb.c ****   }
2544:Drivers/STM32F1xx_HAL_Driver/Src/stm32f1xx_ll_usb.c **** 
2545:Drivers/STM32F1xx_HAL_Driver/Src/stm32f1xx_ll_usb.c ****   return HAL_OK;
 1720              		.loc 1 2545 3 view .LVU601
2546:Drivers/STM32F1xx_HAL_Driver/Src/stm32f1xx_ll_usb.c **** }
 1721              		.loc 1 2546 1 is_stmt 0 view .LVU602
 1722 009e 0020     		movs	r0, #0
 1723              	.LVL204:
 1724              		.loc 1 2546 1 view .LVU603
 1725 00a0 7047     		bx	lr
 1726              		.cfi_endproc
 1727              	.LFE76:
 1729              		.section	.text.USB_EPStopXfer,"ax",%progbits
 1730              		.align	1
 1731              		.global	USB_EPStopXfer
 1732              		.syntax unified
 1733              		.thumb
 1734              		.thumb_func
 1736              	USB_EPStopXfer:
 1737              	.LVL205:
 1738              	.LFB77:
2547:Drivers/STM32F1xx_HAL_Driver/Src/stm32f1xx_ll_usb.c **** 
2548:Drivers/STM32F1xx_HAL_Driver/Src/stm32f1xx_ll_usb.c **** /**
2549:Drivers/STM32F1xx_HAL_Driver/Src/stm32f1xx_ll_usb.c ****    * @brief  USB_EPStoptXfer  Stop transfer on an EP
2550:Drivers/STM32F1xx_HAL_Driver/Src/stm32f1xx_ll_usb.c ****    * @param  USBx  usb device instance
2551:Drivers/STM32F1xx_HAL_Driver/Src/stm32f1xx_ll_usb.c ****    * @param  ep pointer to endpoint structure
2552:Drivers/STM32F1xx_HAL_Driver/Src/stm32f1xx_ll_usb.c ****    * @retval HAL status
2553:Drivers/STM32F1xx_HAL_Driver/Src/stm32f1xx_ll_usb.c ****    */
2554:Drivers/STM32F1xx_HAL_Driver/Src/stm32f1xx_ll_usb.c **** HAL_StatusTypeDef USB_EPStopXfer(USB_TypeDef *USBx, USB_EPTypeDef *ep)
2555:Drivers/STM32F1xx_HAL_Driver/Src/stm32f1xx_ll_usb.c **** {
 1739              		.loc 1 2555 1 is_stmt 1 view -0
 1740              		.cfi_startproc
 1741              		@ args = 0, pretend = 0, frame = 0
 1742              		@ frame_needed = 0, uses_anonymous_args = 0
 1743              		@ link register save eliminated.
2556:Drivers/STM32F1xx_HAL_Driver/Src/stm32f1xx_ll_usb.c ****   /* IN endpoint */
2557:Drivers/STM32F1xx_HAL_Driver/Src/stm32f1xx_ll_usb.c ****   if (ep->is_in == 1U)
 1744              		.loc 1 2557 3 view .LVU605
 1745              		.loc 1 2557 9 is_stmt 0 view .LVU606
 1746 0000 4B78     		ldrb	r3, [r1, #1]	@ zero_extendqisi2
 1747              		.loc 1 2557 6 view .LVU607
 1748 0002 012B     		cmp	r3, #1
 1749 0004 16D0     		beq	.L65
2558:Drivers/STM32F1xx_HAL_Driver/Src/stm32f1xx_ll_usb.c ****   {
ARM GAS  C:\Users\crist\AppData\Local\Temp\ccqk2JNa.s 			page 80


2559:Drivers/STM32F1xx_HAL_Driver/Src/stm32f1xx_ll_usb.c ****     if (ep->doublebuffer == 0U)
2560:Drivers/STM32F1xx_HAL_Driver/Src/stm32f1xx_ll_usb.c ****     {
2561:Drivers/STM32F1xx_HAL_Driver/Src/stm32f1xx_ll_usb.c ****       if (ep->type != EP_TYPE_ISOC)
2562:Drivers/STM32F1xx_HAL_Driver/Src/stm32f1xx_ll_usb.c ****       {
2563:Drivers/STM32F1xx_HAL_Driver/Src/stm32f1xx_ll_usb.c ****         /* Configure NAK status for the Endpoint */
2564:Drivers/STM32F1xx_HAL_Driver/Src/stm32f1xx_ll_usb.c ****         PCD_SET_EP_TX_STATUS(USBx, ep->num, USB_EP_TX_NAK);
2565:Drivers/STM32F1xx_HAL_Driver/Src/stm32f1xx_ll_usb.c ****       }
2566:Drivers/STM32F1xx_HAL_Driver/Src/stm32f1xx_ll_usb.c ****       else
2567:Drivers/STM32F1xx_HAL_Driver/Src/stm32f1xx_ll_usb.c ****       {
2568:Drivers/STM32F1xx_HAL_Driver/Src/stm32f1xx_ll_usb.c ****         /* Configure TX Endpoint to disabled state */
2569:Drivers/STM32F1xx_HAL_Driver/Src/stm32f1xx_ll_usb.c ****         PCD_SET_EP_TX_STATUS(USBx, ep->num, USB_EP_TX_DIS);
2570:Drivers/STM32F1xx_HAL_Driver/Src/stm32f1xx_ll_usb.c ****       }
2571:Drivers/STM32F1xx_HAL_Driver/Src/stm32f1xx_ll_usb.c ****     }
2572:Drivers/STM32F1xx_HAL_Driver/Src/stm32f1xx_ll_usb.c ****   }
2573:Drivers/STM32F1xx_HAL_Driver/Src/stm32f1xx_ll_usb.c ****   else /* OUT endpoint */
2574:Drivers/STM32F1xx_HAL_Driver/Src/stm32f1xx_ll_usb.c ****   {
2575:Drivers/STM32F1xx_HAL_Driver/Src/stm32f1xx_ll_usb.c ****     if (ep->doublebuffer == 0U)
 1750              		.loc 1 2575 5 is_stmt 1 view .LVU608
 1751              		.loc 1 2575 11 is_stmt 0 view .LVU609
 1752 0006 0B7B     		ldrb	r3, [r1, #12]	@ zero_extendqisi2
 1753              		.loc 1 2575 8 view .LVU610
 1754 0008 93B9     		cbnz	r3, .L62
2576:Drivers/STM32F1xx_HAL_Driver/Src/stm32f1xx_ll_usb.c ****     {
2577:Drivers/STM32F1xx_HAL_Driver/Src/stm32f1xx_ll_usb.c ****       if (ep->type != EP_TYPE_ISOC)
 1755              		.loc 1 2577 7 is_stmt 1 view .LVU611
 1756              		.loc 1 2577 13 is_stmt 0 view .LVU612
 1757 000a CB78     		ldrb	r3, [r1, #3]	@ zero_extendqisi2
 1758              		.loc 1 2577 10 view .LVU613
 1759 000c 012B     		cmp	r3, #1
 1760 000e 37D0     		beq	.L64
2578:Drivers/STM32F1xx_HAL_Driver/Src/stm32f1xx_ll_usb.c ****       {
2579:Drivers/STM32F1xx_HAL_Driver/Src/stm32f1xx_ll_usb.c ****         /* Configure NAK status for the Endpoint */
2580:Drivers/STM32F1xx_HAL_Driver/Src/stm32f1xx_ll_usb.c ****         PCD_SET_EP_RX_STATUS(USBx, ep->num, USB_EP_RX_NAK);
 1761              		.loc 1 2580 9 is_stmt 1 view .LVU614
 1762              	.LBB62:
 1763              		.loc 1 2580 9 view .LVU615
 1764              		.loc 1 2580 9 view .LVU616
 1765 0010 0A78     		ldrb	r2, [r1]	@ zero_extendqisi2
 1766 0012 30F82230 		ldrh	r3, [r0, r2, lsl #2]
 1767 0016 9BB2     		uxth	r3, r3
 1768 0018 23F48043 		bic	r3, r3, #16384
 1769 001c 23F07003 		bic	r3, r3, #112
 1770              	.LVL206:
 1771              		.loc 1 2580 9 view .LVU617
 1772              		.loc 1 2580 9 discriminator 3 view .LVU618
 1773              		.loc 1 2580 9 discriminator 4 view .LVU619
 1774 0020 83F40053 		eor	r3, r3, #8192
 1775              	.LVL207:
 1776              		.loc 1 2580 9 discriminator 6 view .LVU620
 1777 0024 43F40043 		orr	r3, r3, #32768
 1778              	.LVL208:
 1779              		.loc 1 2580 9 is_stmt 0 discriminator 6 view .LVU621
 1780 0028 43F08003 		orr	r3, r3, #128
 1781 002c 20F82230 		strh	r3, [r0, r2, lsl #2]	@ movhi
 1782              	.LBE62:
 1783              		.loc 1 2580 9 is_stmt 1 view .LVU622
 1784              	.LVL209:
ARM GAS  C:\Users\crist\AppData\Local\Temp\ccqk2JNa.s 			page 81


 1785              	.L62:
2581:Drivers/STM32F1xx_HAL_Driver/Src/stm32f1xx_ll_usb.c ****       }
2582:Drivers/STM32F1xx_HAL_Driver/Src/stm32f1xx_ll_usb.c ****       else
2583:Drivers/STM32F1xx_HAL_Driver/Src/stm32f1xx_ll_usb.c ****       {
2584:Drivers/STM32F1xx_HAL_Driver/Src/stm32f1xx_ll_usb.c ****         /* Configure RX Endpoint to disabled state */
2585:Drivers/STM32F1xx_HAL_Driver/Src/stm32f1xx_ll_usb.c ****         PCD_SET_EP_RX_STATUS(USBx, ep->num, USB_EP_RX_DIS);
 1786              		.loc 1 2585 9 view .LVU623
2586:Drivers/STM32F1xx_HAL_Driver/Src/stm32f1xx_ll_usb.c ****       }
2587:Drivers/STM32F1xx_HAL_Driver/Src/stm32f1xx_ll_usb.c ****     }
2588:Drivers/STM32F1xx_HAL_Driver/Src/stm32f1xx_ll_usb.c ****   }
2589:Drivers/STM32F1xx_HAL_Driver/Src/stm32f1xx_ll_usb.c **** 
2590:Drivers/STM32F1xx_HAL_Driver/Src/stm32f1xx_ll_usb.c ****   return HAL_OK;
 1787              		.loc 1 2590 3 view .LVU624
2591:Drivers/STM32F1xx_HAL_Driver/Src/stm32f1xx_ll_usb.c **** }
 1788              		.loc 1 2591 1 is_stmt 0 view .LVU625
 1789 0030 0020     		movs	r0, #0
 1790              	.LVL210:
 1791              		.loc 1 2591 1 view .LVU626
 1792 0032 7047     		bx	lr
 1793              	.LVL211:
 1794              	.L65:
2559:Drivers/STM32F1xx_HAL_Driver/Src/stm32f1xx_ll_usb.c ****     {
 1795              		.loc 1 2559 5 is_stmt 1 view .LVU627
2559:Drivers/STM32F1xx_HAL_Driver/Src/stm32f1xx_ll_usb.c ****     {
 1796              		.loc 1 2559 11 is_stmt 0 view .LVU628
 1797 0034 0B7B     		ldrb	r3, [r1, #12]	@ zero_extendqisi2
2559:Drivers/STM32F1xx_HAL_Driver/Src/stm32f1xx_ll_usb.c ****     {
 1798              		.loc 1 2559 8 view .LVU629
 1799 0036 002B     		cmp	r3, #0
 1800 0038 FAD1     		bne	.L62
2561:Drivers/STM32F1xx_HAL_Driver/Src/stm32f1xx_ll_usb.c ****       {
 1801              		.loc 1 2561 7 is_stmt 1 view .LVU630
2561:Drivers/STM32F1xx_HAL_Driver/Src/stm32f1xx_ll_usb.c ****       {
 1802              		.loc 1 2561 13 is_stmt 0 view .LVU631
 1803 003a CB78     		ldrb	r3, [r1, #3]	@ zero_extendqisi2
2561:Drivers/STM32F1xx_HAL_Driver/Src/stm32f1xx_ll_usb.c ****       {
 1804              		.loc 1 2561 10 view .LVU632
 1805 003c 012B     		cmp	r3, #1
 1806 003e 10D0     		beq	.L63
2564:Drivers/STM32F1xx_HAL_Driver/Src/stm32f1xx_ll_usb.c ****       }
 1807              		.loc 1 2564 9 is_stmt 1 view .LVU633
 1808              	.LBB63:
2564:Drivers/STM32F1xx_HAL_Driver/Src/stm32f1xx_ll_usb.c ****       }
 1809              		.loc 1 2564 9 view .LVU634
2564:Drivers/STM32F1xx_HAL_Driver/Src/stm32f1xx_ll_usb.c ****       }
 1810              		.loc 1 2564 9 view .LVU635
 1811 0040 0A78     		ldrb	r2, [r1]	@ zero_extendqisi2
 1812 0042 30F82230 		ldrh	r3, [r0, r2, lsl #2]
 1813 0046 9BB2     		uxth	r3, r3
 1814 0048 23F4E043 		bic	r3, r3, #28672
 1815 004c 23F04003 		bic	r3, r3, #64
 1816              	.LVL212:
2564:Drivers/STM32F1xx_HAL_Driver/Src/stm32f1xx_ll_usb.c ****       }
 1817              		.loc 1 2564 9 view .LVU636
2564:Drivers/STM32F1xx_HAL_Driver/Src/stm32f1xx_ll_usb.c ****       }
 1818              		.loc 1 2564 9 discriminator 3 view .LVU637
2564:Drivers/STM32F1xx_HAL_Driver/Src/stm32f1xx_ll_usb.c ****       }
ARM GAS  C:\Users\crist\AppData\Local\Temp\ccqk2JNa.s 			page 82


 1819              		.loc 1 2564 9 discriminator 4 view .LVU638
 1820 0050 83F02003 		eor	r3, r3, #32
 1821              	.LVL213:
2564:Drivers/STM32F1xx_HAL_Driver/Src/stm32f1xx_ll_usb.c ****       }
 1822              		.loc 1 2564 9 discriminator 6 view .LVU639
 1823 0054 43F40043 		orr	r3, r3, #32768
 1824              	.LVL214:
2564:Drivers/STM32F1xx_HAL_Driver/Src/stm32f1xx_ll_usb.c ****       }
 1825              		.loc 1 2564 9 is_stmt 0 discriminator 6 view .LVU640
 1826 0058 43F08003 		orr	r3, r3, #128
 1827 005c 20F82230 		strh	r3, [r0, r2, lsl #2]	@ movhi
 1828              	.LBE63:
2564:Drivers/STM32F1xx_HAL_Driver/Src/stm32f1xx_ll_usb.c ****       }
 1829              		.loc 1 2564 9 is_stmt 1 view .LVU641
 1830 0060 E6E7     		b	.L62
 1831              	.LVL215:
 1832              	.L63:
2569:Drivers/STM32F1xx_HAL_Driver/Src/stm32f1xx_ll_usb.c ****       }
 1833              		.loc 1 2569 9 view .LVU642
 1834              	.LBB64:
2569:Drivers/STM32F1xx_HAL_Driver/Src/stm32f1xx_ll_usb.c ****       }
 1835              		.loc 1 2569 9 view .LVU643
2569:Drivers/STM32F1xx_HAL_Driver/Src/stm32f1xx_ll_usb.c ****       }
 1836              		.loc 1 2569 9 view .LVU644
 1837 0062 0A78     		ldrb	r2, [r1]	@ zero_extendqisi2
 1838 0064 30F82230 		ldrh	r3, [r0, r2, lsl #2]
 1839 0068 9BB2     		uxth	r3, r3
 1840 006a 23F4E043 		bic	r3, r3, #28672
 1841 006e 23F04003 		bic	r3, r3, #64
 1842              	.LVL216:
2569:Drivers/STM32F1xx_HAL_Driver/Src/stm32f1xx_ll_usb.c ****       }
 1843              		.loc 1 2569 9 view .LVU645
2569:Drivers/STM32F1xx_HAL_Driver/Src/stm32f1xx_ll_usb.c ****       }
 1844              		.loc 1 2569 9 discriminator 3 view .LVU646
2569:Drivers/STM32F1xx_HAL_Driver/Src/stm32f1xx_ll_usb.c ****       }
 1845              		.loc 1 2569 9 discriminator 6 view .LVU647
 1846 0072 43F40043 		orr	r3, r3, #32768
 1847              	.LVL217:
2569:Drivers/STM32F1xx_HAL_Driver/Src/stm32f1xx_ll_usb.c ****       }
 1848              		.loc 1 2569 9 is_stmt 0 discriminator 6 view .LVU648
 1849 0076 43F08003 		orr	r3, r3, #128
 1850 007a 20F82230 		strh	r3, [r0, r2, lsl #2]	@ movhi
 1851 007e D7E7     		b	.L62
 1852              	.LVL218:
 1853              	.L64:
2569:Drivers/STM32F1xx_HAL_Driver/Src/stm32f1xx_ll_usb.c ****       }
 1854              		.loc 1 2569 9 discriminator 6 view .LVU649
 1855              	.LBE64:
2585:Drivers/STM32F1xx_HAL_Driver/Src/stm32f1xx_ll_usb.c ****       }
 1856              		.loc 1 2585 9 is_stmt 1 view .LVU650
 1857              	.LBB65:
2585:Drivers/STM32F1xx_HAL_Driver/Src/stm32f1xx_ll_usb.c ****       }
 1858              		.loc 1 2585 9 view .LVU651
2585:Drivers/STM32F1xx_HAL_Driver/Src/stm32f1xx_ll_usb.c ****       }
 1859              		.loc 1 2585 9 view .LVU652
 1860 0080 0A78     		ldrb	r2, [r1]	@ zero_extendqisi2
 1861 0082 30F82230 		ldrh	r3, [r0, r2, lsl #2]
ARM GAS  C:\Users\crist\AppData\Local\Temp\ccqk2JNa.s 			page 83


 1862 0086 9BB2     		uxth	r3, r3
 1863 0088 23F48043 		bic	r3, r3, #16384
 1864 008c 23F07003 		bic	r3, r3, #112
 1865              	.LVL219:
2585:Drivers/STM32F1xx_HAL_Driver/Src/stm32f1xx_ll_usb.c ****       }
 1866              		.loc 1 2585 9 view .LVU653
2585:Drivers/STM32F1xx_HAL_Driver/Src/stm32f1xx_ll_usb.c ****       }
 1867              		.loc 1 2585 9 discriminator 3 view .LVU654
2585:Drivers/STM32F1xx_HAL_Driver/Src/stm32f1xx_ll_usb.c ****       }
 1868              		.loc 1 2585 9 discriminator 6 view .LVU655
 1869 0090 43F40043 		orr	r3, r3, #32768
 1870              	.LVL220:
2585:Drivers/STM32F1xx_HAL_Driver/Src/stm32f1xx_ll_usb.c ****       }
 1871              		.loc 1 2585 9 is_stmt 0 discriminator 6 view .LVU656
 1872 0094 43F08003 		orr	r3, r3, #128
 1873 0098 20F82230 		strh	r3, [r0, r2, lsl #2]	@ movhi
 1874 009c C8E7     		b	.L62
 1875              	.LBE65:
 1876              		.cfi_endproc
 1877              	.LFE77:
 1879              		.section	.text.USB_StopDevice,"ax",%progbits
 1880              		.align	1
 1881              		.global	USB_StopDevice
 1882              		.syntax unified
 1883              		.thumb
 1884              		.thumb_func
 1886              	USB_StopDevice:
 1887              	.LVL221:
 1888              	.LFB78:
2592:Drivers/STM32F1xx_HAL_Driver/Src/stm32f1xx_ll_usb.c **** #endif /* defined (HAL_PCD_MODULE_ENABLED) */
2593:Drivers/STM32F1xx_HAL_Driver/Src/stm32f1xx_ll_usb.c **** 
2594:Drivers/STM32F1xx_HAL_Driver/Src/stm32f1xx_ll_usb.c **** /**
2595:Drivers/STM32F1xx_HAL_Driver/Src/stm32f1xx_ll_usb.c ****   * @brief  USB_StopDevice Stop the usb device mode
2596:Drivers/STM32F1xx_HAL_Driver/Src/stm32f1xx_ll_usb.c ****   * @param  USBx Selected device
2597:Drivers/STM32F1xx_HAL_Driver/Src/stm32f1xx_ll_usb.c ****   * @retval HAL status
2598:Drivers/STM32F1xx_HAL_Driver/Src/stm32f1xx_ll_usb.c ****   */
2599:Drivers/STM32F1xx_HAL_Driver/Src/stm32f1xx_ll_usb.c **** HAL_StatusTypeDef USB_StopDevice(USB_TypeDef *USBx)
2600:Drivers/STM32F1xx_HAL_Driver/Src/stm32f1xx_ll_usb.c **** {
 1889              		.loc 1 2600 1 is_stmt 1 view -0
 1890              		.cfi_startproc
 1891              		@ args = 0, pretend = 0, frame = 0
 1892              		@ frame_needed = 0, uses_anonymous_args = 0
 1893              		@ link register save eliminated.
 1894              		.loc 1 2600 1 is_stmt 0 view .LVU658
 1895 0000 0346     		mov	r3, r0
2601:Drivers/STM32F1xx_HAL_Driver/Src/stm32f1xx_ll_usb.c ****   /* disable all interrupts and force USB reset */
2602:Drivers/STM32F1xx_HAL_Driver/Src/stm32f1xx_ll_usb.c ****   USBx->CNTR = (uint16_t)USB_CNTR_FRES;
 1896              		.loc 1 2602 3 is_stmt 1 view .LVU659
 1897              		.loc 1 2602 14 is_stmt 0 view .LVU660
 1898 0002 0122     		movs	r2, #1
 1899 0004 A0F84020 		strh	r2, [r0, #64]	@ movhi
2603:Drivers/STM32F1xx_HAL_Driver/Src/stm32f1xx_ll_usb.c **** 
2604:Drivers/STM32F1xx_HAL_Driver/Src/stm32f1xx_ll_usb.c ****   /* clear interrupt status register */
2605:Drivers/STM32F1xx_HAL_Driver/Src/stm32f1xx_ll_usb.c ****   USBx->ISTR = 0U;
 1900              		.loc 1 2605 3 is_stmt 1 view .LVU661
 1901              		.loc 1 2605 14 is_stmt 0 view .LVU662
 1902 0008 0020     		movs	r0, #0
ARM GAS  C:\Users\crist\AppData\Local\Temp\ccqk2JNa.s 			page 84


 1903              	.LVL222:
 1904              		.loc 1 2605 14 view .LVU663
 1905 000a A3F84400 		strh	r0, [r3, #68]	@ movhi
2606:Drivers/STM32F1xx_HAL_Driver/Src/stm32f1xx_ll_usb.c **** 
2607:Drivers/STM32F1xx_HAL_Driver/Src/stm32f1xx_ll_usb.c ****   /* switch-off device */
2608:Drivers/STM32F1xx_HAL_Driver/Src/stm32f1xx_ll_usb.c ****   USBx->CNTR = (uint16_t)(USB_CNTR_FRES | USB_CNTR_PDWN);
 1906              		.loc 1 2608 3 is_stmt 1 view .LVU664
 1907              		.loc 1 2608 14 is_stmt 0 view .LVU665
 1908 000e 0322     		movs	r2, #3
 1909 0010 A3F84020 		strh	r2, [r3, #64]	@ movhi
2609:Drivers/STM32F1xx_HAL_Driver/Src/stm32f1xx_ll_usb.c **** 
2610:Drivers/STM32F1xx_HAL_Driver/Src/stm32f1xx_ll_usb.c ****   return HAL_OK;
 1910              		.loc 1 2610 3 is_stmt 1 view .LVU666
2611:Drivers/STM32F1xx_HAL_Driver/Src/stm32f1xx_ll_usb.c **** }
 1911              		.loc 1 2611 1 is_stmt 0 view .LVU667
 1912 0014 7047     		bx	lr
 1913              		.cfi_endproc
 1914              	.LFE78:
 1916              		.section	.text.USB_SetDevAddress,"ax",%progbits
 1917              		.align	1
 1918              		.global	USB_SetDevAddress
 1919              		.syntax unified
 1920              		.thumb
 1921              		.thumb_func
 1923              	USB_SetDevAddress:
 1924              	.LVL223:
 1925              	.LFB79:
2612:Drivers/STM32F1xx_HAL_Driver/Src/stm32f1xx_ll_usb.c **** 
2613:Drivers/STM32F1xx_HAL_Driver/Src/stm32f1xx_ll_usb.c **** /**
2614:Drivers/STM32F1xx_HAL_Driver/Src/stm32f1xx_ll_usb.c ****   * @brief  USB_SetDevAddress Stop the usb device mode
2615:Drivers/STM32F1xx_HAL_Driver/Src/stm32f1xx_ll_usb.c ****   * @param  USBx Selected device
2616:Drivers/STM32F1xx_HAL_Driver/Src/stm32f1xx_ll_usb.c ****   * @param  address new device address to be assigned
2617:Drivers/STM32F1xx_HAL_Driver/Src/stm32f1xx_ll_usb.c ****   *          This parameter can be a value from 0 to 255
2618:Drivers/STM32F1xx_HAL_Driver/Src/stm32f1xx_ll_usb.c ****   * @retval HAL status
2619:Drivers/STM32F1xx_HAL_Driver/Src/stm32f1xx_ll_usb.c ****   */
2620:Drivers/STM32F1xx_HAL_Driver/Src/stm32f1xx_ll_usb.c **** HAL_StatusTypeDef  USB_SetDevAddress(USB_TypeDef *USBx, uint8_t address)
2621:Drivers/STM32F1xx_HAL_Driver/Src/stm32f1xx_ll_usb.c **** {
 1926              		.loc 1 2621 1 is_stmt 1 view -0
 1927              		.cfi_startproc
 1928              		@ args = 0, pretend = 0, frame = 0
 1929              		@ frame_needed = 0, uses_anonymous_args = 0
 1930              		@ link register save eliminated.
2622:Drivers/STM32F1xx_HAL_Driver/Src/stm32f1xx_ll_usb.c ****   if (address == 0U)
 1931              		.loc 1 2622 3 view .LVU669
 1932              		.loc 1 2622 6 is_stmt 0 view .LVU670
 1933 0000 11B9     		cbnz	r1, .L68
2623:Drivers/STM32F1xx_HAL_Driver/Src/stm32f1xx_ll_usb.c ****   {
2624:Drivers/STM32F1xx_HAL_Driver/Src/stm32f1xx_ll_usb.c ****     /* set device address and enable function */
2625:Drivers/STM32F1xx_HAL_Driver/Src/stm32f1xx_ll_usb.c ****     USBx->DADDR = (uint16_t)USB_DADDR_EF;
 1934              		.loc 1 2625 5 is_stmt 1 view .LVU671
 1935              		.loc 1 2625 17 is_stmt 0 view .LVU672
 1936 0002 8023     		movs	r3, #128
 1937 0004 A0F84C30 		strh	r3, [r0, #76]	@ movhi
 1938              	.L68:
2626:Drivers/STM32F1xx_HAL_Driver/Src/stm32f1xx_ll_usb.c ****   }
2627:Drivers/STM32F1xx_HAL_Driver/Src/stm32f1xx_ll_usb.c **** 
2628:Drivers/STM32F1xx_HAL_Driver/Src/stm32f1xx_ll_usb.c ****   return HAL_OK;
ARM GAS  C:\Users\crist\AppData\Local\Temp\ccqk2JNa.s 			page 85


 1939              		.loc 1 2628 3 is_stmt 1 view .LVU673
2629:Drivers/STM32F1xx_HAL_Driver/Src/stm32f1xx_ll_usb.c **** }
 1940              		.loc 1 2629 1 is_stmt 0 view .LVU674
 1941 0008 0020     		movs	r0, #0
 1942              	.LVL224:
 1943              		.loc 1 2629 1 view .LVU675
 1944 000a 7047     		bx	lr
 1945              		.cfi_endproc
 1946              	.LFE79:
 1948              		.section	.text.USB_DevConnect,"ax",%progbits
 1949              		.align	1
 1950              		.global	USB_DevConnect
 1951              		.syntax unified
 1952              		.thumb
 1953              		.thumb_func
 1955              	USB_DevConnect:
 1956              	.LVL225:
 1957              	.LFB80:
2630:Drivers/STM32F1xx_HAL_Driver/Src/stm32f1xx_ll_usb.c **** 
2631:Drivers/STM32F1xx_HAL_Driver/Src/stm32f1xx_ll_usb.c **** /**
2632:Drivers/STM32F1xx_HAL_Driver/Src/stm32f1xx_ll_usb.c ****   * @brief  USB_DevConnect Connect the USB device by enabling the pull-up/pull-down
2633:Drivers/STM32F1xx_HAL_Driver/Src/stm32f1xx_ll_usb.c ****   * @param  USBx Selected device
2634:Drivers/STM32F1xx_HAL_Driver/Src/stm32f1xx_ll_usb.c ****   * @retval HAL status
2635:Drivers/STM32F1xx_HAL_Driver/Src/stm32f1xx_ll_usb.c ****   */
2636:Drivers/STM32F1xx_HAL_Driver/Src/stm32f1xx_ll_usb.c **** HAL_StatusTypeDef  USB_DevConnect(USB_TypeDef *USBx)
2637:Drivers/STM32F1xx_HAL_Driver/Src/stm32f1xx_ll_usb.c **** {
 1958              		.loc 1 2637 1 is_stmt 1 view -0
 1959              		.cfi_startproc
 1960              		@ args = 0, pretend = 0, frame = 0
 1961              		@ frame_needed = 0, uses_anonymous_args = 0
 1962              		@ link register save eliminated.
2638:Drivers/STM32F1xx_HAL_Driver/Src/stm32f1xx_ll_usb.c ****   /* Prevent unused argument(s) compilation warning */
2639:Drivers/STM32F1xx_HAL_Driver/Src/stm32f1xx_ll_usb.c ****   UNUSED(USBx);
 1963              		.loc 1 2639 3 view .LVU677
2640:Drivers/STM32F1xx_HAL_Driver/Src/stm32f1xx_ll_usb.c **** 
2641:Drivers/STM32F1xx_HAL_Driver/Src/stm32f1xx_ll_usb.c ****   /* NOTE : - This function is not required by USB Device FS peripheral, it is used
2642:Drivers/STM32F1xx_HAL_Driver/Src/stm32f1xx_ll_usb.c ****               only by USB OTG FS peripheral.
2643:Drivers/STM32F1xx_HAL_Driver/Src/stm32f1xx_ll_usb.c ****             - This function is added to ensure compatibility across platforms.
2644:Drivers/STM32F1xx_HAL_Driver/Src/stm32f1xx_ll_usb.c ****    */
2645:Drivers/STM32F1xx_HAL_Driver/Src/stm32f1xx_ll_usb.c **** 
2646:Drivers/STM32F1xx_HAL_Driver/Src/stm32f1xx_ll_usb.c ****   return HAL_OK;
 1964              		.loc 1 2646 3 view .LVU678
2647:Drivers/STM32F1xx_HAL_Driver/Src/stm32f1xx_ll_usb.c **** }
 1965              		.loc 1 2647 1 is_stmt 0 view .LVU679
 1966 0000 0020     		movs	r0, #0
 1967              	.LVL226:
 1968              		.loc 1 2647 1 view .LVU680
 1969 0002 7047     		bx	lr
 1970              		.cfi_endproc
 1971              	.LFE80:
 1973              		.section	.text.USB_DevDisconnect,"ax",%progbits
 1974              		.align	1
 1975              		.global	USB_DevDisconnect
 1976              		.syntax unified
 1977              		.thumb
 1978              		.thumb_func
 1980              	USB_DevDisconnect:
ARM GAS  C:\Users\crist\AppData\Local\Temp\ccqk2JNa.s 			page 86


 1981              	.LVL227:
 1982              	.LFB81:
2648:Drivers/STM32F1xx_HAL_Driver/Src/stm32f1xx_ll_usb.c **** 
2649:Drivers/STM32F1xx_HAL_Driver/Src/stm32f1xx_ll_usb.c **** /**
2650:Drivers/STM32F1xx_HAL_Driver/Src/stm32f1xx_ll_usb.c ****   * @brief  USB_DevDisconnect Disconnect the USB device by disabling the pull-up/pull-down
2651:Drivers/STM32F1xx_HAL_Driver/Src/stm32f1xx_ll_usb.c ****   * @param  USBx Selected device
2652:Drivers/STM32F1xx_HAL_Driver/Src/stm32f1xx_ll_usb.c ****   * @retval HAL status
2653:Drivers/STM32F1xx_HAL_Driver/Src/stm32f1xx_ll_usb.c ****   */
2654:Drivers/STM32F1xx_HAL_Driver/Src/stm32f1xx_ll_usb.c **** HAL_StatusTypeDef  USB_DevDisconnect(USB_TypeDef *USBx)
2655:Drivers/STM32F1xx_HAL_Driver/Src/stm32f1xx_ll_usb.c **** {
 1983              		.loc 1 2655 1 is_stmt 1 view -0
 1984              		.cfi_startproc
 1985              		@ args = 0, pretend = 0, frame = 0
 1986              		@ frame_needed = 0, uses_anonymous_args = 0
 1987              		@ link register save eliminated.
2656:Drivers/STM32F1xx_HAL_Driver/Src/stm32f1xx_ll_usb.c ****   /* Prevent unused argument(s) compilation warning */
2657:Drivers/STM32F1xx_HAL_Driver/Src/stm32f1xx_ll_usb.c ****   UNUSED(USBx);
 1988              		.loc 1 2657 3 view .LVU682
2658:Drivers/STM32F1xx_HAL_Driver/Src/stm32f1xx_ll_usb.c **** 
2659:Drivers/STM32F1xx_HAL_Driver/Src/stm32f1xx_ll_usb.c ****   /* NOTE : - This function is not required by USB Device FS peripheral, it is used
2660:Drivers/STM32F1xx_HAL_Driver/Src/stm32f1xx_ll_usb.c ****               only by USB OTG FS peripheral.
2661:Drivers/STM32F1xx_HAL_Driver/Src/stm32f1xx_ll_usb.c ****             - This function is added to ensure compatibility across platforms.
2662:Drivers/STM32F1xx_HAL_Driver/Src/stm32f1xx_ll_usb.c ****    */
2663:Drivers/STM32F1xx_HAL_Driver/Src/stm32f1xx_ll_usb.c **** 
2664:Drivers/STM32F1xx_HAL_Driver/Src/stm32f1xx_ll_usb.c ****   return HAL_OK;
 1989              		.loc 1 2664 3 view .LVU683
2665:Drivers/STM32F1xx_HAL_Driver/Src/stm32f1xx_ll_usb.c **** }
 1990              		.loc 1 2665 1 is_stmt 0 view .LVU684
 1991 0000 0020     		movs	r0, #0
 1992              	.LVL228:
 1993              		.loc 1 2665 1 view .LVU685
 1994 0002 7047     		bx	lr
 1995              		.cfi_endproc
 1996              	.LFE81:
 1998              		.section	.text.USB_ReadInterrupts,"ax",%progbits
 1999              		.align	1
 2000              		.global	USB_ReadInterrupts
 2001              		.syntax unified
 2002              		.thumb
 2003              		.thumb_func
 2005              	USB_ReadInterrupts:
 2006              	.LVL229:
 2007              	.LFB82:
2666:Drivers/STM32F1xx_HAL_Driver/Src/stm32f1xx_ll_usb.c **** 
2667:Drivers/STM32F1xx_HAL_Driver/Src/stm32f1xx_ll_usb.c **** /**
2668:Drivers/STM32F1xx_HAL_Driver/Src/stm32f1xx_ll_usb.c ****   * @brief  USB_ReadInterrupts return the global USB interrupt status
2669:Drivers/STM32F1xx_HAL_Driver/Src/stm32f1xx_ll_usb.c ****   * @param  USBx Selected device
2670:Drivers/STM32F1xx_HAL_Driver/Src/stm32f1xx_ll_usb.c ****   * @retval USB Global Interrupt status
2671:Drivers/STM32F1xx_HAL_Driver/Src/stm32f1xx_ll_usb.c ****   */
2672:Drivers/STM32F1xx_HAL_Driver/Src/stm32f1xx_ll_usb.c **** uint32_t USB_ReadInterrupts(USB_TypeDef const *USBx)
2673:Drivers/STM32F1xx_HAL_Driver/Src/stm32f1xx_ll_usb.c **** {
 2008              		.loc 1 2673 1 is_stmt 1 view -0
 2009              		.cfi_startproc
 2010              		@ args = 0, pretend = 0, frame = 0
 2011              		@ frame_needed = 0, uses_anonymous_args = 0
 2012              		@ link register save eliminated.
2674:Drivers/STM32F1xx_HAL_Driver/Src/stm32f1xx_ll_usb.c ****   uint32_t tmpreg;
ARM GAS  C:\Users\crist\AppData\Local\Temp\ccqk2JNa.s 			page 87


 2013              		.loc 1 2674 3 view .LVU687
2675:Drivers/STM32F1xx_HAL_Driver/Src/stm32f1xx_ll_usb.c **** 
2676:Drivers/STM32F1xx_HAL_Driver/Src/stm32f1xx_ll_usb.c ****   tmpreg = USBx->ISTR;
 2014              		.loc 1 2676 3 view .LVU688
 2015              		.loc 1 2676 16 is_stmt 0 view .LVU689
 2016 0000 B0F84400 		ldrh	r0, [r0, #68]
 2017              	.LVL230:
2677:Drivers/STM32F1xx_HAL_Driver/Src/stm32f1xx_ll_usb.c ****   return tmpreg;
 2018              		.loc 1 2677 3 is_stmt 1 view .LVU690
2678:Drivers/STM32F1xx_HAL_Driver/Src/stm32f1xx_ll_usb.c **** }
 2019              		.loc 1 2678 1 is_stmt 0 view .LVU691
 2020 0004 80B2     		uxth	r0, r0
 2021              	.LVL231:
 2022              		.loc 1 2678 1 view .LVU692
 2023 0006 7047     		bx	lr
 2024              		.cfi_endproc
 2025              	.LFE82:
 2027              		.section	.text.USB_ReadDevAllOutEpInterrupt,"ax",%progbits
 2028              		.align	1
 2029              		.global	USB_ReadDevAllOutEpInterrupt
 2030              		.syntax unified
 2031              		.thumb
 2032              		.thumb_func
 2034              	USB_ReadDevAllOutEpInterrupt:
 2035              	.LVL232:
 2036              	.LFB83:
2679:Drivers/STM32F1xx_HAL_Driver/Src/stm32f1xx_ll_usb.c **** 
2680:Drivers/STM32F1xx_HAL_Driver/Src/stm32f1xx_ll_usb.c **** /**
2681:Drivers/STM32F1xx_HAL_Driver/Src/stm32f1xx_ll_usb.c ****   * @brief  USB_ReadDevAllOutEpInterrupt return the USB device OUT endpoints interrupt status
2682:Drivers/STM32F1xx_HAL_Driver/Src/stm32f1xx_ll_usb.c ****   * @param  USBx Selected device
2683:Drivers/STM32F1xx_HAL_Driver/Src/stm32f1xx_ll_usb.c ****   * @retval HAL status
2684:Drivers/STM32F1xx_HAL_Driver/Src/stm32f1xx_ll_usb.c ****   */
2685:Drivers/STM32F1xx_HAL_Driver/Src/stm32f1xx_ll_usb.c **** uint32_t USB_ReadDevAllOutEpInterrupt(USB_TypeDef *USBx)
2686:Drivers/STM32F1xx_HAL_Driver/Src/stm32f1xx_ll_usb.c **** {
 2037              		.loc 1 2686 1 is_stmt 1 view -0
 2038              		.cfi_startproc
 2039              		@ args = 0, pretend = 0, frame = 0
 2040              		@ frame_needed = 0, uses_anonymous_args = 0
 2041              		@ link register save eliminated.
2687:Drivers/STM32F1xx_HAL_Driver/Src/stm32f1xx_ll_usb.c ****   /* Prevent unused argument(s) compilation warning */
2688:Drivers/STM32F1xx_HAL_Driver/Src/stm32f1xx_ll_usb.c ****   UNUSED(USBx);
 2042              		.loc 1 2688 3 view .LVU694
2689:Drivers/STM32F1xx_HAL_Driver/Src/stm32f1xx_ll_usb.c ****   /* NOTE : - This function is not required by USB Device FS peripheral, it is used
2690:Drivers/STM32F1xx_HAL_Driver/Src/stm32f1xx_ll_usb.c ****               only by USB OTG FS peripheral.
2691:Drivers/STM32F1xx_HAL_Driver/Src/stm32f1xx_ll_usb.c ****             - This function is added to ensure compatibility across platforms.
2692:Drivers/STM32F1xx_HAL_Driver/Src/stm32f1xx_ll_usb.c ****    */
2693:Drivers/STM32F1xx_HAL_Driver/Src/stm32f1xx_ll_usb.c ****   return (0);
 2043              		.loc 1 2693 3 view .LVU695
2694:Drivers/STM32F1xx_HAL_Driver/Src/stm32f1xx_ll_usb.c **** }
 2044              		.loc 1 2694 1 is_stmt 0 view .LVU696
 2045 0000 0020     		movs	r0, #0
 2046              	.LVL233:
 2047              		.loc 1 2694 1 view .LVU697
 2048 0002 7047     		bx	lr
 2049              		.cfi_endproc
 2050              	.LFE83:
 2052              		.section	.text.USB_ReadDevAllInEpInterrupt,"ax",%progbits
ARM GAS  C:\Users\crist\AppData\Local\Temp\ccqk2JNa.s 			page 88


 2053              		.align	1
 2054              		.global	USB_ReadDevAllInEpInterrupt
 2055              		.syntax unified
 2056              		.thumb
 2057              		.thumb_func
 2059              	USB_ReadDevAllInEpInterrupt:
 2060              	.LVL234:
 2061              	.LFB84:
2695:Drivers/STM32F1xx_HAL_Driver/Src/stm32f1xx_ll_usb.c **** 
2696:Drivers/STM32F1xx_HAL_Driver/Src/stm32f1xx_ll_usb.c **** /**
2697:Drivers/STM32F1xx_HAL_Driver/Src/stm32f1xx_ll_usb.c ****   * @brief  USB_ReadDevAllInEpInterrupt return the USB device IN endpoints interrupt status
2698:Drivers/STM32F1xx_HAL_Driver/Src/stm32f1xx_ll_usb.c ****   * @param  USBx Selected device
2699:Drivers/STM32F1xx_HAL_Driver/Src/stm32f1xx_ll_usb.c ****   * @retval HAL status
2700:Drivers/STM32F1xx_HAL_Driver/Src/stm32f1xx_ll_usb.c ****   */
2701:Drivers/STM32F1xx_HAL_Driver/Src/stm32f1xx_ll_usb.c **** uint32_t USB_ReadDevAllInEpInterrupt(USB_TypeDef *USBx)
2702:Drivers/STM32F1xx_HAL_Driver/Src/stm32f1xx_ll_usb.c **** {
 2062              		.loc 1 2702 1 is_stmt 1 view -0
 2063              		.cfi_startproc
 2064              		@ args = 0, pretend = 0, frame = 0
 2065              		@ frame_needed = 0, uses_anonymous_args = 0
 2066              		@ link register save eliminated.
2703:Drivers/STM32F1xx_HAL_Driver/Src/stm32f1xx_ll_usb.c ****   /* Prevent unused argument(s) compilation warning */
2704:Drivers/STM32F1xx_HAL_Driver/Src/stm32f1xx_ll_usb.c ****   UNUSED(USBx);
 2067              		.loc 1 2704 3 view .LVU699
2705:Drivers/STM32F1xx_HAL_Driver/Src/stm32f1xx_ll_usb.c ****   /* NOTE : - This function is not required by USB Device FS peripheral, it is used
2706:Drivers/STM32F1xx_HAL_Driver/Src/stm32f1xx_ll_usb.c ****               only by USB OTG FS peripheral.
2707:Drivers/STM32F1xx_HAL_Driver/Src/stm32f1xx_ll_usb.c ****             - This function is added to ensure compatibility across platforms.
2708:Drivers/STM32F1xx_HAL_Driver/Src/stm32f1xx_ll_usb.c ****    */
2709:Drivers/STM32F1xx_HAL_Driver/Src/stm32f1xx_ll_usb.c ****   return (0);
 2068              		.loc 1 2709 3 view .LVU700
2710:Drivers/STM32F1xx_HAL_Driver/Src/stm32f1xx_ll_usb.c **** }
 2069              		.loc 1 2710 1 is_stmt 0 view .LVU701
 2070 0000 0020     		movs	r0, #0
 2071              	.LVL235:
 2072              		.loc 1 2710 1 view .LVU702
 2073 0002 7047     		bx	lr
 2074              		.cfi_endproc
 2075              	.LFE84:
 2077              		.section	.text.USB_ReadDevOutEPInterrupt,"ax",%progbits
 2078              		.align	1
 2079              		.global	USB_ReadDevOutEPInterrupt
 2080              		.syntax unified
 2081              		.thumb
 2082              		.thumb_func
 2084              	USB_ReadDevOutEPInterrupt:
 2085              	.LVL236:
 2086              	.LFB85:
2711:Drivers/STM32F1xx_HAL_Driver/Src/stm32f1xx_ll_usb.c **** 
2712:Drivers/STM32F1xx_HAL_Driver/Src/stm32f1xx_ll_usb.c **** /**
2713:Drivers/STM32F1xx_HAL_Driver/Src/stm32f1xx_ll_usb.c ****   * @brief  Returns Device OUT EP Interrupt register
2714:Drivers/STM32F1xx_HAL_Driver/Src/stm32f1xx_ll_usb.c ****   * @param  USBx Selected device
2715:Drivers/STM32F1xx_HAL_Driver/Src/stm32f1xx_ll_usb.c ****   * @param  epnum endpoint number
2716:Drivers/STM32F1xx_HAL_Driver/Src/stm32f1xx_ll_usb.c ****   *          This parameter can be a value from 0 to 15
2717:Drivers/STM32F1xx_HAL_Driver/Src/stm32f1xx_ll_usb.c ****   * @retval Device OUT EP Interrupt register
2718:Drivers/STM32F1xx_HAL_Driver/Src/stm32f1xx_ll_usb.c ****   */
2719:Drivers/STM32F1xx_HAL_Driver/Src/stm32f1xx_ll_usb.c **** uint32_t USB_ReadDevOutEPInterrupt(USB_TypeDef *USBx, uint8_t epnum)
2720:Drivers/STM32F1xx_HAL_Driver/Src/stm32f1xx_ll_usb.c **** {
ARM GAS  C:\Users\crist\AppData\Local\Temp\ccqk2JNa.s 			page 89


 2087              		.loc 1 2720 1 is_stmt 1 view -0
 2088              		.cfi_startproc
 2089              		@ args = 0, pretend = 0, frame = 0
 2090              		@ frame_needed = 0, uses_anonymous_args = 0
 2091              		@ link register save eliminated.
2721:Drivers/STM32F1xx_HAL_Driver/Src/stm32f1xx_ll_usb.c ****   /* Prevent unused argument(s) compilation warning */
2722:Drivers/STM32F1xx_HAL_Driver/Src/stm32f1xx_ll_usb.c ****   UNUSED(USBx);
 2092              		.loc 1 2722 3 view .LVU704
2723:Drivers/STM32F1xx_HAL_Driver/Src/stm32f1xx_ll_usb.c ****   UNUSED(epnum);
 2093              		.loc 1 2723 3 view .LVU705
2724:Drivers/STM32F1xx_HAL_Driver/Src/stm32f1xx_ll_usb.c ****   /* NOTE : - This function is not required by USB Device FS peripheral, it is used
2725:Drivers/STM32F1xx_HAL_Driver/Src/stm32f1xx_ll_usb.c ****               only by USB OTG FS peripheral.
2726:Drivers/STM32F1xx_HAL_Driver/Src/stm32f1xx_ll_usb.c ****             - This function is added to ensure compatibility across platforms.
2727:Drivers/STM32F1xx_HAL_Driver/Src/stm32f1xx_ll_usb.c ****    */
2728:Drivers/STM32F1xx_HAL_Driver/Src/stm32f1xx_ll_usb.c ****   return (0);
 2094              		.loc 1 2728 3 view .LVU706
2729:Drivers/STM32F1xx_HAL_Driver/Src/stm32f1xx_ll_usb.c **** }
 2095              		.loc 1 2729 1 is_stmt 0 view .LVU707
 2096 0000 0020     		movs	r0, #0
 2097              	.LVL237:
 2098              		.loc 1 2729 1 view .LVU708
 2099 0002 7047     		bx	lr
 2100              		.cfi_endproc
 2101              	.LFE85:
 2103              		.section	.text.USB_ReadDevInEPInterrupt,"ax",%progbits
 2104              		.align	1
 2105              		.global	USB_ReadDevInEPInterrupt
 2106              		.syntax unified
 2107              		.thumb
 2108              		.thumb_func
 2110              	USB_ReadDevInEPInterrupt:
 2111              	.LVL238:
 2112              	.LFB86:
2730:Drivers/STM32F1xx_HAL_Driver/Src/stm32f1xx_ll_usb.c **** 
2731:Drivers/STM32F1xx_HAL_Driver/Src/stm32f1xx_ll_usb.c **** /**
2732:Drivers/STM32F1xx_HAL_Driver/Src/stm32f1xx_ll_usb.c ****   * @brief  Returns Device IN EP Interrupt register
2733:Drivers/STM32F1xx_HAL_Driver/Src/stm32f1xx_ll_usb.c ****   * @param  USBx Selected device
2734:Drivers/STM32F1xx_HAL_Driver/Src/stm32f1xx_ll_usb.c ****   * @param  epnum endpoint number
2735:Drivers/STM32F1xx_HAL_Driver/Src/stm32f1xx_ll_usb.c ****   *          This parameter can be a value from 0 to 15
2736:Drivers/STM32F1xx_HAL_Driver/Src/stm32f1xx_ll_usb.c ****   * @retval Device IN EP Interrupt register
2737:Drivers/STM32F1xx_HAL_Driver/Src/stm32f1xx_ll_usb.c ****   */
2738:Drivers/STM32F1xx_HAL_Driver/Src/stm32f1xx_ll_usb.c **** uint32_t USB_ReadDevInEPInterrupt(USB_TypeDef *USBx, uint8_t epnum)
2739:Drivers/STM32F1xx_HAL_Driver/Src/stm32f1xx_ll_usb.c **** {
 2113              		.loc 1 2739 1 is_stmt 1 view -0
 2114              		.cfi_startproc
 2115              		@ args = 0, pretend = 0, frame = 0
 2116              		@ frame_needed = 0, uses_anonymous_args = 0
 2117              		@ link register save eliminated.
2740:Drivers/STM32F1xx_HAL_Driver/Src/stm32f1xx_ll_usb.c ****   /* Prevent unused argument(s) compilation warning */
2741:Drivers/STM32F1xx_HAL_Driver/Src/stm32f1xx_ll_usb.c ****   UNUSED(USBx);
 2118              		.loc 1 2741 3 view .LVU710
2742:Drivers/STM32F1xx_HAL_Driver/Src/stm32f1xx_ll_usb.c ****   UNUSED(epnum);
 2119              		.loc 1 2742 3 view .LVU711
2743:Drivers/STM32F1xx_HAL_Driver/Src/stm32f1xx_ll_usb.c ****   /* NOTE : - This function is not required by USB Device FS peripheral, it is used
2744:Drivers/STM32F1xx_HAL_Driver/Src/stm32f1xx_ll_usb.c ****               only by USB OTG FS peripheral.
2745:Drivers/STM32F1xx_HAL_Driver/Src/stm32f1xx_ll_usb.c ****             - This function is added to ensure compatibility across platforms.
2746:Drivers/STM32F1xx_HAL_Driver/Src/stm32f1xx_ll_usb.c ****    */
ARM GAS  C:\Users\crist\AppData\Local\Temp\ccqk2JNa.s 			page 90


2747:Drivers/STM32F1xx_HAL_Driver/Src/stm32f1xx_ll_usb.c ****   return (0);
 2120              		.loc 1 2747 3 view .LVU712
2748:Drivers/STM32F1xx_HAL_Driver/Src/stm32f1xx_ll_usb.c **** }
 2121              		.loc 1 2748 1 is_stmt 0 view .LVU713
 2122 0000 0020     		movs	r0, #0
 2123              	.LVL239:
 2124              		.loc 1 2748 1 view .LVU714
 2125 0002 7047     		bx	lr
 2126              		.cfi_endproc
 2127              	.LFE86:
 2129              		.section	.text.USB_ClearInterrupts,"ax",%progbits
 2130              		.align	1
 2131              		.global	USB_ClearInterrupts
 2132              		.syntax unified
 2133              		.thumb
 2134              		.thumb_func
 2136              	USB_ClearInterrupts:
 2137              	.LVL240:
 2138              	.LFB87:
2749:Drivers/STM32F1xx_HAL_Driver/Src/stm32f1xx_ll_usb.c **** 
2750:Drivers/STM32F1xx_HAL_Driver/Src/stm32f1xx_ll_usb.c **** /**
2751:Drivers/STM32F1xx_HAL_Driver/Src/stm32f1xx_ll_usb.c ****   * @brief  USB_ClearInterrupts: clear a USB interrupt
2752:Drivers/STM32F1xx_HAL_Driver/Src/stm32f1xx_ll_usb.c ****   * @param  USBx Selected device
2753:Drivers/STM32F1xx_HAL_Driver/Src/stm32f1xx_ll_usb.c ****   * @param  interrupt  flag
2754:Drivers/STM32F1xx_HAL_Driver/Src/stm32f1xx_ll_usb.c ****   * @retval None
2755:Drivers/STM32F1xx_HAL_Driver/Src/stm32f1xx_ll_usb.c ****   */
2756:Drivers/STM32F1xx_HAL_Driver/Src/stm32f1xx_ll_usb.c **** void  USB_ClearInterrupts(USB_TypeDef *USBx, uint32_t interrupt)
2757:Drivers/STM32F1xx_HAL_Driver/Src/stm32f1xx_ll_usb.c **** {
 2139              		.loc 1 2757 1 is_stmt 1 view -0
 2140              		.cfi_startproc
 2141              		@ args = 0, pretend = 0, frame = 0
 2142              		@ frame_needed = 0, uses_anonymous_args = 0
 2143              		@ link register save eliminated.
2758:Drivers/STM32F1xx_HAL_Driver/Src/stm32f1xx_ll_usb.c ****   /* Prevent unused argument(s) compilation warning */
2759:Drivers/STM32F1xx_HAL_Driver/Src/stm32f1xx_ll_usb.c ****   UNUSED(USBx);
 2144              		.loc 1 2759 3 view .LVU716
2760:Drivers/STM32F1xx_HAL_Driver/Src/stm32f1xx_ll_usb.c ****   UNUSED(interrupt);
 2145              		.loc 1 2760 3 view .LVU717
2761:Drivers/STM32F1xx_HAL_Driver/Src/stm32f1xx_ll_usb.c ****   /* NOTE : - This function is not required by USB Device FS peripheral, it is used
2762:Drivers/STM32F1xx_HAL_Driver/Src/stm32f1xx_ll_usb.c ****               only by USB OTG FS peripheral.
2763:Drivers/STM32F1xx_HAL_Driver/Src/stm32f1xx_ll_usb.c ****             - This function is added to ensure compatibility across platforms.
2764:Drivers/STM32F1xx_HAL_Driver/Src/stm32f1xx_ll_usb.c ****    */
2765:Drivers/STM32F1xx_HAL_Driver/Src/stm32f1xx_ll_usb.c **** }
 2146              		.loc 1 2765 1 is_stmt 0 view .LVU718
 2147 0000 7047     		bx	lr
 2148              		.cfi_endproc
 2149              	.LFE87:
 2151              		.section	.text.USB_EP0_OutStart,"ax",%progbits
 2152              		.align	1
 2153              		.global	USB_EP0_OutStart
 2154              		.syntax unified
 2155              		.thumb
 2156              		.thumb_func
 2158              	USB_EP0_OutStart:
 2159              	.LVL241:
 2160              	.LFB88:
2766:Drivers/STM32F1xx_HAL_Driver/Src/stm32f1xx_ll_usb.c **** 
ARM GAS  C:\Users\crist\AppData\Local\Temp\ccqk2JNa.s 			page 91


2767:Drivers/STM32F1xx_HAL_Driver/Src/stm32f1xx_ll_usb.c **** /**
2768:Drivers/STM32F1xx_HAL_Driver/Src/stm32f1xx_ll_usb.c ****   * @brief  Prepare the EP0 to start the first control setup
2769:Drivers/STM32F1xx_HAL_Driver/Src/stm32f1xx_ll_usb.c ****   * @param  USBx Selected device
2770:Drivers/STM32F1xx_HAL_Driver/Src/stm32f1xx_ll_usb.c ****   * @param  psetup pointer to setup packet
2771:Drivers/STM32F1xx_HAL_Driver/Src/stm32f1xx_ll_usb.c ****   * @retval HAL status
2772:Drivers/STM32F1xx_HAL_Driver/Src/stm32f1xx_ll_usb.c ****   */
2773:Drivers/STM32F1xx_HAL_Driver/Src/stm32f1xx_ll_usb.c **** HAL_StatusTypeDef USB_EP0_OutStart(USB_TypeDef *USBx, uint8_t *psetup)
2774:Drivers/STM32F1xx_HAL_Driver/Src/stm32f1xx_ll_usb.c **** {
 2161              		.loc 1 2774 1 is_stmt 1 view -0
 2162              		.cfi_startproc
 2163              		@ args = 0, pretend = 0, frame = 0
 2164              		@ frame_needed = 0, uses_anonymous_args = 0
 2165              		@ link register save eliminated.
2775:Drivers/STM32F1xx_HAL_Driver/Src/stm32f1xx_ll_usb.c ****   /* Prevent unused argument(s) compilation warning */
2776:Drivers/STM32F1xx_HAL_Driver/Src/stm32f1xx_ll_usb.c ****   UNUSED(USBx);
 2166              		.loc 1 2776 3 view .LVU720
2777:Drivers/STM32F1xx_HAL_Driver/Src/stm32f1xx_ll_usb.c ****   UNUSED(psetup);
 2167              		.loc 1 2777 3 view .LVU721
2778:Drivers/STM32F1xx_HAL_Driver/Src/stm32f1xx_ll_usb.c ****   /* NOTE : - This function is not required by USB Device FS peripheral, it is used
2779:Drivers/STM32F1xx_HAL_Driver/Src/stm32f1xx_ll_usb.c ****               only by USB OTG FS peripheral.
2780:Drivers/STM32F1xx_HAL_Driver/Src/stm32f1xx_ll_usb.c ****             - This function is added to ensure compatibility across platforms.
2781:Drivers/STM32F1xx_HAL_Driver/Src/stm32f1xx_ll_usb.c ****    */
2782:Drivers/STM32F1xx_HAL_Driver/Src/stm32f1xx_ll_usb.c ****   return HAL_OK;
 2168              		.loc 1 2782 3 view .LVU722
2783:Drivers/STM32F1xx_HAL_Driver/Src/stm32f1xx_ll_usb.c **** }
 2169              		.loc 1 2783 1 is_stmt 0 view .LVU723
 2170 0000 0020     		movs	r0, #0
 2171              	.LVL242:
 2172              		.loc 1 2783 1 view .LVU724
 2173 0002 7047     		bx	lr
 2174              		.cfi_endproc
 2175              	.LFE88:
 2177              		.section	.text.USB_ActivateRemoteWakeup,"ax",%progbits
 2178              		.align	1
 2179              		.global	USB_ActivateRemoteWakeup
 2180              		.syntax unified
 2181              		.thumb
 2182              		.thumb_func
 2184              	USB_ActivateRemoteWakeup:
 2185              	.LVL243:
 2186              	.LFB89:
2784:Drivers/STM32F1xx_HAL_Driver/Src/stm32f1xx_ll_usb.c **** 
2785:Drivers/STM32F1xx_HAL_Driver/Src/stm32f1xx_ll_usb.c **** /**
2786:Drivers/STM32F1xx_HAL_Driver/Src/stm32f1xx_ll_usb.c ****   * @brief  USB_ActivateRemoteWakeup : active remote wakeup signalling
2787:Drivers/STM32F1xx_HAL_Driver/Src/stm32f1xx_ll_usb.c ****   * @param  USBx Selected device
2788:Drivers/STM32F1xx_HAL_Driver/Src/stm32f1xx_ll_usb.c ****   * @retval HAL status
2789:Drivers/STM32F1xx_HAL_Driver/Src/stm32f1xx_ll_usb.c ****   */
2790:Drivers/STM32F1xx_HAL_Driver/Src/stm32f1xx_ll_usb.c **** HAL_StatusTypeDef USB_ActivateRemoteWakeup(USB_TypeDef *USBx)
2791:Drivers/STM32F1xx_HAL_Driver/Src/stm32f1xx_ll_usb.c **** {
 2187              		.loc 1 2791 1 is_stmt 1 view -0
 2188              		.cfi_startproc
 2189              		@ args = 0, pretend = 0, frame = 0
 2190              		@ frame_needed = 0, uses_anonymous_args = 0
 2191              		@ link register save eliminated.
2792:Drivers/STM32F1xx_HAL_Driver/Src/stm32f1xx_ll_usb.c ****   USBx->CNTR |= (uint16_t)USB_CNTR_RESUME;
 2192              		.loc 1 2792 3 view .LVU726
 2193              		.loc 1 2792 7 is_stmt 0 view .LVU727
ARM GAS  C:\Users\crist\AppData\Local\Temp\ccqk2JNa.s 			page 92


 2194 0000 B0F84030 		ldrh	r3, [r0, #64]
 2195 0004 9BB2     		uxth	r3, r3
 2196              		.loc 1 2792 14 view .LVU728
 2197 0006 43F01003 		orr	r3, r3, #16
 2198 000a A0F84030 		strh	r3, [r0, #64]	@ movhi
2793:Drivers/STM32F1xx_HAL_Driver/Src/stm32f1xx_ll_usb.c **** 
2794:Drivers/STM32F1xx_HAL_Driver/Src/stm32f1xx_ll_usb.c ****   return HAL_OK;
 2199              		.loc 1 2794 3 is_stmt 1 view .LVU729
2795:Drivers/STM32F1xx_HAL_Driver/Src/stm32f1xx_ll_usb.c **** }
 2200              		.loc 1 2795 1 is_stmt 0 view .LVU730
 2201 000e 0020     		movs	r0, #0
 2202              	.LVL244:
 2203              		.loc 1 2795 1 view .LVU731
 2204 0010 7047     		bx	lr
 2205              		.cfi_endproc
 2206              	.LFE89:
 2208              		.section	.text.USB_DeActivateRemoteWakeup,"ax",%progbits
 2209              		.align	1
 2210              		.global	USB_DeActivateRemoteWakeup
 2211              		.syntax unified
 2212              		.thumb
 2213              		.thumb_func
 2215              	USB_DeActivateRemoteWakeup:
 2216              	.LVL245:
 2217              	.LFB90:
2796:Drivers/STM32F1xx_HAL_Driver/Src/stm32f1xx_ll_usb.c **** 
2797:Drivers/STM32F1xx_HAL_Driver/Src/stm32f1xx_ll_usb.c **** /**
2798:Drivers/STM32F1xx_HAL_Driver/Src/stm32f1xx_ll_usb.c ****   * @brief  USB_DeActivateRemoteWakeup de-active remote wakeup signalling
2799:Drivers/STM32F1xx_HAL_Driver/Src/stm32f1xx_ll_usb.c ****   * @param  USBx Selected device
2800:Drivers/STM32F1xx_HAL_Driver/Src/stm32f1xx_ll_usb.c ****   * @retval HAL status
2801:Drivers/STM32F1xx_HAL_Driver/Src/stm32f1xx_ll_usb.c ****   */
2802:Drivers/STM32F1xx_HAL_Driver/Src/stm32f1xx_ll_usb.c **** HAL_StatusTypeDef USB_DeActivateRemoteWakeup(USB_TypeDef *USBx)
2803:Drivers/STM32F1xx_HAL_Driver/Src/stm32f1xx_ll_usb.c **** {
 2218              		.loc 1 2803 1 is_stmt 1 view -0
 2219              		.cfi_startproc
 2220              		@ args = 0, pretend = 0, frame = 0
 2221              		@ frame_needed = 0, uses_anonymous_args = 0
 2222              		@ link register save eliminated.
2804:Drivers/STM32F1xx_HAL_Driver/Src/stm32f1xx_ll_usb.c ****   USBx->CNTR &= (uint16_t)(~USB_CNTR_RESUME);
 2223              		.loc 1 2804 3 view .LVU733
 2224              		.loc 1 2804 7 is_stmt 0 view .LVU734
 2225 0000 B0F84030 		ldrh	r3, [r0, #64]
 2226 0004 9BB2     		uxth	r3, r3
 2227              		.loc 1 2804 14 view .LVU735
 2228 0006 23F01003 		bic	r3, r3, #16
 2229 000a 9BB2     		uxth	r3, r3
 2230 000c A0F84030 		strh	r3, [r0, #64]	@ movhi
2805:Drivers/STM32F1xx_HAL_Driver/Src/stm32f1xx_ll_usb.c **** 
2806:Drivers/STM32F1xx_HAL_Driver/Src/stm32f1xx_ll_usb.c ****   return HAL_OK;
 2231              		.loc 1 2806 3 is_stmt 1 view .LVU736
2807:Drivers/STM32F1xx_HAL_Driver/Src/stm32f1xx_ll_usb.c **** }
 2232              		.loc 1 2807 1 is_stmt 0 view .LVU737
 2233 0010 0020     		movs	r0, #0
 2234              	.LVL246:
 2235              		.loc 1 2807 1 view .LVU738
 2236 0012 7047     		bx	lr
 2237              		.cfi_endproc
ARM GAS  C:\Users\crist\AppData\Local\Temp\ccqk2JNa.s 			page 93


 2238              	.LFE90:
 2240              		.section	.text.USB_WritePMA,"ax",%progbits
 2241              		.align	1
 2242              		.global	USB_WritePMA
 2243              		.syntax unified
 2244              		.thumb
 2245              		.thumb_func
 2247              	USB_WritePMA:
 2248              	.LVL247:
 2249              	.LFB91:
2808:Drivers/STM32F1xx_HAL_Driver/Src/stm32f1xx_ll_usb.c **** 
2809:Drivers/STM32F1xx_HAL_Driver/Src/stm32f1xx_ll_usb.c **** /**
2810:Drivers/STM32F1xx_HAL_Driver/Src/stm32f1xx_ll_usb.c ****   * @brief Copy a buffer from user memory area to packet memory area (PMA)
2811:Drivers/STM32F1xx_HAL_Driver/Src/stm32f1xx_ll_usb.c ****   * @param   USBx USB peripheral instance register address.
2812:Drivers/STM32F1xx_HAL_Driver/Src/stm32f1xx_ll_usb.c ****   * @param   pbUsrBuf pointer to user memory area.
2813:Drivers/STM32F1xx_HAL_Driver/Src/stm32f1xx_ll_usb.c ****   * @param   wPMABufAddr address into PMA.
2814:Drivers/STM32F1xx_HAL_Driver/Src/stm32f1xx_ll_usb.c ****   * @param   wNBytes no. of bytes to be copied.
2815:Drivers/STM32F1xx_HAL_Driver/Src/stm32f1xx_ll_usb.c ****   * @retval None
2816:Drivers/STM32F1xx_HAL_Driver/Src/stm32f1xx_ll_usb.c ****   */
2817:Drivers/STM32F1xx_HAL_Driver/Src/stm32f1xx_ll_usb.c **** void USB_WritePMA(USB_TypeDef const *USBx, uint8_t *pbUsrBuf, uint16_t wPMABufAddr, uint16_t wNByte
2818:Drivers/STM32F1xx_HAL_Driver/Src/stm32f1xx_ll_usb.c **** {
 2250              		.loc 1 2818 1 is_stmt 1 view -0
 2251              		.cfi_startproc
 2252              		@ args = 0, pretend = 0, frame = 0
 2253              		@ frame_needed = 0, uses_anonymous_args = 0
 2254              		@ link register save eliminated.
2819:Drivers/STM32F1xx_HAL_Driver/Src/stm32f1xx_ll_usb.c ****   uint32_t n = ((uint32_t)wNBytes + 1U) >> 1;
 2255              		.loc 1 2819 3 view .LVU740
 2256              		.loc 1 2819 35 is_stmt 0 view .LVU741
 2257 0000 0133     		adds	r3, r3, #1
 2258              	.LVL248:
 2259              		.loc 1 2819 12 view .LVU742
 2260 0002 5B08     		lsrs	r3, r3, #1
 2261              	.LVL249:
2820:Drivers/STM32F1xx_HAL_Driver/Src/stm32f1xx_ll_usb.c ****   uint32_t BaseAddr = (uint32_t)USBx;
 2262              		.loc 1 2820 3 is_stmt 1 view .LVU743
2821:Drivers/STM32F1xx_HAL_Driver/Src/stm32f1xx_ll_usb.c ****   uint32_t count;
 2263              		.loc 1 2821 3 view .LVU744
2822:Drivers/STM32F1xx_HAL_Driver/Src/stm32f1xx_ll_usb.c ****   uint16_t WrVal;
 2264              		.loc 1 2822 3 view .LVU745
2823:Drivers/STM32F1xx_HAL_Driver/Src/stm32f1xx_ll_usb.c ****   __IO uint16_t *pdwVal;
 2265              		.loc 1 2823 3 view .LVU746
2824:Drivers/STM32F1xx_HAL_Driver/Src/stm32f1xx_ll_usb.c ****   uint8_t *pBuf = pbUsrBuf;
 2266              		.loc 1 2824 3 view .LVU747
2825:Drivers/STM32F1xx_HAL_Driver/Src/stm32f1xx_ll_usb.c **** 
2826:Drivers/STM32F1xx_HAL_Driver/Src/stm32f1xx_ll_usb.c ****   pdwVal = (__IO uint16_t *)(BaseAddr + 0x400U + ((uint32_t)wPMABufAddr * PMA_ACCESS));
 2267              		.loc 1 2826 3 view .LVU748
 2268              		.loc 1 2826 48 is_stmt 0 view .LVU749
 2269 0004 00EB4200 		add	r0, r0, r2, lsl #1
 2270              	.LVL250:
 2271              		.loc 1 2826 48 view .LVU750
 2272 0008 00F58060 		add	r0, r0, #1024
 2273              	.LVL251:
2827:Drivers/STM32F1xx_HAL_Driver/Src/stm32f1xx_ll_usb.c **** 
2828:Drivers/STM32F1xx_HAL_Driver/Src/stm32f1xx_ll_usb.c ****   for (count = n; count != 0U; count--)
 2274              		.loc 1 2828 3 is_stmt 1 view .LVU751
 2275              		.loc 1 2828 3 is_stmt 0 view .LVU752
ARM GAS  C:\Users\crist\AppData\Local\Temp\ccqk2JNa.s 			page 94


 2276 000c 08E0     		b	.L81
 2277              	.LVL252:
 2278              	.L82:
2829:Drivers/STM32F1xx_HAL_Driver/Src/stm32f1xx_ll_usb.c ****   {
2830:Drivers/STM32F1xx_HAL_Driver/Src/stm32f1xx_ll_usb.c ****     WrVal = pBuf[0];
 2279              		.loc 1 2830 5 is_stmt 1 view .LVU753
 2280              		.loc 1 2830 17 is_stmt 0 view .LVU754
 2281 000e 0A78     		ldrb	r2, [r1]	@ zero_extendqisi2
 2282              	.LVL253:
2831:Drivers/STM32F1xx_HAL_Driver/Src/stm32f1xx_ll_usb.c ****     WrVal |= (uint16_t)pBuf[1] << 8;
 2283              		.loc 1 2831 5 is_stmt 1 view .LVU755
 2284              		.loc 1 2831 28 is_stmt 0 view .LVU756
 2285 0010 91F801C0 		ldrb	ip, [r1, #1]	@ zero_extendqisi2
 2286              		.loc 1 2831 11 view .LVU757
 2287 0014 42EA0C22 		orr	r2, r2, ip, lsl #8
 2288              	.LVL254:
2832:Drivers/STM32F1xx_HAL_Driver/Src/stm32f1xx_ll_usb.c ****     *pdwVal = (WrVal & 0xFFFFU);
 2289              		.loc 1 2832 5 is_stmt 1 view .LVU758
 2290              		.loc 1 2832 13 is_stmt 0 view .LVU759
 2291 0018 20F8042B 		strh	r2, [r0], #4	@ movhi
 2292              	.LVL255:
2833:Drivers/STM32F1xx_HAL_Driver/Src/stm32f1xx_ll_usb.c ****     pdwVal++;
 2293              		.loc 1 2833 5 is_stmt 1 view .LVU760
2834:Drivers/STM32F1xx_HAL_Driver/Src/stm32f1xx_ll_usb.c **** 
2835:Drivers/STM32F1xx_HAL_Driver/Src/stm32f1xx_ll_usb.c **** #if PMA_ACCESS > 1U
2836:Drivers/STM32F1xx_HAL_Driver/Src/stm32f1xx_ll_usb.c ****     pdwVal++;
 2294              		.loc 1 2836 5 view .LVU761
2837:Drivers/STM32F1xx_HAL_Driver/Src/stm32f1xx_ll_usb.c **** #endif /* PMA_ACCESS */
2838:Drivers/STM32F1xx_HAL_Driver/Src/stm32f1xx_ll_usb.c **** 
2839:Drivers/STM32F1xx_HAL_Driver/Src/stm32f1xx_ll_usb.c ****     pBuf++;
 2295              		.loc 1 2839 5 view .LVU762
2840:Drivers/STM32F1xx_HAL_Driver/Src/stm32f1xx_ll_usb.c ****     pBuf++;
 2296              		.loc 1 2840 5 view .LVU763
 2297              		.loc 1 2840 9 is_stmt 0 view .LVU764
 2298 001c 0231     		adds	r1, r1, #2
 2299              	.LVL256:
2828:Drivers/STM32F1xx_HAL_Driver/Src/stm32f1xx_ll_usb.c ****   {
 2300              		.loc 1 2828 37 is_stmt 1 discriminator 3 view .LVU765
 2301 001e 013B     		subs	r3, r3, #1
 2302              	.LVL257:
 2303              	.L81:
2828:Drivers/STM32F1xx_HAL_Driver/Src/stm32f1xx_ll_usb.c ****   {
 2304              		.loc 1 2828 25 discriminator 1 view .LVU766
 2305 0020 002B     		cmp	r3, #0
 2306 0022 F4D1     		bne	.L82
2841:Drivers/STM32F1xx_HAL_Driver/Src/stm32f1xx_ll_usb.c ****   }
2842:Drivers/STM32F1xx_HAL_Driver/Src/stm32f1xx_ll_usb.c **** }
 2307              		.loc 1 2842 1 is_stmt 0 view .LVU767
 2308 0024 7047     		bx	lr
 2309              		.cfi_endproc
 2310              	.LFE91:
 2312              		.section	.text.USB_EPStartXfer,"ax",%progbits
 2313              		.align	1
 2314              		.global	USB_EPStartXfer
 2315              		.syntax unified
 2316              		.thumb
 2317              		.thumb_func
ARM GAS  C:\Users\crist\AppData\Local\Temp\ccqk2JNa.s 			page 95


 2319              	USB_EPStartXfer:
 2320              	.LVL258:
 2321              	.LFB74:
2283:Drivers/STM32F1xx_HAL_Driver/Src/stm32f1xx_ll_usb.c ****   uint32_t len;
 2322              		.loc 1 2283 1 is_stmt 1 view -0
 2323              		.cfi_startproc
 2324              		@ args = 0, pretend = 0, frame = 0
 2325              		@ frame_needed = 0, uses_anonymous_args = 0
2283:Drivers/STM32F1xx_HAL_Driver/Src/stm32f1xx_ll_usb.c ****   uint32_t len;
 2326              		.loc 1 2283 1 is_stmt 0 view .LVU769
 2327 0000 70B5     		push	{r4, r5, r6, lr}
 2328              	.LCFI5:
 2329              		.cfi_def_cfa_offset 16
 2330              		.cfi_offset 4, -16
 2331              		.cfi_offset 5, -12
 2332              		.cfi_offset 6, -8
 2333              		.cfi_offset 14, -4
 2334 0002 0546     		mov	r5, r0
 2335 0004 0C46     		mov	r4, r1
2284:Drivers/STM32F1xx_HAL_Driver/Src/stm32f1xx_ll_usb.c **** #if (USE_USB_DOUBLE_BUFFER == 1U)
 2336              		.loc 1 2284 3 is_stmt 1 view .LVU770
2286:Drivers/STM32F1xx_HAL_Driver/Src/stm32f1xx_ll_usb.c ****   uint16_t wEPVal;
 2337              		.loc 1 2286 3 view .LVU771
2287:Drivers/STM32F1xx_HAL_Driver/Src/stm32f1xx_ll_usb.c **** #endif /* (USE_USB_DOUBLE_BUFFER == 1U) */
 2338              		.loc 1 2287 3 view .LVU772
2291:Drivers/STM32F1xx_HAL_Driver/Src/stm32f1xx_ll_usb.c ****   {
 2339              		.loc 1 2291 3 view .LVU773
2291:Drivers/STM32F1xx_HAL_Driver/Src/stm32f1xx_ll_usb.c ****   {
 2340              		.loc 1 2291 9 is_stmt 0 view .LVU774
 2341 0006 4A78     		ldrb	r2, [r1, #1]	@ zero_extendqisi2
2291:Drivers/STM32F1xx_HAL_Driver/Src/stm32f1xx_ll_usb.c ****   {
 2342              		.loc 1 2291 6 view .LVU775
 2343 0008 012A     		cmp	r2, #1
 2344 000a 3BD0     		beq	.L169
2427:Drivers/STM32F1xx_HAL_Driver/Src/stm32f1xx_ll_usb.c ****     {
 2345              		.loc 1 2427 5 is_stmt 1 view .LVU776
2427:Drivers/STM32F1xx_HAL_Driver/Src/stm32f1xx_ll_usb.c ****     {
 2346              		.loc 1 2427 11 is_stmt 0 view .LVU777
 2347 000c 0B7B     		ldrb	r3, [r1, #12]	@ zero_extendqisi2
2427:Drivers/STM32F1xx_HAL_Driver/Src/stm32f1xx_ll_usb.c ****     {
 2348              		.loc 1 2427 8 view .LVU778
 2349 000e 002B     		cmp	r3, #0
 2350 0010 40F0A682 		bne	.L133
2430:Drivers/STM32F1xx_HAL_Driver/Src/stm32f1xx_ll_usb.c ****       {
 2351              		.loc 1 2430 7 is_stmt 1 view .LVU779
2430:Drivers/STM32F1xx_HAL_Driver/Src/stm32f1xx_ll_usb.c ****       {
 2352              		.loc 1 2430 13 is_stmt 0 view .LVU780
 2353 0014 8B69     		ldr	r3, [r1, #24]
2430:Drivers/STM32F1xx_HAL_Driver/Src/stm32f1xx_ll_usb.c ****       {
 2354              		.loc 1 2430 28 view .LVU781
 2355 0016 0A69     		ldr	r2, [r1, #16]
2430:Drivers/STM32F1xx_HAL_Driver/Src/stm32f1xx_ll_usb.c ****       {
 2356              		.loc 1 2430 10 view .LVU782
 2357 0018 9342     		cmp	r3, r2
 2358 001a 40F28482 		bls	.L134
2432:Drivers/STM32F1xx_HAL_Driver/Src/stm32f1xx_ll_usb.c ****         ep->xfer_len -= len;
 2359              		.loc 1 2432 9 is_stmt 1 view .LVU783
ARM GAS  C:\Users\crist\AppData\Local\Temp\ccqk2JNa.s 			page 96


 2360              	.LVL259:
2433:Drivers/STM32F1xx_HAL_Driver/Src/stm32f1xx_ll_usb.c ****       }
 2361              		.loc 1 2433 9 view .LVU784
2433:Drivers/STM32F1xx_HAL_Driver/Src/stm32f1xx_ll_usb.c ****       }
 2362              		.loc 1 2433 22 is_stmt 0 view .LVU785
 2363 001e 9B1A     		subs	r3, r3, r2
 2364 0020 8B61     		str	r3, [r1, #24]
 2365              	.L135:
2441:Drivers/STM32F1xx_HAL_Driver/Src/stm32f1xx_ll_usb.c ****     }
 2366              		.loc 1 2441 7 is_stmt 1 view .LVU786
 2367              	.LBB66:
2441:Drivers/STM32F1xx_HAL_Driver/Src/stm32f1xx_ll_usb.c ****     }
 2368              		.loc 1 2441 7 view .LVU787
 2369              	.LVL260:
2441:Drivers/STM32F1xx_HAL_Driver/Src/stm32f1xx_ll_usb.c ****     }
 2370              		.loc 1 2441 7 view .LVU788
2441:Drivers/STM32F1xx_HAL_Driver/Src/stm32f1xx_ll_usb.c ****     }
 2371              		.loc 1 2441 7 view .LVU789
 2372 0022 B5F85030 		ldrh	r3, [r5, #80]
 2373 0026 9BB2     		uxth	r3, r3
 2374 0028 2B44     		add	r3, r3, r5
 2375              	.LVL261:
2441:Drivers/STM32F1xx_HAL_Driver/Src/stm32f1xx_ll_usb.c ****     }
 2376              		.loc 1 2441 7 view .LVU790
 2377 002a 2178     		ldrb	r1, [r4]	@ zero_extendqisi2
 2378              	.LVL262:
2441:Drivers/STM32F1xx_HAL_Driver/Src/stm32f1xx_ll_usb.c ****     }
 2379              		.loc 1 2441 7 is_stmt 0 view .LVU791
 2380 002c 03EB0113 		add	r3, r3, r1, lsl #4
 2381              	.LVL263:
2441:Drivers/STM32F1xx_HAL_Driver/Src/stm32f1xx_ll_usb.c ****     }
 2382              		.loc 1 2441 7 is_stmt 1 view .LVU792
 2383              	.LBB67:
2441:Drivers/STM32F1xx_HAL_Driver/Src/stm32f1xx_ll_usb.c ****     }
 2384              		.loc 1 2441 7 view .LVU793
2441:Drivers/STM32F1xx_HAL_Driver/Src/stm32f1xx_ll_usb.c ****     }
 2385              		.loc 1 2441 7 view .LVU794
 2386 0030 B3F80C14 		ldrh	r1, [r3, #1036]
 2387 0034 C1F30901 		ubfx	r1, r1, #0, #10
 2388 0038 A3F80C14 		strh	r1, [r3, #1036]	@ movhi
2441:Drivers/STM32F1xx_HAL_Driver/Src/stm32f1xx_ll_usb.c ****     }
 2389              		.loc 1 2441 7 view .LVU795
 2390 003c 3E2A     		cmp	r2, #62
 2391 003e 40F27682 		bls	.L136
2441:Drivers/STM32F1xx_HAL_Driver/Src/stm32f1xx_ll_usb.c ****     }
 2392              		.loc 1 2441 7 discriminator 1 view .LVU796
2441:Drivers/STM32F1xx_HAL_Driver/Src/stm32f1xx_ll_usb.c ****     }
 2393              		.loc 1 2441 7 discriminator 1 view .LVU797
 2394 0042 5109     		lsrs	r1, r2, #5
 2395              	.LVL264:
2441:Drivers/STM32F1xx_HAL_Driver/Src/stm32f1xx_ll_usb.c ****     }
 2396              		.loc 1 2441 7 view .LVU798
2441:Drivers/STM32F1xx_HAL_Driver/Src/stm32f1xx_ll_usb.c ****     }
 2397              		.loc 1 2441 7 is_stmt 0 discriminator 1 view .LVU799
 2398 0044 12F01F0F 		tst	r2, #31
 2399 0048 00D1     		bne	.L137
2441:Drivers/STM32F1xx_HAL_Driver/Src/stm32f1xx_ll_usb.c ****     }
ARM GAS  C:\Users\crist\AppData\Local\Temp\ccqk2JNa.s 			page 97


 2400              		.loc 1 2441 7 is_stmt 1 discriminator 3 view .LVU800
 2401 004a 0139     		subs	r1, r1, #1
 2402              	.LVL265:
 2403              	.L137:
2441:Drivers/STM32F1xx_HAL_Driver/Src/stm32f1xx_ll_usb.c ****     }
 2404              		.loc 1 2441 7 discriminator 5 view .LVU801
 2405 004c B3F80C24 		ldrh	r2, [r3, #1036]
 2406              	.LVL266:
2441:Drivers/STM32F1xx_HAL_Driver/Src/stm32f1xx_ll_usb.c ****     }
 2407              		.loc 1 2441 7 is_stmt 0 discriminator 5 view .LVU802
 2408 0050 92B2     		uxth	r2, r2
 2409 0052 8902     		lsls	r1, r1, #10
 2410              	.LVL267:
2441:Drivers/STM32F1xx_HAL_Driver/Src/stm32f1xx_ll_usb.c ****     }
 2411              		.loc 1 2441 7 discriminator 5 view .LVU803
 2412 0054 89B2     		uxth	r1, r1
 2413 0056 0A43     		orrs	r2, r2, r1
 2414 0058 42F40042 		orr	r2, r2, #32768
 2415 005c A3F80C24 		strh	r2, [r3, #1036]	@ movhi
2441:Drivers/STM32F1xx_HAL_Driver/Src/stm32f1xx_ll_usb.c ****     }
 2416              		.loc 1 2441 7 is_stmt 1 view .LVU804
 2417              	.LVL268:
 2418              	.L138:
2441:Drivers/STM32F1xx_HAL_Driver/Src/stm32f1xx_ll_usb.c ****     }
 2419              		.loc 1 2441 7 is_stmt 0 view .LVU805
 2420              	.LBE67:
 2421              	.LBE66:
2489:Drivers/STM32F1xx_HAL_Driver/Src/stm32f1xx_ll_usb.c ****   }
 2422              		.loc 1 2489 5 is_stmt 1 view .LVU806
 2423              	.LBB69:
2489:Drivers/STM32F1xx_HAL_Driver/Src/stm32f1xx_ll_usb.c ****   }
 2424              		.loc 1 2489 5 view .LVU807
2489:Drivers/STM32F1xx_HAL_Driver/Src/stm32f1xx_ll_usb.c ****   }
 2425              		.loc 1 2489 5 view .LVU808
 2426 0060 2278     		ldrb	r2, [r4]	@ zero_extendqisi2
 2427 0062 35F82230 		ldrh	r3, [r5, r2, lsl #2]
 2428 0066 9BB2     		uxth	r3, r3
 2429 0068 23F48043 		bic	r3, r3, #16384
 2430 006c 23F07003 		bic	r3, r3, #112
 2431              	.LVL269:
2489:Drivers/STM32F1xx_HAL_Driver/Src/stm32f1xx_ll_usb.c ****   }
 2432              		.loc 1 2489 5 view .LVU809
2489:Drivers/STM32F1xx_HAL_Driver/Src/stm32f1xx_ll_usb.c ****   }
 2433              		.loc 1 2489 5 discriminator 1 view .LVU810
2489:Drivers/STM32F1xx_HAL_Driver/Src/stm32f1xx_ll_usb.c ****   }
 2434              		.loc 1 2489 5 discriminator 3 view .LVU811
2489:Drivers/STM32F1xx_HAL_Driver/Src/stm32f1xx_ll_usb.c ****   }
 2435              		.loc 1 2489 5 discriminator 4 view .LVU812
 2436 0070 83F44053 		eor	r3, r3, #12288
 2437              	.LVL270:
2489:Drivers/STM32F1xx_HAL_Driver/Src/stm32f1xx_ll_usb.c ****   }
 2438              		.loc 1 2489 5 discriminator 6 view .LVU813
 2439 0074 43F40043 		orr	r3, r3, #32768
 2440              	.LVL271:
2489:Drivers/STM32F1xx_HAL_Driver/Src/stm32f1xx_ll_usb.c ****   }
 2441              		.loc 1 2489 5 is_stmt 0 discriminator 6 view .LVU814
 2442 0078 43F08003 		orr	r3, r3, #128
ARM GAS  C:\Users\crist\AppData\Local\Temp\ccqk2JNa.s 			page 98


 2443 007c 25F82230 		strh	r3, [r5, r2, lsl #2]	@ movhi
 2444              	.LBE69:
2492:Drivers/STM32F1xx_HAL_Driver/Src/stm32f1xx_ll_usb.c **** }
 2445              		.loc 1 2492 10 view .LVU815
 2446 0080 0020     		movs	r0, #0
 2447              	.LVL272:
 2448              	.L132:
2493:Drivers/STM32F1xx_HAL_Driver/Src/stm32f1xx_ll_usb.c **** 
 2449              		.loc 1 2493 1 view .LVU816
 2450 0082 70BD     		pop	{r4, r5, r6, pc}
 2451              	.LVL273:
 2452              	.L169:
2294:Drivers/STM32F1xx_HAL_Driver/Src/stm32f1xx_ll_usb.c ****     {
 2453              		.loc 1 2294 5 is_stmt 1 view .LVU817
2294:Drivers/STM32F1xx_HAL_Driver/Src/stm32f1xx_ll_usb.c ****     {
 2454              		.loc 1 2294 11 is_stmt 0 view .LVU818
 2455 0084 8E69     		ldr	r6, [r1, #24]
2294:Drivers/STM32F1xx_HAL_Driver/Src/stm32f1xx_ll_usb.c ****     {
 2456              		.loc 1 2294 26 view .LVU819
 2457 0086 0969     		ldr	r1, [r1, #16]
 2458              	.LVL274:
2294:Drivers/STM32F1xx_HAL_Driver/Src/stm32f1xx_ll_usb.c ****     {
 2459              		.loc 1 2294 8 view .LVU820
 2460 0088 8E42     		cmp	r6, r1
 2461 008a 00D9     		bls	.L85
2296:Drivers/STM32F1xx_HAL_Driver/Src/stm32f1xx_ll_usb.c ****     }
 2462              		.loc 1 2296 11 view .LVU821
 2463 008c 0E46     		mov	r6, r1
 2464              	.L85:
 2465              	.LVL275:
2304:Drivers/STM32F1xx_HAL_Driver/Src/stm32f1xx_ll_usb.c ****     {
 2466              		.loc 1 2304 5 is_stmt 1 view .LVU822
2304:Drivers/STM32F1xx_HAL_Driver/Src/stm32f1xx_ll_usb.c ****     {
 2467              		.loc 1 2304 11 is_stmt 0 view .LVU823
 2468 008e 237B     		ldrb	r3, [r4, #12]	@ zero_extendqisi2
2304:Drivers/STM32F1xx_HAL_Driver/Src/stm32f1xx_ll_usb.c ****     {
 2469              		.loc 1 2304 8 view .LVU824
 2470 0090 73B3     		cbz	r3, .L170
2313:Drivers/STM32F1xx_HAL_Driver/Src/stm32f1xx_ll_usb.c ****       {
 2471              		.loc 1 2313 7 is_stmt 1 view .LVU825
2313:Drivers/STM32F1xx_HAL_Driver/Src/stm32f1xx_ll_usb.c ****       {
 2472              		.loc 1 2313 13 is_stmt 0 view .LVU826
 2473 0092 E378     		ldrb	r3, [r4, #3]	@ zero_extendqisi2
2313:Drivers/STM32F1xx_HAL_Driver/Src/stm32f1xx_ll_usb.c ****       {
 2474              		.loc 1 2313 10 view .LVU827
 2475 0094 022B     		cmp	r3, #2
 2476 0096 4DD0     		beq	.L171
2398:Drivers/STM32F1xx_HAL_Driver/Src/stm32f1xx_ll_usb.c **** 
 2477              		.loc 1 2398 9 is_stmt 1 view .LVU828
2398:Drivers/STM32F1xx_HAL_Driver/Src/stm32f1xx_ll_usb.c **** 
 2478              		.loc 1 2398 11 is_stmt 0 view .LVU829
 2479 0098 236A     		ldr	r3, [r4, #32]
2398:Drivers/STM32F1xx_HAL_Driver/Src/stm32f1xx_ll_usb.c **** 
 2480              		.loc 1 2398 25 view .LVU830
 2481 009a 9B1B     		subs	r3, r3, r6
 2482 009c 2362     		str	r3, [r4, #32]
2401:Drivers/STM32F1xx_HAL_Driver/Src/stm32f1xx_ll_usb.c ****         {
ARM GAS  C:\Users\crist\AppData\Local\Temp\ccqk2JNa.s 			page 99


 2483              		.loc 1 2401 9 is_stmt 1 view .LVU831
2401:Drivers/STM32F1xx_HAL_Driver/Src/stm32f1xx_ll_usb.c ****         {
 2484              		.loc 1 2401 14 is_stmt 0 view .LVU832
 2485 009e 2178     		ldrb	r1, [r4]	@ zero_extendqisi2
 2486 00a0 35F82130 		ldrh	r3, [r5, r1, lsl #2]
2401:Drivers/STM32F1xx_HAL_Driver/Src/stm32f1xx_ll_usb.c ****         {
 2487              		.loc 1 2401 12 view .LVU833
 2488 00a4 13F0400F 		tst	r3, #64
 2489 00a8 00F0F581 		beq	.L119
2404:Drivers/STM32F1xx_HAL_Driver/Src/stm32f1xx_ll_usb.c ****           pmabuffer = ep->pmaaddr1;
 2490              		.loc 1 2404 11 is_stmt 1 view .LVU834
 2491              	.LBB70:
2404:Drivers/STM32F1xx_HAL_Driver/Src/stm32f1xx_ll_usb.c ****           pmabuffer = ep->pmaaddr1;
 2492              		.loc 1 2404 11 view .LVU835
 2493              	.LVL276:
2404:Drivers/STM32F1xx_HAL_Driver/Src/stm32f1xx_ll_usb.c ****           pmabuffer = ep->pmaaddr1;
 2494              		.loc 1 2404 11 view .LVU836
2404:Drivers/STM32F1xx_HAL_Driver/Src/stm32f1xx_ll_usb.c ****           pmabuffer = ep->pmaaddr1;
 2495              		.loc 1 2404 11 view .LVU837
 2496 00ac 002A     		cmp	r2, #0
 2497 00ae 40F0E281 		bne	.L120
2404:Drivers/STM32F1xx_HAL_Driver/Src/stm32f1xx_ll_usb.c ****           pmabuffer = ep->pmaaddr1;
 2498              		.loc 1 2404 11 discriminator 1 view .LVU838
 2499              	.LBB71:
2404:Drivers/STM32F1xx_HAL_Driver/Src/stm32f1xx_ll_usb.c ****           pmabuffer = ep->pmaaddr1;
 2500              		.loc 1 2404 11 discriminator 1 view .LVU839
 2501              	.LVL277:
2404:Drivers/STM32F1xx_HAL_Driver/Src/stm32f1xx_ll_usb.c ****           pmabuffer = ep->pmaaddr1;
 2502              		.loc 1 2404 11 view .LVU840
2404:Drivers/STM32F1xx_HAL_Driver/Src/stm32f1xx_ll_usb.c ****           pmabuffer = ep->pmaaddr1;
 2503              		.loc 1 2404 11 view .LVU841
2404:Drivers/STM32F1xx_HAL_Driver/Src/stm32f1xx_ll_usb.c ****           pmabuffer = ep->pmaaddr1;
 2504              		.loc 1 2404 11 is_stmt 0 discriminator 1 view .LVU842
 2505 00b2 B5F85030 		ldrh	r3, [r5, #80]
 2506 00b6 9BB2     		uxth	r3, r3
 2507 00b8 2B44     		add	r3, r3, r5
 2508              	.LVL278:
2404:Drivers/STM32F1xx_HAL_Driver/Src/stm32f1xx_ll_usb.c ****           pmabuffer = ep->pmaaddr1;
 2509              		.loc 1 2404 11 is_stmt 1 view .LVU843
2404:Drivers/STM32F1xx_HAL_Driver/Src/stm32f1xx_ll_usb.c ****           pmabuffer = ep->pmaaddr1;
 2510              		.loc 1 2404 11 is_stmt 0 discriminator 1 view .LVU844
 2511 00ba 03EB0113 		add	r3, r3, r1, lsl #4
 2512              	.LVL279:
2404:Drivers/STM32F1xx_HAL_Driver/Src/stm32f1xx_ll_usb.c ****           pmabuffer = ep->pmaaddr1;
 2513              		.loc 1 2404 11 is_stmt 1 view .LVU845
 2514              	.LBB72:
2404:Drivers/STM32F1xx_HAL_Driver/Src/stm32f1xx_ll_usb.c ****           pmabuffer = ep->pmaaddr1;
 2515              		.loc 1 2404 11 view .LVU846
2404:Drivers/STM32F1xx_HAL_Driver/Src/stm32f1xx_ll_usb.c ****           pmabuffer = ep->pmaaddr1;
 2516              		.loc 1 2404 11 view .LVU847
2404:Drivers/STM32F1xx_HAL_Driver/Src/stm32f1xx_ll_usb.c ****           pmabuffer = ep->pmaaddr1;
 2517              		.loc 1 2404 11 is_stmt 0 discriminator 1 view .LVU848
 2518 00be B3F80C24 		ldrh	r2, [r3, #1036]
 2519 00c2 C2F30902 		ubfx	r2, r2, #0, #10
 2520 00c6 A3F80C24 		strh	r2, [r3, #1036]	@ movhi
2404:Drivers/STM32F1xx_HAL_Driver/Src/stm32f1xx_ll_usb.c ****           pmabuffer = ep->pmaaddr1;
 2521              		.loc 1 2404 11 is_stmt 1 view .LVU849
ARM GAS  C:\Users\crist\AppData\Local\Temp\ccqk2JNa.s 			page 100


2404:Drivers/STM32F1xx_HAL_Driver/Src/stm32f1xx_ll_usb.c ****           pmabuffer = ep->pmaaddr1;
 2522              		.loc 1 2404 11 is_stmt 0 discriminator 1 view .LVU850
 2523 00ca 3E2E     		cmp	r6, #62
 2524 00cc 40F2BA81 		bls	.L121
2404:Drivers/STM32F1xx_HAL_Driver/Src/stm32f1xx_ll_usb.c ****           pmabuffer = ep->pmaaddr1;
 2525              		.loc 1 2404 11 is_stmt 1 discriminator 3 view .LVU851
2404:Drivers/STM32F1xx_HAL_Driver/Src/stm32f1xx_ll_usb.c ****           pmabuffer = ep->pmaaddr1;
 2526              		.loc 1 2404 11 discriminator 3 view .LVU852
 2527 00d0 7109     		lsrs	r1, r6, #5
 2528              	.LVL280:
2404:Drivers/STM32F1xx_HAL_Driver/Src/stm32f1xx_ll_usb.c ****           pmabuffer = ep->pmaaddr1;
 2529              		.loc 1 2404 11 view .LVU853
2404:Drivers/STM32F1xx_HAL_Driver/Src/stm32f1xx_ll_usb.c ****           pmabuffer = ep->pmaaddr1;
 2530              		.loc 1 2404 11 is_stmt 0 discriminator 3 view .LVU854
 2531 00d2 16F01F0F 		tst	r6, #31
 2532 00d6 00D1     		bne	.L122
2404:Drivers/STM32F1xx_HAL_Driver/Src/stm32f1xx_ll_usb.c ****           pmabuffer = ep->pmaaddr1;
 2533              		.loc 1 2404 11 is_stmt 1 discriminator 5 view .LVU855
 2534 00d8 0139     		subs	r1, r1, #1
 2535              	.LVL281:
 2536              	.L122:
2404:Drivers/STM32F1xx_HAL_Driver/Src/stm32f1xx_ll_usb.c ****           pmabuffer = ep->pmaaddr1;
 2537              		.loc 1 2404 11 discriminator 7 view .LVU856
 2538 00da B3F80C24 		ldrh	r2, [r3, #1036]
 2539 00de 92B2     		uxth	r2, r2
 2540 00e0 8902     		lsls	r1, r1, #10
 2541              	.LVL282:
2404:Drivers/STM32F1xx_HAL_Driver/Src/stm32f1xx_ll_usb.c ****           pmabuffer = ep->pmaaddr1;
 2542              		.loc 1 2404 11 is_stmt 0 discriminator 7 view .LVU857
 2543 00e2 89B2     		uxth	r1, r1
 2544 00e4 0A43     		orrs	r2, r2, r1
 2545 00e6 42F40042 		orr	r2, r2, #32768
 2546 00ea A3F80C24 		strh	r2, [r3, #1036]	@ movhi
2404:Drivers/STM32F1xx_HAL_Driver/Src/stm32f1xx_ll_usb.c ****           pmabuffer = ep->pmaaddr1;
 2547              		.loc 1 2404 11 is_stmt 1 view .LVU858
 2548 00ee CBE1     		b	.L123
 2549              	.LVL283:
 2550              	.L170:
2404:Drivers/STM32F1xx_HAL_Driver/Src/stm32f1xx_ll_usb.c ****           pmabuffer = ep->pmaaddr1;
 2551              		.loc 1 2404 11 is_stmt 0 view .LVU859
 2552              	.LBE72:
 2553              	.LBE71:
 2554              	.LBE70:
2306:Drivers/STM32F1xx_HAL_Driver/Src/stm32f1xx_ll_usb.c ****       PCD_SET_EP_TX_CNT(USBx, ep->num, len);
 2555              		.loc 1 2306 7 is_stmt 1 view .LVU860
 2556 00f0 B6B2     		uxth	r6, r6
 2557              	.LVL284:
2306:Drivers/STM32F1xx_HAL_Driver/Src/stm32f1xx_ll_usb.c ****       PCD_SET_EP_TX_CNT(USBx, ep->num, len);
 2558              		.loc 1 2306 7 is_stmt 0 view .LVU861
 2559 00f2 3346     		mov	r3, r6
 2560 00f4 E288     		ldrh	r2, [r4, #6]
 2561 00f6 6169     		ldr	r1, [r4, #20]
 2562 00f8 2846     		mov	r0, r5
 2563              	.LVL285:
2306:Drivers/STM32F1xx_HAL_Driver/Src/stm32f1xx_ll_usb.c ****       PCD_SET_EP_TX_CNT(USBx, ep->num, len);
 2564              		.loc 1 2306 7 view .LVU862
 2565 00fa FFF7FEFF 		bl	USB_WritePMA
ARM GAS  C:\Users\crist\AppData\Local\Temp\ccqk2JNa.s 			page 101


 2566              	.LVL286:
2307:Drivers/STM32F1xx_HAL_Driver/Src/stm32f1xx_ll_usb.c ****     }
 2567              		.loc 1 2307 7 is_stmt 1 view .LVU863
 2568              	.LBB75:
2307:Drivers/STM32F1xx_HAL_Driver/Src/stm32f1xx_ll_usb.c ****     }
 2569              		.loc 1 2307 7 view .LVU864
2307:Drivers/STM32F1xx_HAL_Driver/Src/stm32f1xx_ll_usb.c ****     }
 2570              		.loc 1 2307 7 view .LVU865
2307:Drivers/STM32F1xx_HAL_Driver/Src/stm32f1xx_ll_usb.c ****     }
 2571              		.loc 1 2307 7 view .LVU866
 2572 00fe B5F85030 		ldrh	r3, [r5, #80]
 2573 0102 9BB2     		uxth	r3, r3
 2574 0104 2B44     		add	r3, r3, r5
 2575              	.LVL287:
2307:Drivers/STM32F1xx_HAL_Driver/Src/stm32f1xx_ll_usb.c ****     }
 2576              		.loc 1 2307 7 view .LVU867
 2577 0106 2278     		ldrb	r2, [r4]	@ zero_extendqisi2
 2578 0108 03EB0213 		add	r3, r3, r2, lsl #4
 2579              	.LVL288:
2307:Drivers/STM32F1xx_HAL_Driver/Src/stm32f1xx_ll_usb.c ****     }
 2580              		.loc 1 2307 7 view .LVU868
 2581 010c A3F80464 		strh	r6, [r3, #1028]	@ movhi
 2582              	.LBE75:
2307:Drivers/STM32F1xx_HAL_Driver/Src/stm32f1xx_ll_usb.c ****     }
 2583              		.loc 1 2307 7 view .LVU869
 2584              	.LVL289:
 2585              	.L87:
2423:Drivers/STM32F1xx_HAL_Driver/Src/stm32f1xx_ll_usb.c ****   }
 2586              		.loc 1 2423 5 view .LVU870
 2587              	.LBB76:
2423:Drivers/STM32F1xx_HAL_Driver/Src/stm32f1xx_ll_usb.c ****   }
 2588              		.loc 1 2423 5 view .LVU871
2423:Drivers/STM32F1xx_HAL_Driver/Src/stm32f1xx_ll_usb.c ****   }
 2589              		.loc 1 2423 5 view .LVU872
 2590 0110 2278     		ldrb	r2, [r4]	@ zero_extendqisi2
 2591 0112 35F82230 		ldrh	r3, [r5, r2, lsl #2]
 2592 0116 9BB2     		uxth	r3, r3
 2593 0118 23F4E043 		bic	r3, r3, #28672
 2594 011c 23F04003 		bic	r3, r3, #64
 2595              	.LVL290:
2423:Drivers/STM32F1xx_HAL_Driver/Src/stm32f1xx_ll_usb.c ****   }
 2596              		.loc 1 2423 5 view .LVU873
2423:Drivers/STM32F1xx_HAL_Driver/Src/stm32f1xx_ll_usb.c ****   }
 2597              		.loc 1 2423 5 discriminator 1 view .LVU874
2423:Drivers/STM32F1xx_HAL_Driver/Src/stm32f1xx_ll_usb.c ****   }
 2598              		.loc 1 2423 5 discriminator 3 view .LVU875
2423:Drivers/STM32F1xx_HAL_Driver/Src/stm32f1xx_ll_usb.c ****   }
 2599              		.loc 1 2423 5 discriminator 4 view .LVU876
 2600 0120 83F03003 		eor	r3, r3, #48
 2601              	.LVL291:
2423:Drivers/STM32F1xx_HAL_Driver/Src/stm32f1xx_ll_usb.c ****   }
 2602              		.loc 1 2423 5 discriminator 6 view .LVU877
 2603 0124 43F40043 		orr	r3, r3, #32768
 2604              	.LVL292:
2423:Drivers/STM32F1xx_HAL_Driver/Src/stm32f1xx_ll_usb.c ****   }
 2605              		.loc 1 2423 5 is_stmt 0 discriminator 6 view .LVU878
 2606 0128 43F08003 		orr	r3, r3, #128
ARM GAS  C:\Users\crist\AppData\Local\Temp\ccqk2JNa.s 			page 102


 2607 012c 25F82230 		strh	r3, [r5, r2, lsl #2]	@ movhi
 2608              	.LBE76:
2423:Drivers/STM32F1xx_HAL_Driver/Src/stm32f1xx_ll_usb.c ****   }
 2609              		.loc 1 2423 5 is_stmt 1 view .LVU879
2492:Drivers/STM32F1xx_HAL_Driver/Src/stm32f1xx_ll_usb.c **** }
 2610              		.loc 1 2492 10 is_stmt 0 view .LVU880
 2611 0130 0020     		movs	r0, #0
 2612 0132 A6E7     		b	.L132
 2613              	.LVL293:
 2614              	.L171:
2315:Drivers/STM32F1xx_HAL_Driver/Src/stm32f1xx_ll_usb.c ****         {
 2615              		.loc 1 2315 9 is_stmt 1 view .LVU881
2315:Drivers/STM32F1xx_HAL_Driver/Src/stm32f1xx_ll_usb.c ****         {
 2616              		.loc 1 2315 15 is_stmt 0 view .LVU882
 2617 0134 236A     		ldr	r3, [r4, #32]
2315:Drivers/STM32F1xx_HAL_Driver/Src/stm32f1xx_ll_usb.c ****         {
 2618              		.loc 1 2315 12 view .LVU883
 2619 0136 9942     		cmp	r1, r3
 2620 0138 80F06681 		bcs	.L89
2318:Drivers/STM32F1xx_HAL_Driver/Src/stm32f1xx_ll_usb.c **** 
 2621              		.loc 1 2318 11 is_stmt 1 view .LVU884
 2622              	.LBB77:
2318:Drivers/STM32F1xx_HAL_Driver/Src/stm32f1xx_ll_usb.c **** 
 2623              		.loc 1 2318 11 view .LVU885
2318:Drivers/STM32F1xx_HAL_Driver/Src/stm32f1xx_ll_usb.c **** 
 2624              		.loc 1 2318 11 view .LVU886
 2625 013c 2278     		ldrb	r2, [r4]	@ zero_extendqisi2
 2626 013e 35F82230 		ldrh	r3, [r5, r2, lsl #2]
 2627 0142 9BB2     		uxth	r3, r3
 2628 0144 23F4E043 		bic	r3, r3, #28672
 2629 0148 23F07003 		bic	r3, r3, #112
 2630              	.LVL294:
2318:Drivers/STM32F1xx_HAL_Driver/Src/stm32f1xx_ll_usb.c **** 
 2631              		.loc 1 2318 11 view .LVU887
 2632 014c 43F40143 		orr	r3, r3, #33024
 2633              	.LVL295:
2318:Drivers/STM32F1xx_HAL_Driver/Src/stm32f1xx_ll_usb.c **** 
 2634              		.loc 1 2318 11 is_stmt 0 view .LVU888
 2635 0150 43F08003 		orr	r3, r3, #128
 2636 0154 25F82230 		strh	r3, [r5, r2, lsl #2]	@ movhi
 2637              	.LBE77:
2318:Drivers/STM32F1xx_HAL_Driver/Src/stm32f1xx_ll_usb.c **** 
 2638              		.loc 1 2318 11 is_stmt 1 view .LVU889
2321:Drivers/STM32F1xx_HAL_Driver/Src/stm32f1xx_ll_usb.c **** 
 2639              		.loc 1 2321 11 view .LVU890
2321:Drivers/STM32F1xx_HAL_Driver/Src/stm32f1xx_ll_usb.c **** 
 2640              		.loc 1 2321 13 is_stmt 0 view .LVU891
 2641 0158 236A     		ldr	r3, [r4, #32]
2321:Drivers/STM32F1xx_HAL_Driver/Src/stm32f1xx_ll_usb.c **** 
 2642              		.loc 1 2321 27 view .LVU892
 2643 015a 9B1B     		subs	r3, r3, r6
 2644 015c 2362     		str	r3, [r4, #32]
2324:Drivers/STM32F1xx_HAL_Driver/Src/stm32f1xx_ll_usb.c ****           {
 2645              		.loc 1 2324 11 is_stmt 1 view .LVU893
2324:Drivers/STM32F1xx_HAL_Driver/Src/stm32f1xx_ll_usb.c ****           {
 2646              		.loc 1 2324 16 is_stmt 0 view .LVU894
 2647 015e 2278     		ldrb	r2, [r4]	@ zero_extendqisi2
ARM GAS  C:\Users\crist\AppData\Local\Temp\ccqk2JNa.s 			page 103


 2648 0160 35F82230 		ldrh	r3, [r5, r2, lsl #2]
2324:Drivers/STM32F1xx_HAL_Driver/Src/stm32f1xx_ll_usb.c ****           {
 2649              		.loc 1 2324 14 view .LVU895
 2650 0164 13F0400F 		tst	r3, #64
 2651 0168 00F0A780 		beq	.L90
2327:Drivers/STM32F1xx_HAL_Driver/Src/stm32f1xx_ll_usb.c ****             pmabuffer = ep->pmaaddr1;
 2652              		.loc 1 2327 13 is_stmt 1 view .LVU896
 2653              	.LBB78:
2327:Drivers/STM32F1xx_HAL_Driver/Src/stm32f1xx_ll_usb.c ****             pmabuffer = ep->pmaaddr1;
 2654              		.loc 1 2327 13 view .LVU897
 2655              	.LVL296:
2327:Drivers/STM32F1xx_HAL_Driver/Src/stm32f1xx_ll_usb.c ****             pmabuffer = ep->pmaaddr1;
 2656              		.loc 1 2327 13 view .LVU898
2327:Drivers/STM32F1xx_HAL_Driver/Src/stm32f1xx_ll_usb.c ****             pmabuffer = ep->pmaaddr1;
 2657              		.loc 1 2327 13 view .LVU899
 2658 016c 6378     		ldrb	r3, [r4, #1]	@ zero_extendqisi2
 2659 016e B3BB     		cbnz	r3, .L91
2327:Drivers/STM32F1xx_HAL_Driver/Src/stm32f1xx_ll_usb.c ****             pmabuffer = ep->pmaaddr1;
 2660              		.loc 1 2327 13 discriminator 1 view .LVU900
 2661              	.LBB79:
2327:Drivers/STM32F1xx_HAL_Driver/Src/stm32f1xx_ll_usb.c ****             pmabuffer = ep->pmaaddr1;
 2662              		.loc 1 2327 13 discriminator 1 view .LVU901
 2663              	.LVL297:
2327:Drivers/STM32F1xx_HAL_Driver/Src/stm32f1xx_ll_usb.c ****             pmabuffer = ep->pmaaddr1;
 2664              		.loc 1 2327 13 view .LVU902
2327:Drivers/STM32F1xx_HAL_Driver/Src/stm32f1xx_ll_usb.c ****             pmabuffer = ep->pmaaddr1;
 2665              		.loc 1 2327 13 view .LVU903
2327:Drivers/STM32F1xx_HAL_Driver/Src/stm32f1xx_ll_usb.c ****             pmabuffer = ep->pmaaddr1;
 2666              		.loc 1 2327 13 is_stmt 0 discriminator 1 view .LVU904
 2667 0170 B5F85030 		ldrh	r3, [r5, #80]
 2668 0174 9BB2     		uxth	r3, r3
 2669 0176 2B44     		add	r3, r3, r5
 2670              	.LVL298:
2327:Drivers/STM32F1xx_HAL_Driver/Src/stm32f1xx_ll_usb.c ****             pmabuffer = ep->pmaaddr1;
 2671              		.loc 1 2327 13 is_stmt 1 view .LVU905
2327:Drivers/STM32F1xx_HAL_Driver/Src/stm32f1xx_ll_usb.c ****             pmabuffer = ep->pmaaddr1;
 2672              		.loc 1 2327 13 is_stmt 0 discriminator 1 view .LVU906
 2673 0178 03EB0213 		add	r3, r3, r2, lsl #4
 2674              	.LVL299:
2327:Drivers/STM32F1xx_HAL_Driver/Src/stm32f1xx_ll_usb.c ****             pmabuffer = ep->pmaaddr1;
 2675              		.loc 1 2327 13 is_stmt 1 view .LVU907
 2676              	.LBB80:
2327:Drivers/STM32F1xx_HAL_Driver/Src/stm32f1xx_ll_usb.c ****             pmabuffer = ep->pmaaddr1;
 2677              		.loc 1 2327 13 view .LVU908
2327:Drivers/STM32F1xx_HAL_Driver/Src/stm32f1xx_ll_usb.c ****             pmabuffer = ep->pmaaddr1;
 2678              		.loc 1 2327 13 view .LVU909
2327:Drivers/STM32F1xx_HAL_Driver/Src/stm32f1xx_ll_usb.c ****             pmabuffer = ep->pmaaddr1;
 2679              		.loc 1 2327 13 is_stmt 0 discriminator 1 view .LVU910
 2680 017c B3F80C24 		ldrh	r2, [r3, #1036]
 2681 0180 C2F30902 		ubfx	r2, r2, #0, #10
 2682 0184 A3F80C24 		strh	r2, [r3, #1036]	@ movhi
2327:Drivers/STM32F1xx_HAL_Driver/Src/stm32f1xx_ll_usb.c ****             pmabuffer = ep->pmaaddr1;
 2683              		.loc 1 2327 13 is_stmt 1 view .LVU911
2327:Drivers/STM32F1xx_HAL_Driver/Src/stm32f1xx_ll_usb.c ****             pmabuffer = ep->pmaaddr1;
 2684              		.loc 1 2327 13 is_stmt 0 discriminator 1 view .LVU912
 2685 0188 3E2E     		cmp	r6, #62
 2686 018a 0FD9     		bls	.L92
ARM GAS  C:\Users\crist\AppData\Local\Temp\ccqk2JNa.s 			page 104


2327:Drivers/STM32F1xx_HAL_Driver/Src/stm32f1xx_ll_usb.c ****             pmabuffer = ep->pmaaddr1;
 2687              		.loc 1 2327 13 is_stmt 1 discriminator 3 view .LVU913
2327:Drivers/STM32F1xx_HAL_Driver/Src/stm32f1xx_ll_usb.c ****             pmabuffer = ep->pmaaddr1;
 2688              		.loc 1 2327 13 discriminator 3 view .LVU914
 2689 018c 7109     		lsrs	r1, r6, #5
 2690              	.LVL300:
2327:Drivers/STM32F1xx_HAL_Driver/Src/stm32f1xx_ll_usb.c ****             pmabuffer = ep->pmaaddr1;
 2691              		.loc 1 2327 13 view .LVU915
2327:Drivers/STM32F1xx_HAL_Driver/Src/stm32f1xx_ll_usb.c ****             pmabuffer = ep->pmaaddr1;
 2692              		.loc 1 2327 13 is_stmt 0 discriminator 3 view .LVU916
 2693 018e 16F01F0F 		tst	r6, #31
 2694 0192 00D1     		bne	.L93
2327:Drivers/STM32F1xx_HAL_Driver/Src/stm32f1xx_ll_usb.c ****             pmabuffer = ep->pmaaddr1;
 2695              		.loc 1 2327 13 is_stmt 1 discriminator 5 view .LVU917
 2696 0194 0139     		subs	r1, r1, #1
 2697              	.LVL301:
 2698              	.L93:
2327:Drivers/STM32F1xx_HAL_Driver/Src/stm32f1xx_ll_usb.c ****             pmabuffer = ep->pmaaddr1;
 2699              		.loc 1 2327 13 discriminator 7 view .LVU918
 2700 0196 B3F80C24 		ldrh	r2, [r3, #1036]
 2701 019a 92B2     		uxth	r2, r2
 2702 019c 8902     		lsls	r1, r1, #10
 2703              	.LVL302:
2327:Drivers/STM32F1xx_HAL_Driver/Src/stm32f1xx_ll_usb.c ****             pmabuffer = ep->pmaaddr1;
 2704              		.loc 1 2327 13 is_stmt 0 discriminator 7 view .LVU919
 2705 019e 89B2     		uxth	r1, r1
 2706 01a0 0A43     		orrs	r2, r2, r1
 2707 01a2 42F40042 		orr	r2, r2, #32768
 2708 01a6 A3F80C24 		strh	r2, [r3, #1036]	@ movhi
2327:Drivers/STM32F1xx_HAL_Driver/Src/stm32f1xx_ll_usb.c ****             pmabuffer = ep->pmaaddr1;
 2709              		.loc 1 2327 13 is_stmt 1 view .LVU920
 2710 01aa 1AE0     		b	.L94
 2711              	.LVL303:
 2712              	.L92:
2327:Drivers/STM32F1xx_HAL_Driver/Src/stm32f1xx_ll_usb.c ****             pmabuffer = ep->pmaaddr1;
 2713              		.loc 1 2327 13 discriminator 4 view .LVU921
 2714 01ac 4EB9     		cbnz	r6, .L95
2327:Drivers/STM32F1xx_HAL_Driver/Src/stm32f1xx_ll_usb.c ****             pmabuffer = ep->pmaaddr1;
 2715              		.loc 1 2327 13 discriminator 8 view .LVU922
 2716 01ae B3F80C24 		ldrh	r2, [r3, #1036]
 2717 01b2 6FEA4242 		mvn	r2, r2, lsl #17
 2718 01b6 6FEA5242 		mvn	r2, r2, lsr #17
 2719 01ba 92B2     		uxth	r2, r2
 2720 01bc A3F80C24 		strh	r2, [r3, #1036]	@ movhi
 2721 01c0 0FE0     		b	.L94
 2722              	.L95:
2327:Drivers/STM32F1xx_HAL_Driver/Src/stm32f1xx_ll_usb.c ****             pmabuffer = ep->pmaaddr1;
 2723              		.loc 1 2327 13 discriminator 9 view .LVU923
2327:Drivers/STM32F1xx_HAL_Driver/Src/stm32f1xx_ll_usb.c ****             pmabuffer = ep->pmaaddr1;
 2724              		.loc 1 2327 13 discriminator 9 view .LVU924
 2725 01c2 7208     		lsrs	r2, r6, #1
 2726              	.LVL304:
2327:Drivers/STM32F1xx_HAL_Driver/Src/stm32f1xx_ll_usb.c ****             pmabuffer = ep->pmaaddr1;
 2727              		.loc 1 2327 13 view .LVU925
2327:Drivers/STM32F1xx_HAL_Driver/Src/stm32f1xx_ll_usb.c ****             pmabuffer = ep->pmaaddr1;
 2728              		.loc 1 2327 13 is_stmt 0 discriminator 9 view .LVU926
 2729 01c4 16F0010F 		tst	r6, #1
ARM GAS  C:\Users\crist\AppData\Local\Temp\ccqk2JNa.s 			page 105


 2730 01c8 00D0     		beq	.L96
2327:Drivers/STM32F1xx_HAL_Driver/Src/stm32f1xx_ll_usb.c ****             pmabuffer = ep->pmaaddr1;
 2731              		.loc 1 2327 13 is_stmt 1 discriminator 10 view .LVU927
 2732 01ca 0132     		adds	r2, r2, #1
 2733              	.LVL305:
 2734              	.L96:
2327:Drivers/STM32F1xx_HAL_Driver/Src/stm32f1xx_ll_usb.c ****             pmabuffer = ep->pmaaddr1;
 2735              		.loc 1 2327 13 discriminator 12 view .LVU928
 2736 01cc B3F80C14 		ldrh	r1, [r3, #1036]
 2737 01d0 89B2     		uxth	r1, r1
 2738 01d2 9202     		lsls	r2, r2, #10
 2739              	.LVL306:
2327:Drivers/STM32F1xx_HAL_Driver/Src/stm32f1xx_ll_usb.c ****             pmabuffer = ep->pmaaddr1;
 2740              		.loc 1 2327 13 is_stmt 0 discriminator 12 view .LVU929
 2741 01d4 92B2     		uxth	r2, r2
 2742 01d6 0A43     		orrs	r2, r2, r1
 2743 01d8 A3F80C24 		strh	r2, [r3, #1036]	@ movhi
 2744 01dc 01E0     		b	.L94
 2745              	.LVL307:
 2746              	.L91:
2327:Drivers/STM32F1xx_HAL_Driver/Src/stm32f1xx_ll_usb.c ****             pmabuffer = ep->pmaaddr1;
 2747              		.loc 1 2327 13 discriminator 12 view .LVU930
 2748              	.LBE80:
 2749              	.LBE79:
2327:Drivers/STM32F1xx_HAL_Driver/Src/stm32f1xx_ll_usb.c ****             pmabuffer = ep->pmaaddr1;
 2750              		.loc 1 2327 13 is_stmt 1 discriminator 2 view .LVU931
 2751 01de 012B     		cmp	r3, #1
 2752 01e0 30D0     		beq	.L172
 2753              	.LVL308:
 2754              	.L94:
2327:Drivers/STM32F1xx_HAL_Driver/Src/stm32f1xx_ll_usb.c ****             pmabuffer = ep->pmaaddr1;
 2755              		.loc 1 2327 13 is_stmt 0 discriminator 2 view .LVU932
 2756              	.LBE78:
2327:Drivers/STM32F1xx_HAL_Driver/Src/stm32f1xx_ll_usb.c ****             pmabuffer = ep->pmaaddr1;
 2757              		.loc 1 2327 13 is_stmt 1 view .LVU933
2328:Drivers/STM32F1xx_HAL_Driver/Src/stm32f1xx_ll_usb.c **** 
 2758              		.loc 1 2328 13 view .LVU934
2331:Drivers/STM32F1xx_HAL_Driver/Src/stm32f1xx_ll_usb.c ****             ep->xfer_buff += len;
 2759              		.loc 1 2331 13 view .LVU935
 2760 01e2 B3B2     		uxth	r3, r6
 2761 01e4 6289     		ldrh	r2, [r4, #10]
 2762 01e6 6169     		ldr	r1, [r4, #20]
 2763 01e8 2846     		mov	r0, r5
 2764              	.LVL309:
2331:Drivers/STM32F1xx_HAL_Driver/Src/stm32f1xx_ll_usb.c ****             ep->xfer_buff += len;
 2765              		.loc 1 2331 13 is_stmt 0 view .LVU936
 2766 01ea FFF7FEFF 		bl	USB_WritePMA
 2767              	.LVL310:
2332:Drivers/STM32F1xx_HAL_Driver/Src/stm32f1xx_ll_usb.c **** 
 2768              		.loc 1 2332 13 is_stmt 1 view .LVU937
2332:Drivers/STM32F1xx_HAL_Driver/Src/stm32f1xx_ll_usb.c **** 
 2769              		.loc 1 2332 15 is_stmt 0 view .LVU938
 2770 01ee 6369     		ldr	r3, [r4, #20]
2332:Drivers/STM32F1xx_HAL_Driver/Src/stm32f1xx_ll_usb.c **** 
 2771              		.loc 1 2332 27 view .LVU939
 2772 01f0 3344     		add	r3, r3, r6
 2773 01f2 6361     		str	r3, [r4, #20]
ARM GAS  C:\Users\crist\AppData\Local\Temp\ccqk2JNa.s 			page 106


2334:Drivers/STM32F1xx_HAL_Driver/Src/stm32f1xx_ll_usb.c ****             {
 2774              		.loc 1 2334 13 is_stmt 1 view .LVU940
2334:Drivers/STM32F1xx_HAL_Driver/Src/stm32f1xx_ll_usb.c ****             {
 2775              		.loc 1 2334 19 is_stmt 0 view .LVU941
 2776 01f4 236A     		ldr	r3, [r4, #32]
2334:Drivers/STM32F1xx_HAL_Driver/Src/stm32f1xx_ll_usb.c ****             {
 2777              		.loc 1 2334 37 view .LVU942
 2778 01f6 2269     		ldr	r2, [r4, #16]
2334:Drivers/STM32F1xx_HAL_Driver/Src/stm32f1xx_ll_usb.c ****             {
 2779              		.loc 1 2334 16 view .LVU943
 2780 01f8 9342     		cmp	r3, r2
 2781 01fa 2DD9     		bls	.L97
2336:Drivers/STM32F1xx_HAL_Driver/Src/stm32f1xx_ll_usb.c ****             }
 2782              		.loc 1 2336 15 is_stmt 1 view .LVU944
2336:Drivers/STM32F1xx_HAL_Driver/Src/stm32f1xx_ll_usb.c ****             }
 2783              		.loc 1 2336 31 is_stmt 0 view .LVU945
 2784 01fc 9B1B     		subs	r3, r3, r6
 2785 01fe 2362     		str	r3, [r4, #32]
 2786              	.L98:
2345:Drivers/STM32F1xx_HAL_Driver/Src/stm32f1xx_ll_usb.c ****             pmabuffer = ep->pmaaddr0;
 2787              		.loc 1 2345 13 is_stmt 1 view .LVU946
2345:Drivers/STM32F1xx_HAL_Driver/Src/stm32f1xx_ll_usb.c ****             pmabuffer = ep->pmaaddr0;
 2788              		.loc 1 2345 13 view .LVU947
 2789 0200 6378     		ldrb	r3, [r4, #1]	@ zero_extendqisi2
 2790 0202 002B     		cmp	r3, #0
 2791 0204 45D1     		bne	.L99
2345:Drivers/STM32F1xx_HAL_Driver/Src/stm32f1xx_ll_usb.c ****             pmabuffer = ep->pmaaddr0;
 2792              		.loc 1 2345 13 discriminator 1 view .LVU948
 2793              	.LBB81:
2345:Drivers/STM32F1xx_HAL_Driver/Src/stm32f1xx_ll_usb.c ****             pmabuffer = ep->pmaaddr0;
 2794              		.loc 1 2345 13 discriminator 1 view .LVU949
 2795              	.LVL311:
2345:Drivers/STM32F1xx_HAL_Driver/Src/stm32f1xx_ll_usb.c ****             pmabuffer = ep->pmaaddr0;
 2796              		.loc 1 2345 13 view .LVU950
2345:Drivers/STM32F1xx_HAL_Driver/Src/stm32f1xx_ll_usb.c ****             pmabuffer = ep->pmaaddr0;
 2797              		.loc 1 2345 13 view .LVU951
2345:Drivers/STM32F1xx_HAL_Driver/Src/stm32f1xx_ll_usb.c ****             pmabuffer = ep->pmaaddr0;
 2798              		.loc 1 2345 13 is_stmt 0 discriminator 1 view .LVU952
 2799 0206 B5F85030 		ldrh	r3, [r5, #80]
 2800 020a 9BB2     		uxth	r3, r3
 2801 020c 2B44     		add	r3, r3, r5
 2802              	.LVL312:
2345:Drivers/STM32F1xx_HAL_Driver/Src/stm32f1xx_ll_usb.c ****             pmabuffer = ep->pmaaddr0;
 2803              		.loc 1 2345 13 is_stmt 1 view .LVU953
2345:Drivers/STM32F1xx_HAL_Driver/Src/stm32f1xx_ll_usb.c ****             pmabuffer = ep->pmaaddr0;
 2804              		.loc 1 2345 13 is_stmt 0 discriminator 1 view .LVU954
 2805 020e 2278     		ldrb	r2, [r4]	@ zero_extendqisi2
 2806 0210 03EB0213 		add	r3, r3, r2, lsl #4
 2807              	.LVL313:
2345:Drivers/STM32F1xx_HAL_Driver/Src/stm32f1xx_ll_usb.c ****             pmabuffer = ep->pmaaddr0;
 2808              		.loc 1 2345 13 is_stmt 1 view .LVU955
 2809              	.LBB82:
2345:Drivers/STM32F1xx_HAL_Driver/Src/stm32f1xx_ll_usb.c ****             pmabuffer = ep->pmaaddr0;
 2810              		.loc 1 2345 13 view .LVU956
2345:Drivers/STM32F1xx_HAL_Driver/Src/stm32f1xx_ll_usb.c ****             pmabuffer = ep->pmaaddr0;
 2811              		.loc 1 2345 13 view .LVU957
2345:Drivers/STM32F1xx_HAL_Driver/Src/stm32f1xx_ll_usb.c ****             pmabuffer = ep->pmaaddr0;
ARM GAS  C:\Users\crist\AppData\Local\Temp\ccqk2JNa.s 			page 107


 2812              		.loc 1 2345 13 is_stmt 0 discriminator 1 view .LVU958
 2813 0214 B3F80424 		ldrh	r2, [r3, #1028]
 2814 0218 C2F30902 		ubfx	r2, r2, #0, #10
 2815 021c A3F80424 		strh	r2, [r3, #1028]	@ movhi
2345:Drivers/STM32F1xx_HAL_Driver/Src/stm32f1xx_ll_usb.c ****             pmabuffer = ep->pmaaddr0;
 2816              		.loc 1 2345 13 is_stmt 1 view .LVU959
2345:Drivers/STM32F1xx_HAL_Driver/Src/stm32f1xx_ll_usb.c ****             pmabuffer = ep->pmaaddr0;
 2817              		.loc 1 2345 13 is_stmt 0 discriminator 1 view .LVU960
 2818 0220 3E2E     		cmp	r6, #62
 2819 0222 1DD9     		bls	.L100
2345:Drivers/STM32F1xx_HAL_Driver/Src/stm32f1xx_ll_usb.c ****             pmabuffer = ep->pmaaddr0;
 2820              		.loc 1 2345 13 is_stmt 1 discriminator 3 view .LVU961
2345:Drivers/STM32F1xx_HAL_Driver/Src/stm32f1xx_ll_usb.c ****             pmabuffer = ep->pmaaddr0;
 2821              		.loc 1 2345 13 discriminator 3 view .LVU962
 2822 0224 7109     		lsrs	r1, r6, #5
 2823              	.LVL314:
2345:Drivers/STM32F1xx_HAL_Driver/Src/stm32f1xx_ll_usb.c ****             pmabuffer = ep->pmaaddr0;
 2824              		.loc 1 2345 13 view .LVU963
2345:Drivers/STM32F1xx_HAL_Driver/Src/stm32f1xx_ll_usb.c ****             pmabuffer = ep->pmaaddr0;
 2825              		.loc 1 2345 13 is_stmt 0 discriminator 3 view .LVU964
 2826 0226 16F01F0F 		tst	r6, #31
 2827 022a 00D1     		bne	.L101
2345:Drivers/STM32F1xx_HAL_Driver/Src/stm32f1xx_ll_usb.c ****             pmabuffer = ep->pmaaddr0;
 2828              		.loc 1 2345 13 is_stmt 1 discriminator 5 view .LVU965
 2829 022c 0139     		subs	r1, r1, #1
 2830              	.LVL315:
 2831              	.L101:
2345:Drivers/STM32F1xx_HAL_Driver/Src/stm32f1xx_ll_usb.c ****             pmabuffer = ep->pmaaddr0;
 2832              		.loc 1 2345 13 discriminator 7 view .LVU966
 2833 022e B3F80424 		ldrh	r2, [r3, #1028]
 2834 0232 92B2     		uxth	r2, r2
 2835 0234 8902     		lsls	r1, r1, #10
 2836              	.LVL316:
2345:Drivers/STM32F1xx_HAL_Driver/Src/stm32f1xx_ll_usb.c ****             pmabuffer = ep->pmaaddr0;
 2837              		.loc 1 2345 13 is_stmt 0 discriminator 7 view .LVU967
 2838 0236 89B2     		uxth	r1, r1
 2839 0238 0A43     		orrs	r2, r2, r1
 2840 023a 42F40042 		orr	r2, r2, #32768
 2841 023e A3F80424 		strh	r2, [r3, #1028]	@ movhi
2345:Drivers/STM32F1xx_HAL_Driver/Src/stm32f1xx_ll_usb.c ****             pmabuffer = ep->pmaaddr0;
 2842              		.loc 1 2345 13 is_stmt 1 view .LVU968
 2843 0242 28E0     		b	.L102
 2844              	.LVL317:
 2845              	.L172:
2345:Drivers/STM32F1xx_HAL_Driver/Src/stm32f1xx_ll_usb.c ****             pmabuffer = ep->pmaaddr0;
 2846              		.loc 1 2345 13 is_stmt 0 view .LVU969
 2847              	.LBE82:
 2848              	.LBE81:
 2849              	.LBB84:
2327:Drivers/STM32F1xx_HAL_Driver/Src/stm32f1xx_ll_usb.c ****             pmabuffer = ep->pmaaddr1;
 2850              		.loc 1 2327 13 is_stmt 1 discriminator 13 view .LVU970
 2851 0244 B5F85030 		ldrh	r3, [r5, #80]
 2852 0248 9BB2     		uxth	r3, r3
 2853 024a 2B44     		add	r3, r3, r5
 2854              	.LVL318:
2327:Drivers/STM32F1xx_HAL_Driver/Src/stm32f1xx_ll_usb.c ****             pmabuffer = ep->pmaaddr1;
 2855              		.loc 1 2327 13 view .LVU971
ARM GAS  C:\Users\crist\AppData\Local\Temp\ccqk2JNa.s 			page 108


2327:Drivers/STM32F1xx_HAL_Driver/Src/stm32f1xx_ll_usb.c ****             pmabuffer = ep->pmaaddr1;
 2856              		.loc 1 2327 13 is_stmt 0 discriminator 13 view .LVU972
 2857 024c 03EB0213 		add	r3, r3, r2, lsl #4
 2858              	.LVL319:
2327:Drivers/STM32F1xx_HAL_Driver/Src/stm32f1xx_ll_usb.c ****             pmabuffer = ep->pmaaddr1;
 2859              		.loc 1 2327 13 is_stmt 1 view .LVU973
2327:Drivers/STM32F1xx_HAL_Driver/Src/stm32f1xx_ll_usb.c ****             pmabuffer = ep->pmaaddr1;
 2860              		.loc 1 2327 13 is_stmt 0 discriminator 13 view .LVU974
 2861 0250 B2B2     		uxth	r2, r6
 2862 0252 A3F80C24 		strh	r2, [r3, #1036]	@ movhi
 2863 0256 C4E7     		b	.L94
 2864              	.LVL320:
 2865              	.L97:
2327:Drivers/STM32F1xx_HAL_Driver/Src/stm32f1xx_ll_usb.c ****             pmabuffer = ep->pmaaddr1;
 2866              		.loc 1 2327 13 discriminator 13 view .LVU975
 2867              	.LBE84:
2340:Drivers/STM32F1xx_HAL_Driver/Src/stm32f1xx_ll_usb.c ****               ep->xfer_len_db = 0U;
 2868              		.loc 1 2340 15 is_stmt 1 view .LVU976
2341:Drivers/STM32F1xx_HAL_Driver/Src/stm32f1xx_ll_usb.c ****             }
 2869              		.loc 1 2341 15 view .LVU977
2341:Drivers/STM32F1xx_HAL_Driver/Src/stm32f1xx_ll_usb.c ****             }
 2870              		.loc 1 2341 31 is_stmt 0 view .LVU978
 2871 0258 0022     		movs	r2, #0
 2872 025a 2262     		str	r2, [r4, #32]
2340:Drivers/STM32F1xx_HAL_Driver/Src/stm32f1xx_ll_usb.c ****               ep->xfer_len_db = 0U;
 2873              		.loc 1 2340 19 view .LVU979
 2874 025c 1E46     		mov	r6, r3
 2875 025e CFE7     		b	.L98
 2876              	.LVL321:
 2877              	.L100:
 2878              	.LBB85:
 2879              	.LBB83:
2345:Drivers/STM32F1xx_HAL_Driver/Src/stm32f1xx_ll_usb.c ****             pmabuffer = ep->pmaaddr0;
 2880              		.loc 1 2345 13 is_stmt 1 discriminator 4 view .LVU980
 2881 0260 4EB9     		cbnz	r6, .L103
2345:Drivers/STM32F1xx_HAL_Driver/Src/stm32f1xx_ll_usb.c ****             pmabuffer = ep->pmaaddr0;
 2882              		.loc 1 2345 13 discriminator 8 view .LVU981
 2883 0262 B3F80424 		ldrh	r2, [r3, #1028]
 2884 0266 6FEA4242 		mvn	r2, r2, lsl #17
 2885 026a 6FEA5242 		mvn	r2, r2, lsr #17
 2886 026e 92B2     		uxth	r2, r2
 2887 0270 A3F80424 		strh	r2, [r3, #1028]	@ movhi
 2888 0274 0FE0     		b	.L102
 2889              	.L103:
2345:Drivers/STM32F1xx_HAL_Driver/Src/stm32f1xx_ll_usb.c ****             pmabuffer = ep->pmaaddr0;
 2890              		.loc 1 2345 13 discriminator 9 view .LVU982
2345:Drivers/STM32F1xx_HAL_Driver/Src/stm32f1xx_ll_usb.c ****             pmabuffer = ep->pmaaddr0;
 2891              		.loc 1 2345 13 discriminator 9 view .LVU983
 2892 0276 7208     		lsrs	r2, r6, #1
 2893              	.LVL322:
2345:Drivers/STM32F1xx_HAL_Driver/Src/stm32f1xx_ll_usb.c ****             pmabuffer = ep->pmaaddr0;
 2894              		.loc 1 2345 13 view .LVU984
2345:Drivers/STM32F1xx_HAL_Driver/Src/stm32f1xx_ll_usb.c ****             pmabuffer = ep->pmaaddr0;
 2895              		.loc 1 2345 13 is_stmt 0 discriminator 9 view .LVU985
 2896 0278 16F0010F 		tst	r6, #1
 2897 027c 00D0     		beq	.L104
2345:Drivers/STM32F1xx_HAL_Driver/Src/stm32f1xx_ll_usb.c ****             pmabuffer = ep->pmaaddr0;
ARM GAS  C:\Users\crist\AppData\Local\Temp\ccqk2JNa.s 			page 109


 2898              		.loc 1 2345 13 is_stmt 1 discriminator 10 view .LVU986
 2899 027e 0132     		adds	r2, r2, #1
 2900              	.LVL323:
 2901              	.L104:
2345:Drivers/STM32F1xx_HAL_Driver/Src/stm32f1xx_ll_usb.c ****             pmabuffer = ep->pmaaddr0;
 2902              		.loc 1 2345 13 discriminator 12 view .LVU987
 2903 0280 B3F80414 		ldrh	r1, [r3, #1028]
 2904 0284 89B2     		uxth	r1, r1
 2905 0286 9202     		lsls	r2, r2, #10
 2906              	.LVL324:
2345:Drivers/STM32F1xx_HAL_Driver/Src/stm32f1xx_ll_usb.c ****             pmabuffer = ep->pmaaddr0;
 2907              		.loc 1 2345 13 is_stmt 0 discriminator 12 view .LVU988
 2908 0288 92B2     		uxth	r2, r2
 2909 028a 0A43     		orrs	r2, r2, r1
 2910 028c A3F80424 		strh	r2, [r3, #1028]	@ movhi
 2911 0290 01E0     		b	.L102
 2912              	.LVL325:
 2913              	.L99:
2345:Drivers/STM32F1xx_HAL_Driver/Src/stm32f1xx_ll_usb.c ****             pmabuffer = ep->pmaaddr0;
 2914              		.loc 1 2345 13 discriminator 12 view .LVU989
 2915              	.LBE83:
 2916              	.LBE85:
2345:Drivers/STM32F1xx_HAL_Driver/Src/stm32f1xx_ll_usb.c ****             pmabuffer = ep->pmaaddr0;
 2917              		.loc 1 2345 13 is_stmt 1 discriminator 2 view .LVU990
 2918 0292 012B     		cmp	r3, #1
 2919 0294 06D0     		beq	.L173
 2920              	.L102:
2345:Drivers/STM32F1xx_HAL_Driver/Src/stm32f1xx_ll_usb.c ****             pmabuffer = ep->pmaaddr0;
 2921              		.loc 1 2345 13 view .LVU991
2345:Drivers/STM32F1xx_HAL_Driver/Src/stm32f1xx_ll_usb.c ****             pmabuffer = ep->pmaaddr0;
 2922              		.loc 1 2345 13 view .LVU992
2346:Drivers/STM32F1xx_HAL_Driver/Src/stm32f1xx_ll_usb.c **** 
 2923              		.loc 1 2346 13 view .LVU993
 2924              	.LVL326:
2349:Drivers/STM32F1xx_HAL_Driver/Src/stm32f1xx_ll_usb.c ****           }
 2925              		.loc 1 2349 13 view .LVU994
 2926 0296 B3B2     		uxth	r3, r6
 2927 0298 2289     		ldrh	r2, [r4, #8]
 2928 029a 6169     		ldr	r1, [r4, #20]
 2929 029c 2846     		mov	r0, r5
 2930 029e FFF7FEFF 		bl	USB_WritePMA
 2931              	.LVL327:
2349:Drivers/STM32F1xx_HAL_Driver/Src/stm32f1xx_ll_usb.c ****           }
 2932              		.loc 1 2349 13 is_stmt 0 view .LVU995
 2933 02a2 35E7     		b	.L87
 2934              	.L173:
2345:Drivers/STM32F1xx_HAL_Driver/Src/stm32f1xx_ll_usb.c ****             pmabuffer = ep->pmaaddr0;
 2935              		.loc 1 2345 13 is_stmt 1 discriminator 13 view .LVU996
 2936              	.LBB86:
2345:Drivers/STM32F1xx_HAL_Driver/Src/stm32f1xx_ll_usb.c ****             pmabuffer = ep->pmaaddr0;
 2937              		.loc 1 2345 13 discriminator 13 view .LVU997
 2938              	.LVL328:
2345:Drivers/STM32F1xx_HAL_Driver/Src/stm32f1xx_ll_usb.c ****             pmabuffer = ep->pmaaddr0;
 2939              		.loc 1 2345 13 view .LVU998
2345:Drivers/STM32F1xx_HAL_Driver/Src/stm32f1xx_ll_usb.c ****             pmabuffer = ep->pmaaddr0;
 2940              		.loc 1 2345 13 view .LVU999
2345:Drivers/STM32F1xx_HAL_Driver/Src/stm32f1xx_ll_usb.c ****             pmabuffer = ep->pmaaddr0;
ARM GAS  C:\Users\crist\AppData\Local\Temp\ccqk2JNa.s 			page 110


 2941              		.loc 1 2345 13 is_stmt 0 discriminator 13 view .LVU1000
 2942 02a4 B5F85030 		ldrh	r3, [r5, #80]
 2943 02a8 9BB2     		uxth	r3, r3
 2944 02aa 2B44     		add	r3, r3, r5
 2945              	.LVL329:
2345:Drivers/STM32F1xx_HAL_Driver/Src/stm32f1xx_ll_usb.c ****             pmabuffer = ep->pmaaddr0;
 2946              		.loc 1 2345 13 is_stmt 1 view .LVU1001
2345:Drivers/STM32F1xx_HAL_Driver/Src/stm32f1xx_ll_usb.c ****             pmabuffer = ep->pmaaddr0;
 2947              		.loc 1 2345 13 is_stmt 0 discriminator 13 view .LVU1002
 2948 02ac 2278     		ldrb	r2, [r4]	@ zero_extendqisi2
 2949 02ae 03EB0213 		add	r3, r3, r2, lsl #4
 2950              	.LVL330:
2345:Drivers/STM32F1xx_HAL_Driver/Src/stm32f1xx_ll_usb.c ****             pmabuffer = ep->pmaaddr0;
 2951              		.loc 1 2345 13 is_stmt 1 view .LVU1003
2345:Drivers/STM32F1xx_HAL_Driver/Src/stm32f1xx_ll_usb.c ****             pmabuffer = ep->pmaaddr0;
 2952              		.loc 1 2345 13 is_stmt 0 discriminator 13 view .LVU1004
 2953 02b2 B2B2     		uxth	r2, r6
 2954 02b4 A3F80424 		strh	r2, [r3, #1028]	@ movhi
 2955 02b8 EDE7     		b	.L102
 2956              	.LVL331:
 2957              	.L90:
2345:Drivers/STM32F1xx_HAL_Driver/Src/stm32f1xx_ll_usb.c ****             pmabuffer = ep->pmaaddr0;
 2958              		.loc 1 2345 13 discriminator 13 view .LVU1005
 2959              	.LBE86:
2354:Drivers/STM32F1xx_HAL_Driver/Src/stm32f1xx_ll_usb.c ****             pmabuffer = ep->pmaaddr0;
 2960              		.loc 1 2354 13 is_stmt 1 view .LVU1006
2354:Drivers/STM32F1xx_HAL_Driver/Src/stm32f1xx_ll_usb.c ****             pmabuffer = ep->pmaaddr0;
 2961              		.loc 1 2354 13 view .LVU1007
 2962 02ba 6378     		ldrb	r3, [r4, #1]	@ zero_extendqisi2
 2963 02bc B3BB     		cbnz	r3, .L105
2354:Drivers/STM32F1xx_HAL_Driver/Src/stm32f1xx_ll_usb.c ****             pmabuffer = ep->pmaaddr0;
 2964              		.loc 1 2354 13 discriminator 1 view .LVU1008
 2965              	.LBB87:
2354:Drivers/STM32F1xx_HAL_Driver/Src/stm32f1xx_ll_usb.c ****             pmabuffer = ep->pmaaddr0;
 2966              		.loc 1 2354 13 discriminator 1 view .LVU1009
 2967              	.LVL332:
2354:Drivers/STM32F1xx_HAL_Driver/Src/stm32f1xx_ll_usb.c ****             pmabuffer = ep->pmaaddr0;
 2968              		.loc 1 2354 13 view .LVU1010
2354:Drivers/STM32F1xx_HAL_Driver/Src/stm32f1xx_ll_usb.c ****             pmabuffer = ep->pmaaddr0;
 2969              		.loc 1 2354 13 view .LVU1011
2354:Drivers/STM32F1xx_HAL_Driver/Src/stm32f1xx_ll_usb.c ****             pmabuffer = ep->pmaaddr0;
 2970              		.loc 1 2354 13 is_stmt 0 discriminator 1 view .LVU1012
 2971 02be B5F85030 		ldrh	r3, [r5, #80]
 2972 02c2 9BB2     		uxth	r3, r3
 2973 02c4 2B44     		add	r3, r3, r5
 2974              	.LVL333:
2354:Drivers/STM32F1xx_HAL_Driver/Src/stm32f1xx_ll_usb.c ****             pmabuffer = ep->pmaaddr0;
 2975              		.loc 1 2354 13 is_stmt 1 view .LVU1013
2354:Drivers/STM32F1xx_HAL_Driver/Src/stm32f1xx_ll_usb.c ****             pmabuffer = ep->pmaaddr0;
 2976              		.loc 1 2354 13 is_stmt 0 discriminator 1 view .LVU1014
 2977 02c6 03EB0213 		add	r3, r3, r2, lsl #4
 2978              	.LVL334:
2354:Drivers/STM32F1xx_HAL_Driver/Src/stm32f1xx_ll_usb.c ****             pmabuffer = ep->pmaaddr0;
 2979              		.loc 1 2354 13 is_stmt 1 view .LVU1015
 2980              	.LBB88:
2354:Drivers/STM32F1xx_HAL_Driver/Src/stm32f1xx_ll_usb.c ****             pmabuffer = ep->pmaaddr0;
 2981              		.loc 1 2354 13 view .LVU1016
ARM GAS  C:\Users\crist\AppData\Local\Temp\ccqk2JNa.s 			page 111


2354:Drivers/STM32F1xx_HAL_Driver/Src/stm32f1xx_ll_usb.c ****             pmabuffer = ep->pmaaddr0;
 2982              		.loc 1 2354 13 view .LVU1017
2354:Drivers/STM32F1xx_HAL_Driver/Src/stm32f1xx_ll_usb.c ****             pmabuffer = ep->pmaaddr0;
 2983              		.loc 1 2354 13 is_stmt 0 discriminator 1 view .LVU1018
 2984 02ca B3F80424 		ldrh	r2, [r3, #1028]
 2985 02ce C2F30902 		ubfx	r2, r2, #0, #10
 2986 02d2 A3F80424 		strh	r2, [r3, #1028]	@ movhi
2354:Drivers/STM32F1xx_HAL_Driver/Src/stm32f1xx_ll_usb.c ****             pmabuffer = ep->pmaaddr0;
 2987              		.loc 1 2354 13 is_stmt 1 view .LVU1019
2354:Drivers/STM32F1xx_HAL_Driver/Src/stm32f1xx_ll_usb.c ****             pmabuffer = ep->pmaaddr0;
 2988              		.loc 1 2354 13 is_stmt 0 discriminator 1 view .LVU1020
 2989 02d6 3E2E     		cmp	r6, #62
 2990 02d8 0FD9     		bls	.L106
2354:Drivers/STM32F1xx_HAL_Driver/Src/stm32f1xx_ll_usb.c ****             pmabuffer = ep->pmaaddr0;
 2991              		.loc 1 2354 13 is_stmt 1 discriminator 3 view .LVU1021
2354:Drivers/STM32F1xx_HAL_Driver/Src/stm32f1xx_ll_usb.c ****             pmabuffer = ep->pmaaddr0;
 2992              		.loc 1 2354 13 discriminator 3 view .LVU1022
 2993 02da 7109     		lsrs	r1, r6, #5
 2994              	.LVL335:
2354:Drivers/STM32F1xx_HAL_Driver/Src/stm32f1xx_ll_usb.c ****             pmabuffer = ep->pmaaddr0;
 2995              		.loc 1 2354 13 view .LVU1023
2354:Drivers/STM32F1xx_HAL_Driver/Src/stm32f1xx_ll_usb.c ****             pmabuffer = ep->pmaaddr0;
 2996              		.loc 1 2354 13 is_stmt 0 discriminator 3 view .LVU1024
 2997 02dc 16F01F0F 		tst	r6, #31
 2998 02e0 00D1     		bne	.L107
2354:Drivers/STM32F1xx_HAL_Driver/Src/stm32f1xx_ll_usb.c ****             pmabuffer = ep->pmaaddr0;
 2999              		.loc 1 2354 13 is_stmt 1 discriminator 5 view .LVU1025
 3000 02e2 0139     		subs	r1, r1, #1
 3001              	.LVL336:
 3002              	.L107:
2354:Drivers/STM32F1xx_HAL_Driver/Src/stm32f1xx_ll_usb.c ****             pmabuffer = ep->pmaaddr0;
 3003              		.loc 1 2354 13 discriminator 7 view .LVU1026
 3004 02e4 B3F80424 		ldrh	r2, [r3, #1028]
 3005 02e8 92B2     		uxth	r2, r2
 3006 02ea 8902     		lsls	r1, r1, #10
 3007              	.LVL337:
2354:Drivers/STM32F1xx_HAL_Driver/Src/stm32f1xx_ll_usb.c ****             pmabuffer = ep->pmaaddr0;
 3008              		.loc 1 2354 13 is_stmt 0 discriminator 7 view .LVU1027
 3009 02ec 89B2     		uxth	r1, r1
 3010 02ee 0A43     		orrs	r2, r2, r1
 3011 02f0 42F40042 		orr	r2, r2, #32768
 3012 02f4 A3F80424 		strh	r2, [r3, #1028]	@ movhi
2354:Drivers/STM32F1xx_HAL_Driver/Src/stm32f1xx_ll_usb.c ****             pmabuffer = ep->pmaaddr0;
 3013              		.loc 1 2354 13 is_stmt 1 view .LVU1028
 3014 02f8 1AE0     		b	.L108
 3015              	.LVL338:
 3016              	.L106:
2354:Drivers/STM32F1xx_HAL_Driver/Src/stm32f1xx_ll_usb.c ****             pmabuffer = ep->pmaaddr0;
 3017              		.loc 1 2354 13 discriminator 4 view .LVU1029
 3018 02fa 4EB9     		cbnz	r6, .L109
2354:Drivers/STM32F1xx_HAL_Driver/Src/stm32f1xx_ll_usb.c ****             pmabuffer = ep->pmaaddr0;
 3019              		.loc 1 2354 13 discriminator 8 view .LVU1030
 3020 02fc B3F80424 		ldrh	r2, [r3, #1028]
 3021 0300 6FEA4242 		mvn	r2, r2, lsl #17
 3022 0304 6FEA5242 		mvn	r2, r2, lsr #17
 3023 0308 92B2     		uxth	r2, r2
 3024 030a A3F80424 		strh	r2, [r3, #1028]	@ movhi
ARM GAS  C:\Users\crist\AppData\Local\Temp\ccqk2JNa.s 			page 112


 3025 030e 0FE0     		b	.L108
 3026              	.L109:
2354:Drivers/STM32F1xx_HAL_Driver/Src/stm32f1xx_ll_usb.c ****             pmabuffer = ep->pmaaddr0;
 3027              		.loc 1 2354 13 discriminator 9 view .LVU1031
2354:Drivers/STM32F1xx_HAL_Driver/Src/stm32f1xx_ll_usb.c ****             pmabuffer = ep->pmaaddr0;
 3028              		.loc 1 2354 13 discriminator 9 view .LVU1032
 3029 0310 7208     		lsrs	r2, r6, #1
 3030              	.LVL339:
2354:Drivers/STM32F1xx_HAL_Driver/Src/stm32f1xx_ll_usb.c ****             pmabuffer = ep->pmaaddr0;
 3031              		.loc 1 2354 13 view .LVU1033
2354:Drivers/STM32F1xx_HAL_Driver/Src/stm32f1xx_ll_usb.c ****             pmabuffer = ep->pmaaddr0;
 3032              		.loc 1 2354 13 is_stmt 0 discriminator 9 view .LVU1034
 3033 0312 16F0010F 		tst	r6, #1
 3034 0316 00D0     		beq	.L110
2354:Drivers/STM32F1xx_HAL_Driver/Src/stm32f1xx_ll_usb.c ****             pmabuffer = ep->pmaaddr0;
 3035              		.loc 1 2354 13 is_stmt 1 discriminator 10 view .LVU1035
 3036 0318 0132     		adds	r2, r2, #1
 3037              	.LVL340:
 3038              	.L110:
2354:Drivers/STM32F1xx_HAL_Driver/Src/stm32f1xx_ll_usb.c ****             pmabuffer = ep->pmaaddr0;
 3039              		.loc 1 2354 13 discriminator 12 view .LVU1036
 3040 031a B3F80414 		ldrh	r1, [r3, #1028]
 3041 031e 89B2     		uxth	r1, r1
 3042 0320 9202     		lsls	r2, r2, #10
 3043              	.LVL341:
2354:Drivers/STM32F1xx_HAL_Driver/Src/stm32f1xx_ll_usb.c ****             pmabuffer = ep->pmaaddr0;
 3044              		.loc 1 2354 13 is_stmt 0 discriminator 12 view .LVU1037
 3045 0322 92B2     		uxth	r2, r2
 3046 0324 0A43     		orrs	r2, r2, r1
 3047 0326 A3F80424 		strh	r2, [r3, #1028]	@ movhi
 3048 032a 01E0     		b	.L108
 3049              	.LVL342:
 3050              	.L105:
2354:Drivers/STM32F1xx_HAL_Driver/Src/stm32f1xx_ll_usb.c ****             pmabuffer = ep->pmaaddr0;
 3051              		.loc 1 2354 13 discriminator 12 view .LVU1038
 3052              	.LBE88:
 3053              	.LBE87:
2354:Drivers/STM32F1xx_HAL_Driver/Src/stm32f1xx_ll_usb.c ****             pmabuffer = ep->pmaaddr0;
 3054              		.loc 1 2354 13 is_stmt 1 discriminator 2 view .LVU1039
 3055 032c 012B     		cmp	r3, #1
 3056 032e 30D0     		beq	.L174
 3057              	.L108:
2354:Drivers/STM32F1xx_HAL_Driver/Src/stm32f1xx_ll_usb.c ****             pmabuffer = ep->pmaaddr0;
 3058              		.loc 1 2354 13 view .LVU1040
2354:Drivers/STM32F1xx_HAL_Driver/Src/stm32f1xx_ll_usb.c ****             pmabuffer = ep->pmaaddr0;
 3059              		.loc 1 2354 13 view .LVU1041
2355:Drivers/STM32F1xx_HAL_Driver/Src/stm32f1xx_ll_usb.c **** 
 3060              		.loc 1 2355 13 view .LVU1042
 3061              	.LVL343:
2358:Drivers/STM32F1xx_HAL_Driver/Src/stm32f1xx_ll_usb.c ****             ep->xfer_buff += len;
 3062              		.loc 1 2358 13 view .LVU1043
 3063 0330 B3B2     		uxth	r3, r6
 3064 0332 2289     		ldrh	r2, [r4, #8]
 3065 0334 6169     		ldr	r1, [r4, #20]
 3066 0336 2846     		mov	r0, r5
 3067              	.LVL344:
2358:Drivers/STM32F1xx_HAL_Driver/Src/stm32f1xx_ll_usb.c ****             ep->xfer_buff += len;
ARM GAS  C:\Users\crist\AppData\Local\Temp\ccqk2JNa.s 			page 113


 3068              		.loc 1 2358 13 is_stmt 0 view .LVU1044
 3069 0338 FFF7FEFF 		bl	USB_WritePMA
 3070              	.LVL345:
2359:Drivers/STM32F1xx_HAL_Driver/Src/stm32f1xx_ll_usb.c **** 
 3071              		.loc 1 2359 13 is_stmt 1 view .LVU1045
2359:Drivers/STM32F1xx_HAL_Driver/Src/stm32f1xx_ll_usb.c **** 
 3072              		.loc 1 2359 15 is_stmt 0 view .LVU1046
 3073 033c 6369     		ldr	r3, [r4, #20]
2359:Drivers/STM32F1xx_HAL_Driver/Src/stm32f1xx_ll_usb.c **** 
 3074              		.loc 1 2359 27 view .LVU1047
 3075 033e 3344     		add	r3, r3, r6
 3076 0340 6361     		str	r3, [r4, #20]
2361:Drivers/STM32F1xx_HAL_Driver/Src/stm32f1xx_ll_usb.c ****             {
 3077              		.loc 1 2361 13 is_stmt 1 view .LVU1048
2361:Drivers/STM32F1xx_HAL_Driver/Src/stm32f1xx_ll_usb.c ****             {
 3078              		.loc 1 2361 19 is_stmt 0 view .LVU1049
 3079 0342 236A     		ldr	r3, [r4, #32]
2361:Drivers/STM32F1xx_HAL_Driver/Src/stm32f1xx_ll_usb.c ****             {
 3080              		.loc 1 2361 37 view .LVU1050
 3081 0344 2269     		ldr	r2, [r4, #16]
2361:Drivers/STM32F1xx_HAL_Driver/Src/stm32f1xx_ll_usb.c ****             {
 3082              		.loc 1 2361 16 view .LVU1051
 3083 0346 9342     		cmp	r3, r2
 3084 0348 2DD9     		bls	.L111
2363:Drivers/STM32F1xx_HAL_Driver/Src/stm32f1xx_ll_usb.c ****             }
 3085              		.loc 1 2363 15 is_stmt 1 view .LVU1052
2363:Drivers/STM32F1xx_HAL_Driver/Src/stm32f1xx_ll_usb.c ****             }
 3086              		.loc 1 2363 31 is_stmt 0 view .LVU1053
 3087 034a 9B1B     		subs	r3, r3, r6
 3088 034c 2362     		str	r3, [r4, #32]
 3089              	.L112:
2372:Drivers/STM32F1xx_HAL_Driver/Src/stm32f1xx_ll_usb.c ****             pmabuffer = ep->pmaaddr1;
 3090              		.loc 1 2372 13 is_stmt 1 view .LVU1054
 3091              	.LBB89:
2372:Drivers/STM32F1xx_HAL_Driver/Src/stm32f1xx_ll_usb.c ****             pmabuffer = ep->pmaaddr1;
 3092              		.loc 1 2372 13 view .LVU1055
 3093              	.LVL346:
2372:Drivers/STM32F1xx_HAL_Driver/Src/stm32f1xx_ll_usb.c ****             pmabuffer = ep->pmaaddr1;
 3094              		.loc 1 2372 13 view .LVU1056
2372:Drivers/STM32F1xx_HAL_Driver/Src/stm32f1xx_ll_usb.c ****             pmabuffer = ep->pmaaddr1;
 3095              		.loc 1 2372 13 view .LVU1057
 3096 034e 6378     		ldrb	r3, [r4, #1]	@ zero_extendqisi2
 3097 0350 002B     		cmp	r3, #0
 3098 0352 45D1     		bne	.L113
2372:Drivers/STM32F1xx_HAL_Driver/Src/stm32f1xx_ll_usb.c ****             pmabuffer = ep->pmaaddr1;
 3099              		.loc 1 2372 13 discriminator 1 view .LVU1058
 3100              	.LBB90:
2372:Drivers/STM32F1xx_HAL_Driver/Src/stm32f1xx_ll_usb.c ****             pmabuffer = ep->pmaaddr1;
 3101              		.loc 1 2372 13 discriminator 1 view .LVU1059
 3102              	.LVL347:
2372:Drivers/STM32F1xx_HAL_Driver/Src/stm32f1xx_ll_usb.c ****             pmabuffer = ep->pmaaddr1;
 3103              		.loc 1 2372 13 view .LVU1060
2372:Drivers/STM32F1xx_HAL_Driver/Src/stm32f1xx_ll_usb.c ****             pmabuffer = ep->pmaaddr1;
 3104              		.loc 1 2372 13 view .LVU1061
2372:Drivers/STM32F1xx_HAL_Driver/Src/stm32f1xx_ll_usb.c ****             pmabuffer = ep->pmaaddr1;
 3105              		.loc 1 2372 13 is_stmt 0 discriminator 1 view .LVU1062
 3106 0354 B5F85030 		ldrh	r3, [r5, #80]
ARM GAS  C:\Users\crist\AppData\Local\Temp\ccqk2JNa.s 			page 114


 3107 0358 9BB2     		uxth	r3, r3
 3108 035a 2B44     		add	r3, r3, r5
 3109              	.LVL348:
2372:Drivers/STM32F1xx_HAL_Driver/Src/stm32f1xx_ll_usb.c ****             pmabuffer = ep->pmaaddr1;
 3110              		.loc 1 2372 13 is_stmt 1 view .LVU1063
2372:Drivers/STM32F1xx_HAL_Driver/Src/stm32f1xx_ll_usb.c ****             pmabuffer = ep->pmaaddr1;
 3111              		.loc 1 2372 13 is_stmt 0 discriminator 1 view .LVU1064
 3112 035c 2278     		ldrb	r2, [r4]	@ zero_extendqisi2
 3113 035e 03EB0213 		add	r3, r3, r2, lsl #4
 3114              	.LVL349:
2372:Drivers/STM32F1xx_HAL_Driver/Src/stm32f1xx_ll_usb.c ****             pmabuffer = ep->pmaaddr1;
 3115              		.loc 1 2372 13 is_stmt 1 view .LVU1065
 3116              	.LBB91:
2372:Drivers/STM32F1xx_HAL_Driver/Src/stm32f1xx_ll_usb.c ****             pmabuffer = ep->pmaaddr1;
 3117              		.loc 1 2372 13 view .LVU1066
2372:Drivers/STM32F1xx_HAL_Driver/Src/stm32f1xx_ll_usb.c ****             pmabuffer = ep->pmaaddr1;
 3118              		.loc 1 2372 13 view .LVU1067
2372:Drivers/STM32F1xx_HAL_Driver/Src/stm32f1xx_ll_usb.c ****             pmabuffer = ep->pmaaddr1;
 3119              		.loc 1 2372 13 is_stmt 0 discriminator 1 view .LVU1068
 3120 0362 B3F80C24 		ldrh	r2, [r3, #1036]
 3121 0366 C2F30902 		ubfx	r2, r2, #0, #10
 3122 036a A3F80C24 		strh	r2, [r3, #1036]	@ movhi
2372:Drivers/STM32F1xx_HAL_Driver/Src/stm32f1xx_ll_usb.c ****             pmabuffer = ep->pmaaddr1;
 3123              		.loc 1 2372 13 is_stmt 1 view .LVU1069
2372:Drivers/STM32F1xx_HAL_Driver/Src/stm32f1xx_ll_usb.c ****             pmabuffer = ep->pmaaddr1;
 3124              		.loc 1 2372 13 is_stmt 0 discriminator 1 view .LVU1070
 3125 036e 3E2E     		cmp	r6, #62
 3126 0370 1DD9     		bls	.L114
2372:Drivers/STM32F1xx_HAL_Driver/Src/stm32f1xx_ll_usb.c ****             pmabuffer = ep->pmaaddr1;
 3127              		.loc 1 2372 13 is_stmt 1 discriminator 3 view .LVU1071
2372:Drivers/STM32F1xx_HAL_Driver/Src/stm32f1xx_ll_usb.c ****             pmabuffer = ep->pmaaddr1;
 3128              		.loc 1 2372 13 discriminator 3 view .LVU1072
 3129 0372 7109     		lsrs	r1, r6, #5
 3130              	.LVL350:
2372:Drivers/STM32F1xx_HAL_Driver/Src/stm32f1xx_ll_usb.c ****             pmabuffer = ep->pmaaddr1;
 3131              		.loc 1 2372 13 view .LVU1073
2372:Drivers/STM32F1xx_HAL_Driver/Src/stm32f1xx_ll_usb.c ****             pmabuffer = ep->pmaaddr1;
 3132              		.loc 1 2372 13 is_stmt 0 discriminator 3 view .LVU1074
 3133 0374 16F01F0F 		tst	r6, #31
 3134 0378 00D1     		bne	.L115
2372:Drivers/STM32F1xx_HAL_Driver/Src/stm32f1xx_ll_usb.c ****             pmabuffer = ep->pmaaddr1;
 3135              		.loc 1 2372 13 is_stmt 1 discriminator 5 view .LVU1075
 3136 037a 0139     		subs	r1, r1, #1
 3137              	.LVL351:
 3138              	.L115:
2372:Drivers/STM32F1xx_HAL_Driver/Src/stm32f1xx_ll_usb.c ****             pmabuffer = ep->pmaaddr1;
 3139              		.loc 1 2372 13 discriminator 7 view .LVU1076
 3140 037c B3F80C24 		ldrh	r2, [r3, #1036]
 3141 0380 92B2     		uxth	r2, r2
 3142 0382 8902     		lsls	r1, r1, #10
 3143              	.LVL352:
2372:Drivers/STM32F1xx_HAL_Driver/Src/stm32f1xx_ll_usb.c ****             pmabuffer = ep->pmaaddr1;
 3144              		.loc 1 2372 13 is_stmt 0 discriminator 7 view .LVU1077
 3145 0384 89B2     		uxth	r1, r1
 3146 0386 0A43     		orrs	r2, r2, r1
 3147 0388 42F40042 		orr	r2, r2, #32768
 3148 038c A3F80C24 		strh	r2, [r3, #1036]	@ movhi
ARM GAS  C:\Users\crist\AppData\Local\Temp\ccqk2JNa.s 			page 115


2372:Drivers/STM32F1xx_HAL_Driver/Src/stm32f1xx_ll_usb.c ****             pmabuffer = ep->pmaaddr1;
 3149              		.loc 1 2372 13 is_stmt 1 view .LVU1078
 3150 0390 28E0     		b	.L116
 3151              	.LVL353:
 3152              	.L174:
2372:Drivers/STM32F1xx_HAL_Driver/Src/stm32f1xx_ll_usb.c ****             pmabuffer = ep->pmaaddr1;
 3153              		.loc 1 2372 13 is_stmt 0 view .LVU1079
 3154              	.LBE91:
 3155              	.LBE90:
 3156              	.LBE89:
2354:Drivers/STM32F1xx_HAL_Driver/Src/stm32f1xx_ll_usb.c ****             pmabuffer = ep->pmaaddr0;
 3157              		.loc 1 2354 13 is_stmt 1 discriminator 13 view .LVU1080
 3158              	.LBB94:
2354:Drivers/STM32F1xx_HAL_Driver/Src/stm32f1xx_ll_usb.c ****             pmabuffer = ep->pmaaddr0;
 3159              		.loc 1 2354 13 discriminator 13 view .LVU1081
2354:Drivers/STM32F1xx_HAL_Driver/Src/stm32f1xx_ll_usb.c ****             pmabuffer = ep->pmaaddr0;
 3160              		.loc 1 2354 13 view .LVU1082
2354:Drivers/STM32F1xx_HAL_Driver/Src/stm32f1xx_ll_usb.c ****             pmabuffer = ep->pmaaddr0;
 3161              		.loc 1 2354 13 view .LVU1083
2354:Drivers/STM32F1xx_HAL_Driver/Src/stm32f1xx_ll_usb.c ****             pmabuffer = ep->pmaaddr0;
 3162              		.loc 1 2354 13 is_stmt 0 discriminator 13 view .LVU1084
 3163 0392 B5F85030 		ldrh	r3, [r5, #80]
 3164 0396 9BB2     		uxth	r3, r3
 3165 0398 2B44     		add	r3, r3, r5
 3166              	.LVL354:
2354:Drivers/STM32F1xx_HAL_Driver/Src/stm32f1xx_ll_usb.c ****             pmabuffer = ep->pmaaddr0;
 3167              		.loc 1 2354 13 is_stmt 1 view .LVU1085
2354:Drivers/STM32F1xx_HAL_Driver/Src/stm32f1xx_ll_usb.c ****             pmabuffer = ep->pmaaddr0;
 3168              		.loc 1 2354 13 is_stmt 0 discriminator 13 view .LVU1086
 3169 039a 03EB0213 		add	r3, r3, r2, lsl #4
 3170              	.LVL355:
2354:Drivers/STM32F1xx_HAL_Driver/Src/stm32f1xx_ll_usb.c ****             pmabuffer = ep->pmaaddr0;
 3171              		.loc 1 2354 13 is_stmt 1 view .LVU1087
2354:Drivers/STM32F1xx_HAL_Driver/Src/stm32f1xx_ll_usb.c ****             pmabuffer = ep->pmaaddr0;
 3172              		.loc 1 2354 13 is_stmt 0 discriminator 13 view .LVU1088
 3173 039e B2B2     		uxth	r2, r6
 3174 03a0 A3F80424 		strh	r2, [r3, #1028]	@ movhi
 3175 03a4 C4E7     		b	.L108
 3176              	.LVL356:
 3177              	.L111:
2354:Drivers/STM32F1xx_HAL_Driver/Src/stm32f1xx_ll_usb.c ****             pmabuffer = ep->pmaaddr0;
 3178              		.loc 1 2354 13 discriminator 13 view .LVU1089
 3179              	.LBE94:
2367:Drivers/STM32F1xx_HAL_Driver/Src/stm32f1xx_ll_usb.c ****               ep->xfer_len_db = 0U;
 3180              		.loc 1 2367 15 is_stmt 1 view .LVU1090
2368:Drivers/STM32F1xx_HAL_Driver/Src/stm32f1xx_ll_usb.c ****             }
 3181              		.loc 1 2368 15 view .LVU1091
2368:Drivers/STM32F1xx_HAL_Driver/Src/stm32f1xx_ll_usb.c ****             }
 3182              		.loc 1 2368 31 is_stmt 0 view .LVU1092
 3183 03a6 0022     		movs	r2, #0
 3184 03a8 2262     		str	r2, [r4, #32]
2367:Drivers/STM32F1xx_HAL_Driver/Src/stm32f1xx_ll_usb.c ****               ep->xfer_len_db = 0U;
 3185              		.loc 1 2367 19 view .LVU1093
 3186 03aa 1E46     		mov	r6, r3
 3187 03ac CFE7     		b	.L112
 3188              	.LVL357:
 3189              	.L114:
ARM GAS  C:\Users\crist\AppData\Local\Temp\ccqk2JNa.s 			page 116


 3190              	.LBB95:
 3191              	.LBB93:
 3192              	.LBB92:
2372:Drivers/STM32F1xx_HAL_Driver/Src/stm32f1xx_ll_usb.c ****             pmabuffer = ep->pmaaddr1;
 3193              		.loc 1 2372 13 is_stmt 1 discriminator 4 view .LVU1094
 3194 03ae 4EB9     		cbnz	r6, .L117
2372:Drivers/STM32F1xx_HAL_Driver/Src/stm32f1xx_ll_usb.c ****             pmabuffer = ep->pmaaddr1;
 3195              		.loc 1 2372 13 discriminator 8 view .LVU1095
 3196 03b0 B3F80C24 		ldrh	r2, [r3, #1036]
 3197 03b4 6FEA4242 		mvn	r2, r2, lsl #17
 3198 03b8 6FEA5242 		mvn	r2, r2, lsr #17
 3199 03bc 92B2     		uxth	r2, r2
 3200 03be A3F80C24 		strh	r2, [r3, #1036]	@ movhi
 3201 03c2 0FE0     		b	.L116
 3202              	.L117:
2372:Drivers/STM32F1xx_HAL_Driver/Src/stm32f1xx_ll_usb.c ****             pmabuffer = ep->pmaaddr1;
 3203              		.loc 1 2372 13 discriminator 9 view .LVU1096
2372:Drivers/STM32F1xx_HAL_Driver/Src/stm32f1xx_ll_usb.c ****             pmabuffer = ep->pmaaddr1;
 3204              		.loc 1 2372 13 discriminator 9 view .LVU1097
 3205 03c4 7208     		lsrs	r2, r6, #1
 3206              	.LVL358:
2372:Drivers/STM32F1xx_HAL_Driver/Src/stm32f1xx_ll_usb.c ****             pmabuffer = ep->pmaaddr1;
 3207              		.loc 1 2372 13 view .LVU1098
2372:Drivers/STM32F1xx_HAL_Driver/Src/stm32f1xx_ll_usb.c ****             pmabuffer = ep->pmaaddr1;
 3208              		.loc 1 2372 13 is_stmt 0 discriminator 9 view .LVU1099
 3209 03c6 16F0010F 		tst	r6, #1
 3210 03ca 00D0     		beq	.L118
2372:Drivers/STM32F1xx_HAL_Driver/Src/stm32f1xx_ll_usb.c ****             pmabuffer = ep->pmaaddr1;
 3211              		.loc 1 2372 13 is_stmt 1 discriminator 10 view .LVU1100
 3212 03cc 0132     		adds	r2, r2, #1
 3213              	.LVL359:
 3214              	.L118:
2372:Drivers/STM32F1xx_HAL_Driver/Src/stm32f1xx_ll_usb.c ****             pmabuffer = ep->pmaaddr1;
 3215              		.loc 1 2372 13 discriminator 12 view .LVU1101
 3216 03ce B3F80C14 		ldrh	r1, [r3, #1036]
 3217 03d2 89B2     		uxth	r1, r1
 3218 03d4 9202     		lsls	r2, r2, #10
 3219              	.LVL360:
2372:Drivers/STM32F1xx_HAL_Driver/Src/stm32f1xx_ll_usb.c ****             pmabuffer = ep->pmaaddr1;
 3220              		.loc 1 2372 13 is_stmt 0 discriminator 12 view .LVU1102
 3221 03d6 92B2     		uxth	r2, r2
 3222 03d8 0A43     		orrs	r2, r2, r1
 3223 03da A3F80C24 		strh	r2, [r3, #1036]	@ movhi
 3224 03de 01E0     		b	.L116
 3225              	.LVL361:
 3226              	.L113:
2372:Drivers/STM32F1xx_HAL_Driver/Src/stm32f1xx_ll_usb.c ****             pmabuffer = ep->pmaaddr1;
 3227              		.loc 1 2372 13 discriminator 12 view .LVU1103
 3228              	.LBE92:
 3229              	.LBE93:
2372:Drivers/STM32F1xx_HAL_Driver/Src/stm32f1xx_ll_usb.c ****             pmabuffer = ep->pmaaddr1;
 3230              		.loc 1 2372 13 is_stmt 1 discriminator 2 view .LVU1104
 3231 03e0 012B     		cmp	r3, #1
 3232 03e2 06D0     		beq	.L175
 3233              	.LVL362:
 3234              	.L116:
2372:Drivers/STM32F1xx_HAL_Driver/Src/stm32f1xx_ll_usb.c ****             pmabuffer = ep->pmaaddr1;
ARM GAS  C:\Users\crist\AppData\Local\Temp\ccqk2JNa.s 			page 117


 3235              		.loc 1 2372 13 is_stmt 0 discriminator 2 view .LVU1105
 3236              	.LBE95:
2372:Drivers/STM32F1xx_HAL_Driver/Src/stm32f1xx_ll_usb.c ****             pmabuffer = ep->pmaaddr1;
 3237              		.loc 1 2372 13 is_stmt 1 view .LVU1106
2373:Drivers/STM32F1xx_HAL_Driver/Src/stm32f1xx_ll_usb.c **** 
 3238              		.loc 1 2373 13 view .LVU1107
2376:Drivers/STM32F1xx_HAL_Driver/Src/stm32f1xx_ll_usb.c ****           }
 3239              		.loc 1 2376 13 view .LVU1108
 3240 03e4 B3B2     		uxth	r3, r6
 3241 03e6 6289     		ldrh	r2, [r4, #10]
 3242 03e8 6169     		ldr	r1, [r4, #20]
 3243 03ea 2846     		mov	r0, r5
 3244 03ec FFF7FEFF 		bl	USB_WritePMA
 3245              	.LVL363:
2376:Drivers/STM32F1xx_HAL_Driver/Src/stm32f1xx_ll_usb.c ****           }
 3246              		.loc 1 2376 13 is_stmt 0 view .LVU1109
 3247 03f0 8EE6     		b	.L87
 3248              	.LVL364:
 3249              	.L175:
 3250              	.LBB96:
2372:Drivers/STM32F1xx_HAL_Driver/Src/stm32f1xx_ll_usb.c ****             pmabuffer = ep->pmaaddr1;
 3251              		.loc 1 2372 13 is_stmt 1 discriminator 13 view .LVU1110
 3252 03f2 B5F85030 		ldrh	r3, [r5, #80]
 3253 03f6 9BB2     		uxth	r3, r3
 3254 03f8 2B44     		add	r3, r3, r5
 3255              	.LVL365:
2372:Drivers/STM32F1xx_HAL_Driver/Src/stm32f1xx_ll_usb.c ****             pmabuffer = ep->pmaaddr1;
 3256              		.loc 1 2372 13 view .LVU1111
2372:Drivers/STM32F1xx_HAL_Driver/Src/stm32f1xx_ll_usb.c ****             pmabuffer = ep->pmaaddr1;
 3257              		.loc 1 2372 13 is_stmt 0 discriminator 13 view .LVU1112
 3258 03fa 2278     		ldrb	r2, [r4]	@ zero_extendqisi2
 3259 03fc 03EB0213 		add	r3, r3, r2, lsl #4
 3260              	.LVL366:
2372:Drivers/STM32F1xx_HAL_Driver/Src/stm32f1xx_ll_usb.c ****             pmabuffer = ep->pmaaddr1;
 3261              		.loc 1 2372 13 is_stmt 1 view .LVU1113
2372:Drivers/STM32F1xx_HAL_Driver/Src/stm32f1xx_ll_usb.c ****             pmabuffer = ep->pmaaddr1;
 3262              		.loc 1 2372 13 is_stmt 0 discriminator 13 view .LVU1114
 3263 0400 B2B2     		uxth	r2, r6
 3264 0402 A3F80C24 		strh	r2, [r3, #1036]	@ movhi
 3265 0406 EDE7     		b	.L116
 3266              	.LVL367:
 3267              	.L89:
2372:Drivers/STM32F1xx_HAL_Driver/Src/stm32f1xx_ll_usb.c ****             pmabuffer = ep->pmaaddr1;
 3268              		.loc 1 2372 13 discriminator 13 view .LVU1115
 3269              	.LBE96:
2382:Drivers/STM32F1xx_HAL_Driver/Src/stm32f1xx_ll_usb.c **** 
 3270              		.loc 1 2382 11 is_stmt 1 view .LVU1116
2385:Drivers/STM32F1xx_HAL_Driver/Src/stm32f1xx_ll_usb.c **** 
 3271              		.loc 1 2385 11 view .LVU1117
 3272              	.LBB97:
2385:Drivers/STM32F1xx_HAL_Driver/Src/stm32f1xx_ll_usb.c **** 
 3273              		.loc 1 2385 11 view .LVU1118
2385:Drivers/STM32F1xx_HAL_Driver/Src/stm32f1xx_ll_usb.c **** 
 3274              		.loc 1 2385 11 view .LVU1119
 3275 0408 2178     		ldrb	r1, [r4]	@ zero_extendqisi2
 3276 040a 35F82120 		ldrh	r2, [r5, r1, lsl #2]
 3277 040e 92B2     		uxth	r2, r2
ARM GAS  C:\Users\crist\AppData\Local\Temp\ccqk2JNa.s 			page 118


 3278 0410 22F4E242 		bic	r2, r2, #28928
 3279 0414 22F07002 		bic	r2, r2, #112
 3280              	.LVL368:
2385:Drivers/STM32F1xx_HAL_Driver/Src/stm32f1xx_ll_usb.c **** 
 3281              		.loc 1 2385 11 view .LVU1120
 3282 0418 42F40042 		orr	r2, r2, #32768
 3283              	.LVL369:
2385:Drivers/STM32F1xx_HAL_Driver/Src/stm32f1xx_ll_usb.c **** 
 3284              		.loc 1 2385 11 is_stmt 0 view .LVU1121
 3285 041c 42F08002 		orr	r2, r2, #128
 3286 0420 25F82120 		strh	r2, [r5, r1, lsl #2]	@ movhi
 3287              	.LBE97:
2385:Drivers/STM32F1xx_HAL_Driver/Src/stm32f1xx_ll_usb.c **** 
 3288              		.loc 1 2385 11 is_stmt 1 view .LVU1122
2388:Drivers/STM32F1xx_HAL_Driver/Src/stm32f1xx_ll_usb.c ****           pmabuffer = ep->pmaaddr0;
 3289              		.loc 1 2388 11 view .LVU1123
 3290              	.LBB98:
2388:Drivers/STM32F1xx_HAL_Driver/Src/stm32f1xx_ll_usb.c ****           pmabuffer = ep->pmaaddr0;
 3291              		.loc 1 2388 11 view .LVU1124
 3292              	.LVL370:
2388:Drivers/STM32F1xx_HAL_Driver/Src/stm32f1xx_ll_usb.c ****           pmabuffer = ep->pmaaddr0;
 3293              		.loc 1 2388 11 view .LVU1125
2388:Drivers/STM32F1xx_HAL_Driver/Src/stm32f1xx_ll_usb.c ****           pmabuffer = ep->pmaaddr0;
 3294              		.loc 1 2388 11 view .LVU1126
 3295 0424 B5F85020 		ldrh	r2, [r5, #80]
 3296 0428 92B2     		uxth	r2, r2
 3297 042a 2A44     		add	r2, r2, r5
 3298              	.LVL371:
2388:Drivers/STM32F1xx_HAL_Driver/Src/stm32f1xx_ll_usb.c ****           pmabuffer = ep->pmaaddr0;
 3299              		.loc 1 2388 11 view .LVU1127
 3300 042c 2178     		ldrb	r1, [r4]	@ zero_extendqisi2
 3301 042e 02EB0112 		add	r2, r2, r1, lsl #4
 3302              	.LVL372:
2388:Drivers/STM32F1xx_HAL_Driver/Src/stm32f1xx_ll_usb.c ****           pmabuffer = ep->pmaaddr0;
 3303              		.loc 1 2388 11 view .LVU1128
 3304 0432 9BB2     		uxth	r3, r3
 3305              	.LVL373:
2388:Drivers/STM32F1xx_HAL_Driver/Src/stm32f1xx_ll_usb.c ****           pmabuffer = ep->pmaaddr0;
 3306              		.loc 1 2388 11 is_stmt 0 view .LVU1129
 3307 0434 A2F80434 		strh	r3, [r2, #1028]	@ movhi
 3308              	.LBE98:
2388:Drivers/STM32F1xx_HAL_Driver/Src/stm32f1xx_ll_usb.c ****           pmabuffer = ep->pmaaddr0;
 3309              		.loc 1 2388 11 is_stmt 1 view .LVU1130
2389:Drivers/STM32F1xx_HAL_Driver/Src/stm32f1xx_ll_usb.c **** 
 3310              		.loc 1 2389 11 view .LVU1131
 3311              	.LVL374:
2392:Drivers/STM32F1xx_HAL_Driver/Src/stm32f1xx_ll_usb.c ****         }
 3312              		.loc 1 2392 11 view .LVU1132
 3313 0438 2289     		ldrh	r2, [r4, #8]
 3314              	.LVL375:
2392:Drivers/STM32F1xx_HAL_Driver/Src/stm32f1xx_ll_usb.c ****         }
 3315              		.loc 1 2392 11 is_stmt 0 view .LVU1133
 3316 043a 6169     		ldr	r1, [r4, #20]
2392:Drivers/STM32F1xx_HAL_Driver/Src/stm32f1xx_ll_usb.c ****         }
 3317              		.loc 1 2392 11 view .LVU1134
 3318 043c 2846     		mov	r0, r5
 3319              	.LVL376:
ARM GAS  C:\Users\crist\AppData\Local\Temp\ccqk2JNa.s 			page 119


2392:Drivers/STM32F1xx_HAL_Driver/Src/stm32f1xx_ll_usb.c ****         }
 3320              		.loc 1 2392 11 view .LVU1135
 3321 043e FFF7FEFF 		bl	USB_WritePMA
 3322              	.LVL377:
2392:Drivers/STM32F1xx_HAL_Driver/Src/stm32f1xx_ll_usb.c ****         }
 3323              		.loc 1 2392 11 view .LVU1136
 3324 0442 65E6     		b	.L87
 3325              	.LVL378:
 3326              	.L121:
 3327              	.LBB99:
 3328              	.LBB74:
 3329              	.LBB73:
2404:Drivers/STM32F1xx_HAL_Driver/Src/stm32f1xx_ll_usb.c ****           pmabuffer = ep->pmaaddr1;
 3330              		.loc 1 2404 11 is_stmt 1 discriminator 4 view .LVU1137
 3331 0444 4EB9     		cbnz	r6, .L124
2404:Drivers/STM32F1xx_HAL_Driver/Src/stm32f1xx_ll_usb.c ****           pmabuffer = ep->pmaaddr1;
 3332              		.loc 1 2404 11 discriminator 8 view .LVU1138
 3333 0446 B3F80C24 		ldrh	r2, [r3, #1036]
 3334 044a 6FEA4242 		mvn	r2, r2, lsl #17
 3335 044e 6FEA5242 		mvn	r2, r2, lsr #17
 3336 0452 92B2     		uxth	r2, r2
 3337 0454 A3F80C24 		strh	r2, [r3, #1036]	@ movhi
 3338 0458 16E0     		b	.L123
 3339              	.L124:
2404:Drivers/STM32F1xx_HAL_Driver/Src/stm32f1xx_ll_usb.c ****           pmabuffer = ep->pmaaddr1;
 3340              		.loc 1 2404 11 discriminator 9 view .LVU1139
2404:Drivers/STM32F1xx_HAL_Driver/Src/stm32f1xx_ll_usb.c ****           pmabuffer = ep->pmaaddr1;
 3341              		.loc 1 2404 11 discriminator 9 view .LVU1140
 3342 045a 7208     		lsrs	r2, r6, #1
 3343              	.LVL379:
2404:Drivers/STM32F1xx_HAL_Driver/Src/stm32f1xx_ll_usb.c ****           pmabuffer = ep->pmaaddr1;
 3344              		.loc 1 2404 11 view .LVU1141
2404:Drivers/STM32F1xx_HAL_Driver/Src/stm32f1xx_ll_usb.c ****           pmabuffer = ep->pmaaddr1;
 3345              		.loc 1 2404 11 is_stmt 0 discriminator 9 view .LVU1142
 3346 045c 16F0010F 		tst	r6, #1
 3347 0460 00D0     		beq	.L125
2404:Drivers/STM32F1xx_HAL_Driver/Src/stm32f1xx_ll_usb.c ****           pmabuffer = ep->pmaaddr1;
 3348              		.loc 1 2404 11 is_stmt 1 discriminator 10 view .LVU1143
 3349 0462 0132     		adds	r2, r2, #1
 3350              	.LVL380:
 3351              	.L125:
2404:Drivers/STM32F1xx_HAL_Driver/Src/stm32f1xx_ll_usb.c ****           pmabuffer = ep->pmaaddr1;
 3352              		.loc 1 2404 11 discriminator 12 view .LVU1144
 3353 0464 B3F80C14 		ldrh	r1, [r3, #1036]
 3354 0468 89B2     		uxth	r1, r1
 3355 046a 9202     		lsls	r2, r2, #10
 3356              	.LVL381:
2404:Drivers/STM32F1xx_HAL_Driver/Src/stm32f1xx_ll_usb.c ****           pmabuffer = ep->pmaaddr1;
 3357              		.loc 1 2404 11 is_stmt 0 discriminator 12 view .LVU1145
 3358 046c 92B2     		uxth	r2, r2
 3359 046e 0A43     		orrs	r2, r2, r1
 3360 0470 A3F80C24 		strh	r2, [r3, #1036]	@ movhi
 3361 0474 08E0     		b	.L123
 3362              	.LVL382:
 3363              	.L120:
2404:Drivers/STM32F1xx_HAL_Driver/Src/stm32f1xx_ll_usb.c ****           pmabuffer = ep->pmaaddr1;
 3364              		.loc 1 2404 11 discriminator 12 view .LVU1146
ARM GAS  C:\Users\crist\AppData\Local\Temp\ccqk2JNa.s 			page 120


 3365              	.LBE73:
 3366              	.LBE74:
2404:Drivers/STM32F1xx_HAL_Driver/Src/stm32f1xx_ll_usb.c ****           pmabuffer = ep->pmaaddr1;
 3367              		.loc 1 2404 11 is_stmt 1 discriminator 2 view .LVU1147
2404:Drivers/STM32F1xx_HAL_Driver/Src/stm32f1xx_ll_usb.c ****           pmabuffer = ep->pmaaddr1;
 3368              		.loc 1 2404 11 discriminator 13 view .LVU1148
 3369 0476 B5F85030 		ldrh	r3, [r5, #80]
 3370 047a 9BB2     		uxth	r3, r3
 3371 047c 2B44     		add	r3, r3, r5
 3372              	.LVL383:
2404:Drivers/STM32F1xx_HAL_Driver/Src/stm32f1xx_ll_usb.c ****           pmabuffer = ep->pmaaddr1;
 3373              		.loc 1 2404 11 view .LVU1149
2404:Drivers/STM32F1xx_HAL_Driver/Src/stm32f1xx_ll_usb.c ****           pmabuffer = ep->pmaaddr1;
 3374              		.loc 1 2404 11 is_stmt 0 discriminator 13 view .LVU1150
 3375 047e 03EB0113 		add	r3, r3, r1, lsl #4
 3376              	.LVL384:
2404:Drivers/STM32F1xx_HAL_Driver/Src/stm32f1xx_ll_usb.c ****           pmabuffer = ep->pmaaddr1;
 3377              		.loc 1 2404 11 is_stmt 1 view .LVU1151
2404:Drivers/STM32F1xx_HAL_Driver/Src/stm32f1xx_ll_usb.c ****           pmabuffer = ep->pmaaddr1;
 3378              		.loc 1 2404 11 is_stmt 0 discriminator 13 view .LVU1152
 3379 0482 B2B2     		uxth	r2, r6
 3380 0484 A3F80C24 		strh	r2, [r3, #1036]	@ movhi
 3381              	.LVL385:
 3382              	.L123:
2404:Drivers/STM32F1xx_HAL_Driver/Src/stm32f1xx_ll_usb.c ****           pmabuffer = ep->pmaaddr1;
 3383              		.loc 1 2404 11 discriminator 13 view .LVU1153
 3384              	.LBE99:
2404:Drivers/STM32F1xx_HAL_Driver/Src/stm32f1xx_ll_usb.c ****           pmabuffer = ep->pmaaddr1;
 3385              		.loc 1 2404 11 is_stmt 1 view .LVU1154
2405:Drivers/STM32F1xx_HAL_Driver/Src/stm32f1xx_ll_usb.c **** 
 3386              		.loc 1 2405 11 view .LVU1155
2408:Drivers/STM32F1xx_HAL_Driver/Src/stm32f1xx_ll_usb.c ****         }
 3387              		.loc 1 2408 11 view .LVU1156
 3388 0488 B3B2     		uxth	r3, r6
 3389 048a 6289     		ldrh	r2, [r4, #10]
 3390 048c 6169     		ldr	r1, [r4, #20]
 3391 048e 2846     		mov	r0, r5
 3392              	.LVL386:
2408:Drivers/STM32F1xx_HAL_Driver/Src/stm32f1xx_ll_usb.c ****         }
 3393              		.loc 1 2408 11 is_stmt 0 view .LVU1157
 3394 0490 FFF7FEFF 		bl	USB_WritePMA
 3395              	.LVL387:
2408:Drivers/STM32F1xx_HAL_Driver/Src/stm32f1xx_ll_usb.c ****         }
 3396              		.loc 1 2408 11 view .LVU1158
 3397 0494 3CE6     		b	.L87
 3398              	.LVL388:
 3399              	.L119:
2413:Drivers/STM32F1xx_HAL_Driver/Src/stm32f1xx_ll_usb.c ****           pmabuffer = ep->pmaaddr0;
 3400              		.loc 1 2413 11 is_stmt 1 view .LVU1159
2413:Drivers/STM32F1xx_HAL_Driver/Src/stm32f1xx_ll_usb.c ****           pmabuffer = ep->pmaaddr0;
 3401              		.loc 1 2413 11 view .LVU1160
 3402 0496 B2BB     		cbnz	r2, .L126
2413:Drivers/STM32F1xx_HAL_Driver/Src/stm32f1xx_ll_usb.c ****           pmabuffer = ep->pmaaddr0;
 3403              		.loc 1 2413 11 discriminator 1 view .LVU1161
 3404              	.LBB100:
2413:Drivers/STM32F1xx_HAL_Driver/Src/stm32f1xx_ll_usb.c ****           pmabuffer = ep->pmaaddr0;
 3405              		.loc 1 2413 11 discriminator 1 view .LVU1162
ARM GAS  C:\Users\crist\AppData\Local\Temp\ccqk2JNa.s 			page 121


 3406              	.LVL389:
2413:Drivers/STM32F1xx_HAL_Driver/Src/stm32f1xx_ll_usb.c ****           pmabuffer = ep->pmaaddr0;
 3407              		.loc 1 2413 11 view .LVU1163
2413:Drivers/STM32F1xx_HAL_Driver/Src/stm32f1xx_ll_usb.c ****           pmabuffer = ep->pmaaddr0;
 3408              		.loc 1 2413 11 view .LVU1164
2413:Drivers/STM32F1xx_HAL_Driver/Src/stm32f1xx_ll_usb.c ****           pmabuffer = ep->pmaaddr0;
 3409              		.loc 1 2413 11 is_stmt 0 discriminator 1 view .LVU1165
 3410 0498 B5F85030 		ldrh	r3, [r5, #80]
 3411 049c 9BB2     		uxth	r3, r3
 3412 049e 2B44     		add	r3, r3, r5
 3413              	.LVL390:
2413:Drivers/STM32F1xx_HAL_Driver/Src/stm32f1xx_ll_usb.c ****           pmabuffer = ep->pmaaddr0;
 3414              		.loc 1 2413 11 is_stmt 1 view .LVU1166
2413:Drivers/STM32F1xx_HAL_Driver/Src/stm32f1xx_ll_usb.c ****           pmabuffer = ep->pmaaddr0;
 3415              		.loc 1 2413 11 is_stmt 0 discriminator 1 view .LVU1167
 3416 04a0 03EB0113 		add	r3, r3, r1, lsl #4
 3417              	.LVL391:
2413:Drivers/STM32F1xx_HAL_Driver/Src/stm32f1xx_ll_usb.c ****           pmabuffer = ep->pmaaddr0;
 3418              		.loc 1 2413 11 is_stmt 1 view .LVU1168
 3419              	.LBB101:
2413:Drivers/STM32F1xx_HAL_Driver/Src/stm32f1xx_ll_usb.c ****           pmabuffer = ep->pmaaddr0;
 3420              		.loc 1 2413 11 view .LVU1169
2413:Drivers/STM32F1xx_HAL_Driver/Src/stm32f1xx_ll_usb.c ****           pmabuffer = ep->pmaaddr0;
 3421              		.loc 1 2413 11 view .LVU1170
2413:Drivers/STM32F1xx_HAL_Driver/Src/stm32f1xx_ll_usb.c ****           pmabuffer = ep->pmaaddr0;
 3422              		.loc 1 2413 11 is_stmt 0 discriminator 1 view .LVU1171
 3423 04a4 B3F80424 		ldrh	r2, [r3, #1028]
 3424 04a8 C2F30902 		ubfx	r2, r2, #0, #10
 3425 04ac A3F80424 		strh	r2, [r3, #1028]	@ movhi
2413:Drivers/STM32F1xx_HAL_Driver/Src/stm32f1xx_ll_usb.c ****           pmabuffer = ep->pmaaddr0;
 3426              		.loc 1 2413 11 is_stmt 1 view .LVU1172
2413:Drivers/STM32F1xx_HAL_Driver/Src/stm32f1xx_ll_usb.c ****           pmabuffer = ep->pmaaddr0;
 3427              		.loc 1 2413 11 is_stmt 0 discriminator 1 view .LVU1173
 3428 04b0 3E2E     		cmp	r6, #62
 3429 04b2 0FD9     		bls	.L127
2413:Drivers/STM32F1xx_HAL_Driver/Src/stm32f1xx_ll_usb.c ****           pmabuffer = ep->pmaaddr0;
 3430              		.loc 1 2413 11 is_stmt 1 discriminator 3 view .LVU1174
2413:Drivers/STM32F1xx_HAL_Driver/Src/stm32f1xx_ll_usb.c ****           pmabuffer = ep->pmaaddr0;
 3431              		.loc 1 2413 11 discriminator 3 view .LVU1175
 3432 04b4 7109     		lsrs	r1, r6, #5
 3433              	.LVL392:
2413:Drivers/STM32F1xx_HAL_Driver/Src/stm32f1xx_ll_usb.c ****           pmabuffer = ep->pmaaddr0;
 3434              		.loc 1 2413 11 view .LVU1176
2413:Drivers/STM32F1xx_HAL_Driver/Src/stm32f1xx_ll_usb.c ****           pmabuffer = ep->pmaaddr0;
 3435              		.loc 1 2413 11 is_stmt 0 discriminator 3 view .LVU1177
 3436 04b6 16F01F0F 		tst	r6, #31
 3437 04ba 00D1     		bne	.L128
2413:Drivers/STM32F1xx_HAL_Driver/Src/stm32f1xx_ll_usb.c ****           pmabuffer = ep->pmaaddr0;
 3438              		.loc 1 2413 11 is_stmt 1 discriminator 5 view .LVU1178
 3439 04bc 0139     		subs	r1, r1, #1
 3440              	.LVL393:
 3441              	.L128:
2413:Drivers/STM32F1xx_HAL_Driver/Src/stm32f1xx_ll_usb.c ****           pmabuffer = ep->pmaaddr0;
 3442              		.loc 1 2413 11 discriminator 7 view .LVU1179
 3443 04be B3F80424 		ldrh	r2, [r3, #1028]
 3444 04c2 92B2     		uxth	r2, r2
 3445 04c4 8902     		lsls	r1, r1, #10
ARM GAS  C:\Users\crist\AppData\Local\Temp\ccqk2JNa.s 			page 122


 3446              	.LVL394:
2413:Drivers/STM32F1xx_HAL_Driver/Src/stm32f1xx_ll_usb.c ****           pmabuffer = ep->pmaaddr0;
 3447              		.loc 1 2413 11 is_stmt 0 discriminator 7 view .LVU1180
 3448 04c6 89B2     		uxth	r1, r1
 3449 04c8 0A43     		orrs	r2, r2, r1
 3450 04ca 42F40042 		orr	r2, r2, #32768
 3451 04ce A3F80424 		strh	r2, [r3, #1028]	@ movhi
2413:Drivers/STM32F1xx_HAL_Driver/Src/stm32f1xx_ll_usb.c ****           pmabuffer = ep->pmaaddr0;
 3452              		.loc 1 2413 11 is_stmt 1 view .LVU1181
 3453 04d2 21E0     		b	.L129
 3454              	.LVL395:
 3455              	.L127:
2413:Drivers/STM32F1xx_HAL_Driver/Src/stm32f1xx_ll_usb.c ****           pmabuffer = ep->pmaaddr0;
 3456              		.loc 1 2413 11 discriminator 4 view .LVU1182
 3457 04d4 4EB9     		cbnz	r6, .L130
2413:Drivers/STM32F1xx_HAL_Driver/Src/stm32f1xx_ll_usb.c ****           pmabuffer = ep->pmaaddr0;
 3458              		.loc 1 2413 11 discriminator 8 view .LVU1183
 3459 04d6 B3F80424 		ldrh	r2, [r3, #1028]
 3460 04da 6FEA4242 		mvn	r2, r2, lsl #17
 3461 04de 6FEA5242 		mvn	r2, r2, lsr #17
 3462 04e2 92B2     		uxth	r2, r2
 3463 04e4 A3F80424 		strh	r2, [r3, #1028]	@ movhi
 3464 04e8 16E0     		b	.L129
 3465              	.L130:
2413:Drivers/STM32F1xx_HAL_Driver/Src/stm32f1xx_ll_usb.c ****           pmabuffer = ep->pmaaddr0;
 3466              		.loc 1 2413 11 discriminator 9 view .LVU1184
2413:Drivers/STM32F1xx_HAL_Driver/Src/stm32f1xx_ll_usb.c ****           pmabuffer = ep->pmaaddr0;
 3467              		.loc 1 2413 11 discriminator 9 view .LVU1185
 3468 04ea 7208     		lsrs	r2, r6, #1
 3469              	.LVL396:
2413:Drivers/STM32F1xx_HAL_Driver/Src/stm32f1xx_ll_usb.c ****           pmabuffer = ep->pmaaddr0;
 3470              		.loc 1 2413 11 view .LVU1186
2413:Drivers/STM32F1xx_HAL_Driver/Src/stm32f1xx_ll_usb.c ****           pmabuffer = ep->pmaaddr0;
 3471              		.loc 1 2413 11 is_stmt 0 discriminator 9 view .LVU1187
 3472 04ec 16F0010F 		tst	r6, #1
 3473 04f0 00D0     		beq	.L131
2413:Drivers/STM32F1xx_HAL_Driver/Src/stm32f1xx_ll_usb.c ****           pmabuffer = ep->pmaaddr0;
 3474              		.loc 1 2413 11 is_stmt 1 discriminator 10 view .LVU1188
 3475 04f2 0132     		adds	r2, r2, #1
 3476              	.LVL397:
 3477              	.L131:
2413:Drivers/STM32F1xx_HAL_Driver/Src/stm32f1xx_ll_usb.c ****           pmabuffer = ep->pmaaddr0;
 3478              		.loc 1 2413 11 discriminator 12 view .LVU1189
 3479 04f4 B3F80414 		ldrh	r1, [r3, #1028]
 3480 04f8 89B2     		uxth	r1, r1
 3481 04fa 9202     		lsls	r2, r2, #10
 3482              	.LVL398:
2413:Drivers/STM32F1xx_HAL_Driver/Src/stm32f1xx_ll_usb.c ****           pmabuffer = ep->pmaaddr0;
 3483              		.loc 1 2413 11 is_stmt 0 discriminator 12 view .LVU1190
 3484 04fc 92B2     		uxth	r2, r2
 3485 04fe 0A43     		orrs	r2, r2, r1
 3486 0500 A3F80424 		strh	r2, [r3, #1028]	@ movhi
 3487 0504 08E0     		b	.L129
 3488              	.LVL399:
 3489              	.L126:
2413:Drivers/STM32F1xx_HAL_Driver/Src/stm32f1xx_ll_usb.c ****           pmabuffer = ep->pmaaddr0;
 3490              		.loc 1 2413 11 discriminator 12 view .LVU1191
ARM GAS  C:\Users\crist\AppData\Local\Temp\ccqk2JNa.s 			page 123


 3491              	.LBE101:
 3492              	.LBE100:
2413:Drivers/STM32F1xx_HAL_Driver/Src/stm32f1xx_ll_usb.c ****           pmabuffer = ep->pmaaddr0;
 3493              		.loc 1 2413 11 is_stmt 1 discriminator 2 view .LVU1192
2413:Drivers/STM32F1xx_HAL_Driver/Src/stm32f1xx_ll_usb.c ****           pmabuffer = ep->pmaaddr0;
 3494              		.loc 1 2413 11 discriminator 13 view .LVU1193
 3495              	.LBB102:
2413:Drivers/STM32F1xx_HAL_Driver/Src/stm32f1xx_ll_usb.c ****           pmabuffer = ep->pmaaddr0;
 3496              		.loc 1 2413 11 discriminator 13 view .LVU1194
2413:Drivers/STM32F1xx_HAL_Driver/Src/stm32f1xx_ll_usb.c ****           pmabuffer = ep->pmaaddr0;
 3497              		.loc 1 2413 11 view .LVU1195
2413:Drivers/STM32F1xx_HAL_Driver/Src/stm32f1xx_ll_usb.c ****           pmabuffer = ep->pmaaddr0;
 3498              		.loc 1 2413 11 view .LVU1196
2413:Drivers/STM32F1xx_HAL_Driver/Src/stm32f1xx_ll_usb.c ****           pmabuffer = ep->pmaaddr0;
 3499              		.loc 1 2413 11 is_stmt 0 discriminator 13 view .LVU1197
 3500 0506 B5F85030 		ldrh	r3, [r5, #80]
 3501 050a 9BB2     		uxth	r3, r3
 3502 050c 2B44     		add	r3, r3, r5
 3503              	.LVL400:
2413:Drivers/STM32F1xx_HAL_Driver/Src/stm32f1xx_ll_usb.c ****           pmabuffer = ep->pmaaddr0;
 3504              		.loc 1 2413 11 is_stmt 1 view .LVU1198
2413:Drivers/STM32F1xx_HAL_Driver/Src/stm32f1xx_ll_usb.c ****           pmabuffer = ep->pmaaddr0;
 3505              		.loc 1 2413 11 is_stmt 0 discriminator 13 view .LVU1199
 3506 050e 03EB0113 		add	r3, r3, r1, lsl #4
 3507              	.LVL401:
2413:Drivers/STM32F1xx_HAL_Driver/Src/stm32f1xx_ll_usb.c ****           pmabuffer = ep->pmaaddr0;
 3508              		.loc 1 2413 11 is_stmt 1 view .LVU1200
2413:Drivers/STM32F1xx_HAL_Driver/Src/stm32f1xx_ll_usb.c ****           pmabuffer = ep->pmaaddr0;
 3509              		.loc 1 2413 11 is_stmt 0 discriminator 13 view .LVU1201
 3510 0512 B2B2     		uxth	r2, r6
 3511 0514 A3F80424 		strh	r2, [r3, #1028]	@ movhi
 3512              	.LVL402:
 3513              	.L129:
2413:Drivers/STM32F1xx_HAL_Driver/Src/stm32f1xx_ll_usb.c ****           pmabuffer = ep->pmaaddr0;
 3514              		.loc 1 2413 11 discriminator 13 view .LVU1202
 3515              	.LBE102:
2413:Drivers/STM32F1xx_HAL_Driver/Src/stm32f1xx_ll_usb.c ****           pmabuffer = ep->pmaaddr0;
 3516              		.loc 1 2413 11 is_stmt 1 view .LVU1203
2413:Drivers/STM32F1xx_HAL_Driver/Src/stm32f1xx_ll_usb.c ****           pmabuffer = ep->pmaaddr0;
 3517              		.loc 1 2413 11 view .LVU1204
2414:Drivers/STM32F1xx_HAL_Driver/Src/stm32f1xx_ll_usb.c **** 
 3518              		.loc 1 2414 11 view .LVU1205
2417:Drivers/STM32F1xx_HAL_Driver/Src/stm32f1xx_ll_usb.c ****         }
 3519              		.loc 1 2417 11 view .LVU1206
 3520 0518 B3B2     		uxth	r3, r6
 3521 051a 2289     		ldrh	r2, [r4, #8]
 3522 051c 6169     		ldr	r1, [r4, #20]
 3523 051e 2846     		mov	r0, r5
 3524              	.LVL403:
2417:Drivers/STM32F1xx_HAL_Driver/Src/stm32f1xx_ll_usb.c ****         }
 3525              		.loc 1 2417 11 is_stmt 0 view .LVU1207
 3526 0520 FFF7FEFF 		bl	USB_WritePMA
 3527              	.LVL404:
2417:Drivers/STM32F1xx_HAL_Driver/Src/stm32f1xx_ll_usb.c ****         }
 3528              		.loc 1 2417 11 view .LVU1208
 3529 0524 F4E5     		b	.L87
 3530              	.LVL405:
ARM GAS  C:\Users\crist\AppData\Local\Temp\ccqk2JNa.s 			page 124


 3531              	.L134:
2437:Drivers/STM32F1xx_HAL_Driver/Src/stm32f1xx_ll_usb.c ****         ep->xfer_len = 0U;
 3532              		.loc 1 2437 9 is_stmt 1 view .LVU1209
2438:Drivers/STM32F1xx_HAL_Driver/Src/stm32f1xx_ll_usb.c ****       }
 3533              		.loc 1 2438 9 view .LVU1210
2438:Drivers/STM32F1xx_HAL_Driver/Src/stm32f1xx_ll_usb.c ****       }
 3534              		.loc 1 2438 22 is_stmt 0 view .LVU1211
 3535 0526 0022     		movs	r2, #0
 3536 0528 8A61     		str	r2, [r1, #24]
2437:Drivers/STM32F1xx_HAL_Driver/Src/stm32f1xx_ll_usb.c ****         ep->xfer_len = 0U;
 3537              		.loc 1 2437 13 view .LVU1212
 3538 052a 1A46     		mov	r2, r3
 3539 052c 79E5     		b	.L135
 3540              	.LVL406:
 3541              	.L136:
 3542              	.LBB103:
 3543              	.LBB68:
2441:Drivers/STM32F1xx_HAL_Driver/Src/stm32f1xx_ll_usb.c ****     }
 3544              		.loc 1 2441 7 is_stmt 1 discriminator 2 view .LVU1213
 3545 052e 4AB9     		cbnz	r2, .L139
2441:Drivers/STM32F1xx_HAL_Driver/Src/stm32f1xx_ll_usb.c ****     }
 3546              		.loc 1 2441 7 discriminator 6 view .LVU1214
 3547 0530 B3F80C24 		ldrh	r2, [r3, #1036]
 3548              	.LVL407:
2441:Drivers/STM32F1xx_HAL_Driver/Src/stm32f1xx_ll_usb.c ****     }
 3549              		.loc 1 2441 7 is_stmt 0 discriminator 6 view .LVU1215
 3550 0534 6FEA4242 		mvn	r2, r2, lsl #17
 3551 0538 6FEA5242 		mvn	r2, r2, lsr #17
 3552 053c 92B2     		uxth	r2, r2
 3553 053e A3F80C24 		strh	r2, [r3, #1036]	@ movhi
 3554 0542 8DE5     		b	.L138
 3555              	.LVL408:
 3556              	.L139:
2441:Drivers/STM32F1xx_HAL_Driver/Src/stm32f1xx_ll_usb.c ****     }
 3557              		.loc 1 2441 7 is_stmt 1 discriminator 7 view .LVU1216
2441:Drivers/STM32F1xx_HAL_Driver/Src/stm32f1xx_ll_usb.c ****     }
 3558              		.loc 1 2441 7 discriminator 7 view .LVU1217
 3559 0544 5108     		lsrs	r1, r2, #1
 3560              	.LVL409:
2441:Drivers/STM32F1xx_HAL_Driver/Src/stm32f1xx_ll_usb.c ****     }
 3561              		.loc 1 2441 7 view .LVU1218
2441:Drivers/STM32F1xx_HAL_Driver/Src/stm32f1xx_ll_usb.c ****     }
 3562              		.loc 1 2441 7 is_stmt 0 discriminator 7 view .LVU1219
 3563 0546 12F0010F 		tst	r2, #1
 3564 054a 00D0     		beq	.L140
2441:Drivers/STM32F1xx_HAL_Driver/Src/stm32f1xx_ll_usb.c ****     }
 3565              		.loc 1 2441 7 is_stmt 1 discriminator 8 view .LVU1220
 3566 054c 0131     		adds	r1, r1, #1
 3567              	.LVL410:
 3568              	.L140:
2441:Drivers/STM32F1xx_HAL_Driver/Src/stm32f1xx_ll_usb.c ****     }
 3569              		.loc 1 2441 7 discriminator 10 view .LVU1221
 3570 054e B3F80C24 		ldrh	r2, [r3, #1036]
 3571              	.LVL411:
2441:Drivers/STM32F1xx_HAL_Driver/Src/stm32f1xx_ll_usb.c ****     }
 3572              		.loc 1 2441 7 is_stmt 0 discriminator 10 view .LVU1222
 3573 0552 92B2     		uxth	r2, r2
ARM GAS  C:\Users\crist\AppData\Local\Temp\ccqk2JNa.s 			page 125


 3574 0554 8902     		lsls	r1, r1, #10
 3575              	.LVL412:
2441:Drivers/STM32F1xx_HAL_Driver/Src/stm32f1xx_ll_usb.c ****     }
 3576              		.loc 1 2441 7 discriminator 10 view .LVU1223
 3577 0556 89B2     		uxth	r1, r1
 3578 0558 0A43     		orrs	r2, r2, r1
 3579 055a A3F80C24 		strh	r2, [r3, #1036]	@ movhi
 3580 055e 7FE5     		b	.L138
 3581              	.LVL413:
 3582              	.L133:
2441:Drivers/STM32F1xx_HAL_Driver/Src/stm32f1xx_ll_usb.c ****     }
 3583              		.loc 1 2441 7 discriminator 10 view .LVU1224
 3584              	.LBE68:
 3585              	.LBE103:
2448:Drivers/STM32F1xx_HAL_Driver/Src/stm32f1xx_ll_usb.c ****       {
 3586              		.loc 1 2448 7 is_stmt 1 view .LVU1225
2448:Drivers/STM32F1xx_HAL_Driver/Src/stm32f1xx_ll_usb.c ****       {
 3587              		.loc 1 2448 13 is_stmt 0 view .LVU1226
 3588 0560 CB78     		ldrb	r3, [r1, #3]	@ zero_extendqisi2
2448:Drivers/STM32F1xx_HAL_Driver/Src/stm32f1xx_ll_usb.c ****       {
 3589              		.loc 1 2448 10 view .LVU1227
 3590 0562 022B     		cmp	r3, #2
 3591 0564 4DD0     		beq	.L176
2467:Drivers/STM32F1xx_HAL_Driver/Src/stm32f1xx_ll_usb.c ****       {
 3592              		.loc 1 2467 12 is_stmt 1 view .LVU1228
2467:Drivers/STM32F1xx_HAL_Driver/Src/stm32f1xx_ll_usb.c ****       {
 3593              		.loc 1 2467 15 is_stmt 0 view .LVU1229
 3594 0566 012B     		cmp	r3, #1
 3595 0568 40F03381 		bne	.L167
2470:Drivers/STM32F1xx_HAL_Driver/Src/stm32f1xx_ll_usb.c ****         {
 3596              		.loc 1 2470 9 is_stmt 1 view .LVU1230
2470:Drivers/STM32F1xx_HAL_Driver/Src/stm32f1xx_ll_usb.c ****         {
 3597              		.loc 1 2470 15 is_stmt 0 view .LVU1231
 3598 056c 8969     		ldr	r1, [r1, #24]
 3599              	.LVL414:
2470:Drivers/STM32F1xx_HAL_Driver/Src/stm32f1xx_ll_usb.c ****         {
 3600              		.loc 1 2470 30 view .LVU1232
 3601 056e 2369     		ldr	r3, [r4, #16]
2470:Drivers/STM32F1xx_HAL_Driver/Src/stm32f1xx_ll_usb.c ****         {
 3602              		.loc 1 2470 12 view .LVU1233
 3603 0570 9942     		cmp	r1, r3
 3604 0572 40F2EA80 		bls	.L155
2472:Drivers/STM32F1xx_HAL_Driver/Src/stm32f1xx_ll_usb.c ****           ep->xfer_len -= len;
 3605              		.loc 1 2472 11 is_stmt 1 view .LVU1234
 3606              	.LVL415:
2473:Drivers/STM32F1xx_HAL_Driver/Src/stm32f1xx_ll_usb.c ****         }
 3607              		.loc 1 2473 11 view .LVU1235
2473:Drivers/STM32F1xx_HAL_Driver/Src/stm32f1xx_ll_usb.c ****         }
 3608              		.loc 1 2473 24 is_stmt 0 view .LVU1236
 3609 0576 C91A     		subs	r1, r1, r3
 3610 0578 A161     		str	r1, [r4, #24]
 3611              	.L156:
2480:Drivers/STM32F1xx_HAL_Driver/Src/stm32f1xx_ll_usb.c ****       }
 3612              		.loc 1 2480 9 is_stmt 1 view .LVU1237
2480:Drivers/STM32F1xx_HAL_Driver/Src/stm32f1xx_ll_usb.c ****       }
 3613              		.loc 1 2480 9 view .LVU1238
2480:Drivers/STM32F1xx_HAL_Driver/Src/stm32f1xx_ll_usb.c ****       }
ARM GAS  C:\Users\crist\AppData\Local\Temp\ccqk2JNa.s 			page 126


 3614              		.loc 1 2480 9 view .LVU1239
 3615 057a F2B9     		cbnz	r2, .L157
2480:Drivers/STM32F1xx_HAL_Driver/Src/stm32f1xx_ll_usb.c ****       }
 3616              		.loc 1 2480 9 discriminator 1 view .LVU1240
 3617              	.LBB104:
2480:Drivers/STM32F1xx_HAL_Driver/Src/stm32f1xx_ll_usb.c ****       }
 3618              		.loc 1 2480 9 discriminator 1 view .LVU1241
 3619              	.LVL416:
2480:Drivers/STM32F1xx_HAL_Driver/Src/stm32f1xx_ll_usb.c ****       }
 3620              		.loc 1 2480 9 view .LVU1242
2480:Drivers/STM32F1xx_HAL_Driver/Src/stm32f1xx_ll_usb.c ****       }
 3621              		.loc 1 2480 9 view .LVU1243
2480:Drivers/STM32F1xx_HAL_Driver/Src/stm32f1xx_ll_usb.c ****       }
 3622              		.loc 1 2480 9 is_stmt 0 discriminator 1 view .LVU1244
 3623 057c B5F85020 		ldrh	r2, [r5, #80]
 3624 0580 92B2     		uxth	r2, r2
 3625 0582 2A44     		add	r2, r2, r5
 3626              	.LVL417:
2480:Drivers/STM32F1xx_HAL_Driver/Src/stm32f1xx_ll_usb.c ****       }
 3627              		.loc 1 2480 9 is_stmt 1 view .LVU1245
2480:Drivers/STM32F1xx_HAL_Driver/Src/stm32f1xx_ll_usb.c ****       }
 3628              		.loc 1 2480 9 is_stmt 0 discriminator 1 view .LVU1246
 3629 0584 2178     		ldrb	r1, [r4]	@ zero_extendqisi2
 3630 0586 02EB0112 		add	r2, r2, r1, lsl #4
 3631              	.LVL418:
2480:Drivers/STM32F1xx_HAL_Driver/Src/stm32f1xx_ll_usb.c ****       }
 3632              		.loc 1 2480 9 is_stmt 1 view .LVU1247
 3633              	.LBB105:
2480:Drivers/STM32F1xx_HAL_Driver/Src/stm32f1xx_ll_usb.c ****       }
 3634              		.loc 1 2480 9 view .LVU1248
2480:Drivers/STM32F1xx_HAL_Driver/Src/stm32f1xx_ll_usb.c ****       }
 3635              		.loc 1 2480 9 view .LVU1249
2480:Drivers/STM32F1xx_HAL_Driver/Src/stm32f1xx_ll_usb.c ****       }
 3636              		.loc 1 2480 9 is_stmt 0 discriminator 1 view .LVU1250
 3637 058a B2F80414 		ldrh	r1, [r2, #1028]
 3638 058e C1F30901 		ubfx	r1, r1, #0, #10
 3639 0592 A2F80414 		strh	r1, [r2, #1028]	@ movhi
2480:Drivers/STM32F1xx_HAL_Driver/Src/stm32f1xx_ll_usb.c ****       }
 3640              		.loc 1 2480 9 is_stmt 1 view .LVU1251
2480:Drivers/STM32F1xx_HAL_Driver/Src/stm32f1xx_ll_usb.c ****       }
 3641              		.loc 1 2480 9 is_stmt 0 discriminator 1 view .LVU1252
 3642 0596 3E2B     		cmp	r3, #62
 3643 0598 40F2DB80 		bls	.L158
2480:Drivers/STM32F1xx_HAL_Driver/Src/stm32f1xx_ll_usb.c ****       }
 3644              		.loc 1 2480 9 is_stmt 1 discriminator 3 view .LVU1253
2480:Drivers/STM32F1xx_HAL_Driver/Src/stm32f1xx_ll_usb.c ****       }
 3645              		.loc 1 2480 9 discriminator 3 view .LVU1254
 3646 059c 5809     		lsrs	r0, r3, #5
 3647              	.LVL419:
2480:Drivers/STM32F1xx_HAL_Driver/Src/stm32f1xx_ll_usb.c ****       }
 3648              		.loc 1 2480 9 view .LVU1255
2480:Drivers/STM32F1xx_HAL_Driver/Src/stm32f1xx_ll_usb.c ****       }
 3649              		.loc 1 2480 9 is_stmt 0 discriminator 3 view .LVU1256
 3650 059e 13F01F0F 		tst	r3, #31
 3651 05a2 00D1     		bne	.L159
2480:Drivers/STM32F1xx_HAL_Driver/Src/stm32f1xx_ll_usb.c ****       }
 3652              		.loc 1 2480 9 is_stmt 1 discriminator 5 view .LVU1257
ARM GAS  C:\Users\crist\AppData\Local\Temp\ccqk2JNa.s 			page 127


 3653 05a4 0138     		subs	r0, r0, #1
 3654              	.LVL420:
 3655              	.L159:
2480:Drivers/STM32F1xx_HAL_Driver/Src/stm32f1xx_ll_usb.c ****       }
 3656              		.loc 1 2480 9 discriminator 7 view .LVU1258
 3657 05a6 B2F80414 		ldrh	r1, [r2, #1028]
 3658 05aa 89B2     		uxth	r1, r1
 3659 05ac 8002     		lsls	r0, r0, #10
 3660              	.LVL421:
2480:Drivers/STM32F1xx_HAL_Driver/Src/stm32f1xx_ll_usb.c ****       }
 3661              		.loc 1 2480 9 is_stmt 0 discriminator 7 view .LVU1259
 3662 05ae 80B2     		uxth	r0, r0
 3663 05b0 0143     		orrs	r1, r1, r0
 3664 05b2 41F40041 		orr	r1, r1, #32768
 3665 05b6 A2F80414 		strh	r1, [r2, #1028]	@ movhi
2480:Drivers/STM32F1xx_HAL_Driver/Src/stm32f1xx_ll_usb.c ****       }
 3666              		.loc 1 2480 9 is_stmt 1 view .LVU1260
 3667              	.LVL422:
 3668              	.L157:
2480:Drivers/STM32F1xx_HAL_Driver/Src/stm32f1xx_ll_usb.c ****       }
 3669              		.loc 1 2480 9 is_stmt 0 view .LVU1261
 3670              	.LBE105:
 3671              	.LBE104:
2480:Drivers/STM32F1xx_HAL_Driver/Src/stm32f1xx_ll_usb.c ****       }
 3672              		.loc 1 2480 9 is_stmt 1 discriminator 15 view .LVU1262
2480:Drivers/STM32F1xx_HAL_Driver/Src/stm32f1xx_ll_usb.c ****       }
 3673              		.loc 1 2480 9 discriminator 15 view .LVU1263
2480:Drivers/STM32F1xx_HAL_Driver/Src/stm32f1xx_ll_usb.c ****       }
 3674              		.loc 1 2480 9 discriminator 15 view .LVU1264
 3675              	.LBB107:
2480:Drivers/STM32F1xx_HAL_Driver/Src/stm32f1xx_ll_usb.c ****       }
 3676              		.loc 1 2480 9 discriminator 15 view .LVU1265
2480:Drivers/STM32F1xx_HAL_Driver/Src/stm32f1xx_ll_usb.c ****       }
 3677              		.loc 1 2480 9 view .LVU1266
2480:Drivers/STM32F1xx_HAL_Driver/Src/stm32f1xx_ll_usb.c ****       }
 3678              		.loc 1 2480 9 view .LVU1267
2480:Drivers/STM32F1xx_HAL_Driver/Src/stm32f1xx_ll_usb.c ****       }
 3679              		.loc 1 2480 9 is_stmt 0 discriminator 15 view .LVU1268
 3680 05ba 6278     		ldrb	r2, [r4, #1]	@ zero_extendqisi2
 3681 05bc 002A     		cmp	r2, #0
 3682 05be 40F0FA80 		bne	.L162
2480:Drivers/STM32F1xx_HAL_Driver/Src/stm32f1xx_ll_usb.c ****       }
 3683              		.loc 1 2480 9 is_stmt 1 discriminator 16 view .LVU1269
 3684              	.LBB108:
2480:Drivers/STM32F1xx_HAL_Driver/Src/stm32f1xx_ll_usb.c ****       }
 3685              		.loc 1 2480 9 discriminator 16 view .LVU1270
 3686              	.LVL423:
2480:Drivers/STM32F1xx_HAL_Driver/Src/stm32f1xx_ll_usb.c ****       }
 3687              		.loc 1 2480 9 view .LVU1271
2480:Drivers/STM32F1xx_HAL_Driver/Src/stm32f1xx_ll_usb.c ****       }
 3688              		.loc 1 2480 9 view .LVU1272
2480:Drivers/STM32F1xx_HAL_Driver/Src/stm32f1xx_ll_usb.c ****       }
 3689              		.loc 1 2480 9 is_stmt 0 discriminator 16 view .LVU1273
 3690 05c2 B5F85020 		ldrh	r2, [r5, #80]
 3691 05c6 92B2     		uxth	r2, r2
 3692 05c8 2A44     		add	r2, r2, r5
 3693              	.LVL424:
ARM GAS  C:\Users\crist\AppData\Local\Temp\ccqk2JNa.s 			page 128


2480:Drivers/STM32F1xx_HAL_Driver/Src/stm32f1xx_ll_usb.c ****       }
 3694              		.loc 1 2480 9 is_stmt 1 view .LVU1274
2480:Drivers/STM32F1xx_HAL_Driver/Src/stm32f1xx_ll_usb.c ****       }
 3695              		.loc 1 2480 9 is_stmt 0 discriminator 16 view .LVU1275
 3696 05ca 2178     		ldrb	r1, [r4]	@ zero_extendqisi2
 3697 05cc 02EB0112 		add	r2, r2, r1, lsl #4
 3698              	.LVL425:
2480:Drivers/STM32F1xx_HAL_Driver/Src/stm32f1xx_ll_usb.c ****       }
 3699              		.loc 1 2480 9 is_stmt 1 view .LVU1276
 3700              	.LBB109:
2480:Drivers/STM32F1xx_HAL_Driver/Src/stm32f1xx_ll_usb.c ****       }
 3701              		.loc 1 2480 9 view .LVU1277
2480:Drivers/STM32F1xx_HAL_Driver/Src/stm32f1xx_ll_usb.c ****       }
 3702              		.loc 1 2480 9 view .LVU1278
2480:Drivers/STM32F1xx_HAL_Driver/Src/stm32f1xx_ll_usb.c ****       }
 3703              		.loc 1 2480 9 is_stmt 0 discriminator 16 view .LVU1279
 3704 05d0 B2F80C14 		ldrh	r1, [r2, #1036]
 3705 05d4 C1F30901 		ubfx	r1, r1, #0, #10
 3706 05d8 A2F80C14 		strh	r1, [r2, #1036]	@ movhi
2480:Drivers/STM32F1xx_HAL_Driver/Src/stm32f1xx_ll_usb.c ****       }
 3707              		.loc 1 2480 9 is_stmt 1 view .LVU1280
2480:Drivers/STM32F1xx_HAL_Driver/Src/stm32f1xx_ll_usb.c ****       }
 3708              		.loc 1 2480 9 is_stmt 0 discriminator 16 view .LVU1281
 3709 05dc 3E2B     		cmp	r3, #62
 3710 05de 40F2D180 		bls	.L163
2480:Drivers/STM32F1xx_HAL_Driver/Src/stm32f1xx_ll_usb.c ****       }
 3711              		.loc 1 2480 9 is_stmt 1 discriminator 18 view .LVU1282
2480:Drivers/STM32F1xx_HAL_Driver/Src/stm32f1xx_ll_usb.c ****       }
 3712              		.loc 1 2480 9 discriminator 18 view .LVU1283
 3713 05e2 5909     		lsrs	r1, r3, #5
 3714              	.LVL426:
2480:Drivers/STM32F1xx_HAL_Driver/Src/stm32f1xx_ll_usb.c ****       }
 3715              		.loc 1 2480 9 view .LVU1284
2480:Drivers/STM32F1xx_HAL_Driver/Src/stm32f1xx_ll_usb.c ****       }
 3716              		.loc 1 2480 9 is_stmt 0 discriminator 18 view .LVU1285
 3717 05e4 13F01F0F 		tst	r3, #31
 3718 05e8 00D1     		bne	.L164
2480:Drivers/STM32F1xx_HAL_Driver/Src/stm32f1xx_ll_usb.c ****       }
 3719              		.loc 1 2480 9 is_stmt 1 discriminator 20 view .LVU1286
 3720 05ea 0139     		subs	r1, r1, #1
 3721              	.LVL427:
 3722              	.L164:
2480:Drivers/STM32F1xx_HAL_Driver/Src/stm32f1xx_ll_usb.c ****       }
 3723              		.loc 1 2480 9 discriminator 22 view .LVU1287
 3724 05ec B2F80C34 		ldrh	r3, [r2, #1036]
 3725              	.LVL428:
2480:Drivers/STM32F1xx_HAL_Driver/Src/stm32f1xx_ll_usb.c ****       }
 3726              		.loc 1 2480 9 is_stmt 0 discriminator 22 view .LVU1288
 3727 05f0 9BB2     		uxth	r3, r3
 3728 05f2 8902     		lsls	r1, r1, #10
 3729              	.LVL429:
2480:Drivers/STM32F1xx_HAL_Driver/Src/stm32f1xx_ll_usb.c ****       }
 3730              		.loc 1 2480 9 discriminator 22 view .LVU1289
 3731 05f4 89B2     		uxth	r1, r1
 3732 05f6 0B43     		orrs	r3, r3, r1
 3733 05f8 43F40043 		orr	r3, r3, #32768
 3734 05fc A2F80C34 		strh	r3, [r2, #1036]	@ movhi
ARM GAS  C:\Users\crist\AppData\Local\Temp\ccqk2JNa.s 			page 129


2480:Drivers/STM32F1xx_HAL_Driver/Src/stm32f1xx_ll_usb.c ****       }
 3735              		.loc 1 2480 9 is_stmt 1 view .LVU1290
 3736 0600 2EE5     		b	.L138
 3737              	.LVL430:
 3738              	.L176:
2480:Drivers/STM32F1xx_HAL_Driver/Src/stm32f1xx_ll_usb.c ****       }
 3739              		.loc 1 2480 9 is_stmt 0 view .LVU1291
 3740              	.LBE109:
 3741              	.LBE108:
 3742              	.LBE107:
2450:Drivers/STM32F1xx_HAL_Driver/Src/stm32f1xx_ll_usb.c **** 
 3743              		.loc 1 2450 9 is_stmt 1 view .LVU1292
2450:Drivers/STM32F1xx_HAL_Driver/Src/stm32f1xx_ll_usb.c **** 
 3744              		.loc 1 2450 9 view .LVU1293
2450:Drivers/STM32F1xx_HAL_Driver/Src/stm32f1xx_ll_usb.c **** 
 3745              		.loc 1 2450 9 view .LVU1294
 3746 0602 F2B9     		cbnz	r2, .L142
2450:Drivers/STM32F1xx_HAL_Driver/Src/stm32f1xx_ll_usb.c **** 
 3747              		.loc 1 2450 9 discriminator 1 view .LVU1295
 3748              	.LBB112:
2450:Drivers/STM32F1xx_HAL_Driver/Src/stm32f1xx_ll_usb.c **** 
 3749              		.loc 1 2450 9 discriminator 1 view .LVU1296
 3750              	.LVL431:
2450:Drivers/STM32F1xx_HAL_Driver/Src/stm32f1xx_ll_usb.c **** 
 3751              		.loc 1 2450 9 view .LVU1297
2450:Drivers/STM32F1xx_HAL_Driver/Src/stm32f1xx_ll_usb.c **** 
 3752              		.loc 1 2450 9 view .LVU1298
2450:Drivers/STM32F1xx_HAL_Driver/Src/stm32f1xx_ll_usb.c **** 
 3753              		.loc 1 2450 9 is_stmt 0 discriminator 1 view .LVU1299
 3754 0604 B0F85030 		ldrh	r3, [r0, #80]
 3755 0608 9BB2     		uxth	r3, r3
 3756 060a 0344     		add	r3, r3, r0
 3757              	.LVL432:
2450:Drivers/STM32F1xx_HAL_Driver/Src/stm32f1xx_ll_usb.c **** 
 3758              		.loc 1 2450 9 is_stmt 1 view .LVU1300
2450:Drivers/STM32F1xx_HAL_Driver/Src/stm32f1xx_ll_usb.c **** 
 3759              		.loc 1 2450 9 is_stmt 0 discriminator 1 view .LVU1301
 3760 060c 0A78     		ldrb	r2, [r1]	@ zero_extendqisi2
 3761 060e 03EB0213 		add	r3, r3, r2, lsl #4
 3762              	.LVL433:
2450:Drivers/STM32F1xx_HAL_Driver/Src/stm32f1xx_ll_usb.c **** 
 3763              		.loc 1 2450 9 is_stmt 1 view .LVU1302
 3764              	.LBB113:
2450:Drivers/STM32F1xx_HAL_Driver/Src/stm32f1xx_ll_usb.c **** 
 3765              		.loc 1 2450 9 view .LVU1303
2450:Drivers/STM32F1xx_HAL_Driver/Src/stm32f1xx_ll_usb.c **** 
 3766              		.loc 1 2450 9 view .LVU1304
2450:Drivers/STM32F1xx_HAL_Driver/Src/stm32f1xx_ll_usb.c **** 
 3767              		.loc 1 2450 9 is_stmt 0 discriminator 1 view .LVU1305
 3768 0612 B3F80424 		ldrh	r2, [r3, #1028]
 3769 0616 C2F30902 		ubfx	r2, r2, #0, #10
 3770 061a A3F80424 		strh	r2, [r3, #1028]	@ movhi
2450:Drivers/STM32F1xx_HAL_Driver/Src/stm32f1xx_ll_usb.c **** 
 3771              		.loc 1 2450 9 is_stmt 1 view .LVU1306
2450:Drivers/STM32F1xx_HAL_Driver/Src/stm32f1xx_ll_usb.c **** 
 3772              		.loc 1 2450 9 is_stmt 0 discriminator 1 view .LVU1307
 3773 061e 0A69     		ldr	r2, [r1, #16]
ARM GAS  C:\Users\crist\AppData\Local\Temp\ccqk2JNa.s 			page 130


 3774 0620 3E2A     		cmp	r2, #62
 3775 0622 31D9     		bls	.L143
2450:Drivers/STM32F1xx_HAL_Driver/Src/stm32f1xx_ll_usb.c **** 
 3776              		.loc 1 2450 9 is_stmt 1 discriminator 3 view .LVU1308
2450:Drivers/STM32F1xx_HAL_Driver/Src/stm32f1xx_ll_usb.c **** 
 3777              		.loc 1 2450 9 discriminator 3 view .LVU1309
 3778 0624 5109     		lsrs	r1, r2, #5
 3779              	.LVL434:
2450:Drivers/STM32F1xx_HAL_Driver/Src/stm32f1xx_ll_usb.c **** 
 3780              		.loc 1 2450 9 view .LVU1310
2450:Drivers/STM32F1xx_HAL_Driver/Src/stm32f1xx_ll_usb.c **** 
 3781              		.loc 1 2450 9 is_stmt 0 discriminator 3 view .LVU1311
 3782 0626 12F01F0F 		tst	r2, #31
 3783 062a 00D1     		bne	.L144
2450:Drivers/STM32F1xx_HAL_Driver/Src/stm32f1xx_ll_usb.c **** 
 3784              		.loc 1 2450 9 is_stmt 1 discriminator 5 view .LVU1312
 3785 062c 0139     		subs	r1, r1, #1
 3786              	.LVL435:
 3787              	.L144:
2450:Drivers/STM32F1xx_HAL_Driver/Src/stm32f1xx_ll_usb.c **** 
 3788              		.loc 1 2450 9 discriminator 7 view .LVU1313
 3789 062e B3F80424 		ldrh	r2, [r3, #1028]
 3790 0632 92B2     		uxth	r2, r2
 3791 0634 8902     		lsls	r1, r1, #10
 3792              	.LVL436:
2450:Drivers/STM32F1xx_HAL_Driver/Src/stm32f1xx_ll_usb.c **** 
 3793              		.loc 1 2450 9 is_stmt 0 discriminator 7 view .LVU1314
 3794 0636 89B2     		uxth	r1, r1
 3795 0638 0A43     		orrs	r2, r2, r1
 3796 063a 42F40042 		orr	r2, r2, #32768
 3797 063e A3F80424 		strh	r2, [r3, #1028]	@ movhi
2450:Drivers/STM32F1xx_HAL_Driver/Src/stm32f1xx_ll_usb.c **** 
 3798              		.loc 1 2450 9 is_stmt 1 view .LVU1315
 3799              	.LVL437:
 3800              	.L142:
2450:Drivers/STM32F1xx_HAL_Driver/Src/stm32f1xx_ll_usb.c **** 
 3801              		.loc 1 2450 9 is_stmt 0 view .LVU1316
 3802              	.LBE113:
 3803              	.LBE112:
2450:Drivers/STM32F1xx_HAL_Driver/Src/stm32f1xx_ll_usb.c **** 
 3804              		.loc 1 2450 9 is_stmt 1 discriminator 15 view .LVU1317
2450:Drivers/STM32F1xx_HAL_Driver/Src/stm32f1xx_ll_usb.c **** 
 3805              		.loc 1 2450 9 discriminator 15 view .LVU1318
2450:Drivers/STM32F1xx_HAL_Driver/Src/stm32f1xx_ll_usb.c **** 
 3806              		.loc 1 2450 9 discriminator 15 view .LVU1319
 3807              	.LBB115:
2450:Drivers/STM32F1xx_HAL_Driver/Src/stm32f1xx_ll_usb.c **** 
 3808              		.loc 1 2450 9 discriminator 15 view .LVU1320
2450:Drivers/STM32F1xx_HAL_Driver/Src/stm32f1xx_ll_usb.c **** 
 3809              		.loc 1 2450 9 view .LVU1321
2450:Drivers/STM32F1xx_HAL_Driver/Src/stm32f1xx_ll_usb.c **** 
 3810              		.loc 1 2450 9 view .LVU1322
2450:Drivers/STM32F1xx_HAL_Driver/Src/stm32f1xx_ll_usb.c **** 
 3811              		.loc 1 2450 9 is_stmt 0 discriminator 15 view .LVU1323
 3812 0642 6378     		ldrb	r3, [r4, #1]	@ zero_extendqisi2
 3813 0644 002B     		cmp	r3, #0
 3814 0646 51D1     		bne	.L147
ARM GAS  C:\Users\crist\AppData\Local\Temp\ccqk2JNa.s 			page 131


2450:Drivers/STM32F1xx_HAL_Driver/Src/stm32f1xx_ll_usb.c **** 
 3815              		.loc 1 2450 9 is_stmt 1 discriminator 16 view .LVU1324
 3816              	.LBB116:
2450:Drivers/STM32F1xx_HAL_Driver/Src/stm32f1xx_ll_usb.c **** 
 3817              		.loc 1 2450 9 discriminator 16 view .LVU1325
 3818              	.LVL438:
2450:Drivers/STM32F1xx_HAL_Driver/Src/stm32f1xx_ll_usb.c **** 
 3819              		.loc 1 2450 9 view .LVU1326
2450:Drivers/STM32F1xx_HAL_Driver/Src/stm32f1xx_ll_usb.c **** 
 3820              		.loc 1 2450 9 view .LVU1327
2450:Drivers/STM32F1xx_HAL_Driver/Src/stm32f1xx_ll_usb.c **** 
 3821              		.loc 1 2450 9 is_stmt 0 discriminator 16 view .LVU1328
 3822 0648 B5F85030 		ldrh	r3, [r5, #80]
 3823 064c 9BB2     		uxth	r3, r3
 3824 064e 2B44     		add	r3, r3, r5
 3825              	.LVL439:
2450:Drivers/STM32F1xx_HAL_Driver/Src/stm32f1xx_ll_usb.c **** 
 3826              		.loc 1 2450 9 is_stmt 1 view .LVU1329
2450:Drivers/STM32F1xx_HAL_Driver/Src/stm32f1xx_ll_usb.c **** 
 3827              		.loc 1 2450 9 is_stmt 0 discriminator 16 view .LVU1330
 3828 0650 2278     		ldrb	r2, [r4]	@ zero_extendqisi2
 3829 0652 03EB0213 		add	r3, r3, r2, lsl #4
 3830              	.LVL440:
2450:Drivers/STM32F1xx_HAL_Driver/Src/stm32f1xx_ll_usb.c **** 
 3831              		.loc 1 2450 9 is_stmt 1 view .LVU1331
 3832              	.LBB117:
2450:Drivers/STM32F1xx_HAL_Driver/Src/stm32f1xx_ll_usb.c **** 
 3833              		.loc 1 2450 9 view .LVU1332
2450:Drivers/STM32F1xx_HAL_Driver/Src/stm32f1xx_ll_usb.c **** 
 3834              		.loc 1 2450 9 view .LVU1333
2450:Drivers/STM32F1xx_HAL_Driver/Src/stm32f1xx_ll_usb.c **** 
 3835              		.loc 1 2450 9 is_stmt 0 discriminator 16 view .LVU1334
 3836 0656 B3F80C24 		ldrh	r2, [r3, #1036]
 3837 065a C2F30902 		ubfx	r2, r2, #0, #10
 3838 065e A3F80C24 		strh	r2, [r3, #1036]	@ movhi
2450:Drivers/STM32F1xx_HAL_Driver/Src/stm32f1xx_ll_usb.c **** 
 3839              		.loc 1 2450 9 is_stmt 1 view .LVU1335
2450:Drivers/STM32F1xx_HAL_Driver/Src/stm32f1xx_ll_usb.c **** 
 3840              		.loc 1 2450 9 is_stmt 0 discriminator 16 view .LVU1336
 3841 0662 2269     		ldr	r2, [r4, #16]
 3842 0664 3E2A     		cmp	r2, #62
 3843 0666 28D9     		bls	.L148
2450:Drivers/STM32F1xx_HAL_Driver/Src/stm32f1xx_ll_usb.c **** 
 3844              		.loc 1 2450 9 is_stmt 1 discriminator 18 view .LVU1337
2450:Drivers/STM32F1xx_HAL_Driver/Src/stm32f1xx_ll_usb.c **** 
 3845              		.loc 1 2450 9 discriminator 18 view .LVU1338
 3846 0668 5109     		lsrs	r1, r2, #5
 3847              	.LVL441:
2450:Drivers/STM32F1xx_HAL_Driver/Src/stm32f1xx_ll_usb.c **** 
 3848              		.loc 1 2450 9 view .LVU1339
2450:Drivers/STM32F1xx_HAL_Driver/Src/stm32f1xx_ll_usb.c **** 
 3849              		.loc 1 2450 9 is_stmt 0 discriminator 18 view .LVU1340
 3850 066a 12F01F0F 		tst	r2, #31
 3851 066e 00D1     		bne	.L149
2450:Drivers/STM32F1xx_HAL_Driver/Src/stm32f1xx_ll_usb.c **** 
 3852              		.loc 1 2450 9 is_stmt 1 discriminator 20 view .LVU1341
 3853 0670 0139     		subs	r1, r1, #1
ARM GAS  C:\Users\crist\AppData\Local\Temp\ccqk2JNa.s 			page 132


 3854              	.LVL442:
 3855              	.L149:
2450:Drivers/STM32F1xx_HAL_Driver/Src/stm32f1xx_ll_usb.c **** 
 3856              		.loc 1 2450 9 discriminator 22 view .LVU1342
 3857 0672 B3F80C24 		ldrh	r2, [r3, #1036]
 3858 0676 92B2     		uxth	r2, r2
 3859 0678 8902     		lsls	r1, r1, #10
 3860              	.LVL443:
2450:Drivers/STM32F1xx_HAL_Driver/Src/stm32f1xx_ll_usb.c **** 
 3861              		.loc 1 2450 9 is_stmt 0 discriminator 22 view .LVU1343
 3862 067a 89B2     		uxth	r1, r1
 3863 067c 0A43     		orrs	r2, r2, r1
 3864 067e 42F40042 		orr	r2, r2, #32768
 3865 0682 A3F80C24 		strh	r2, [r3, #1036]	@ movhi
2450:Drivers/STM32F1xx_HAL_Driver/Src/stm32f1xx_ll_usb.c **** 
 3866              		.loc 1 2450 9 is_stmt 1 view .LVU1344
 3867 0686 33E0     		b	.L150
 3868              	.LVL444:
 3869              	.L143:
2450:Drivers/STM32F1xx_HAL_Driver/Src/stm32f1xx_ll_usb.c **** 
 3870              		.loc 1 2450 9 is_stmt 0 view .LVU1345
 3871              	.LBE117:
 3872              	.LBE116:
 3873              	.LBE115:
 3874              	.LBB120:
 3875              	.LBB114:
2450:Drivers/STM32F1xx_HAL_Driver/Src/stm32f1xx_ll_usb.c **** 
 3876              		.loc 1 2450 9 is_stmt 1 discriminator 4 view .LVU1346
 3877 0688 4AB9     		cbnz	r2, .L145
2450:Drivers/STM32F1xx_HAL_Driver/Src/stm32f1xx_ll_usb.c **** 
 3878              		.loc 1 2450 9 discriminator 8 view .LVU1347
 3879 068a B3F80424 		ldrh	r2, [r3, #1028]
 3880 068e 6FEA4242 		mvn	r2, r2, lsl #17
 3881 0692 6FEA5242 		mvn	r2, r2, lsr #17
 3882 0696 92B2     		uxth	r2, r2
 3883 0698 A3F80424 		strh	r2, [r3, #1028]	@ movhi
 3884 069c D1E7     		b	.L142
 3885              	.L145:
2450:Drivers/STM32F1xx_HAL_Driver/Src/stm32f1xx_ll_usb.c **** 
 3886              		.loc 1 2450 9 discriminator 9 view .LVU1348
2450:Drivers/STM32F1xx_HAL_Driver/Src/stm32f1xx_ll_usb.c **** 
 3887              		.loc 1 2450 9 discriminator 9 view .LVU1349
 3888 069e 5108     		lsrs	r1, r2, #1
 3889              	.LVL445:
2450:Drivers/STM32F1xx_HAL_Driver/Src/stm32f1xx_ll_usb.c **** 
 3890              		.loc 1 2450 9 view .LVU1350
2450:Drivers/STM32F1xx_HAL_Driver/Src/stm32f1xx_ll_usb.c **** 
 3891              		.loc 1 2450 9 is_stmt 0 discriminator 9 view .LVU1351
 3892 06a0 12F0010F 		tst	r2, #1
 3893 06a4 00D0     		beq	.L146
2450:Drivers/STM32F1xx_HAL_Driver/Src/stm32f1xx_ll_usb.c **** 
 3894              		.loc 1 2450 9 is_stmt 1 discriminator 10 view .LVU1352
 3895 06a6 0131     		adds	r1, r1, #1
 3896              	.LVL446:
 3897              	.L146:
2450:Drivers/STM32F1xx_HAL_Driver/Src/stm32f1xx_ll_usb.c **** 
 3898              		.loc 1 2450 9 discriminator 12 view .LVU1353
ARM GAS  C:\Users\crist\AppData\Local\Temp\ccqk2JNa.s 			page 133


 3899 06a8 B3F80424 		ldrh	r2, [r3, #1028]
 3900 06ac 90B2     		uxth	r0, r2
 3901              	.LVL447:
2450:Drivers/STM32F1xx_HAL_Driver/Src/stm32f1xx_ll_usb.c **** 
 3902              		.loc 1 2450 9 is_stmt 0 discriminator 12 view .LVU1354
 3903 06ae 8A02     		lsls	r2, r1, #10
 3904 06b0 92B2     		uxth	r2, r2
 3905 06b2 0243     		orrs	r2, r2, r0
 3906 06b4 A3F80424 		strh	r2, [r3, #1028]	@ movhi
 3907 06b8 C3E7     		b	.L142
 3908              	.LVL448:
 3909              	.L148:
2450:Drivers/STM32F1xx_HAL_Driver/Src/stm32f1xx_ll_usb.c **** 
 3910              		.loc 1 2450 9 discriminator 12 view .LVU1355
 3911              	.LBE114:
 3912              	.LBE120:
 3913              	.LBB121:
 3914              	.LBB119:
 3915              	.LBB118:
2450:Drivers/STM32F1xx_HAL_Driver/Src/stm32f1xx_ll_usb.c **** 
 3916              		.loc 1 2450 9 is_stmt 1 discriminator 19 view .LVU1356
 3917 06ba 4AB9     		cbnz	r2, .L151
2450:Drivers/STM32F1xx_HAL_Driver/Src/stm32f1xx_ll_usb.c **** 
 3918              		.loc 1 2450 9 discriminator 23 view .LVU1357
 3919 06bc B3F80C24 		ldrh	r2, [r3, #1036]
 3920 06c0 6FEA4242 		mvn	r2, r2, lsl #17
 3921 06c4 6FEA5242 		mvn	r2, r2, lsr #17
 3922 06c8 92B2     		uxth	r2, r2
 3923 06ca A3F80C24 		strh	r2, [r3, #1036]	@ movhi
 3924 06ce 0FE0     		b	.L150
 3925              	.L151:
2450:Drivers/STM32F1xx_HAL_Driver/Src/stm32f1xx_ll_usb.c **** 
 3926              		.loc 1 2450 9 discriminator 24 view .LVU1358
2450:Drivers/STM32F1xx_HAL_Driver/Src/stm32f1xx_ll_usb.c **** 
 3927              		.loc 1 2450 9 discriminator 24 view .LVU1359
 3928 06d0 5108     		lsrs	r1, r2, #1
 3929              	.LVL449:
2450:Drivers/STM32F1xx_HAL_Driver/Src/stm32f1xx_ll_usb.c **** 
 3930              		.loc 1 2450 9 view .LVU1360
2450:Drivers/STM32F1xx_HAL_Driver/Src/stm32f1xx_ll_usb.c **** 
 3931              		.loc 1 2450 9 is_stmt 0 discriminator 24 view .LVU1361
 3932 06d2 12F0010F 		tst	r2, #1
 3933 06d6 00D0     		beq	.L152
2450:Drivers/STM32F1xx_HAL_Driver/Src/stm32f1xx_ll_usb.c **** 
 3934              		.loc 1 2450 9 is_stmt 1 discriminator 25 view .LVU1362
 3935 06d8 0131     		adds	r1, r1, #1
 3936              	.LVL450:
 3937              	.L152:
2450:Drivers/STM32F1xx_HAL_Driver/Src/stm32f1xx_ll_usb.c **** 
 3938              		.loc 1 2450 9 discriminator 27 view .LVU1363
 3939 06da B3F80C24 		ldrh	r2, [r3, #1036]
 3940 06de 90B2     		uxth	r0, r2
 3941 06e0 8A02     		lsls	r2, r1, #10
 3942 06e2 92B2     		uxth	r2, r2
 3943 06e4 0243     		orrs	r2, r2, r0
 3944 06e6 A3F80C24 		strh	r2, [r3, #1036]	@ movhi
 3945 06ea 01E0     		b	.L150
ARM GAS  C:\Users\crist\AppData\Local\Temp\ccqk2JNa.s 			page 134


 3946              	.LVL451:
 3947              	.L147:
2450:Drivers/STM32F1xx_HAL_Driver/Src/stm32f1xx_ll_usb.c **** 
 3948              		.loc 1 2450 9 is_stmt 0 discriminator 27 view .LVU1364
 3949              	.LBE118:
 3950              	.LBE119:
2450:Drivers/STM32F1xx_HAL_Driver/Src/stm32f1xx_ll_usb.c **** 
 3951              		.loc 1 2450 9 is_stmt 1 discriminator 17 view .LVU1365
 3952 06ec 012B     		cmp	r3, #1
 3953 06ee 1CD0     		beq	.L177
 3954              	.LVL452:
 3955              	.L150:
2450:Drivers/STM32F1xx_HAL_Driver/Src/stm32f1xx_ll_usb.c **** 
 3956              		.loc 1 2450 9 is_stmt 0 discriminator 17 view .LVU1366
 3957              	.LBE121:
2450:Drivers/STM32F1xx_HAL_Driver/Src/stm32f1xx_ll_usb.c **** 
 3958              		.loc 1 2450 9 is_stmt 1 view .LVU1367
2450:Drivers/STM32F1xx_HAL_Driver/Src/stm32f1xx_ll_usb.c **** 
 3959              		.loc 1 2450 9 view .LVU1368
2453:Drivers/STM32F1xx_HAL_Driver/Src/stm32f1xx_ll_usb.c ****         {
 3960              		.loc 1 2453 9 view .LVU1369
2453:Drivers/STM32F1xx_HAL_Driver/Src/stm32f1xx_ll_usb.c ****         {
 3961              		.loc 1 2453 15 is_stmt 0 view .LVU1370
 3962 06f0 E369     		ldr	r3, [r4, #28]
2453:Drivers/STM32F1xx_HAL_Driver/Src/stm32f1xx_ll_usb.c ****         {
 3963              		.loc 1 2453 12 view .LVU1371
 3964 06f2 002B     		cmp	r3, #0
 3965 06f4 3FF4B4AC 		beq	.L138
2456:Drivers/STM32F1xx_HAL_Driver/Src/stm32f1xx_ll_usb.c **** 
 3966              		.loc 1 2456 11 is_stmt 1 view .LVU1372
2456:Drivers/STM32F1xx_HAL_Driver/Src/stm32f1xx_ll_usb.c **** 
 3967              		.loc 1 2456 20 is_stmt 0 view .LVU1373
 3968 06f8 2278     		ldrb	r2, [r4]	@ zero_extendqisi2
2456:Drivers/STM32F1xx_HAL_Driver/Src/stm32f1xx_ll_usb.c **** 
 3969              		.loc 1 2456 18 view .LVU1374
 3970 06fa 35F82230 		ldrh	r3, [r5, r2, lsl #2]
 3971 06fe 99B2     		uxth	r1, r3
 3972              	.LVL453:
2459:Drivers/STM32F1xx_HAL_Driver/Src/stm32f1xx_ll_usb.c ****               (((wEPVal & USB_EP_DTOG_RX) == 0U) && ((wEPVal & USB_EP_DTOG_TX) == 0U)))
 3973              		.loc 1 2459 11 is_stmt 1 view .LVU1375
2459:Drivers/STM32F1xx_HAL_Driver/Src/stm32f1xx_ll_usb.c ****               (((wEPVal & USB_EP_DTOG_RX) == 0U) && ((wEPVal & USB_EP_DTOG_TX) == 0U)))
 3974              		.loc 1 2459 14 is_stmt 0 view .LVU1376
 3975 0700 13F4804F 		tst	r3, #16384
 3976 0704 1CD0     		beq	.L153
2459:Drivers/STM32F1xx_HAL_Driver/Src/stm32f1xx_ll_usb.c ****               (((wEPVal & USB_EP_DTOG_RX) == 0U) && ((wEPVal & USB_EP_DTOG_TX) == 0U)))
 3977              		.loc 1 2459 50 discriminator 1 view .LVU1377
 3978 0706 11F0400F 		tst	r1, #64
 3979 070a 3FF4A9AC 		beq	.L138
 3980              	.L154:
2462:Drivers/STM32F1xx_HAL_Driver/Src/stm32f1xx_ll_usb.c ****           }
 3981              		.loc 1 2462 13 is_stmt 1 view .LVU1378
2462:Drivers/STM32F1xx_HAL_Driver/Src/stm32f1xx_ll_usb.c ****           }
 3982              		.loc 1 2462 13 view .LVU1379
2462:Drivers/STM32F1xx_HAL_Driver/Src/stm32f1xx_ll_usb.c ****           }
 3983              		.loc 1 2462 13 discriminator 1 view .LVU1380
 3984              	.LBB122:
2462:Drivers/STM32F1xx_HAL_Driver/Src/stm32f1xx_ll_usb.c ****           }
ARM GAS  C:\Users\crist\AppData\Local\Temp\ccqk2JNa.s 			page 135


 3985              		.loc 1 2462 13 discriminator 1 view .LVU1381
2462:Drivers/STM32F1xx_HAL_Driver/Src/stm32f1xx_ll_usb.c ****           }
 3986              		.loc 1 2462 13 discriminator 1 view .LVU1382
 3987 070e 35F82230 		ldrh	r3, [r5, r2, lsl #2]
 3988 0712 9BB2     		uxth	r3, r3
 3989 0714 23F4E043 		bic	r3, r3, #28672
 3990 0718 23F07003 		bic	r3, r3, #112
 3991              	.LVL454:
2462:Drivers/STM32F1xx_HAL_Driver/Src/stm32f1xx_ll_usb.c ****           }
 3992              		.loc 1 2462 13 view .LVU1383
2462:Drivers/STM32F1xx_HAL_Driver/Src/stm32f1xx_ll_usb.c ****           }
 3993              		.loc 1 2462 13 is_stmt 0 discriminator 1 view .LVU1384
 3994 071c 43F40043 		orr	r3, r3, #32768
 3995              	.LVL455:
2462:Drivers/STM32F1xx_HAL_Driver/Src/stm32f1xx_ll_usb.c ****           }
 3996              		.loc 1 2462 13 discriminator 1 view .LVU1385
 3997 0720 43F0C003 		orr	r3, r3, #192
 3998 0724 25F82230 		strh	r3, [r5, r2, lsl #2]	@ movhi
 3999              	.LBE122:
2462:Drivers/STM32F1xx_HAL_Driver/Src/stm32f1xx_ll_usb.c ****           }
 4000              		.loc 1 2462 13 is_stmt 1 view .LVU1386
 4001 0728 9AE4     		b	.L138
 4002              	.LVL456:
 4003              	.L177:
 4004              	.LBB123:
2450:Drivers/STM32F1xx_HAL_Driver/Src/stm32f1xx_ll_usb.c **** 
 4005              		.loc 1 2450 9 discriminator 28 view .LVU1387
 4006 072a B5F85030 		ldrh	r3, [r5, #80]
 4007 072e 9BB2     		uxth	r3, r3
 4008 0730 2B44     		add	r3, r3, r5
 4009              	.LVL457:
2450:Drivers/STM32F1xx_HAL_Driver/Src/stm32f1xx_ll_usb.c **** 
 4010              		.loc 1 2450 9 view .LVU1388
2450:Drivers/STM32F1xx_HAL_Driver/Src/stm32f1xx_ll_usb.c **** 
 4011              		.loc 1 2450 9 is_stmt 0 discriminator 28 view .LVU1389
 4012 0732 2278     		ldrb	r2, [r4]	@ zero_extendqisi2
 4013 0734 03EB0213 		add	r3, r3, r2, lsl #4
 4014              	.LVL458:
2450:Drivers/STM32F1xx_HAL_Driver/Src/stm32f1xx_ll_usb.c **** 
 4015              		.loc 1 2450 9 is_stmt 1 view .LVU1390
2450:Drivers/STM32F1xx_HAL_Driver/Src/stm32f1xx_ll_usb.c **** 
 4016              		.loc 1 2450 9 is_stmt 0 discriminator 28 view .LVU1391
 4017 0738 228A     		ldrh	r2, [r4, #16]
 4018 073a A3F80C24 		strh	r2, [r3, #1036]	@ movhi
 4019 073e D7E7     		b	.L150
 4020              	.LVL459:
 4021              	.L153:
2450:Drivers/STM32F1xx_HAL_Driver/Src/stm32f1xx_ll_usb.c **** 
 4022              		.loc 1 2450 9 discriminator 28 view .LVU1392
 4023              	.LBE123:
2460:Drivers/STM32F1xx_HAL_Driver/Src/stm32f1xx_ll_usb.c ****           {
 4024              		.loc 1 2460 50 view .LVU1393
 4025 0740 11F0400F 		tst	r1, #64
 4026 0744 7FF48CAC 		bne	.L138
 4027 0748 E1E7     		b	.L154
 4028              	.LVL460:
 4029              	.L155:
ARM GAS  C:\Users\crist\AppData\Local\Temp\ccqk2JNa.s 			page 136


2477:Drivers/STM32F1xx_HAL_Driver/Src/stm32f1xx_ll_usb.c ****           ep->xfer_len = 0U;
 4030              		.loc 1 2477 11 is_stmt 1 view .LVU1394
2478:Drivers/STM32F1xx_HAL_Driver/Src/stm32f1xx_ll_usb.c ****         }
 4031              		.loc 1 2478 11 view .LVU1395
2478:Drivers/STM32F1xx_HAL_Driver/Src/stm32f1xx_ll_usb.c ****         }
 4032              		.loc 1 2478 24 is_stmt 0 view .LVU1396
 4033 074a 0023     		movs	r3, #0
 4034 074c A361     		str	r3, [r4, #24]
2477:Drivers/STM32F1xx_HAL_Driver/Src/stm32f1xx_ll_usb.c ****           ep->xfer_len = 0U;
 4035              		.loc 1 2477 15 view .LVU1397
 4036 074e 0B46     		mov	r3, r1
 4037 0750 13E7     		b	.L156
 4038              	.LVL461:
 4039              	.L158:
 4040              	.LBB124:
 4041              	.LBB106:
2480:Drivers/STM32F1xx_HAL_Driver/Src/stm32f1xx_ll_usb.c ****       }
 4042              		.loc 1 2480 9 is_stmt 1 discriminator 4 view .LVU1398
 4043 0752 4BB9     		cbnz	r3, .L160
2480:Drivers/STM32F1xx_HAL_Driver/Src/stm32f1xx_ll_usb.c ****       }
 4044              		.loc 1 2480 9 discriminator 8 view .LVU1399
 4045 0754 B2F80414 		ldrh	r1, [r2, #1028]
 4046 0758 6FEA4141 		mvn	r1, r1, lsl #17
 4047 075c 6FEA5141 		mvn	r1, r1, lsr #17
 4048 0760 89B2     		uxth	r1, r1
 4049 0762 A2F80414 		strh	r1, [r2, #1028]	@ movhi
 4050 0766 28E7     		b	.L157
 4051              	.L160:
2480:Drivers/STM32F1xx_HAL_Driver/Src/stm32f1xx_ll_usb.c ****       }
 4052              		.loc 1 2480 9 discriminator 9 view .LVU1400
2480:Drivers/STM32F1xx_HAL_Driver/Src/stm32f1xx_ll_usb.c ****       }
 4053              		.loc 1 2480 9 discriminator 9 view .LVU1401
 4054 0768 5908     		lsrs	r1, r3, #1
 4055              	.LVL462:
2480:Drivers/STM32F1xx_HAL_Driver/Src/stm32f1xx_ll_usb.c ****       }
 4056              		.loc 1 2480 9 view .LVU1402
2480:Drivers/STM32F1xx_HAL_Driver/Src/stm32f1xx_ll_usb.c ****       }
 4057              		.loc 1 2480 9 is_stmt 0 discriminator 9 view .LVU1403
 4058 076a 13F0010F 		tst	r3, #1
 4059 076e 00D0     		beq	.L161
2480:Drivers/STM32F1xx_HAL_Driver/Src/stm32f1xx_ll_usb.c ****       }
 4060              		.loc 1 2480 9 is_stmt 1 discriminator 10 view .LVU1404
 4061 0770 0131     		adds	r1, r1, #1
 4062              	.LVL463:
 4063              	.L161:
2480:Drivers/STM32F1xx_HAL_Driver/Src/stm32f1xx_ll_usb.c ****       }
 4064              		.loc 1 2480 9 discriminator 12 view .LVU1405
 4065 0772 B2F80404 		ldrh	r0, [r2, #1028]
 4066              	.LVL464:
2480:Drivers/STM32F1xx_HAL_Driver/Src/stm32f1xx_ll_usb.c ****       }
 4067              		.loc 1 2480 9 is_stmt 0 discriminator 12 view .LVU1406
 4068 0776 80B2     		uxth	r0, r0
 4069 0778 8902     		lsls	r1, r1, #10
 4070              	.LVL465:
2480:Drivers/STM32F1xx_HAL_Driver/Src/stm32f1xx_ll_usb.c ****       }
 4071              		.loc 1 2480 9 discriminator 12 view .LVU1407
 4072 077a 89B2     		uxth	r1, r1
ARM GAS  C:\Users\crist\AppData\Local\Temp\ccqk2JNa.s 			page 137


 4073 077c 0143     		orrs	r1, r1, r0
 4074 077e A2F80414 		strh	r1, [r2, #1028]	@ movhi
 4075 0782 1AE7     		b	.L157
 4076              	.LVL466:
 4077              	.L163:
2480:Drivers/STM32F1xx_HAL_Driver/Src/stm32f1xx_ll_usb.c ****       }
 4078              		.loc 1 2480 9 discriminator 12 view .LVU1408
 4079              	.LBE106:
 4080              	.LBE124:
 4081              	.LBB125:
 4082              	.LBB111:
 4083              	.LBB110:
2480:Drivers/STM32F1xx_HAL_Driver/Src/stm32f1xx_ll_usb.c ****       }
 4084              		.loc 1 2480 9 is_stmt 1 discriminator 19 view .LVU1409
 4085 0784 4BB9     		cbnz	r3, .L165
2480:Drivers/STM32F1xx_HAL_Driver/Src/stm32f1xx_ll_usb.c ****       }
 4086              		.loc 1 2480 9 discriminator 23 view .LVU1410
 4087 0786 B2F80C34 		ldrh	r3, [r2, #1036]
 4088              	.LVL467:
2480:Drivers/STM32F1xx_HAL_Driver/Src/stm32f1xx_ll_usb.c ****       }
 4089              		.loc 1 2480 9 is_stmt 0 discriminator 23 view .LVU1411
 4090 078a 6FEA4343 		mvn	r3, r3, lsl #17
 4091 078e 6FEA5343 		mvn	r3, r3, lsr #17
 4092 0792 9BB2     		uxth	r3, r3
 4093 0794 A2F80C34 		strh	r3, [r2, #1036]	@ movhi
 4094 0798 62E4     		b	.L138
 4095              	.LVL468:
 4096              	.L165:
2480:Drivers/STM32F1xx_HAL_Driver/Src/stm32f1xx_ll_usb.c ****       }
 4097              		.loc 1 2480 9 is_stmt 1 discriminator 24 view .LVU1412
2480:Drivers/STM32F1xx_HAL_Driver/Src/stm32f1xx_ll_usb.c ****       }
 4098              		.loc 1 2480 9 discriminator 24 view .LVU1413
 4099 079a 5908     		lsrs	r1, r3, #1
 4100              	.LVL469:
2480:Drivers/STM32F1xx_HAL_Driver/Src/stm32f1xx_ll_usb.c ****       }
 4101              		.loc 1 2480 9 view .LVU1414
2480:Drivers/STM32F1xx_HAL_Driver/Src/stm32f1xx_ll_usb.c ****       }
 4102              		.loc 1 2480 9 is_stmt 0 discriminator 24 view .LVU1415
 4103 079c 13F0010F 		tst	r3, #1
 4104 07a0 00D0     		beq	.L166
2480:Drivers/STM32F1xx_HAL_Driver/Src/stm32f1xx_ll_usb.c ****       }
 4105              		.loc 1 2480 9 is_stmt 1 discriminator 25 view .LVU1416
 4106 07a2 0131     		adds	r1, r1, #1
 4107              	.LVL470:
 4108              	.L166:
2480:Drivers/STM32F1xx_HAL_Driver/Src/stm32f1xx_ll_usb.c ****       }
 4109              		.loc 1 2480 9 discriminator 27 view .LVU1417
 4110 07a4 B2F80C34 		ldrh	r3, [r2, #1036]
 4111              	.LVL471:
2480:Drivers/STM32F1xx_HAL_Driver/Src/stm32f1xx_ll_usb.c ****       }
 4112              		.loc 1 2480 9 is_stmt 0 discriminator 27 view .LVU1418
 4113 07a8 98B2     		uxth	r0, r3
 4114 07aa 8B02     		lsls	r3, r1, #10
 4115 07ac 9BB2     		uxth	r3, r3
 4116 07ae 0343     		orrs	r3, r3, r0
 4117 07b0 A2F80C34 		strh	r3, [r2, #1036]	@ movhi
 4118 07b4 54E4     		b	.L138
ARM GAS  C:\Users\crist\AppData\Local\Temp\ccqk2JNa.s 			page 138


 4119              	.LVL472:
 4120              	.L162:
2480:Drivers/STM32F1xx_HAL_Driver/Src/stm32f1xx_ll_usb.c ****       }
 4121              		.loc 1 2480 9 discriminator 27 view .LVU1419
 4122              	.LBE110:
 4123              	.LBE111:
2480:Drivers/STM32F1xx_HAL_Driver/Src/stm32f1xx_ll_usb.c ****       }
 4124              		.loc 1 2480 9 is_stmt 1 discriminator 17 view .LVU1420
 4125 07b6 012A     		cmp	r2, #1
 4126 07b8 7FF452AC 		bne	.L138
2480:Drivers/STM32F1xx_HAL_Driver/Src/stm32f1xx_ll_usb.c ****       }
 4127              		.loc 1 2480 9 discriminator 28 view .LVU1421
 4128 07bc B5F85020 		ldrh	r2, [r5, #80]
 4129 07c0 92B2     		uxth	r2, r2
 4130 07c2 2A44     		add	r2, r2, r5
 4131              	.LVL473:
2480:Drivers/STM32F1xx_HAL_Driver/Src/stm32f1xx_ll_usb.c ****       }
 4132              		.loc 1 2480 9 view .LVU1422
2480:Drivers/STM32F1xx_HAL_Driver/Src/stm32f1xx_ll_usb.c ****       }
 4133              		.loc 1 2480 9 is_stmt 0 discriminator 28 view .LVU1423
 4134 07c4 2178     		ldrb	r1, [r4]	@ zero_extendqisi2
 4135 07c6 02EB0112 		add	r2, r2, r1, lsl #4
 4136              	.LVL474:
2480:Drivers/STM32F1xx_HAL_Driver/Src/stm32f1xx_ll_usb.c ****       }
 4137              		.loc 1 2480 9 is_stmt 1 view .LVU1424
2480:Drivers/STM32F1xx_HAL_Driver/Src/stm32f1xx_ll_usb.c ****       }
 4138              		.loc 1 2480 9 is_stmt 0 discriminator 28 view .LVU1425
 4139 07ca 9BB2     		uxth	r3, r3
 4140              	.LVL475:
2480:Drivers/STM32F1xx_HAL_Driver/Src/stm32f1xx_ll_usb.c ****       }
 4141              		.loc 1 2480 9 discriminator 28 view .LVU1426
 4142 07cc A2F80C34 		strh	r3, [r2, #1036]	@ movhi
 4143 07d0 46E4     		b	.L138
 4144              	.LVL476:
 4145              	.L167:
2480:Drivers/STM32F1xx_HAL_Driver/Src/stm32f1xx_ll_usb.c ****       }
 4146              		.loc 1 2480 9 discriminator 28 view .LVU1427
 4147              	.LBE125:
2484:Drivers/STM32F1xx_HAL_Driver/Src/stm32f1xx_ll_usb.c ****       }
 4148              		.loc 1 2484 16 view .LVU1428
 4149 07d2 0120     		movs	r0, #1
 4150              	.LVL477:
2484:Drivers/STM32F1xx_HAL_Driver/Src/stm32f1xx_ll_usb.c ****       }
 4151              		.loc 1 2484 16 view .LVU1429
 4152 07d4 55E4     		b	.L132
 4153              		.cfi_endproc
 4154              	.LFE74:
 4156              		.section	.text.USB_ReadPMA,"ax",%progbits
 4157              		.align	1
 4158              		.global	USB_ReadPMA
 4159              		.syntax unified
 4160              		.thumb
 4161              		.thumb_func
 4163              	USB_ReadPMA:
 4164              	.LVL478:
 4165              	.LFB92:
2843:Drivers/STM32F1xx_HAL_Driver/Src/stm32f1xx_ll_usb.c **** 
ARM GAS  C:\Users\crist\AppData\Local\Temp\ccqk2JNa.s 			page 139


2844:Drivers/STM32F1xx_HAL_Driver/Src/stm32f1xx_ll_usb.c **** /**
2845:Drivers/STM32F1xx_HAL_Driver/Src/stm32f1xx_ll_usb.c ****   * @brief Copy data from packet memory area (PMA) to user memory buffer
2846:Drivers/STM32F1xx_HAL_Driver/Src/stm32f1xx_ll_usb.c ****   * @param   USBx USB peripheral instance register address.
2847:Drivers/STM32F1xx_HAL_Driver/Src/stm32f1xx_ll_usb.c ****   * @param   pbUsrBuf pointer to user memory area.
2848:Drivers/STM32F1xx_HAL_Driver/Src/stm32f1xx_ll_usb.c ****   * @param   wPMABufAddr address into PMA.
2849:Drivers/STM32F1xx_HAL_Driver/Src/stm32f1xx_ll_usb.c ****   * @param   wNBytes no. of bytes to be copied.
2850:Drivers/STM32F1xx_HAL_Driver/Src/stm32f1xx_ll_usb.c ****   * @retval None
2851:Drivers/STM32F1xx_HAL_Driver/Src/stm32f1xx_ll_usb.c ****   */
2852:Drivers/STM32F1xx_HAL_Driver/Src/stm32f1xx_ll_usb.c **** void USB_ReadPMA(USB_TypeDef const *USBx, uint8_t *pbUsrBuf, uint16_t wPMABufAddr, uint16_t wNBytes
2853:Drivers/STM32F1xx_HAL_Driver/Src/stm32f1xx_ll_usb.c **** {
 4166              		.loc 1 2853 1 is_stmt 1 view -0
 4167              		.cfi_startproc
 4168              		@ args = 0, pretend = 0, frame = 0
 4169              		@ frame_needed = 0, uses_anonymous_args = 0
 4170              		@ link register save eliminated.
 4171              		.loc 1 2853 1 is_stmt 0 view .LVU1431
 4172 0000 10B4     		push	{r4}
 4173              	.LCFI6:
 4174              		.cfi_def_cfa_offset 4
 4175              		.cfi_offset 4, -4
2854:Drivers/STM32F1xx_HAL_Driver/Src/stm32f1xx_ll_usb.c ****   uint32_t n = (uint32_t)wNBytes >> 1;
 4176              		.loc 1 2854 3 is_stmt 1 view .LVU1432
 4177              		.loc 1 2854 34 is_stmt 0 view .LVU1433
 4178 0002 5C08     		lsrs	r4, r3, #1
 4179              	.LVL479:
2855:Drivers/STM32F1xx_HAL_Driver/Src/stm32f1xx_ll_usb.c ****   uint32_t BaseAddr = (uint32_t)USBx;
 4180              		.loc 1 2855 3 is_stmt 1 view .LVU1434
2856:Drivers/STM32F1xx_HAL_Driver/Src/stm32f1xx_ll_usb.c ****   uint32_t count;
 4181              		.loc 1 2856 3 view .LVU1435
2857:Drivers/STM32F1xx_HAL_Driver/Src/stm32f1xx_ll_usb.c ****   uint32_t RdVal;
 4182              		.loc 1 2857 3 view .LVU1436
2858:Drivers/STM32F1xx_HAL_Driver/Src/stm32f1xx_ll_usb.c ****   __IO uint16_t *pdwVal;
 4183              		.loc 1 2858 3 view .LVU1437
2859:Drivers/STM32F1xx_HAL_Driver/Src/stm32f1xx_ll_usb.c ****   uint8_t *pBuf = pbUsrBuf;
 4184              		.loc 1 2859 3 view .LVU1438
2860:Drivers/STM32F1xx_HAL_Driver/Src/stm32f1xx_ll_usb.c **** 
2861:Drivers/STM32F1xx_HAL_Driver/Src/stm32f1xx_ll_usb.c ****   pdwVal = (__IO uint16_t *)(BaseAddr + 0x400U + ((uint32_t)wPMABufAddr * PMA_ACCESS));
 4185              		.loc 1 2861 3 view .LVU1439
 4186              		.loc 1 2861 48 is_stmt 0 view .LVU1440
 4187 0004 00EB4200 		add	r0, r0, r2, lsl #1
 4188              	.LVL480:
 4189              		.loc 1 2861 48 view .LVU1441
 4190 0008 00F58060 		add	r0, r0, #1024
 4191              	.LVL481:
2862:Drivers/STM32F1xx_HAL_Driver/Src/stm32f1xx_ll_usb.c **** 
2863:Drivers/STM32F1xx_HAL_Driver/Src/stm32f1xx_ll_usb.c ****   for (count = n; count != 0U; count--)
 4192              		.loc 1 2863 3 is_stmt 1 view .LVU1442
 4193              		.loc 1 2863 3 is_stmt 0 view .LVU1443
 4194 000c 07E0     		b	.L179
 4195              	.LVL482:
 4196              	.L180:
2864:Drivers/STM32F1xx_HAL_Driver/Src/stm32f1xx_ll_usb.c ****   {
2865:Drivers/STM32F1xx_HAL_Driver/Src/stm32f1xx_ll_usb.c ****     RdVal = *(__IO uint16_t *)pdwVal;
 4197              		.loc 1 2865 5 is_stmt 1 view .LVU1444
 4198              		.loc 1 2865 13 is_stmt 0 view .LVU1445
 4199 000e 30F8042B 		ldrh	r2, [r0], #4
 4200              	.LVL483:
ARM GAS  C:\Users\crist\AppData\Local\Temp\ccqk2JNa.s 			page 140


2866:Drivers/STM32F1xx_HAL_Driver/Src/stm32f1xx_ll_usb.c ****     pdwVal++;
 4201              		.loc 1 2866 5 is_stmt 1 view .LVU1446
2867:Drivers/STM32F1xx_HAL_Driver/Src/stm32f1xx_ll_usb.c ****     *pBuf = (uint8_t)((RdVal >> 0) & 0xFFU);
 4202              		.loc 1 2867 5 view .LVU1447
 4203              		.loc 1 2867 11 is_stmt 0 view .LVU1448
 4204 0012 0A70     		strb	r2, [r1]
2868:Drivers/STM32F1xx_HAL_Driver/Src/stm32f1xx_ll_usb.c ****     pBuf++;
 4205              		.loc 1 2868 5 is_stmt 1 view .LVU1449
 4206              	.LVL484:
2869:Drivers/STM32F1xx_HAL_Driver/Src/stm32f1xx_ll_usb.c ****     *pBuf = (uint8_t)((RdVal >> 8) & 0xFFU);
 4207              		.loc 1 2869 5 view .LVU1450
 4208              		.loc 1 2869 13 is_stmt 0 view .LVU1451
 4209 0014 C2F30722 		ubfx	r2, r2, #8, #8
 4210              	.LVL485:
 4211              		.loc 1 2869 11 view .LVU1452
 4212 0018 4A70     		strb	r2, [r1, #1]
2870:Drivers/STM32F1xx_HAL_Driver/Src/stm32f1xx_ll_usb.c ****     pBuf++;
 4213              		.loc 1 2870 5 is_stmt 1 view .LVU1453
 4214              		.loc 1 2870 9 is_stmt 0 view .LVU1454
 4215 001a 0231     		adds	r1, r1, #2
 4216              	.LVL486:
2871:Drivers/STM32F1xx_HAL_Driver/Src/stm32f1xx_ll_usb.c **** 
2872:Drivers/STM32F1xx_HAL_Driver/Src/stm32f1xx_ll_usb.c **** #if PMA_ACCESS > 1U
2873:Drivers/STM32F1xx_HAL_Driver/Src/stm32f1xx_ll_usb.c ****     pdwVal++;
 4217              		.loc 1 2873 5 is_stmt 1 view .LVU1455
2863:Drivers/STM32F1xx_HAL_Driver/Src/stm32f1xx_ll_usb.c ****   {
 4218              		.loc 1 2863 37 discriminator 3 view .LVU1456
 4219 001c 013C     		subs	r4, r4, #1
 4220              	.LVL487:
 4221              	.L179:
2863:Drivers/STM32F1xx_HAL_Driver/Src/stm32f1xx_ll_usb.c ****   {
 4222              		.loc 1 2863 25 discriminator 1 view .LVU1457
 4223 001e 002C     		cmp	r4, #0
 4224 0020 F5D1     		bne	.L180
2874:Drivers/STM32F1xx_HAL_Driver/Src/stm32f1xx_ll_usb.c **** #endif /* PMA_ACCESS */
2875:Drivers/STM32F1xx_HAL_Driver/Src/stm32f1xx_ll_usb.c ****   }
2876:Drivers/STM32F1xx_HAL_Driver/Src/stm32f1xx_ll_usb.c **** 
2877:Drivers/STM32F1xx_HAL_Driver/Src/stm32f1xx_ll_usb.c ****   if ((wNBytes % 2U) != 0U)
 4225              		.loc 1 2877 3 view .LVU1458
 4226              		.loc 1 2877 6 is_stmt 0 view .LVU1459
 4227 0022 13F0010F 		tst	r3, #1
 4228 0026 01D0     		beq	.L178
2878:Drivers/STM32F1xx_HAL_Driver/Src/stm32f1xx_ll_usb.c ****   {
2879:Drivers/STM32F1xx_HAL_Driver/Src/stm32f1xx_ll_usb.c ****     RdVal = *pdwVal;
 4229              		.loc 1 2879 5 is_stmt 1 view .LVU1460
 4230              		.loc 1 2879 13 is_stmt 0 view .LVU1461
 4231 0028 0388     		ldrh	r3, [r0]
 4232              	.LVL488:
2880:Drivers/STM32F1xx_HAL_Driver/Src/stm32f1xx_ll_usb.c ****     *pBuf = (uint8_t)((RdVal >> 0) & 0xFFU);
 4233              		.loc 1 2880 5 is_stmt 1 view .LVU1462
 4234              		.loc 1 2880 11 is_stmt 0 view .LVU1463
 4235 002a 0B70     		strb	r3, [r1]
 4236              	.LVL489:
 4237              	.L178:
2881:Drivers/STM32F1xx_HAL_Driver/Src/stm32f1xx_ll_usb.c ****   }
2882:Drivers/STM32F1xx_HAL_Driver/Src/stm32f1xx_ll_usb.c **** }
 4238              		.loc 1 2882 1 view .LVU1464
ARM GAS  C:\Users\crist\AppData\Local\Temp\ccqk2JNa.s 			page 141


 4239 002c 10BC     		pop	{r4}
 4240              	.LVL490:
 4241              		.loc 1 2882 1 view .LVU1465
 4242 002e 7047     		bx	lr
 4243              		.cfi_endproc
 4244              	.LFE92:
 4246              		.text
 4247              	.Letext0:
 4248              		.file 2 "C:\\ST\\STM32CubeCLT_1.21.0\\GNU-tools-for-STM32\\bin\\../lib/gcc/arm-none-eabi/14.3.1/..
 4249              		.file 3 "C:\\ST\\STM32CubeCLT_1.21.0\\GNU-tools-for-STM32\\bin\\../lib/gcc/arm-none-eabi/14.3.1/..
 4250              		.file 4 "Drivers/CMSIS/Device/ST/STM32F1xx/Include/stm32f103xb.h"
 4251              		.file 5 "Drivers/STM32F1xx_HAL_Driver/Inc/stm32f1xx_hal_def.h"
 4252              		.file 6 "Drivers/STM32F1xx_HAL_Driver/Inc/stm32f1xx_ll_usb.h"
ARM GAS  C:\Users\crist\AppData\Local\Temp\ccqk2JNa.s 			page 142


DEFINED SYMBOLS
                            *ABS*:00000000 stm32f1xx_ll_usb.c
C:\Users\crist\AppData\Local\Temp\ccqk2JNa.s:19     .text.USB_CoreInit:00000000 $t
C:\Users\crist\AppData\Local\Temp\ccqk2JNa.s:25     .text.USB_CoreInit:00000000 USB_CoreInit
C:\Users\crist\AppData\Local\Temp\ccqk2JNa.s:54     .text.USB_EnableGlobalInt:00000000 $t
C:\Users\crist\AppData\Local\Temp\ccqk2JNa.s:60     .text.USB_EnableGlobalInt:00000000 USB_EnableGlobalInt
C:\Users\crist\AppData\Local\Temp\ccqk2JNa.s:90     .text.USB_DisableGlobalInt:00000000 $t
C:\Users\crist\AppData\Local\Temp\ccqk2JNa.s:96     .text.USB_DisableGlobalInt:00000000 USB_DisableGlobalInt
C:\Users\crist\AppData\Local\Temp\ccqk2JNa.s:124    .text.USB_SetCurrentMode:00000000 $t
C:\Users\crist\AppData\Local\Temp\ccqk2JNa.s:130    .text.USB_SetCurrentMode:00000000 USB_SetCurrentMode
C:\Users\crist\AppData\Local\Temp\ccqk2JNa.s:150    .text.USB_DevInit:00000000 $t
C:\Users\crist\AppData\Local\Temp\ccqk2JNa.s:156    .text.USB_DevInit:00000000 USB_DevInit
C:\Users\crist\AppData\Local\Temp\ccqk2JNa.s:198    .text.USB_FlushTxFifo:00000000 $t
C:\Users\crist\AppData\Local\Temp\ccqk2JNa.s:204    .text.USB_FlushTxFifo:00000000 USB_FlushTxFifo
C:\Users\crist\AppData\Local\Temp\ccqk2JNa.s:224    .text.USB_FlushRxFifo:00000000 $t
C:\Users\crist\AppData\Local\Temp\ccqk2JNa.s:230    .text.USB_FlushRxFifo:00000000 USB_FlushRxFifo
C:\Users\crist\AppData\Local\Temp\ccqk2JNa.s:249    .text.USB_ActivateEndpoint:00000000 $t
C:\Users\crist\AppData\Local\Temp\ccqk2JNa.s:255    .text.USB_ActivateEndpoint:00000000 USB_ActivateEndpoint
C:\Users\crist\AppData\Local\Temp\ccqk2JNa.s:291    .text.USB_ActivateEndpoint:00000022 $d
C:\Users\crist\AppData\Local\Temp\ccqk2JNa.s:295    .text.USB_ActivateEndpoint:00000026 $t
C:\Users\crist\AppData\Local\Temp\ccqk2JNa.s:1070   .text.USB_DeactivateEndpoint:00000000 $t
C:\Users\crist\AppData\Local\Temp\ccqk2JNa.s:1076   .text.USB_DeactivateEndpoint:00000000 USB_DeactivateEndpoint
C:\Users\crist\AppData\Local\Temp\ccqk2JNa.s:1486   .text.USB_EPSetStall:00000000 $t
C:\Users\crist\AppData\Local\Temp\ccqk2JNa.s:1492   .text.USB_EPSetStall:00000000 USB_EPSetStall
C:\Users\crist\AppData\Local\Temp\ccqk2JNa.s:1566   .text.USB_EPClearStall:00000000 $t
C:\Users\crist\AppData\Local\Temp\ccqk2JNa.s:1572   .text.USB_EPClearStall:00000000 USB_EPClearStall
C:\Users\crist\AppData\Local\Temp\ccqk2JNa.s:1730   .text.USB_EPStopXfer:00000000 $t
C:\Users\crist\AppData\Local\Temp\ccqk2JNa.s:1736   .text.USB_EPStopXfer:00000000 USB_EPStopXfer
C:\Users\crist\AppData\Local\Temp\ccqk2JNa.s:1880   .text.USB_StopDevice:00000000 $t
C:\Users\crist\AppData\Local\Temp\ccqk2JNa.s:1886   .text.USB_StopDevice:00000000 USB_StopDevice
C:\Users\crist\AppData\Local\Temp\ccqk2JNa.s:1917   .text.USB_SetDevAddress:00000000 $t
C:\Users\crist\AppData\Local\Temp\ccqk2JNa.s:1923   .text.USB_SetDevAddress:00000000 USB_SetDevAddress
C:\Users\crist\AppData\Local\Temp\ccqk2JNa.s:1949   .text.USB_DevConnect:00000000 $t
C:\Users\crist\AppData\Local\Temp\ccqk2JNa.s:1955   .text.USB_DevConnect:00000000 USB_DevConnect
C:\Users\crist\AppData\Local\Temp\ccqk2JNa.s:1974   .text.USB_DevDisconnect:00000000 $t
C:\Users\crist\AppData\Local\Temp\ccqk2JNa.s:1980   .text.USB_DevDisconnect:00000000 USB_DevDisconnect
C:\Users\crist\AppData\Local\Temp\ccqk2JNa.s:1999   .text.USB_ReadInterrupts:00000000 $t
C:\Users\crist\AppData\Local\Temp\ccqk2JNa.s:2005   .text.USB_ReadInterrupts:00000000 USB_ReadInterrupts
C:\Users\crist\AppData\Local\Temp\ccqk2JNa.s:2028   .text.USB_ReadDevAllOutEpInterrupt:00000000 $t
C:\Users\crist\AppData\Local\Temp\ccqk2JNa.s:2034   .text.USB_ReadDevAllOutEpInterrupt:00000000 USB_ReadDevAllOutEpInterrupt
C:\Users\crist\AppData\Local\Temp\ccqk2JNa.s:2053   .text.USB_ReadDevAllInEpInterrupt:00000000 $t
C:\Users\crist\AppData\Local\Temp\ccqk2JNa.s:2059   .text.USB_ReadDevAllInEpInterrupt:00000000 USB_ReadDevAllInEpInterrupt
C:\Users\crist\AppData\Local\Temp\ccqk2JNa.s:2078   .text.USB_ReadDevOutEPInterrupt:00000000 $t
C:\Users\crist\AppData\Local\Temp\ccqk2JNa.s:2084   .text.USB_ReadDevOutEPInterrupt:00000000 USB_ReadDevOutEPInterrupt
C:\Users\crist\AppData\Local\Temp\ccqk2JNa.s:2104   .text.USB_ReadDevInEPInterrupt:00000000 $t
C:\Users\crist\AppData\Local\Temp\ccqk2JNa.s:2110   .text.USB_ReadDevInEPInterrupt:00000000 USB_ReadDevInEPInterrupt
C:\Users\crist\AppData\Local\Temp\ccqk2JNa.s:2130   .text.USB_ClearInterrupts:00000000 $t
C:\Users\crist\AppData\Local\Temp\ccqk2JNa.s:2136   .text.USB_ClearInterrupts:00000000 USB_ClearInterrupts
C:\Users\crist\AppData\Local\Temp\ccqk2JNa.s:2152   .text.USB_EP0_OutStart:00000000 $t
C:\Users\crist\AppData\Local\Temp\ccqk2JNa.s:2158   .text.USB_EP0_OutStart:00000000 USB_EP0_OutStart
C:\Users\crist\AppData\Local\Temp\ccqk2JNa.s:2178   .text.USB_ActivateRemoteWakeup:00000000 $t
C:\Users\crist\AppData\Local\Temp\ccqk2JNa.s:2184   .text.USB_ActivateRemoteWakeup:00000000 USB_ActivateRemoteWakeup
C:\Users\crist\AppData\Local\Temp\ccqk2JNa.s:2209   .text.USB_DeActivateRemoteWakeup:00000000 $t
C:\Users\crist\AppData\Local\Temp\ccqk2JNa.s:2215   .text.USB_DeActivateRemoteWakeup:00000000 USB_DeActivateRemoteWakeup
C:\Users\crist\AppData\Local\Temp\ccqk2JNa.s:2241   .text.USB_WritePMA:00000000 $t
C:\Users\crist\AppData\Local\Temp\ccqk2JNa.s:2247   .text.USB_WritePMA:00000000 USB_WritePMA
C:\Users\crist\AppData\Local\Temp\ccqk2JNa.s:2313   .text.USB_EPStartXfer:00000000 $t
ARM GAS  C:\Users\crist\AppData\Local\Temp\ccqk2JNa.s 			page 143


C:\Users\crist\AppData\Local\Temp\ccqk2JNa.s:2319   .text.USB_EPStartXfer:00000000 USB_EPStartXfer
C:\Users\crist\AppData\Local\Temp\ccqk2JNa.s:4157   .text.USB_ReadPMA:00000000 $t
C:\Users\crist\AppData\Local\Temp\ccqk2JNa.s:4163   .text.USB_ReadPMA:00000000 USB_ReadPMA

NO UNDEFINED SYMBOLS
