ARM GAS  C:\Users\crist\AppData\Local\Temp\ccWhY2jg.s 			page 1


   1              		.cpu cortex-m3
   2              		.arch armv7-m
   3              		.fpu softvfp
   4              		.eabi_attribute 20, 1
   5              		.eabi_attribute 21, 1
   6              		.eabi_attribute 23, 3
   7              		.eabi_attribute 24, 1
   8              		.eabi_attribute 25, 1
   9              		.eabi_attribute 26, 1
  10              		.eabi_attribute 30, 1
  11              		.eabi_attribute 34, 1
  12              		.eabi_attribute 18, 4
  13              		.file	"tetris.c"
  14              		.text
  15              	.Ltext0:
  16              		.cfi_sections	.debug_frame
  17              		.file 1 "Core/Src/tetris.c"
  18              		.section	.text.get_shape_cell,"ax",%progbits
  19              		.align	1
  20              		.syntax unified
  21              		.thumb
  22              		.thumb_func
  24              	get_shape_cell:
  25              	.LVL0:
  26              	.LFB68:
   1:Core/Src/tetris.c **** #include "tetris.h"
   2:Core/Src/tetris.c **** #include "i2c-lcd.h" 
   3:Core/Src/tetris.c **** #include <string.h>
   4:Core/Src/tetris.c **** #include <stdlib.h>
   5:Core/Src/tetris.c **** #include <stdio.h>
   6:Core/Src/tetris.c **** #include "stm32f1xx_hal.h"
   7:Core/Src/tetris.c **** 
   8:Core/Src/tetris.c **** extern UART_HandleTypeDef huart1; 
   9:Core/Src/tetris.c **** 
  10:Core/Src/tetris.c **** #define PIECE_COUNT 7U
  11:Core/Src/tetris.c **** #define LEVEL_LINES 5U
  12:Core/Src/tetris.c **** #define SOFT_DROP_POINTS 1U
  13:Core/Src/tetris.c **** #define HARD_DROP_POINTS 2U
  14:Core/Src/tetris.c **** 
  15:Core/Src/tetris.c **** static uint8_t board[BOARD_H][BOARD_W];
  16:Core/Src/tetris.c **** uint32_t last_fall_time = 0;
  17:Core/Src/tetris.c **** 
  18:Core/Src/tetris.c **** static int8_t piece_x, piece_y, piece_type, piece_rot;
  19:Core/Src/tetris.c **** static uint8_t piece_bag[PIECE_COUNT];
  20:Core/Src/tetris.c **** static uint8_t bag_index = PIECE_COUNT;
  21:Core/Src/tetris.c **** static uint8_t next_piece = 0;
  22:Core/Src/tetris.c **** static uint32_t score = 0;
  23:Core/Src/tetris.c **** static uint16_t lines = 0;
  24:Core/Src/tetris.c **** static uint8_t level = 1;
  25:Core/Src/tetris.c **** static bool paused = false;
  26:Core/Src/tetris.c **** static bool game_over = false;
  27:Core/Src/tetris.c **** 
  28:Core/Src/tetris.c **** static const uint16_t SHAPES[7][4] = {
  29:Core/Src/tetris.c ****     {0x0F00, 0x2222, 0x00F0, 0x4444}, // I
  30:Core/Src/tetris.c ****     {0x44C0, 0x8E00, 0x6440, 0x0E20}, // J
  31:Core/Src/tetris.c ****     {0x4460, 0x0E80, 0xC440, 0x2E00}, // L
  32:Core/Src/tetris.c ****     {0xCC00, 0xCC00, 0xCC00, 0xCC00}, // O
ARM GAS  C:\Users\crist\AppData\Local\Temp\ccWhY2jg.s 			page 2


  33:Core/Src/tetris.c ****     {0x06C0, 0x8C40, 0x6C00, 0x4620}, // S
  34:Core/Src/tetris.c ****     {0x0E40, 0x4C40, 0x4E00, 0x4640}, // T
  35:Core/Src/tetris.c ****     {0x0C60, 0x4C80, 0xC600, 0x2640}  // Z
  36:Core/Src/tetris.c **** };
  37:Core/Src/tetris.c **** 
  38:Core/Src/tetris.c **** static bool get_shape_cell(int type, int rot, int x, int y) {
  27              		.loc 1 38 61 view -0
  28              		.cfi_startproc
  29              		@ args = 0, pretend = 0, frame = 0
  30              		@ frame_needed = 0, uses_anonymous_args = 0
  31              		@ link register save eliminated.
  39:Core/Src/tetris.c ****     return (SHAPES[type][rot] & (1 << (15 - (y * 4 + x)))) != 0;
  32              		.loc 1 39 5 view .LVU1
  33              		.loc 1 39 25 is_stmt 0 view .LVU2
  34 0000 01EB8001 		add	r1, r1, r0, lsl #2
  35              	.LVL1:
  36              		.loc 1 39 25 view .LVU3
  37 0004 0548     		ldr	r0, .L2
  38              	.LVL2:
  39              		.loc 1 39 25 view .LVU4
  40 0006 30F81100 		ldrh	r0, [r0, r1, lsl #1]
  41              		.loc 1 39 52 view .LVU5
  42 000a 02EB8302 		add	r2, r2, r3, lsl #2
  43              	.LVL3:
  44              		.loc 1 39 43 view .LVU6
  45 000e C2F10F02 		rsb	r2, r2, #15
  46              		.loc 1 39 60 view .LVU7
  47 0012 1041     		asrs	r0, r0, r2
  40:Core/Src/tetris.c **** }
  48              		.loc 1 40 1 view .LVU8
  49 0014 00F00100 		and	r0, r0, #1
  50 0018 7047     		bx	lr
  51              	.L3:
  52 001a 00BF     		.align	2
  53              	.L2:
  54 001c 00000000 		.word	SHAPES
  55              		.cfi_endproc
  56              	.LFE68:
  58              		.section	.text.piece_name,"ax",%progbits
  59              		.align	1
  60              		.syntax unified
  61              		.thumb
  62              		.thumb_func
  64              	piece_name:
  65              	.LVL4:
  66              	.LFB69:
  41:Core/Src/tetris.c **** 
  42:Core/Src/tetris.c **** static char piece_name(uint8_t type) {
  67              		.loc 1 42 38 is_stmt 1 view -0
  68              		.cfi_startproc
  69              		@ args = 0, pretend = 0, frame = 0
  70              		@ frame_needed = 0, uses_anonymous_args = 0
  71              		@ link register save eliminated.
  43:Core/Src/tetris.c ****     static const char names[PIECE_COUNT] = { 'I', 'J', 'L', 'O', 'S', 'T', 'Z' };
  72              		.loc 1 43 5 view .LVU10
  44:Core/Src/tetris.c ****     return names[type % PIECE_COUNT];
  73              		.loc 1 44 5 view .LVU11
ARM GAS  C:\Users\crist\AppData\Local\Temp\ccWhY2jg.s 			page 3


  74              		.loc 1 44 23 is_stmt 0 view .LVU12
  75 0000 064B     		ldr	r3, .L5
  76 0002 A3FB0023 		umull	r2, r3, r3, r0
  77 0006 C21A     		subs	r2, r0, r3
  78 0008 03EB5203 		add	r3, r3, r2, lsr #1
  79 000c 9B08     		lsrs	r3, r3, #2
  80 000e C3EBC303 		rsb	r3, r3, r3, lsl #3
  81 0012 C01A     		subs	r0, r0, r3
  82              	.LVL5:
  83              		.loc 1 44 23 view .LVU13
  84 0014 C0B2     		uxtb	r0, r0
  45:Core/Src/tetris.c **** }
  85              		.loc 1 45 1 view .LVU14
  86 0016 024B     		ldr	r3, .L5+4
  87 0018 185C     		ldrb	r0, [r3, r0]	@ zero_extendqisi2
  88 001a 7047     		bx	lr
  89              	.L6:
  90              		.align	2
  91              	.L5:
  92 001c 25499224 		.word	613566757
  93 0020 00000000 		.word	names.0
  94              		.cfi_endproc
  95              	.LFE69:
  97              		.section	.text.check_collision,"ax",%progbits
  98              		.align	1
  99              		.syntax unified
 100              		.thumb
 101              		.thumb_func
 103              	check_collision:
 104              	.LVL6:
 105              	.LFB72:
  46:Core/Src/tetris.c **** 
  47:Core/Src/tetris.c **** static void refill_bag(void) {
  48:Core/Src/tetris.c ****     for (uint8_t i = 0; i < PIECE_COUNT; i++) {
  49:Core/Src/tetris.c ****         piece_bag[i] = i;
  50:Core/Src/tetris.c ****     }
  51:Core/Src/tetris.c **** 
  52:Core/Src/tetris.c ****     for (int i = PIECE_COUNT - 1; i > 0; i--) {
  53:Core/Src/tetris.c ****         int j = rand() % (i + 1);
  54:Core/Src/tetris.c ****         uint8_t tmp = piece_bag[i];
  55:Core/Src/tetris.c ****         piece_bag[i] = piece_bag[j];
  56:Core/Src/tetris.c ****         piece_bag[j] = tmp;
  57:Core/Src/tetris.c ****     }
  58:Core/Src/tetris.c **** 
  59:Core/Src/tetris.c ****     bag_index = 0;
  60:Core/Src/tetris.c **** }
  61:Core/Src/tetris.c **** 
  62:Core/Src/tetris.c **** static uint8_t draw_from_bag(void) {
  63:Core/Src/tetris.c ****     if (bag_index >= PIECE_COUNT) {
  64:Core/Src/tetris.c ****         refill_bag();
  65:Core/Src/tetris.c ****     }
  66:Core/Src/tetris.c **** 
  67:Core/Src/tetris.c ****     return piece_bag[bag_index++];
  68:Core/Src/tetris.c **** }
  69:Core/Src/tetris.c **** 
  70:Core/Src/tetris.c **** static bool check_collision(int px, int py, int rot) {
 106              		.loc 1 70 54 is_stmt 1 view -0
ARM GAS  C:\Users\crist\AppData\Local\Temp\ccWhY2jg.s 			page 4


 107              		.cfi_startproc
 108              		@ args = 0, pretend = 0, frame = 0
 109              		@ frame_needed = 0, uses_anonymous_args = 0
 110              		.loc 1 70 54 is_stmt 0 view .LVU16
 111 0000 2DE9F843 		push	{r3, r4, r5, r6, r7, r8, r9, lr}
 112              	.LCFI0:
 113              		.cfi_def_cfa_offset 32
 114              		.cfi_offset 3, -32
 115              		.cfi_offset 4, -28
 116              		.cfi_offset 5, -24
 117              		.cfi_offset 6, -20
 118              		.cfi_offset 7, -16
 119              		.cfi_offset 8, -12
 120              		.cfi_offset 9, -8
 121              		.cfi_offset 14, -4
 122 0004 8146     		mov	r9, r0
 123 0006 8846     		mov	r8, r1
 124 0008 1746     		mov	r7, r2
  71:Core/Src/tetris.c ****     for (int y = 0; y < 4; y++) {
 125              		.loc 1 71 5 is_stmt 1 view .LVU17
 126              	.LBB2:
 127              		.loc 1 71 10 view .LVU18
 128              	.LVL7:
 129              		.loc 1 71 14 is_stmt 0 view .LVU19
 130 000a 0025     		movs	r5, #0
 131              		.loc 1 71 5 view .LVU20
 132 000c 1FE0     		b	.L8
 133              	.LVL8:
 134              	.L9:
 135              	.LBB3:
  72:Core/Src/tetris.c ****         for (int x = 0; x < 4; x++) {
 136              		.loc 1 72 33 is_stmt 1 discriminator 2 view .LVU21
 137 000e 0134     		adds	r4, r4, #1
 138              	.LVL9:
 139              	.L12:
 140              		.loc 1 72 27 discriminator 1 view .LVU22
 141 0010 032C     		cmp	r4, #3
 142 0012 1BDC     		bgt	.L15
  73:Core/Src/tetris.c ****             if (get_shape_cell(piece_type, rot, x, y)) {
 143              		.loc 1 73 13 view .LVU23
 144              		.loc 1 73 17 is_stmt 0 view .LVU24
 145 0014 2B46     		mov	r3, r5
 146 0016 2246     		mov	r2, r4
 147 0018 3946     		mov	r1, r7
 148 001a 114E     		ldr	r6, .L17
 149 001c 96F90000 		ldrsb	r0, [r6]
 150 0020 FFF7FEFF 		bl	get_shape_cell
 151              	.LVL10:
 152              		.loc 1 73 16 discriminator 1 view .LVU25
 153 0024 0146     		mov	r1, r0
 154 0026 0028     		cmp	r0, #0
 155 0028 F1D0     		beq	.L9
 156              	.LBB4:
  74:Core/Src/tetris.c ****                 int nx = px + x;
 157              		.loc 1 74 17 is_stmt 1 view .LVU26
 158              		.loc 1 74 21 is_stmt 0 view .LVU27
 159 002a 04EB0902 		add	r2, r4, r9
ARM GAS  C:\Users\crist\AppData\Local\Temp\ccWhY2jg.s 			page 5


 160              	.LVL11:
  75:Core/Src/tetris.c ****                 int ny = py + y;
 161              		.loc 1 75 17 is_stmt 1 view .LVU28
 162              		.loc 1 75 21 is_stmt 0 view .LVU29
 163 002e 05EB0803 		add	r3, r5, r8
 164              	.LVL12:
  76:Core/Src/tetris.c ****                 if (nx < 0 || nx >= BOARD_W || ny >= BOARD_H) return true; 
 165              		.loc 1 76 17 is_stmt 1 view .LVU30
 166              		.loc 1 76 20 is_stmt 0 view .LVU31
 167 0032 072A     		cmp	r2, #7
 168 0034 10D8     		bhi	.L10
 169              		.loc 1 76 45 discriminator 2 view .LVU32
 170 0036 132B     		cmp	r3, #19
 171 0038 0EDC     		bgt	.L10
  77:Core/Src/tetris.c ****                 if (ny >= 0 && board[ny][nx]) return true;                 
 172              		.loc 1 77 17 is_stmt 1 view .LVU33
 173              		.loc 1 77 20 is_stmt 0 view .LVU34
 174 003a 002B     		cmp	r3, #0
 175 003c E7DB     		blt	.L9
 176              		.loc 1 77 41 discriminator 1 view .LVU35
 177 003e 0948     		ldr	r0, .L17+4
 178 0040 00EBC303 		add	r3, r0, r3, lsl #3
 179              	.LVL13:
 180              		.loc 1 77 41 discriminator 1 view .LVU36
 181 0044 9B5C     		ldrb	r3, [r3, r2]	@ zero_extendqisi2
 182              		.loc 1 77 29 discriminator 1 view .LVU37
 183 0046 002B     		cmp	r3, #0
 184 0048 E1D0     		beq	.L9
 185 004a 05E0     		b	.L10
 186              	.LVL14:
 187              	.L15:
 188              		.loc 1 77 29 discriminator 1 view .LVU38
 189              	.LBE4:
 190              	.LBE3:
  71:Core/Src/tetris.c ****         for (int x = 0; x < 4; x++) {
 191              		.loc 1 71 29 is_stmt 1 discriminator 2 view .LVU39
 192 004c 0135     		adds	r5, r5, #1
 193              	.LVL15:
 194              	.L8:
  71:Core/Src/tetris.c ****         for (int x = 0; x < 4; x++) {
 195              		.loc 1 71 23 discriminator 1 view .LVU40
 196 004e 032D     		cmp	r5, #3
 197 0050 01DC     		bgt	.L16
 198              	.LBB5:
  72:Core/Src/tetris.c ****             if (get_shape_cell(piece_type, rot, x, y)) {
 199              		.loc 1 72 18 is_stmt 0 view .LVU41
 200 0052 0024     		movs	r4, #0
 201 0054 DCE7     		b	.L12
 202              	.L16:
 203              	.LBE5:
 204              	.LBE2:
  78:Core/Src/tetris.c ****             }
  79:Core/Src/tetris.c ****         }
  80:Core/Src/tetris.c ****     }
  81:Core/Src/tetris.c ****     return false;
 205              		.loc 1 81 12 view .LVU42
 206 0056 0021     		movs	r1, #0
ARM GAS  C:\Users\crist\AppData\Local\Temp\ccWhY2jg.s 			page 6


 207              	.L10:
  82:Core/Src/tetris.c **** }
 208              		.loc 1 82 1 view .LVU43
 209 0058 0846     		mov	r0, r1
 210 005a BDE8F883 		pop	{r3, r4, r5, r6, r7, r8, r9, pc}
 211              	.LVL16:
 212              	.L18:
 213              		.loc 1 82 1 view .LVU44
 214 005e 00BF     		.align	2
 215              	.L17:
 216 0060 00000000 		.word	piece_type
 217 0064 00000000 		.word	board
 218              		.cfi_endproc
 219              	.LFE72:
 221              		.section	.text.award_line_score,"ax",%progbits
 222              		.align	1
 223              		.syntax unified
 224              		.thumb
 225              		.thumb_func
 227              	award_line_score:
 228              	.LVL17:
 229              	.LFB75:
  83:Core/Src/tetris.c **** 
  84:Core/Src/tetris.c **** static void spawn_piece(void) {
  85:Core/Src/tetris.c ****     piece_type = (int8_t)next_piece;
  86:Core/Src/tetris.c ****     next_piece = draw_from_bag();
  87:Core/Src/tetris.c ****     piece_rot = 0;
  88:Core/Src/tetris.c ****     piece_x = BOARD_W / 2 - 2;
  89:Core/Src/tetris.c ****     piece_y = -2;
  90:Core/Src/tetris.c **** 
  91:Core/Src/tetris.c ****     if (check_collision(piece_x, piece_y, piece_rot)) {
  92:Core/Src/tetris.c ****         game_over = true;
  93:Core/Src/tetris.c ****     }
  94:Core/Src/tetris.c **** }
  95:Core/Src/tetris.c **** 
  96:Core/Src/tetris.c **** static uint8_t clear_full_lines(void) {
  97:Core/Src/tetris.c ****     uint8_t cleared = 0;
  98:Core/Src/tetris.c **** 
  99:Core/Src/tetris.c ****     for (int y = BOARD_H - 1; y >= 0; y--) {
 100:Core/Src/tetris.c ****         bool full = true;
 101:Core/Src/tetris.c **** 
 102:Core/Src/tetris.c ****         for (int x = 0; x < BOARD_W; x++) {
 103:Core/Src/tetris.c ****             if (!board[y][x]) {
 104:Core/Src/tetris.c ****                 full = false;
 105:Core/Src/tetris.c ****                 break;
 106:Core/Src/tetris.c ****             }
 107:Core/Src/tetris.c ****         }
 108:Core/Src/tetris.c **** 
 109:Core/Src/tetris.c ****         if (full) {
 110:Core/Src/tetris.c ****             for (int r = y; r > 0; r--) {
 111:Core/Src/tetris.c ****                 memcpy(board[r], board[r - 1], BOARD_W);
 112:Core/Src/tetris.c ****             }
 113:Core/Src/tetris.c ****             memset(board[0], 0, BOARD_W);
 114:Core/Src/tetris.c ****             cleared++;
 115:Core/Src/tetris.c ****             y++;
 116:Core/Src/tetris.c ****         }
 117:Core/Src/tetris.c ****     }
ARM GAS  C:\Users\crist\AppData\Local\Temp\ccWhY2jg.s 			page 7


 118:Core/Src/tetris.c **** 
 119:Core/Src/tetris.c ****     return cleared;
 120:Core/Src/tetris.c **** }
 121:Core/Src/tetris.c **** 
 122:Core/Src/tetris.c **** static void award_line_score(uint8_t cleared) {
 230              		.loc 1 122 47 is_stmt 1 view -0
 231              		.cfi_startproc
 232              		@ args = 0, pretend = 0, frame = 0
 233              		@ frame_needed = 0, uses_anonymous_args = 0
 234              		@ link register save eliminated.
 123:Core/Src/tetris.c ****     static const uint16_t line_scores[5] = { 0, 100, 300, 500, 800 };
 235              		.loc 1 123 5 view .LVU46
 124:Core/Src/tetris.c **** 
 125:Core/Src/tetris.c ****     if (cleared == 0) {
 236              		.loc 1 125 5 view .LVU47
 237              		.loc 1 125 8 is_stmt 0 view .LVU48
 238 0000 C0B1     		cbz	r0, .L19
 126:Core/Src/tetris.c ****         return;
 127:Core/Src/tetris.c ****     }
 128:Core/Src/tetris.c **** 
 129:Core/Src/tetris.c ****     lines += cleared;
 239              		.loc 1 129 5 is_stmt 1 view .LVU49
 240              		.loc 1 129 11 is_stmt 0 view .LVU50
 241 0002 0E49     		ldr	r1, .L23
 242 0004 0B88     		ldrh	r3, [r1]
 243 0006 0344     		add	r3, r3, r0
 244 0008 9BB2     		uxth	r3, r3
 245 000a 0B80     		strh	r3, [r1]	@ movhi
 130:Core/Src/tetris.c ****     score += (uint32_t)line_scores[cleared] * level;
 246              		.loc 1 130 5 is_stmt 1 view .LVU51
 247              		.loc 1 130 35 is_stmt 0 view .LVU52
 248 000c 0C49     		ldr	r1, .L23+4
 249 000e 31F810C0 		ldrh	ip, [r1, r0, lsl #1]
 250              		.loc 1 130 45 view .LVU53
 251 0012 0C4A     		ldr	r2, .L23+8
 252 0014 1078     		ldrb	r0, [r2]	@ zero_extendqisi2
 253              	.LVL18:
 254              		.loc 1 130 11 view .LVU54
 255 0016 0C49     		ldr	r1, .L23+12
 256 0018 0A68     		ldr	r2, [r1]
 257 001a 0CFB0022 		mla	r2, ip, r0, r2
 258 001e 0A60     		str	r2, [r1]
 131:Core/Src/tetris.c **** 
 132:Core/Src/tetris.c ****     uint16_t new_level = 1U + (lines / LEVEL_LINES);
 259              		.loc 1 132 5 is_stmt 1 view .LVU55
 260              		.loc 1 132 29 is_stmt 0 view .LVU56
 261 0020 0A4A     		ldr	r2, .L23+16
 262 0022 A2FB0323 		umull	r2, r3, r2, r3
 263 0026 9B08     		lsrs	r3, r3, #2
 264              		.loc 1 132 14 view .LVU57
 265 0028 0133     		adds	r3, r3, #1
 266              	.LVL19:
 133:Core/Src/tetris.c ****     level = (new_level > 99U) ? 99U : (uint8_t)new_level;
 267              		.loc 1 133 5 is_stmt 1 view .LVU58
 268              		.loc 1 133 11 is_stmt 0 view .LVU59
 269 002a 632B     		cmp	r3, #99
 270 002c 03D8     		bhi	.L22
ARM GAS  C:\Users\crist\AppData\Local\Temp\ccWhY2jg.s 			page 8


 271              		.loc 1 133 11 discriminator 1 view .LVU60
 272 002e DBB2     		uxtb	r3, r3
 273              	.LVL20:
 274              	.L21:
 275              		.loc 1 133 11 discriminator 4 view .LVU61
 276 0030 044A     		ldr	r2, .L23+8
 277 0032 1370     		strb	r3, [r2]
 278              	.LVL21:
 279              	.L19:
 134:Core/Src/tetris.c **** }
 280              		.loc 1 134 1 view .LVU62
 281 0034 7047     		bx	lr
 282              	.LVL22:
 283              	.L22:
 133:Core/Src/tetris.c ****     level = (new_level > 99U) ? 99U : (uint8_t)new_level;
 284              		.loc 1 133 11 discriminator 2 view .LVU63
 285 0036 6323     		movs	r3, #99
 286              	.LVL23:
 133:Core/Src/tetris.c ****     level = (new_level > 99U) ? 99U : (uint8_t)new_level;
 287              		.loc 1 133 11 discriminator 2 view .LVU64
 288 0038 FAE7     		b	.L21
 289              	.L24:
 290 003a 00BF     		.align	2
 291              	.L23:
 292 003c 00000000 		.word	lines
 293 0040 00000000 		.word	line_scores.1
 294 0044 00000000 		.word	level
 295 0048 00000000 		.word	score
 296 004c CDCCCCCC 		.word	-858993459
 297              		.cfi_endproc
 298              	.LFE75:
 300              		.section	.text.move_piece,"ax",%progbits
 301              		.align	1
 302              		.syntax unified
 303              		.thumb
 304              		.thumb_func
 306              	move_piece:
 307              	.LVL24:
 308              	.LFB77:
 135:Core/Src/tetris.c **** 
 136:Core/Src/tetris.c **** static void lock_piece(void) {
 137:Core/Src/tetris.c ****     for (int y = 0; y < 4; y++) {
 138:Core/Src/tetris.c ****         for (int x = 0; x < 4; x++) {
 139:Core/Src/tetris.c ****             if (get_shape_cell(piece_type, piece_rot, x, y) && (piece_y + y >= 0)) {
 140:Core/Src/tetris.c ****                 board[piece_y + y][piece_x + x] = 1;
 141:Core/Src/tetris.c ****             }
 142:Core/Src/tetris.c ****         }
 143:Core/Src/tetris.c ****     }
 144:Core/Src/tetris.c **** 
 145:Core/Src/tetris.c ****     award_line_score(clear_full_lines());
 146:Core/Src/tetris.c ****     spawn_piece();
 147:Core/Src/tetris.c **** }
 148:Core/Src/tetris.c **** 
 149:Core/Src/tetris.c **** static bool move_piece(int8_t dx, int8_t dy) {
 309              		.loc 1 149 46 is_stmt 1 view -0
 310              		.cfi_startproc
 311              		@ args = 0, pretend = 0, frame = 0
ARM GAS  C:\Users\crist\AppData\Local\Temp\ccWhY2jg.s 			page 9


 312              		@ frame_needed = 0, uses_anonymous_args = 0
 313              		.loc 1 149 46 is_stmt 0 view .LVU66
 314 0000 F8B5     		push	{r3, r4, r5, r6, r7, lr}
 315              	.LCFI1:
 316              		.cfi_def_cfa_offset 24
 317              		.cfi_offset 3, -24
 318              		.cfi_offset 4, -20
 319              		.cfi_offset 5, -16
 320              		.cfi_offset 6, -12
 321              		.cfi_offset 7, -8
 322              		.cfi_offset 14, -4
 323 0002 0546     		mov	r5, r0
 324 0004 0C46     		mov	r4, r1
 150:Core/Src/tetris.c ****     if (!check_collision(piece_x + dx, piece_y + dy, piece_rot)) {
 325              		.loc 1 150 5 is_stmt 1 view .LVU67
 326              		.loc 1 150 10 is_stmt 0 view .LVU68
 327 0006 0C4B     		ldr	r3, .L30
 328 0008 93F90070 		ldrsb	r7, [r3]
 329 000c 0B4B     		ldr	r3, .L30+4
 330 000e 93F90060 		ldrsb	r6, [r3]
 331 0012 0B4B     		ldr	r3, .L30+8
 332 0014 93F90020 		ldrsb	r2, [r3]
 333 0018 7118     		adds	r1, r6, r1
 334              	.LVL25:
 335              		.loc 1 150 10 view .LVU69
 336 001a 3818     		adds	r0, r7, r0
 337              	.LVL26:
 338              		.loc 1 150 10 view .LVU70
 339 001c FFF7FEFF 		bl	check_collision
 340              	.LVL27:
 341              		.loc 1 150 8 discriminator 1 view .LVU71
 342 0020 08B1     		cbz	r0, .L29
 151:Core/Src/tetris.c ****         piece_x += dx;
 152:Core/Src/tetris.c ****         piece_y += dy;
 153:Core/Src/tetris.c ****         return true;
 154:Core/Src/tetris.c ****     }
 155:Core/Src/tetris.c **** 
 156:Core/Src/tetris.c ****     return false;
 343              		.loc 1 156 12 view .LVU72
 344 0022 0020     		movs	r0, #0
 345              	.L26:
 157:Core/Src/tetris.c **** }
 346              		.loc 1 157 1 view .LVU73
 347 0024 F8BD     		pop	{r3, r4, r5, r6, r7, pc}
 348              	.LVL28:
 349              	.L29:
 151:Core/Src/tetris.c ****         piece_x += dx;
 350              		.loc 1 151 9 is_stmt 1 view .LVU74
 151:Core/Src/tetris.c ****         piece_x += dx;
 351              		.loc 1 151 17 is_stmt 0 view .LVU75
 352 0026 2F44     		add	r7, r7, r5
 353 0028 034B     		ldr	r3, .L30
 354 002a 1F70     		strb	r7, [r3]
 152:Core/Src/tetris.c ****         return true;
 355              		.loc 1 152 9 is_stmt 1 view .LVU76
 152:Core/Src/tetris.c ****         return true;
 356              		.loc 1 152 17 is_stmt 0 view .LVU77
ARM GAS  C:\Users\crist\AppData\Local\Temp\ccWhY2jg.s 			page 10


 357 002c 2644     		add	r6, r6, r4
 358 002e 034B     		ldr	r3, .L30+4
 359 0030 1E70     		strb	r6, [r3]
 153:Core/Src/tetris.c ****     }
 360              		.loc 1 153 9 is_stmt 1 view .LVU78
 153:Core/Src/tetris.c ****     }
 361              		.loc 1 153 16 is_stmt 0 view .LVU79
 362 0032 0120     		movs	r0, #1
 363 0034 F6E7     		b	.L26
 364              	.L31:
 365 0036 00BF     		.align	2
 366              	.L30:
 367 0038 00000000 		.word	piece_x
 368 003c 00000000 		.word	piece_y
 369 0040 00000000 		.word	piece_rot
 370              		.cfi_endproc
 371              	.LFE77:
 373              		.section	.text.rotate_piece,"ax",%progbits
 374              		.align	1
 375              		.syntax unified
 376              		.thumb
 377              		.thumb_func
 379              	rotate_piece:
 380              	.LFB78:
 158:Core/Src/tetris.c **** 
 159:Core/Src/tetris.c **** static bool rotate_piece(void) {
 381              		.loc 1 159 32 is_stmt 1 view -0
 382              		.cfi_startproc
 383              		@ args = 0, pretend = 0, frame = 0
 384              		@ frame_needed = 0, uses_anonymous_args = 0
 385 0000 F8B5     		push	{r3, r4, r5, r6, r7, lr}
 386              	.LCFI2:
 387              		.cfi_def_cfa_offset 24
 388              		.cfi_offset 3, -24
 389              		.cfi_offset 4, -20
 390              		.cfi_offset 5, -16
 391              		.cfi_offset 6, -12
 392              		.cfi_offset 7, -8
 393              		.cfi_offset 14, -4
 160:Core/Src/tetris.c ****     static const int8_t kicks[] = { 0, -1, 1, -2, 2 };
 394              		.loc 1 160 5 view .LVU81
 161:Core/Src/tetris.c ****     int8_t next_rot = (piece_rot + 1) % 4;
 395              		.loc 1 161 5 view .LVU82
 396              		.loc 1 161 34 is_stmt 0 view .LVU83
 397 0002 144B     		ldr	r3, .L40
 398 0004 93F90050 		ldrsb	r5, [r3]
 399 0008 0135     		adds	r5, r5, #1
 400              		.loc 1 161 39 view .LVU84
 401 000a 6B42     		rsbs	r3, r5, #0
 402 000c 05F00305 		and	r5, r5, #3
 403 0010 03F00303 		and	r3, r3, #3
 404              		.loc 1 161 12 view .LVU85
 405 0014 58BF     		it	pl
 406 0016 5D42     		rsbpl	r5, r3, #0
 407              	.LVL29:
 162:Core/Src/tetris.c **** 
 163:Core/Src/tetris.c ****     for (uint8_t i = 0; i < sizeof(kicks) / sizeof(kicks[0]); i++) {
ARM GAS  C:\Users\crist\AppData\Local\Temp\ccWhY2jg.s 			page 11


 408              		.loc 1 163 5 is_stmt 1 view .LVU86
 409              	.LBB6:
 410              		.loc 1 163 10 view .LVU87
 411              		.loc 1 163 18 is_stmt 0 view .LVU88
 412 0018 0024     		movs	r4, #0
 413              	.LVL30:
 414              	.L33:
 415              		.loc 1 163 27 is_stmt 1 discriminator 1 view .LVU89
 416 001a 042C     		cmp	r4, #4
 417 001c 17D8     		bhi	.L38
 164:Core/Src/tetris.c ****         if (!check_collision(piece_x + kicks[i], piece_y, next_rot)) {
 418              		.loc 1 164 9 view .LVU90
 419              		.loc 1 164 14 is_stmt 0 view .LVU91
 420 001e 0E4B     		ldr	r3, .L40+4
 421 0020 93F90070 		ldrsb	r7, [r3]
 422              		.loc 1 164 45 view .LVU92
 423 0024 0D4B     		ldr	r3, .L40+8
 424 0026 1E57     		ldrsb	r6, [r3, r4]
 425              		.loc 1 164 14 view .LVU93
 426 0028 2A46     		mov	r2, r5
 427 002a 0D4B     		ldr	r3, .L40+12
 428 002c 93F90010 		ldrsb	r1, [r3]
 429 0030 B819     		adds	r0, r7, r6
 430 0032 FFF7FEFF 		bl	check_collision
 431              	.LVL31:
 432              		.loc 1 164 12 discriminator 1 view .LVU94
 433 0036 10B1     		cbz	r0, .L39
 163:Core/Src/tetris.c ****         if (!check_collision(piece_x + kicks[i], piece_y, next_rot)) {
 434              		.loc 1 163 64 is_stmt 1 discriminator 2 view .LVU95
 435 0038 0134     		adds	r4, r4, #1
 436              	.LVL32:
 163:Core/Src/tetris.c ****         if (!check_collision(piece_x + kicks[i], piece_y, next_rot)) {
 437              		.loc 1 163 64 is_stmt 0 discriminator 2 view .LVU96
 438 003a E4B2     		uxtb	r4, r4
 439              	.LVL33:
 163:Core/Src/tetris.c ****         if (!check_collision(piece_x + kicks[i], piece_y, next_rot)) {
 440              		.loc 1 163 64 discriminator 2 view .LVU97
 441 003c EDE7     		b	.L33
 442              	.LVL34:
 443              	.L39:
 165:Core/Src/tetris.c ****             piece_x += kicks[i];
 444              		.loc 1 165 13 is_stmt 1 view .LVU98
 445              		.loc 1 165 29 is_stmt 0 view .LVU99
 446 003e F6B2     		uxtb	r6, r6
 447              		.loc 1 165 21 view .LVU100
 448 0040 3E44     		add	r6, r6, r7
 449 0042 054B     		ldr	r3, .L40+4
 450 0044 1E70     		strb	r6, [r3]
 166:Core/Src/tetris.c ****             piece_rot = next_rot;
 451              		.loc 1 166 13 is_stmt 1 view .LVU101
 452              		.loc 1 166 23 is_stmt 0 view .LVU102
 453 0046 034B     		ldr	r3, .L40
 454 0048 1D70     		strb	r5, [r3]
 167:Core/Src/tetris.c ****             return true;
 455              		.loc 1 167 13 is_stmt 1 view .LVU103
 456              		.loc 1 167 20 is_stmt 0 view .LVU104
 457 004a 0120     		movs	r0, #1
ARM GAS  C:\Users\crist\AppData\Local\Temp\ccWhY2jg.s 			page 12


 458 004c 00E0     		b	.L35
 459              	.L38:
 460              		.loc 1 167 20 view .LVU105
 461              	.LBE6:
 168:Core/Src/tetris.c ****         }
 169:Core/Src/tetris.c ****     }
 170:Core/Src/tetris.c **** 
 171:Core/Src/tetris.c ****     return false;
 462              		.loc 1 171 12 view .LVU106
 463 004e 0020     		movs	r0, #0
 464              	.L35:
 172:Core/Src/tetris.c **** }
 465              		.loc 1 172 1 view .LVU107
 466 0050 F8BD     		pop	{r3, r4, r5, r6, r7, pc}
 467              	.LVL35:
 468              	.L41:
 469              		.loc 1 172 1 view .LVU108
 470 0052 00BF     		.align	2
 471              	.L40:
 472 0054 00000000 		.word	piece_rot
 473 0058 00000000 		.word	piece_x
 474 005c 00000000 		.word	kicks.2
 475 0060 00000000 		.word	piece_y
 476              		.cfi_endproc
 477              	.LFE78:
 479              		.section	.text.drop_distance,"ax",%progbits
 480              		.align	1
 481              		.syntax unified
 482              		.thumb
 483              		.thumb_func
 485              	drop_distance:
 486              	.LFB79:
 173:Core/Src/tetris.c **** 
 174:Core/Src/tetris.c **** static uint8_t drop_distance(void) {
 487              		.loc 1 174 36 is_stmt 1 view -0
 488              		.cfi_startproc
 489              		@ args = 0, pretend = 0, frame = 0
 490              		@ frame_needed = 0, uses_anonymous_args = 0
 491 0000 10B5     		push	{r4, lr}
 492              	.LCFI3:
 493              		.cfi_def_cfa_offset 8
 494              		.cfi_offset 4, -8
 495              		.cfi_offset 14, -4
 175:Core/Src/tetris.c ****     uint8_t distance = 0;
 496              		.loc 1 175 5 view .LVU110
 497              	.LVL36:
 176:Core/Src/tetris.c **** 
 177:Core/Src/tetris.c ****     while (!check_collision(piece_x, piece_y + distance + 1, piece_rot)) {
 498              		.loc 1 177 5 view .LVU111
 175:Core/Src/tetris.c ****     uint8_t distance = 0;
 499              		.loc 1 175 13 is_stmt 0 view .LVU112
 500 0002 0024     		movs	r4, #0
 501              		.loc 1 177 11 view .LVU113
 502 0004 01E0     		b	.L43
 503              	.LVL37:
 504              	.L44:
 178:Core/Src/tetris.c ****         distance++;
ARM GAS  C:\Users\crist\AppData\Local\Temp\ccWhY2jg.s 			page 13


 505              		.loc 1 178 9 is_stmt 1 view .LVU114
 506              		.loc 1 178 17 is_stmt 0 view .LVU115
 507 0006 0134     		adds	r4, r4, #1
 508              	.LVL38:
 509              		.loc 1 178 17 view .LVU116
 510 0008 E4B2     		uxtb	r4, r4
 511              	.LVL39:
 512              	.L43:
 177:Core/Src/tetris.c ****         distance++;
 513              		.loc 1 177 12 is_stmt 1 view .LVU117
 177:Core/Src/tetris.c ****         distance++;
 514              		.loc 1 177 46 is_stmt 0 view .LVU118
 515 000a 084B     		ldr	r3, .L46
 516 000c 93F90010 		ldrsb	r1, [r3]
 517 0010 2144     		add	r1, r1, r4
 177:Core/Src/tetris.c ****         distance++;
 518              		.loc 1 177 13 view .LVU119
 519 0012 074B     		ldr	r3, .L46+4
 520 0014 93F90020 		ldrsb	r2, [r3]
 521 0018 0131     		adds	r1, r1, #1
 522 001a 064B     		ldr	r3, .L46+8
 523 001c 93F90000 		ldrsb	r0, [r3]
 524 0020 FFF7FEFF 		bl	check_collision
 525              	.LVL40:
 177:Core/Src/tetris.c ****         distance++;
 526              		.loc 1 177 12 discriminator 1 view .LVU120
 527 0024 0028     		cmp	r0, #0
 528 0026 EED0     		beq	.L44
 179:Core/Src/tetris.c ****     }
 180:Core/Src/tetris.c **** 
 181:Core/Src/tetris.c ****     return distance;
 529              		.loc 1 181 5 is_stmt 1 view .LVU121
 182:Core/Src/tetris.c **** }
 530              		.loc 1 182 1 is_stmt 0 view .LVU122
 531 0028 2046     		mov	r0, r4
 532 002a 10BD     		pop	{r4, pc}
 533              	.LVL41:
 534              	.L47:
 535              		.loc 1 182 1 view .LVU123
 536              		.align	2
 537              	.L46:
 538 002c 00000000 		.word	piece_y
 539 0030 00000000 		.word	piece_rot
 540 0034 00000000 		.word	piece_x
 541              		.cfi_endproc
 542              	.LFE79:
 544              		.section	.text.ghost_y,"ax",%progbits
 545              		.align	1
 546              		.syntax unified
 547              		.thumb
 548              		.thumb_func
 550              	ghost_y:
 551              	.LFB80:
 183:Core/Src/tetris.c **** 
 184:Core/Src/tetris.c **** static int8_t ghost_y(void) {
 552              		.loc 1 184 29 is_stmt 1 view -0
 553              		.cfi_startproc
ARM GAS  C:\Users\crist\AppData\Local\Temp\ccWhY2jg.s 			page 14


 554              		@ args = 0, pretend = 0, frame = 0
 555              		@ frame_needed = 0, uses_anonymous_args = 0
 556 0000 10B5     		push	{r4, lr}
 557              	.LCFI4:
 558              		.cfi_def_cfa_offset 8
 559              		.cfi_offset 4, -8
 560              		.cfi_offset 14, -4
 185:Core/Src/tetris.c ****     int8_t gy = piece_y;
 561              		.loc 1 185 5 view .LVU125
 562              		.loc 1 185 12 is_stmt 0 view .LVU126
 563 0002 094B     		ldr	r3, .L52
 564 0004 93F90040 		ldrsb	r4, [r3]
 565              	.LVL42:
 186:Core/Src/tetris.c **** 
 187:Core/Src/tetris.c ****     while (!check_collision(piece_x, gy + 1, piece_rot)) {
 566              		.loc 1 187 5 is_stmt 1 view .LVU127
 567              		.loc 1 187 11 is_stmt 0 view .LVU128
 568 0008 01E0     		b	.L49
 569              	.L50:
 188:Core/Src/tetris.c ****         gy++;
 570              		.loc 1 188 9 is_stmt 1 view .LVU129
 571              		.loc 1 188 11 is_stmt 0 view .LVU130
 572 000a 0134     		adds	r4, r4, #1
 573              	.LVL43:
 574              		.loc 1 188 11 view .LVU131
 575 000c 64B2     		sxtb	r4, r4
 576              	.LVL44:
 577              	.L49:
 187:Core/Src/tetris.c ****         gy++;
 578              		.loc 1 187 12 is_stmt 1 view .LVU132
 187:Core/Src/tetris.c ****         gy++;
 579              		.loc 1 187 13 is_stmt 0 view .LVU133
 580 000e 074B     		ldr	r3, .L52+4
 581 0010 93F90020 		ldrsb	r2, [r3]
 582 0014 611C     		adds	r1, r4, #1
 583 0016 064B     		ldr	r3, .L52+8
 584 0018 93F90000 		ldrsb	r0, [r3]
 585 001c FFF7FEFF 		bl	check_collision
 586              	.LVL45:
 187:Core/Src/tetris.c ****         gy++;
 587              		.loc 1 187 12 discriminator 1 view .LVU134
 588 0020 0028     		cmp	r0, #0
 589 0022 F2D0     		beq	.L50
 189:Core/Src/tetris.c ****     }
 190:Core/Src/tetris.c **** 
 191:Core/Src/tetris.c ****     return gy;
 590              		.loc 1 191 5 is_stmt 1 view .LVU135
 192:Core/Src/tetris.c **** }
 591              		.loc 1 192 1 is_stmt 0 view .LVU136
 592 0024 2046     		mov	r0, r4
 593 0026 10BD     		pop	{r4, pc}
 594              	.LVL46:
 595              	.L53:
 596              		.loc 1 192 1 view .LVU137
 597              		.align	2
 598              	.L52:
 599 0028 00000000 		.word	piece_y
ARM GAS  C:\Users\crist\AppData\Local\Temp\ccWhY2jg.s 			page 15


 600 002c 00000000 		.word	piece_rot
 601 0030 00000000 		.word	piece_x
 602              		.cfi_endproc
 603              	.LFE80:
 605              		.section	.text.active_piece_cell,"ax",%progbits
 606              		.align	1
 607              		.syntax unified
 608              		.thumb
 609              		.thumb_func
 611              	active_piece_cell:
 612              	.LVL47:
 613              	.LFB81:
 193:Core/Src/tetris.c **** 
 194:Core/Src/tetris.c **** static bool active_piece_cell(int x, int y) {
 614              		.loc 1 194 45 is_stmt 1 view -0
 615              		.cfi_startproc
 616              		@ args = 0, pretend = 0, frame = 0
 617              		@ frame_needed = 0, uses_anonymous_args = 0
 618              		.loc 1 194 45 is_stmt 0 view .LVU139
 619 0000 08B5     		push	{r3, lr}
 620              	.LCFI5:
 621              		.cfi_def_cfa_offset 8
 622              		.cfi_offset 3, -8
 623              		.cfi_offset 14, -4
 624 0002 0246     		mov	r2, r0
 195:Core/Src/tetris.c ****     if (game_over) {
 625              		.loc 1 195 5 is_stmt 1 view .LVU140
 626              		.loc 1 195 9 is_stmt 0 view .LVU141
 627 0004 114B     		ldr	r3, .L58
 628 0006 1878     		ldrb	r0, [r3]	@ zero_extendqisi2
 629              	.LVL48:
 630              		.loc 1 195 8 view .LVU142
 631 0008 E8B9     		cbnz	r0, .L56
 196:Core/Src/tetris.c ****         return false;
 197:Core/Src/tetris.c ****     }
 198:Core/Src/tetris.c **** 
 199:Core/Src/tetris.c ****     if (x >= piece_x && x < piece_x + 4 && y >= piece_y && y < piece_y + 4) {
 632              		.loc 1 199 5 is_stmt 1 view .LVU143
 633              		.loc 1 199 11 is_stmt 0 view .LVU144
 634 000a 114B     		ldr	r3, .L58+4
 635 000c 93F900C0 		ldrsb	ip, [r3]
 636              		.loc 1 199 8 view .LVU145
 637 0010 9445     		cmp	ip, r2
 638 0012 19DC     		bgt	.L55
 639              		.loc 1 199 27 discriminator 1 view .LVU146
 640 0014 0CF10303 		add	r3, ip, #3
 641              		.loc 1 199 22 discriminator 1 view .LVU147
 642 0018 9342     		cmp	r3, r2
 643 001a 15DB     		blt	.L55
 644              		.loc 1 199 46 discriminator 2 view .LVU148
 645 001c 0D4B     		ldr	r3, .L58+8
 646 001e 93F90030 		ldrsb	r3, [r3]
 647              		.loc 1 199 41 discriminator 2 view .LVU149
 648 0022 8B42     		cmp	r3, r1
 649 0024 10DC     		bgt	.L55
 650              		.loc 1 199 62 discriminator 3 view .LVU150
 651 0026 03F1030E 		add	lr, r3, #3
ARM GAS  C:\Users\crist\AppData\Local\Temp\ccWhY2jg.s 			page 16


 652              		.loc 1 199 57 discriminator 3 view .LVU151
 653 002a 8E45     		cmp	lr, r1
 654 002c 0CDB     		blt	.L55
 200:Core/Src/tetris.c ****         return get_shape_cell(piece_type, piece_rot, x - piece_x, y - piece_y);
 655              		.loc 1 200 9 is_stmt 1 view .LVU152
 656              		.loc 1 200 16 is_stmt 0 view .LVU153
 657 002e CB1A     		subs	r3, r1, r3
 658 0030 A2EB0C02 		sub	r2, r2, ip
 659              	.LVL49:
 660              		.loc 1 200 16 view .LVU154
 661 0034 0849     		ldr	r1, .L58+12
 662              	.LVL50:
 663              		.loc 1 200 16 view .LVU155
 664 0036 91F90010 		ldrsb	r1, [r1]
 665 003a 0848     		ldr	r0, .L58+16
 666 003c 90F90000 		ldrsb	r0, [r0]
 667 0040 FFF7FEFF 		bl	get_shape_cell
 668              	.LVL51:
 669 0044 00E0     		b	.L55
 670              	.LVL52:
 671              	.L56:
 196:Core/Src/tetris.c ****         return false;
 672              		.loc 1 196 16 view .LVU156
 673 0046 0020     		movs	r0, #0
 674              	.LVL53:
 675              	.L55:
 201:Core/Src/tetris.c ****     }
 202:Core/Src/tetris.c **** 
 203:Core/Src/tetris.c ****     return false;
 204:Core/Src/tetris.c **** }
 676              		.loc 1 204 1 view .LVU157
 677 0048 08BD     		pop	{r3, pc}
 678              	.L59:
 679 004a 00BF     		.align	2
 680              	.L58:
 681 004c 00000000 		.word	game_over
 682 0050 00000000 		.word	piece_x
 683 0054 00000000 		.word	piece_y
 684 0058 00000000 		.word	piece_rot
 685 005c 00000000 		.word	piece_type
 686              		.cfi_endproc
 687              	.LFE81:
 689              		.section	.text.ghost_piece_cell,"ax",%progbits
 690              		.align	1
 691              		.syntax unified
 692              		.thumb
 693              		.thumb_func
 695              	ghost_piece_cell:
 696              	.LVL54:
 697              	.LFB82:
 205:Core/Src/tetris.c **** 
 206:Core/Src/tetris.c **** static bool ghost_piece_cell(int x, int y, int8_t gy) {
 698              		.loc 1 206 55 is_stmt 1 view -0
 699              		.cfi_startproc
 700              		@ args = 0, pretend = 0, frame = 0
 701              		@ frame_needed = 0, uses_anonymous_args = 0
 702              		.loc 1 206 55 is_stmt 0 view .LVU159
ARM GAS  C:\Users\crist\AppData\Local\Temp\ccWhY2jg.s 			page 17


 703 0000 08B5     		push	{r3, lr}
 704              	.LCFI6:
 705              		.cfi_def_cfa_offset 8
 706              		.cfi_offset 3, -8
 707              		.cfi_offset 14, -4
 708 0002 8446     		mov	ip, r0
 207:Core/Src/tetris.c ****     if (game_over || y < gy || y >= gy + 4 || x < piece_x || x >= piece_x + 4) {
 709              		.loc 1 207 5 is_stmt 1 view .LVU160
 710              		.loc 1 207 9 is_stmt 0 view .LVU161
 711 0004 0F4B     		ldr	r3, .L64
 712 0006 1878     		ldrb	r0, [r3]	@ zero_extendqisi2
 713              	.LVL55:
 714              		.loc 1 207 8 view .LVU162
 715 0008 C8B9     		cbnz	r0, .L62
 716              		.loc 1 207 19 discriminator 1 view .LVU163
 717 000a 8A42     		cmp	r2, r1
 718 000c 18DC     		bgt	.L61
 719              		.loc 1 207 34 discriminator 2 view .LVU164
 720 000e D31C     		adds	r3, r2, #3
 721              		.loc 1 207 29 discriminator 2 view .LVU165
 722 0010 8B42     		cmp	r3, r1
 723 0012 15DB     		blt	.L61
 724              		.loc 1 207 49 discriminator 3 view .LVU166
 725 0014 0C4B     		ldr	r3, .L64+4
 726 0016 93F900E0 		ldrsb	lr, [r3]
 727              		.loc 1 207 44 discriminator 3 view .LVU167
 728 001a E645     		cmp	lr, ip
 729 001c 10DC     		bgt	.L61
 730              		.loc 1 207 64 discriminator 4 view .LVU168
 731 001e 0EF10303 		add	r3, lr, #3
 732              		.loc 1 207 59 discriminator 4 view .LVU169
 733 0022 6345     		cmp	r3, ip
 734 0024 0CDB     		blt	.L61
 208:Core/Src/tetris.c ****         return false;
 209:Core/Src/tetris.c ****     }
 210:Core/Src/tetris.c **** 
 211:Core/Src/tetris.c ****     return get_shape_cell(piece_type, piece_rot, x - piece_x, y - gy);
 735              		.loc 1 211 5 is_stmt 1 view .LVU170
 736              		.loc 1 211 12 is_stmt 0 view .LVU171
 737 0026 8B1A     		subs	r3, r1, r2
 738 0028 ACEB0E02 		sub	r2, ip, lr
 739              	.LVL56:
 740              		.loc 1 211 12 view .LVU172
 741 002c 0749     		ldr	r1, .L64+8
 742              	.LVL57:
 743              		.loc 1 211 12 view .LVU173
 744 002e 91F90010 		ldrsb	r1, [r1]
 745 0032 0748     		ldr	r0, .L64+12
 746 0034 90F90000 		ldrsb	r0, [r0]
 747 0038 FFF7FEFF 		bl	get_shape_cell
 748              	.LVL58:
 749              		.loc 1 211 12 view .LVU174
 750 003c 00E0     		b	.L61
 751              	.LVL59:
 752              	.L62:
 208:Core/Src/tetris.c ****         return false;
 753              		.loc 1 208 16 view .LVU175
ARM GAS  C:\Users\crist\AppData\Local\Temp\ccWhY2jg.s 			page 18


 754 003e 0020     		movs	r0, #0
 755              	.LVL60:
 756              	.L61:
 212:Core/Src/tetris.c **** }
 757              		.loc 1 212 1 view .LVU176
 758 0040 08BD     		pop	{r3, pc}
 759              	.L65:
 760 0042 00BF     		.align	2
 761              	.L64:
 762 0044 00000000 		.word	game_over
 763 0048 00000000 		.word	piece_x
 764 004c 00000000 		.word	piece_rot
 765 0050 00000000 		.word	piece_type
 766              		.cfi_endproc
 767              	.LFE82:
 769              		.section	.text.get_pixel,"ax",%progbits
 770              		.align	1
 771              		.syntax unified
 772              		.thumb
 773              		.thumb_func
 775              	get_pixel:
 776              	.LVL61:
 777              	.LFB93:
 213:Core/Src/tetris.c **** 
 214:Core/Src/tetris.c **** static void uart_send(const char *text) {
 215:Core/Src/tetris.c ****     HAL_UART_Transmit(&huart1, (uint8_t*)text, strlen(text), 80);
 216:Core/Src/tetris.c **** }
 217:Core/Src/tetris.c **** 
 218:Core/Src/tetris.c **** static void build_preview_row(char *dst, size_t len, uint8_t type, int y) {
 219:Core/Src/tetris.c ****     int used = 0;
 220:Core/Src/tetris.c **** 
 221:Core/Src/tetris.c ****     for (int x = 0; x < 4; x++) {
 222:Core/Src/tetris.c ****         used += snprintf(dst + used, len - used, "%s",
 223:Core/Src/tetris.c ****                          get_shape_cell(type, 0, x, y) ? "[]" : "  ");
 224:Core/Src/tetris.c ****     }
 225:Core/Src/tetris.c **** }
 226:Core/Src/tetris.c **** 
 227:Core/Src/tetris.c **** static void lcd_write_line(uint8_t row, const char *text) {
 228:Core/Src/tetris.c ****     lcd_put_cur(row, 0);
 229:Core/Src/tetris.c **** 
 230:Core/Src/tetris.c ****     for (uint8_t i = 0; i < 20; i++) {
 231:Core/Src/tetris.c ****         char ch = (text[i] != '\0') ? text[i] : ' ';
 232:Core/Src/tetris.c ****         lcd_send_data(ch);
 233:Core/Src/tetris.c ****         if (text[i] == '\0') {
 234:Core/Src/tetris.c ****             for (i = i + 1; i < 20; i++) {
 235:Core/Src/tetris.c ****                 lcd_send_data(' ');
 236:Core/Src/tetris.c ****             }
 237:Core/Src/tetris.c ****             break;
 238:Core/Src/tetris.c ****         }
 239:Core/Src/tetris.c ****     }
 240:Core/Src/tetris.c **** }
 241:Core/Src/tetris.c **** 
 242:Core/Src/tetris.c **** void Tetris_Init(void) {
 243:Core/Src/tetris.c ****     memset(board, 0, sizeof(board));
 244:Core/Src/tetris.c ****     srand((unsigned int)(HAL_GetTick() ^ 0xA5A5U));
 245:Core/Src/tetris.c ****     bag_index = PIECE_COUNT;
 246:Core/Src/tetris.c ****     next_piece = draw_from_bag();
ARM GAS  C:\Users\crist\AppData\Local\Temp\ccWhY2jg.s 			page 19


 247:Core/Src/tetris.c ****     score = 0;
 248:Core/Src/tetris.c ****     lines = 0;
 249:Core/Src/tetris.c ****     level = 1;
 250:Core/Src/tetris.c ****     paused = false;
 251:Core/Src/tetris.c ****     game_over = false;
 252:Core/Src/tetris.c ****     last_fall_time = HAL_GetTick();
 253:Core/Src/tetris.c ****     spawn_piece();
 254:Core/Src/tetris.c **** }
 255:Core/Src/tetris.c **** 
 256:Core/Src/tetris.c **** void Tetris_Update(TetrisCommand cmd) {
 257:Core/Src/tetris.c ****     if (cmd == CMD_RESTART) {
 258:Core/Src/tetris.c ****         Tetris_Init();
 259:Core/Src/tetris.c ****         return;
 260:Core/Src/tetris.c ****     }
 261:Core/Src/tetris.c **** 
 262:Core/Src/tetris.c ****     if (cmd == CMD_PAUSE) {
 263:Core/Src/tetris.c ****         if (!game_over) {
 264:Core/Src/tetris.c ****             paused = !paused;
 265:Core/Src/tetris.c ****         }
 266:Core/Src/tetris.c ****         return;
 267:Core/Src/tetris.c ****     }
 268:Core/Src/tetris.c **** 
 269:Core/Src/tetris.c ****     if (game_over || paused) {
 270:Core/Src/tetris.c ****         return;
 271:Core/Src/tetris.c ****     }
 272:Core/Src/tetris.c **** 
 273:Core/Src/tetris.c ****     switch (cmd) {
 274:Core/Src/tetris.c ****         case CMD_LEFT:
 275:Core/Src/tetris.c ****             move_piece(-1, 0);
 276:Core/Src/tetris.c ****             break;
 277:Core/Src/tetris.c ****         case CMD_RIGHT:
 278:Core/Src/tetris.c ****             move_piece(1, 0);
 279:Core/Src/tetris.c ****             break;
 280:Core/Src/tetris.c ****         case CMD_DOWN:  
 281:Core/Src/tetris.c ****             if (move_piece(0, 1)) {
 282:Core/Src/tetris.c ****                 score += SOFT_DROP_POINTS;
 283:Core/Src/tetris.c ****             } else {
 284:Core/Src/tetris.c ****                 lock_piece();
 285:Core/Src/tetris.c ****             }
 286:Core/Src/tetris.c ****             break;
 287:Core/Src/tetris.c ****         case CMD_FALL:
 288:Core/Src/tetris.c ****             if (!move_piece(0, 1)) {
 289:Core/Src/tetris.c ****                 lock_piece();
 290:Core/Src/tetris.c ****             }
 291:Core/Src/tetris.c ****             break;
 292:Core/Src/tetris.c ****         case CMD_ROTATE: 
 293:Core/Src/tetris.c ****             rotate_piece();
 294:Core/Src/tetris.c ****             break;
 295:Core/Src/tetris.c ****         case CMD_HARD_DROP: {
 296:Core/Src/tetris.c ****             uint8_t distance = drop_distance();
 297:Core/Src/tetris.c ****             piece_y += distance;
 298:Core/Src/tetris.c ****             score += (uint32_t)distance * HARD_DROP_POINTS;
 299:Core/Src/tetris.c ****             lock_piece();
 300:Core/Src/tetris.c ****             break;
 301:Core/Src/tetris.c ****         }
 302:Core/Src/tetris.c ****         case CMD_NONE: default: break;
 303:Core/Src/tetris.c ****     }
ARM GAS  C:\Users\crist\AppData\Local\Temp\ccWhY2jg.s 			page 20


 304:Core/Src/tetris.c **** }
 305:Core/Src/tetris.c **** 
 306:Core/Src/tetris.c **** void Tetris_GetStats(TetrisStats *stats) {
 307:Core/Src/tetris.c ****     if (stats == NULL) {
 308:Core/Src/tetris.c ****         return;
 309:Core/Src/tetris.c ****     }
 310:Core/Src/tetris.c **** 
 311:Core/Src/tetris.c ****     stats->score = score;
 312:Core/Src/tetris.c ****     stats->lines = lines;
 313:Core/Src/tetris.c ****     stats->level = level;
 314:Core/Src/tetris.c ****     stats->next_piece = next_piece;
 315:Core/Src/tetris.c ****     stats->paused = paused;
 316:Core/Src/tetris.c ****     stats->game_over = game_over;
 317:Core/Src/tetris.c **** }
 318:Core/Src/tetris.c **** 
 319:Core/Src/tetris.c **** uint32_t Tetris_GetFallDelay(void) {
 320:Core/Src/tetris.c ****     uint32_t reduction = (uint32_t)(level - 1U) * 45U;
 321:Core/Src/tetris.c **** 
 322:Core/Src/tetris.c ****     if (reduction >= (FALL_DELAY_MS - MIN_FALL_DELAY_MS)) {
 323:Core/Src/tetris.c ****         return MIN_FALL_DELAY_MS;
 324:Core/Src/tetris.c ****     }
 325:Core/Src/tetris.c **** 
 326:Core/Src/tetris.c ****     return FALL_DELAY_MS - reduction;
 327:Core/Src/tetris.c **** }
 328:Core/Src/tetris.c **** 
 329:Core/Src/tetris.c **** bool Tetris_IsPaused(void) {
 330:Core/Src/tetris.c ****     return paused;
 331:Core/Src/tetris.c **** }
 332:Core/Src/tetris.c **** 
 333:Core/Src/tetris.c **** bool Tetris_IsGameOver(void) {
 334:Core/Src/tetris.c ****     return game_over;
 335:Core/Src/tetris.c **** }
 336:Core/Src/tetris.c **** 
 337:Core/Src/tetris.c **** void Tetris_DrawTerminal(void) {
 338:Core/Src/tetris.c ****     char row[96];
 339:Core/Src/tetris.c ****     char preview[12];
 340:Core/Src/tetris.c ****     int8_t gy = ghost_y();
 341:Core/Src/tetris.c **** 
 342:Core/Src/tetris.c ****     uart_send("\033[2J\033[H");
 343:Core/Src/tetris.c **** 
 344:Core/Src/tetris.c ****     snprintf(row, sizeof(row), "TETRIS 8x20 STM32\r\nScore: %lu  Lines: %u  Level: %u\r\n",
 345:Core/Src/tetris.c ****              (unsigned long)score, (unsigned)lines, (unsigned)level);
 346:Core/Src/tetris.c ****     uart_send(row);
 347:Core/Src/tetris.c ****     snprintf(row, sizeof(row), "State: %s  Next: %c\r\n",
 348:Core/Src/tetris.c ****              game_over ? "GAME OVER" : (paused ? "PAUSED" : "PLAYING"),
 349:Core/Src/tetris.c ****              piece_name(next_piece));
 350:Core/Src/tetris.c ****     uart_send(row);
 351:Core/Src/tetris.c ****     uart_send("+----------------+\r\n");
 352:Core/Src/tetris.c **** 
 353:Core/Src/tetris.c ****     for (int y = 0; y < BOARD_H; y++) {
 354:Core/Src/tetris.c ****         int used = snprintf(row, sizeof(row), "|");
 355:Core/Src/tetris.c **** 
 356:Core/Src/tetris.c ****         for (int x = 0; x < BOARD_W; x++) {
 357:Core/Src/tetris.c ****             const char *cell = "  ";
 358:Core/Src/tetris.c **** 
 359:Core/Src/tetris.c ****             if (board[y][x]) {
 360:Core/Src/tetris.c ****                 cell = "[]";
ARM GAS  C:\Users\crist\AppData\Local\Temp\ccWhY2jg.s 			page 21


 361:Core/Src/tetris.c ****             } else if (active_piece_cell(x, y)) {
 362:Core/Src/tetris.c ****                 cell = "##";
 363:Core/Src/tetris.c ****             } else if (ghost_piece_cell(x, y, gy)) {
 364:Core/Src/tetris.c ****                 cell = "..";
 365:Core/Src/tetris.c ****             }
 366:Core/Src/tetris.c **** 
 367:Core/Src/tetris.c ****             used += snprintf(row + used, sizeof(row) - used, "%s", cell);
 368:Core/Src/tetris.c ****         }
 369:Core/Src/tetris.c **** 
 370:Core/Src/tetris.c ****         used += snprintf(row + used, sizeof(row) - used, "|");
 371:Core/Src/tetris.c **** 
 372:Core/Src/tetris.c ****         if (y == 0) {
 373:Core/Src/tetris.c ****             used += snprintf(row + used, sizeof(row) - used, "  Next");
 374:Core/Src/tetris.c ****         } else if (y >= 1 && y <= 4) {
 375:Core/Src/tetris.c ****             build_preview_row(preview, sizeof(preview), next_piece, y - 1);
 376:Core/Src/tetris.c ****             used += snprintf(row + used, sizeof(row) - used, "  %s", preview);
 377:Core/Src/tetris.c ****         } else if (y == 6) {
 378:Core/Src/tetris.c ****             used += snprintf(row + used, sizeof(row) - used, "  A/D: move");
 379:Core/Src/tetris.c ****         } else if (y == 7) {
 380:Core/Src/tetris.c ****             used += snprintf(row + used, sizeof(row) - used, "  W: rotate");
 381:Core/Src/tetris.c ****         } else if (y == 8) {
 382:Core/Src/tetris.c ****             used += snprintf(row + used, sizeof(row) - used, "  S: soft drop");
 383:Core/Src/tetris.c ****         } else if (y == 9) {
 384:Core/Src/tetris.c ****             used += snprintf(row + used, sizeof(row) - used, "  Space: drop");
 385:Core/Src/tetris.c ****         } else if (y == 10) {
 386:Core/Src/tetris.c ****             used += snprintf(row + used, sizeof(row) - used, "  P: pause");
 387:Core/Src/tetris.c ****         } else if (y == 11) {
 388:Core/Src/tetris.c ****             used += snprintf(row + used, sizeof(row) - used, "  R: restart");
 389:Core/Src/tetris.c ****         }
 390:Core/Src/tetris.c **** 
 391:Core/Src/tetris.c ****         snprintf(row + used, sizeof(row) - used, "\r\n");
 392:Core/Src/tetris.c ****         uart_send(row);
 393:Core/Src/tetris.c ****     }
 394:Core/Src/tetris.c **** 
 395:Core/Src/tetris.c ****     uart_send("+----------------+\r\n");
 396:Core/Src/tetris.c **** }
 397:Core/Src/tetris.c **** 
 398:Core/Src/tetris.c **** static bool get_pixel(int x, int y) {
 778              		.loc 1 398 37 is_stmt 1 view -0
 779              		.cfi_startproc
 780              		@ args = 0, pretend = 0, frame = 0
 781              		@ frame_needed = 0, uses_anonymous_args = 0
 399:Core/Src/tetris.c ****     if (x < 0 || x >= BOARD_W || y < 0 || y >= BOARD_H) return false;
 782              		.loc 1 399 5 view .LVU178
 783              		.loc 1 399 8 is_stmt 0 view .LVU179
 784 0000 0728     		cmp	r0, #7
 785 0002 0CD8     		bhi	.L68
 786              		.loc 1 399 31 discriminator 2 view .LVU180
 787 0004 0029     		cmp	r1, #0
 788 0006 0CDB     		blt	.L69
 789              		.loc 1 399 40 discriminator 4 view .LVU181
 790 0008 1329     		cmp	r1, #19
 791 000a 0CDC     		bgt	.L70
 398:Core/Src/tetris.c ****     if (x < 0 || x >= BOARD_W || y < 0 || y >= BOARD_H) return false;
 792              		.loc 1 398 37 view .LVU182
 793 000c 08B5     		push	{r3, lr}
 794              	.LCFI7:
ARM GAS  C:\Users\crist\AppData\Local\Temp\ccWhY2jg.s 			page 22


 795              		.cfi_def_cfa_offset 8
 796              		.cfi_offset 3, -8
 797              		.cfi_offset 14, -4
 400:Core/Src/tetris.c ****     if (board[y][x]) return true; 
 798              		.loc 1 400 5 is_stmt 1 view .LVU183
 799              		.loc 1 400 17 is_stmt 0 view .LVU184
 800 000e 084B     		ldr	r3, .L76
 801 0010 03EBC103 		add	r3, r3, r1, lsl #3
 802 0014 1B5C     		ldrb	r3, [r3, r0]	@ zero_extendqisi2
 803              		.loc 1 400 8 view .LVU185
 804 0016 43B9     		cbnz	r3, .L71
 401:Core/Src/tetris.c **** 
 402:Core/Src/tetris.c ****     return active_piece_cell(x, y);
 805              		.loc 1 402 5 is_stmt 1 view .LVU186
 806              		.loc 1 402 12 is_stmt 0 view .LVU187
 807 0018 FFF7FEFF 		bl	active_piece_cell
 808              	.LVL62:
 809              	.L67:
 403:Core/Src/tetris.c **** }
 810              		.loc 1 403 1 view .LVU188
 811 001c 08BD     		pop	{r3, pc}
 812              	.LVL63:
 813              	.L68:
 814              	.LCFI8:
 815              		.cfi_def_cfa_offset 0
 816              		.cfi_restore 3
 817              		.cfi_restore 14
 399:Core/Src/tetris.c ****     if (board[y][x]) return true; 
 818              		.loc 1 399 64 discriminator 5 view .LVU189
 819 001e 0020     		movs	r0, #0
 820              	.LVL64:
 399:Core/Src/tetris.c ****     if (board[y][x]) return true; 
 821              		.loc 1 399 64 discriminator 5 view .LVU190
 822 0020 7047     		bx	lr
 823              	.LVL65:
 824              	.L69:
 399:Core/Src/tetris.c ****     if (board[y][x]) return true; 
 825              		.loc 1 399 64 discriminator 5 view .LVU191
 826 0022 0020     		movs	r0, #0
 827              	.LVL66:
 399:Core/Src/tetris.c ****     if (board[y][x]) return true; 
 828              		.loc 1 399 64 discriminator 5 view .LVU192
 829 0024 7047     		bx	lr
 830              	.LVL67:
 831              	.L70:
 399:Core/Src/tetris.c ****     if (board[y][x]) return true; 
 832              		.loc 1 399 64 discriminator 5 view .LVU193
 833 0026 0020     		movs	r0, #0
 834              	.LVL68:
 835              		.loc 1 403 1 view .LVU194
 836 0028 7047     		bx	lr
 837              	.LVL69:
 838              	.L71:
 839              	.LCFI9:
 840              		.cfi_def_cfa_offset 8
 841              		.cfi_offset 3, -8
 842              		.cfi_offset 14, -4
ARM GAS  C:\Users\crist\AppData\Local\Temp\ccWhY2jg.s 			page 23


 400:Core/Src/tetris.c **** 
 843              		.loc 1 400 29 discriminator 1 view .LVU195
 844 002a 0120     		movs	r0, #1
 845              	.LVL70:
 400:Core/Src/tetris.c **** 
 846              		.loc 1 400 29 discriminator 1 view .LVU196
 847 002c F6E7     		b	.L67
 848              	.L77:
 849 002e 00BF     		.align	2
 850              	.L76:
 851 0030 00000000 		.word	board
 852              		.cfi_endproc
 853              	.LFE93:
 855              		.section	.text.refill_bag,"ax",%progbits
 856              		.align	1
 857              		.syntax unified
 858              		.thumb
 859              		.thumb_func
 861              	refill_bag:
 862              	.LFB70:
  47:Core/Src/tetris.c ****     for (uint8_t i = 0; i < PIECE_COUNT; i++) {
 863              		.loc 1 47 30 is_stmt 1 view -0
 864              		.cfi_startproc
 865              		@ args = 0, pretend = 0, frame = 0
 866              		@ frame_needed = 0, uses_anonymous_args = 0
 867 0000 10B5     		push	{r4, lr}
 868              	.LCFI10:
 869              		.cfi_def_cfa_offset 8
 870              		.cfi_offset 4, -8
 871              		.cfi_offset 14, -4
  48:Core/Src/tetris.c ****         piece_bag[i] = i;
 872              		.loc 1 48 5 view .LVU198
 873              	.LBB7:
  48:Core/Src/tetris.c ****         piece_bag[i] = i;
 874              		.loc 1 48 10 view .LVU199
 875              	.LVL71:
  48:Core/Src/tetris.c ****         piece_bag[i] = i;
 876              		.loc 1 48 18 is_stmt 0 view .LVU200
 877 0002 0023     		movs	r3, #0
  48:Core/Src/tetris.c ****         piece_bag[i] = i;
 878              		.loc 1 48 5 view .LVU201
 879 0004 03E0     		b	.L79
 880              	.LVL72:
 881              	.L80:
  49:Core/Src/tetris.c ****     }
 882              		.loc 1 49 9 is_stmt 1 view .LVU202
  49:Core/Src/tetris.c ****     }
 883              		.loc 1 49 22 is_stmt 0 view .LVU203
 884 0006 0D4A     		ldr	r2, .L84
 885 0008 D354     		strb	r3, [r2, r3]
  48:Core/Src/tetris.c ****         piece_bag[i] = i;
 886              		.loc 1 48 43 is_stmt 1 discriminator 3 view .LVU204
 887 000a 0133     		adds	r3, r3, #1
 888              	.LVL73:
  48:Core/Src/tetris.c ****         piece_bag[i] = i;
 889              		.loc 1 48 43 is_stmt 0 discriminator 3 view .LVU205
 890 000c DBB2     		uxtb	r3, r3
ARM GAS  C:\Users\crist\AppData\Local\Temp\ccWhY2jg.s 			page 24


 891              	.LVL74:
 892              	.L79:
  48:Core/Src/tetris.c ****         piece_bag[i] = i;
 893              		.loc 1 48 27 is_stmt 1 discriminator 1 view .LVU206
 894 000e 062B     		cmp	r3, #6
 895 0010 F9D9     		bls	.L80
 896              	.LBE7:
 897              	.LBB8:
  52:Core/Src/tetris.c ****         int j = rand() % (i + 1);
 898              		.loc 1 52 14 is_stmt 0 view .LVU207
 899 0012 0624     		movs	r4, #6
 900 0014 0CE0     		b	.L81
 901              	.LVL75:
 902              	.L82:
 903              	.LBB9:
  53:Core/Src/tetris.c ****         uint8_t tmp = piece_bag[i];
 904              		.loc 1 53 9 is_stmt 1 view .LVU208
  53:Core/Src/tetris.c ****         uint8_t tmp = piece_bag[i];
 905              		.loc 1 53 17 is_stmt 0 view .LVU209
 906 0016 FFF7FEFF 		bl	rand
 907              	.LVL76:
  53:Core/Src/tetris.c ****         uint8_t tmp = piece_bag[i];
 908              		.loc 1 53 29 discriminator 1 view .LVU210
 909 001a 631C     		adds	r3, r4, #1
  53:Core/Src/tetris.c ****         uint8_t tmp = piece_bag[i];
 910              		.loc 1 53 13 discriminator 1 view .LVU211
 911 001c 90FBF3F2 		sdiv	r2, r0, r3
 912 0020 03FB1200 		mls	r0, r3, r2, r0
 913              	.LVL77:
  54:Core/Src/tetris.c ****         piece_bag[i] = piece_bag[j];
 914              		.loc 1 54 9 is_stmt 1 view .LVU212
  54:Core/Src/tetris.c ****         piece_bag[i] = piece_bag[j];
 915              		.loc 1 54 17 is_stmt 0 view .LVU213
 916 0024 054B     		ldr	r3, .L84
 917 0026 1A5D     		ldrb	r2, [r3, r4]	@ zero_extendqisi2
 918              	.LVL78:
  55:Core/Src/tetris.c ****         piece_bag[j] = tmp;
 919              		.loc 1 55 9 is_stmt 1 view .LVU214
  55:Core/Src/tetris.c ****         piece_bag[j] = tmp;
 920              		.loc 1 55 33 is_stmt 0 view .LVU215
 921 0028 195C     		ldrb	r1, [r3, r0]	@ zero_extendqisi2
  55:Core/Src/tetris.c ****         piece_bag[j] = tmp;
 922              		.loc 1 55 22 view .LVU216
 923 002a 1955     		strb	r1, [r3, r4]
  56:Core/Src/tetris.c ****     }
 924              		.loc 1 56 9 is_stmt 1 view .LVU217
  56:Core/Src/tetris.c ****     }
 925              		.loc 1 56 22 is_stmt 0 view .LVU218
 926 002c 1A54     		strb	r2, [r3, r0]
 927              	.LBE9:
  52:Core/Src/tetris.c ****         int j = rand() % (i + 1);
 928              		.loc 1 52 43 is_stmt 1 discriminator 3 view .LVU219
 929 002e 013C     		subs	r4, r4, #1
 930              	.LVL79:
 931              	.L81:
  52:Core/Src/tetris.c ****         int j = rand() % (i + 1);
 932              		.loc 1 52 37 discriminator 1 view .LVU220
ARM GAS  C:\Users\crist\AppData\Local\Temp\ccWhY2jg.s 			page 25


 933 0030 002C     		cmp	r4, #0
 934 0032 F0DC     		bgt	.L82
 935              	.LBE8:
  59:Core/Src/tetris.c **** }
 936              		.loc 1 59 5 view .LVU221
  59:Core/Src/tetris.c **** }
 937              		.loc 1 59 15 is_stmt 0 view .LVU222
 938 0034 024B     		ldr	r3, .L84+4
 939 0036 0022     		movs	r2, #0
 940 0038 1A70     		strb	r2, [r3]
  60:Core/Src/tetris.c **** 
 941              		.loc 1 60 1 view .LVU223
 942 003a 10BD     		pop	{r4, pc}
 943              	.LVL80:
 944              	.L85:
  60:Core/Src/tetris.c **** 
 945              		.loc 1 60 1 view .LVU224
 946              		.align	2
 947              	.L84:
 948 003c 00000000 		.word	piece_bag
 949 0040 00000000 		.word	bag_index
 950              		.cfi_endproc
 951              	.LFE70:
 953              		.section	.text.draw_from_bag,"ax",%progbits
 954              		.align	1
 955              		.syntax unified
 956              		.thumb
 957              		.thumb_func
 959              	draw_from_bag:
 960              	.LFB71:
  62:Core/Src/tetris.c ****     if (bag_index >= PIECE_COUNT) {
 961              		.loc 1 62 36 is_stmt 1 view -0
 962              		.cfi_startproc
 963              		@ args = 0, pretend = 0, frame = 0
 964              		@ frame_needed = 0, uses_anonymous_args = 0
 965 0000 08B5     		push	{r3, lr}
 966              	.LCFI11:
 967              		.cfi_def_cfa_offset 8
 968              		.cfi_offset 3, -8
 969              		.cfi_offset 14, -4
  63:Core/Src/tetris.c ****         refill_bag();
 970              		.loc 1 63 5 view .LVU226
  63:Core/Src/tetris.c ****         refill_bag();
 971              		.loc 1 63 19 is_stmt 0 view .LVU227
 972 0002 074B     		ldr	r3, .L90
 973 0004 1B78     		ldrb	r3, [r3]	@ zero_extendqisi2
  63:Core/Src/tetris.c ****         refill_bag();
 974              		.loc 1 63 8 view .LVU228
 975 0006 062B     		cmp	r3, #6
 976 0008 06D8     		bhi	.L89
 977              	.L87:
  67:Core/Src/tetris.c **** }
 978              		.loc 1 67 5 is_stmt 1 view .LVU229
  67:Core/Src/tetris.c **** }
 979              		.loc 1 67 31 is_stmt 0 view .LVU230
 980 000a 054A     		ldr	r2, .L90
 981 000c 1378     		ldrb	r3, [r2]	@ zero_extendqisi2
ARM GAS  C:\Users\crist\AppData\Local\Temp\ccWhY2jg.s 			page 26


 982 000e 591C     		adds	r1, r3, #1
 983 0010 1170     		strb	r1, [r2]
  68:Core/Src/tetris.c **** 
 984              		.loc 1 68 1 view .LVU231
 985 0012 044A     		ldr	r2, .L90+4
 986 0014 D05C     		ldrb	r0, [r2, r3]	@ zero_extendqisi2
 987 0016 08BD     		pop	{r3, pc}
 988              	.L89:
  64:Core/Src/tetris.c ****     }
 989              		.loc 1 64 9 is_stmt 1 view .LVU232
 990 0018 FFF7FEFF 		bl	refill_bag
 991              	.LVL81:
 992 001c F5E7     		b	.L87
 993              	.L91:
 994 001e 00BF     		.align	2
 995              	.L90:
 996 0020 00000000 		.word	bag_index
 997 0024 00000000 		.word	piece_bag
 998              		.cfi_endproc
 999              	.LFE71:
 1001              		.section	.text.spawn_piece,"ax",%progbits
 1002              		.align	1
 1003              		.syntax unified
 1004              		.thumb
 1005              		.thumb_func
 1007              	spawn_piece:
 1008              	.LFB73:
  84:Core/Src/tetris.c ****     piece_type = (int8_t)next_piece;
 1009              		.loc 1 84 31 view -0
 1010              		.cfi_startproc
 1011              		@ args = 0, pretend = 0, frame = 0
 1012              		@ frame_needed = 0, uses_anonymous_args = 0
 1013 0000 10B5     		push	{r4, lr}
 1014              	.LCFI12:
 1015              		.cfi_def_cfa_offset 8
 1016              		.cfi_offset 4, -8
 1017              		.cfi_offset 14, -4
  85:Core/Src/tetris.c ****     next_piece = draw_from_bag();
 1018              		.loc 1 85 5 view .LVU234
  85:Core/Src/tetris.c ****     next_piece = draw_from_bag();
 1019              		.loc 1 85 18 is_stmt 0 view .LVU235
 1020 0002 0D4C     		ldr	r4, .L95
 1021 0004 94F90020 		ldrsb	r2, [r4]
  85:Core/Src/tetris.c ****     next_piece = draw_from_bag();
 1022              		.loc 1 85 16 view .LVU236
 1023 0008 0C4B     		ldr	r3, .L95+4
 1024 000a 1A70     		strb	r2, [r3]
  86:Core/Src/tetris.c ****     piece_rot = 0;
 1025              		.loc 1 86 5 is_stmt 1 view .LVU237
  86:Core/Src/tetris.c ****     piece_rot = 0;
 1026              		.loc 1 86 18 is_stmt 0 view .LVU238
 1027 000c FFF7FEFF 		bl	draw_from_bag
 1028              	.LVL82:
  86:Core/Src/tetris.c ****     piece_rot = 0;
 1029              		.loc 1 86 16 discriminator 1 view .LVU239
 1030 0010 2070     		strb	r0, [r4]
  87:Core/Src/tetris.c ****     piece_x = BOARD_W / 2 - 2;
ARM GAS  C:\Users\crist\AppData\Local\Temp\ccWhY2jg.s 			page 27


 1031              		.loc 1 87 5 is_stmt 1 view .LVU240
  87:Core/Src/tetris.c ****     piece_x = BOARD_W / 2 - 2;
 1032              		.loc 1 87 15 is_stmt 0 view .LVU241
 1033 0012 0022     		movs	r2, #0
 1034 0014 0A4B     		ldr	r3, .L95+8
 1035 0016 1A70     		strb	r2, [r3]
  88:Core/Src/tetris.c ****     piece_y = -2;
 1036              		.loc 1 88 5 is_stmt 1 view .LVU242
  88:Core/Src/tetris.c ****     piece_y = -2;
 1037              		.loc 1 88 13 is_stmt 0 view .LVU243
 1038 0018 0220     		movs	r0, #2
 1039 001a 0A4B     		ldr	r3, .L95+12
 1040 001c 1870     		strb	r0, [r3]
  89:Core/Src/tetris.c **** 
 1041              		.loc 1 89 5 is_stmt 1 view .LVU244
  89:Core/Src/tetris.c **** 
 1042              		.loc 1 89 13 is_stmt 0 view .LVU245
 1043 001e 0A4B     		ldr	r3, .L95+16
 1044 0020 FE21     		movs	r1, #254
 1045 0022 1970     		strb	r1, [r3]
  91:Core/Src/tetris.c ****         game_over = true;
 1046              		.loc 1 91 5 is_stmt 1 view .LVU246
  91:Core/Src/tetris.c ****         game_over = true;
 1047              		.loc 1 91 9 is_stmt 0 view .LVU247
 1048 0024 6FF00101 		mvn	r1, #1
 1049 0028 FFF7FEFF 		bl	check_collision
 1050              	.LVL83:
  91:Core/Src/tetris.c ****         game_over = true;
 1051              		.loc 1 91 8 discriminator 1 view .LVU248
 1052 002c 10B1     		cbz	r0, .L92
  92:Core/Src/tetris.c ****     }
 1053              		.loc 1 92 9 is_stmt 1 view .LVU249
  92:Core/Src/tetris.c ****     }
 1054              		.loc 1 92 19 is_stmt 0 view .LVU250
 1055 002e 074B     		ldr	r3, .L95+20
 1056 0030 0122     		movs	r2, #1
 1057 0032 1A70     		strb	r2, [r3]
 1058              	.L92:
  94:Core/Src/tetris.c **** 
 1059              		.loc 1 94 1 view .LVU251
 1060 0034 10BD     		pop	{r4, pc}
 1061              	.L96:
 1062 0036 00BF     		.align	2
 1063              	.L95:
 1064 0038 00000000 		.word	next_piece
 1065 003c 00000000 		.word	piece_type
 1066 0040 00000000 		.word	piece_rot
 1067 0044 00000000 		.word	piece_x
 1068 0048 00000000 		.word	piece_y
 1069 004c 00000000 		.word	game_over
 1070              		.cfi_endproc
 1071              	.LFE73:
 1073              		.section	.text.clear_full_lines,"ax",%progbits
 1074              		.align	1
 1075              		.syntax unified
 1076              		.thumb
 1077              		.thumb_func
ARM GAS  C:\Users\crist\AppData\Local\Temp\ccWhY2jg.s 			page 28


 1079              	clear_full_lines:
 1080              	.LFB74:
  96:Core/Src/tetris.c ****     uint8_t cleared = 0;
 1081              		.loc 1 96 39 is_stmt 1 view -0
 1082              		.cfi_startproc
 1083              		@ args = 0, pretend = 0, frame = 0
 1084              		@ frame_needed = 0, uses_anonymous_args = 0
  97:Core/Src/tetris.c **** 
 1085              		.loc 1 97 5 view .LVU253
 1086              	.LVL84:
  99:Core/Src/tetris.c ****         bool full = true;
 1087              		.loc 1 99 5 view .LVU254
 1088              	.LBB10:
  99:Core/Src/tetris.c ****         bool full = true;
 1089              		.loc 1 99 10 view .LVU255
  99:Core/Src/tetris.c ****         bool full = true;
 1090              		.loc 1 99 14 is_stmt 0 view .LVU256
 1091 0000 1321     		movs	r1, #19
 1092              	.LBE10:
  97:Core/Src/tetris.c **** 
 1093              		.loc 1 97 13 view .LVU257
 1094 0002 0020     		movs	r0, #0
 1095              	.LBB21:
  99:Core/Src/tetris.c ****         bool full = true;
 1096              		.loc 1 99 5 view .LVU258
 1097 0004 2DE0     		b	.L109
 1098              	.LVL85:
 1099              	.L122:
 1100              	.LCFI13:
 1101              		.cfi_def_cfa_offset 12
 1102              		.cfi_offset 4, -12
 1103              		.cfi_offset 5, -8
 1104              		.cfi_offset 14, -4
 1105              	.LBB11:
 100:Core/Src/tetris.c **** 
 1106              		.loc 1 100 14 view .LVU259
 1107 0006 0123     		movs	r3, #1
 1108              	.LVL86:
 1109              	.L99:
 109:Core/Src/tetris.c ****             for (int r = y; r > 0; r--) {
 1110              		.loc 1 109 9 is_stmt 1 view .LVU260
 109:Core/Src/tetris.c ****             for (int r = y; r > 0; r--) {
 1111              		.loc 1 109 12 is_stmt 0 view .LVU261
 1112 0008 CBB1     		cbz	r3, .L102
 1113 000a 3AE0     		b	.L106
 1114              	.LVL87:
 1115              	.L105:
 1116              	.LBB12:
 104:Core/Src/tetris.c ****                 break;
 1117              		.loc 1 104 22 view .LVU262
 1118 000c 0023     		movs	r3, #0
 1119              	.LVL88:
 104:Core/Src/tetris.c ****                 break;
 1120              		.loc 1 104 22 view .LVU263
 1121 000e FBE7     		b	.L99
 1122              	.LVL89:
 1123              	.L103:
ARM GAS  C:\Users\crist\AppData\Local\Temp\ccWhY2jg.s 			page 29


 104:Core/Src/tetris.c ****                 break;
 1124              		.loc 1 104 22 view .LVU264
 1125              	.LBE12:
 1126              	.LBB13:
 111:Core/Src/tetris.c ****             }
 1127              		.loc 1 111 17 is_stmt 1 view .LVU265
 111:Core/Src/tetris.c ****             }
 1128              		.loc 1 111 29 is_stmt 0 view .LVU266
 1129 0010 DC00     		lsls	r4, r3, #3
 1130 0012 1D4A     		ldr	r2, .L125
 1131 0014 02EBC30C 		add	ip, r2, r3, lsl #3
 111:Core/Src/tetris.c ****             }
 1132              		.loc 1 111 42 view .LVU267
 1133 0018 013B     		subs	r3, r3, #1
 1134              	.LVL90:
 111:Core/Src/tetris.c ****             }
 1135              		.loc 1 111 39 view .LVU268
 1136 001a 02EBC30E 		add	lr, r2, r3, lsl #3
 111:Core/Src/tetris.c ****             }
 1137              		.loc 1 111 17 view .LVU269
 1138 001e 52F83350 		ldr	r5, [r2, r3, lsl #3]	@ unaligned
 1139 0022 DEF804E0 		ldr	lr, [lr, #4]	@ unaligned
 1140 0026 1551     		str	r5, [r2, r4]	@ unaligned
 1141 0028 CCF804E0 		str	lr, [ip, #4]	@ unaligned
 110:Core/Src/tetris.c ****                 memcpy(board[r], board[r - 1], BOARD_W);
 1142              		.loc 1 110 37 is_stmt 1 discriminator 3 view .LVU270
 1143              	.LVL91:
 1144              	.L101:
 110:Core/Src/tetris.c ****                 memcpy(board[r], board[r - 1], BOARD_W);
 1145              		.loc 1 110 31 discriminator 1 view .LVU271
 1146 002c 002B     		cmp	r3, #0
 1147 002e EFDC     		bgt	.L103
 1148              	.LBE13:
 113:Core/Src/tetris.c ****             cleared++;
 1149              		.loc 1 113 13 view .LVU272
 1150 0030 154B     		ldr	r3, .L125
 1151              	.LVL92:
 113:Core/Src/tetris.c ****             cleared++;
 1152              		.loc 1 113 13 is_stmt 0 view .LVU273
 1153 0032 0022     		movs	r2, #0
 1154 0034 1A60     		str	r2, [r3]
 1155 0036 5A60     		str	r2, [r3, #4]
 114:Core/Src/tetris.c ****             y++;
 1156              		.loc 1 114 13 is_stmt 1 view .LVU274
 114:Core/Src/tetris.c ****             y++;
 1157              		.loc 1 114 20 is_stmt 0 view .LVU275
 1158 0038 0130     		adds	r0, r0, #1
 1159              	.LVL93:
 114:Core/Src/tetris.c ****             y++;
 1160              		.loc 1 114 20 view .LVU276
 1161 003a C0B2     		uxtb	r0, r0
 1162              	.LVL94:
 115:Core/Src/tetris.c ****         }
 1163              		.loc 1 115 13 is_stmt 1 view .LVU277
 115:Core/Src/tetris.c ****         }
 1164              		.loc 1 115 14 is_stmt 0 view .LVU278
 1165 003c 0131     		adds	r1, r1, #1
ARM GAS  C:\Users\crist\AppData\Local\Temp\ccWhY2jg.s 			page 30


 1166              	.LVL95:
 1167              	.L102:
 115:Core/Src/tetris.c ****         }
 1168              		.loc 1 115 14 view .LVU279
 1169              	.LBE11:
  99:Core/Src/tetris.c ****         bool full = true;
 1170              		.loc 1 99 40 is_stmt 1 discriminator 2 view .LVU280
 1171 003e 0139     		subs	r1, r1, #1
 1172              	.LVL96:
  99:Core/Src/tetris.c ****         bool full = true;
 1173              		.loc 1 99 33 discriminator 1 view .LVU281
 1174 0040 0029     		cmp	r1, #0
 1175 0042 0ADB     		blt	.L121
 1176              	.LBB17:
 1177              	.LBB14:
 102:Core/Src/tetris.c ****             if (!board[y][x]) {
 1178              		.loc 1 102 18 is_stmt 0 view .LVU282
 1179 0044 0023     		movs	r3, #0
 1180              	.L104:
 1181              	.LVL97:
 102:Core/Src/tetris.c ****             if (!board[y][x]) {
 1182              		.loc 1 102 27 is_stmt 1 discriminator 1 view .LVU283
 1183 0046 072B     		cmp	r3, #7
 1184 0048 DDDC     		bgt	.L122
 103:Core/Src/tetris.c ****                 full = false;
 1185              		.loc 1 103 13 view .LVU284
 103:Core/Src/tetris.c ****                 full = false;
 1186              		.loc 1 103 26 is_stmt 0 view .LVU285
 1187 004a 0F4A     		ldr	r2, .L125
 1188 004c 02EBC102 		add	r2, r2, r1, lsl #3
 1189 0050 D25C     		ldrb	r2, [r2, r3]	@ zero_extendqisi2
 103:Core/Src/tetris.c ****                 full = false;
 1190              		.loc 1 103 16 view .LVU286
 1191 0052 002A     		cmp	r2, #0
 1192 0054 DAD0     		beq	.L105
 102:Core/Src/tetris.c ****             if (!board[y][x]) {
 1193              		.loc 1 102 39 is_stmt 1 discriminator 2 view .LVU287
 1194 0056 0133     		adds	r3, r3, #1
 1195              	.LVL98:
 102:Core/Src/tetris.c ****             if (!board[y][x]) {
 1196              		.loc 1 102 39 is_stmt 0 discriminator 2 view .LVU288
 1197 0058 F5E7     		b	.L104
 1198              	.LVL99:
 1199              	.L121:
 102:Core/Src/tetris.c ****             if (!board[y][x]) {
 1200              		.loc 1 102 39 discriminator 2 view .LVU289
 1201              	.LBE14:
 1202              	.LBE17:
 1203              	.LBE21:
 119:Core/Src/tetris.c **** }
 1204              		.loc 1 119 5 is_stmt 1 view .LVU290
 120:Core/Src/tetris.c **** 
 1205              		.loc 1 120 1 is_stmt 0 view .LVU291
 1206 005a 30BD     		pop	{r4, r5, pc}
 1207              	.LVL100:
 1208              	.L124:
 1209              	.LCFI14:
ARM GAS  C:\Users\crist\AppData\Local\Temp\ccWhY2jg.s 			page 31


 1210              		.cfi_def_cfa_offset 0
 1211              		.cfi_restore 4
 1212              		.cfi_restore 5
 1213              		.cfi_restore 14
 1214              	.LBB22:
 1215              	.LBB18:
 100:Core/Src/tetris.c **** 
 1216              		.loc 1 100 14 view .LVU292
 1217 005c 0123     		movs	r3, #1
 1218              	.LVL101:
 1219              	.L115:
 109:Core/Src/tetris.c ****             for (int r = y; r > 0; r--) {
 1220              		.loc 1 109 9 is_stmt 1 view .LVU293
 109:Core/Src/tetris.c ****             for (int r = y; r > 0; r--) {
 1221              		.loc 1 109 12 is_stmt 0 view .LVU294
 1222 005e 7BB9     		cbnz	r3, .L120
 109:Core/Src/tetris.c ****             for (int r = y; r > 0; r--) {
 1223              		.loc 1 109 12 view .LVU295
 1224              	.LBE18:
  99:Core/Src/tetris.c ****         bool full = true;
 1225              		.loc 1 99 40 is_stmt 1 discriminator 2 view .LVU296
 1226 0060 0139     		subs	r1, r1, #1
 1227              	.LVL102:
 1228              	.L109:
  99:Core/Src/tetris.c ****         bool full = true;
 1229              		.loc 1 99 33 discriminator 1 view .LVU297
 1230 0062 0029     		cmp	r1, #0
 1231 0064 0BDB     		blt	.L123
 1232              	.LBB19:
 1233              	.LBB15:
 102:Core/Src/tetris.c ****             if (!board[y][x]) {
 1234              		.loc 1 102 18 is_stmt 0 view .LVU298
 1235 0066 0023     		movs	r3, #0
 1236              	.L112:
 1237              	.LVL103:
 102:Core/Src/tetris.c ****             if (!board[y][x]) {
 1238              		.loc 1 102 27 is_stmt 1 discriminator 1 view .LVU299
 1239 0068 072B     		cmp	r3, #7
 1240 006a F7DC     		bgt	.L124
 103:Core/Src/tetris.c ****                 full = false;
 1241              		.loc 1 103 13 view .LVU300
 103:Core/Src/tetris.c ****                 full = false;
 1242              		.loc 1 103 26 is_stmt 0 view .LVU301
 1243 006c 064A     		ldr	r2, .L125
 1244 006e 02EBC102 		add	r2, r2, r1, lsl #3
 1245 0072 D25C     		ldrb	r2, [r2, r3]	@ zero_extendqisi2
 103:Core/Src/tetris.c ****                 full = false;
 1246              		.loc 1 103 16 view .LVU302
 1247 0074 0AB1     		cbz	r2, .L110
 102:Core/Src/tetris.c ****             if (!board[y][x]) {
 1248              		.loc 1 102 39 is_stmt 1 discriminator 2 view .LVU303
 1249 0076 0133     		adds	r3, r3, #1
 1250              	.LVL104:
 102:Core/Src/tetris.c ****             if (!board[y][x]) {
 1251              		.loc 1 102 39 is_stmt 0 discriminator 2 view .LVU304
 1252 0078 F6E7     		b	.L112
 1253              	.L110:
ARM GAS  C:\Users\crist\AppData\Local\Temp\ccWhY2jg.s 			page 32


 104:Core/Src/tetris.c ****                 break;
 1254              		.loc 1 104 22 view .LVU305
 1255 007a 0023     		movs	r3, #0
 1256              	.LVL105:
 104:Core/Src/tetris.c ****                 break;
 1257              		.loc 1 104 22 view .LVU306
 1258 007c EFE7     		b	.L115
 1259              	.LVL106:
 1260              	.L123:
 104:Core/Src/tetris.c ****                 break;
 1261              		.loc 1 104 22 view .LVU307
 1262 007e 7047     		bx	lr
 1263              	.LVL107:
 1264              	.L120:
 104:Core/Src/tetris.c ****                 break;
 1265              		.loc 1 104 22 view .LVU308
 1266              	.LBE15:
 1267              	.LBE19:
 1268              	.LBE22:
  96:Core/Src/tetris.c ****     uint8_t cleared = 0;
 1269              		.loc 1 96 39 view .LVU309
 1270 0080 30B5     		push	{r4, r5, lr}
 1271              	.LCFI15:
 1272              		.cfi_def_cfa_offset 12
 1273              		.cfi_offset 4, -12
 1274              		.cfi_offset 5, -8
 1275              		.cfi_offset 14, -4
 1276              	.LVL108:
 1277              	.L106:
 1278              	.LBB23:
 1279              	.LBB20:
 1280              	.LBB16:
 110:Core/Src/tetris.c ****                 memcpy(board[r], board[r - 1], BOARD_W);
 1281              		.loc 1 110 22 view .LVU310
 1282 0082 0B46     		mov	r3, r1
 1283              	.LVL109:
 110:Core/Src/tetris.c ****                 memcpy(board[r], board[r - 1], BOARD_W);
 1284              		.loc 1 110 22 view .LVU311
 1285 0084 D2E7     		b	.L101
 1286              	.L126:
 1287 0086 00BF     		.align	2
 1288              	.L125:
 1289 0088 00000000 		.word	board
 1290              	.LBE16:
 1291              	.LBE20:
 1292              	.LBE23:
 1293              		.cfi_endproc
 1294              	.LFE74:
 1296              		.section	.text.lock_piece,"ax",%progbits
 1297              		.align	1
 1298              		.syntax unified
 1299              		.thumb
 1300              		.thumb_func
 1302              	lock_piece:
 1303              	.LFB76:
 136:Core/Src/tetris.c ****     for (int y = 0; y < 4; y++) {
 1304              		.loc 1 136 30 is_stmt 1 view -0
ARM GAS  C:\Users\crist\AppData\Local\Temp\ccWhY2jg.s 			page 33


 1305              		.cfi_startproc
 1306              		@ args = 0, pretend = 0, frame = 0
 1307              		@ frame_needed = 0, uses_anonymous_args = 0
 1308 0000 38B5     		push	{r3, r4, r5, lr}
 1309              	.LCFI16:
 1310              		.cfi_def_cfa_offset 16
 1311              		.cfi_offset 3, -16
 1312              		.cfi_offset 4, -12
 1313              		.cfi_offset 5, -8
 1314              		.cfi_offset 14, -4
 137:Core/Src/tetris.c ****         for (int x = 0; x < 4; x++) {
 1315              		.loc 1 137 5 view .LVU313
 1316              	.LBB24:
 137:Core/Src/tetris.c ****         for (int x = 0; x < 4; x++) {
 1317              		.loc 1 137 10 view .LVU314
 1318              	.LVL110:
 137:Core/Src/tetris.c ****         for (int x = 0; x < 4; x++) {
 1319              		.loc 1 137 14 is_stmt 0 view .LVU315
 1320 0002 0025     		movs	r5, #0
 137:Core/Src/tetris.c ****         for (int x = 0; x < 4; x++) {
 1321              		.loc 1 137 5 view .LVU316
 1322 0004 1EE0     		b	.L128
 1323              	.LVL111:
 1324              	.L129:
 1325              	.LBB25:
 138:Core/Src/tetris.c ****             if (get_shape_cell(piece_type, piece_rot, x, y) && (piece_y + y >= 0)) {
 1326              		.loc 1 138 33 is_stmt 1 discriminator 2 view .LVU317
 1327 0006 0134     		adds	r4, r4, #1
 1328              	.LVL112:
 1329              	.L131:
 138:Core/Src/tetris.c ****             if (get_shape_cell(piece_type, piece_rot, x, y) && (piece_y + y >= 0)) {
 1330              		.loc 1 138 27 discriminator 1 view .LVU318
 1331 0008 032C     		cmp	r4, #3
 1332 000a 1ADC     		bgt	.L134
 139:Core/Src/tetris.c ****                 board[piece_y + y][piece_x + x] = 1;
 1333              		.loc 1 139 13 view .LVU319
 139:Core/Src/tetris.c ****                 board[piece_y + y][piece_x + x] = 1;
 1334              		.loc 1 139 17 is_stmt 0 view .LVU320
 1335 000c 2B46     		mov	r3, r5
 1336 000e 2246     		mov	r2, r4
 1337 0010 1249     		ldr	r1, .L136
 1338 0012 91F90010 		ldrsb	r1, [r1]
 1339 0016 1248     		ldr	r0, .L136+4
 1340 0018 90F90000 		ldrsb	r0, [r0]
 1341 001c FFF7FEFF 		bl	get_shape_cell
 1342              	.LVL113:
 139:Core/Src/tetris.c ****                 board[piece_y + y][piece_x + x] = 1;
 1343              		.loc 1 139 16 discriminator 1 view .LVU321
 1344 0020 0028     		cmp	r0, #0
 1345 0022 F0D0     		beq	.L129
 139:Core/Src/tetris.c ****                 board[piece_y + y][piece_x + x] = 1;
 1346              		.loc 1 139 73 discriminator 1 view .LVU322
 1347 0024 0F4B     		ldr	r3, .L136+8
 1348 0026 93F90030 		ldrsb	r3, [r3]
 139:Core/Src/tetris.c ****                 board[piece_y + y][piece_x + x] = 1;
 1349              		.loc 1 139 61 discriminator 1 view .LVU323
 1350 002a 5B19     		adds	r3, r3, r5
ARM GAS  C:\Users\crist\AppData\Local\Temp\ccWhY2jg.s 			page 34


 1351 002c EBD4     		bmi	.L129
 140:Core/Src/tetris.c ****             }
 1352              		.loc 1 140 17 is_stmt 1 view .LVU324
 140:Core/Src/tetris.c ****             }
 1353              		.loc 1 140 44 is_stmt 0 view .LVU325
 1354 002e 0E4A     		ldr	r2, .L136+12
 1355 0030 92F90020 		ldrsb	r2, [r2]
 1356 0034 2244     		add	r2, r2, r4
 140:Core/Src/tetris.c ****             }
 1357              		.loc 1 140 49 view .LVU326
 1358 0036 0D49     		ldr	r1, .L136+16
 1359 0038 01EBC303 		add	r3, r1, r3, lsl #3
 1360 003c 0121     		movs	r1, #1
 1361 003e 9954     		strb	r1, [r3, r2]
 1362 0040 E1E7     		b	.L129
 1363              	.L134:
 140:Core/Src/tetris.c ****             }
 1364              		.loc 1 140 49 view .LVU327
 1365              	.LBE25:
 137:Core/Src/tetris.c ****         for (int x = 0; x < 4; x++) {
 1366              		.loc 1 137 29 is_stmt 1 discriminator 2 view .LVU328
 1367 0042 0135     		adds	r5, r5, #1
 1368              	.LVL114:
 1369              	.L128:
 137:Core/Src/tetris.c ****         for (int x = 0; x < 4; x++) {
 1370              		.loc 1 137 23 discriminator 1 view .LVU329
 1371 0044 032D     		cmp	r5, #3
 1372 0046 01DC     		bgt	.L135
 1373              	.LBB26:
 138:Core/Src/tetris.c ****             if (get_shape_cell(piece_type, piece_rot, x, y) && (piece_y + y >= 0)) {
 1374              		.loc 1 138 18 is_stmt 0 view .LVU330
 1375 0048 0024     		movs	r4, #0
 1376 004a DDE7     		b	.L131
 1377              	.L135:
 1378              	.LBE26:
 1379              	.LBE24:
 145:Core/Src/tetris.c ****     spawn_piece();
 1380              		.loc 1 145 5 is_stmt 1 view .LVU331
 1381 004c FFF7FEFF 		bl	clear_full_lines
 1382              	.LVL115:
 145:Core/Src/tetris.c ****     spawn_piece();
 1383              		.loc 1 145 5 is_stmt 0 discriminator 1 view .LVU332
 1384 0050 FFF7FEFF 		bl	award_line_score
 1385              	.LVL116:
 146:Core/Src/tetris.c **** }
 1386              		.loc 1 146 5 is_stmt 1 view .LVU333
 1387 0054 FFF7FEFF 		bl	spawn_piece
 1388              	.LVL117:
 147:Core/Src/tetris.c **** 
 1389              		.loc 1 147 1 is_stmt 0 view .LVU334
 1390 0058 38BD     		pop	{r3, r4, r5, pc}
 1391              	.LVL118:
 1392              	.L137:
 147:Core/Src/tetris.c **** 
 1393              		.loc 1 147 1 view .LVU335
 1394 005a 00BF     		.align	2
 1395              	.L136:
ARM GAS  C:\Users\crist\AppData\Local\Temp\ccWhY2jg.s 			page 35


 1396 005c 00000000 		.word	piece_rot
 1397 0060 00000000 		.word	piece_type
 1398 0064 00000000 		.word	piece_y
 1399 0068 00000000 		.word	piece_x
 1400 006c 00000000 		.word	board
 1401              		.cfi_endproc
 1402              	.LFE76:
 1404              		.section	.rodata.build_preview_row.str1.4,"aMS",%progbits,1
 1405              		.align	2
 1406              	.LC0:
 1407 0000 5B5D00   		.ascii	"[]\000"
 1408 0003 00       		.align	2
 1409              	.LC1:
 1410 0004 202000   		.ascii	"  \000"
 1411 0007 00       		.align	2
 1412              	.LC2:
 1413 0008 257300   		.ascii	"%s\000"
 1414              		.section	.text.build_preview_row,"ax",%progbits
 1415              		.align	1
 1416              		.syntax unified
 1417              		.thumb
 1418              		.thumb_func
 1420              	build_preview_row:
 1421              	.LVL119:
 1422              	.LFB84:
 218:Core/Src/tetris.c ****     int used = 0;
 1423              		.loc 1 218 75 is_stmt 1 view -0
 1424              		.cfi_startproc
 1425              		@ args = 0, pretend = 0, frame = 0
 1426              		@ frame_needed = 0, uses_anonymous_args = 0
 218:Core/Src/tetris.c ****     int used = 0;
 1427              		.loc 1 218 75 is_stmt 0 view .LVU337
 1428 0000 2DE9F84F 		push	{r3, r4, r5, r6, r7, r8, r9, r10, fp, lr}
 1429              	.LCFI17:
 1430              		.cfi_def_cfa_offset 40
 1431              		.cfi_offset 3, -40
 1432              		.cfi_offset 4, -36
 1433              		.cfi_offset 5, -32
 1434              		.cfi_offset 6, -28
 1435              		.cfi_offset 7, -24
 1436              		.cfi_offset 8, -20
 1437              		.cfi_offset 9, -16
 1438              		.cfi_offset 10, -12
 1439              		.cfi_offset 11, -8
 1440              		.cfi_offset 14, -4
 1441 0004 8246     		mov	r10, r0
 1442 0006 8946     		mov	r9, r1
 1443 0008 9046     		mov	r8, r2
 1444 000a 1F46     		mov	r7, r3
 219:Core/Src/tetris.c **** 
 1445              		.loc 1 219 5 is_stmt 1 view .LVU338
 1446              	.LVL120:
 221:Core/Src/tetris.c ****         used += snprintf(dst + used, len - used, "%s",
 1447              		.loc 1 221 5 view .LVU339
 1448              	.LBB27:
 221:Core/Src/tetris.c ****         used += snprintf(dst + used, len - used, "%s",
 1449              		.loc 1 221 10 view .LVU340
ARM GAS  C:\Users\crist\AppData\Local\Temp\ccWhY2jg.s 			page 36


 221:Core/Src/tetris.c ****         used += snprintf(dst + used, len - used, "%s",
 1450              		.loc 1 221 14 is_stmt 0 view .LVU341
 1451 000c 0024     		movs	r4, #0
 1452              	.LBE27:
 219:Core/Src/tetris.c **** 
 1453              		.loc 1 219 9 view .LVU342
 1454 000e 2546     		mov	r5, r4
 1455              	.LBB28:
 221:Core/Src/tetris.c ****         used += snprintf(dst + used, len - used, "%s",
 1456              		.loc 1 221 5 view .LVU343
 1457 0010 07E0     		b	.L139
 1458              	.LVL121:
 1459              	.L142:
 222:Core/Src/tetris.c ****                          get_shape_cell(type, 0, x, y) ? "[]" : "  ");
 1460              		.loc 1 222 17 discriminator 2 view .LVU344
 1461 0012 0D4B     		ldr	r3, .L145
 1462              	.L140:
 222:Core/Src/tetris.c ****                          get_shape_cell(type, 0, x, y) ? "[]" : "  ");
 1463              		.loc 1 222 17 discriminator 4 view .LVU345
 1464 0014 0D4A     		ldr	r2, .L145+4
 1465 0016 5946     		mov	r1, fp
 1466 0018 3046     		mov	r0, r6
 1467 001a FFF7FEFF 		bl	snprintf
 1468              	.LVL122:
 222:Core/Src/tetris.c ****                          get_shape_cell(type, 0, x, y) ? "[]" : "  ");
 1469              		.loc 1 222 14 discriminator 1 view .LVU346
 1470 001e 0544     		add	r5, r5, r0
 1471              	.LVL123:
 221:Core/Src/tetris.c ****         used += snprintf(dst + used, len - used, "%s",
 1472              		.loc 1 221 29 is_stmt 1 discriminator 2 view .LVU347
 1473 0020 0134     		adds	r4, r4, #1
 1474              	.LVL124:
 1475              	.L139:
 221:Core/Src/tetris.c ****         used += snprintf(dst + used, len - used, "%s",
 1476              		.loc 1 221 23 discriminator 1 view .LVU348
 1477 0022 032C     		cmp	r4, #3
 1478 0024 0DDC     		bgt	.L144
 222:Core/Src/tetris.c ****                          get_shape_cell(type, 0, x, y) ? "[]" : "  ");
 1479              		.loc 1 222 9 view .LVU349
 222:Core/Src/tetris.c ****                          get_shape_cell(type, 0, x, y) ? "[]" : "  ");
 1480              		.loc 1 222 30 is_stmt 0 view .LVU350
 1481 0026 0AEB0506 		add	r6, r10, r5
 222:Core/Src/tetris.c ****                          get_shape_cell(type, 0, x, y) ? "[]" : "  ");
 1482              		.loc 1 222 17 view .LVU351
 1483 002a A9EB050B 		sub	fp, r9, r5
 223:Core/Src/tetris.c ****     }
 1484              		.loc 1 223 26 view .LVU352
 1485 002e 3B46     		mov	r3, r7
 1486 0030 2246     		mov	r2, r4
 1487 0032 0021     		movs	r1, #0
 1488 0034 4046     		mov	r0, r8
 1489 0036 FFF7FEFF 		bl	get_shape_cell
 1490              	.LVL125:
 222:Core/Src/tetris.c ****                          get_shape_cell(type, 0, x, y) ? "[]" : "  ");
 1491              		.loc 1 222 17 view .LVU353
 1492 003a 0028     		cmp	r0, #0
 1493 003c E9D0     		beq	.L142
ARM GAS  C:\Users\crist\AppData\Local\Temp\ccWhY2jg.s 			page 37


 222:Core/Src/tetris.c ****                          get_shape_cell(type, 0, x, y) ? "[]" : "  ");
 1494              		.loc 1 222 17 discriminator 1 view .LVU354
 1495 003e 044B     		ldr	r3, .L145+8
 1496 0040 E8E7     		b	.L140
 1497              	.L144:
 222:Core/Src/tetris.c ****                          get_shape_cell(type, 0, x, y) ? "[]" : "  ");
 1498              		.loc 1 222 17 discriminator 1 view .LVU355
 1499              	.LBE28:
 225:Core/Src/tetris.c **** 
 1500              		.loc 1 225 1 view .LVU356
 1501 0042 BDE8F88F 		pop	{r3, r4, r5, r6, r7, r8, r9, r10, fp, pc}
 1502              	.LVL126:
 1503              	.L146:
 225:Core/Src/tetris.c **** 
 1504              		.loc 1 225 1 view .LVU357
 1505 0046 00BF     		.align	2
 1506              	.L145:
 1507 0048 04000000 		.word	.LC1
 1508 004c 08000000 		.word	.LC2
 1509 0050 00000000 		.word	.LC0
 1510              		.cfi_endproc
 1511              	.LFE84:
 1513              		.section	.text.uart_send,"ax",%progbits
 1514              		.align	1
 1515              		.syntax unified
 1516              		.thumb
 1517              		.thumb_func
 1519              	uart_send:
 1520              	.LVL127:
 1521              	.LFB83:
 214:Core/Src/tetris.c ****     HAL_UART_Transmit(&huart1, (uint8_t*)text, strlen(text), 80);
 1522              		.loc 1 214 41 is_stmt 1 view -0
 1523              		.cfi_startproc
 1524              		@ args = 0, pretend = 0, frame = 0
 1525              		@ frame_needed = 0, uses_anonymous_args = 0
 214:Core/Src/tetris.c ****     HAL_UART_Transmit(&huart1, (uint8_t*)text, strlen(text), 80);
 1526              		.loc 1 214 41 is_stmt 0 view .LVU359
 1527 0000 10B5     		push	{r4, lr}
 1528              	.LCFI18:
 1529              		.cfi_def_cfa_offset 8
 1530              		.cfi_offset 4, -8
 1531              		.cfi_offset 14, -4
 1532 0002 0446     		mov	r4, r0
 215:Core/Src/tetris.c **** }
 1533              		.loc 1 215 5 is_stmt 1 view .LVU360
 215:Core/Src/tetris.c **** }
 1534              		.loc 1 215 48 is_stmt 0 view .LVU361
 1535 0004 FFF7FEFF 		bl	strlen
 1536              	.LVL128:
 215:Core/Src/tetris.c **** }
 1537              		.loc 1 215 5 discriminator 1 view .LVU362
 1538 0008 5023     		movs	r3, #80
 1539 000a 82B2     		uxth	r2, r0
 1540 000c 2146     		mov	r1, r4
 1541 000e 0248     		ldr	r0, .L149
 1542 0010 FFF7FEFF 		bl	HAL_UART_Transmit
 1543              	.LVL129:
ARM GAS  C:\Users\crist\AppData\Local\Temp\ccWhY2jg.s 			page 38


 216:Core/Src/tetris.c **** 
 1544              		.loc 1 216 1 view .LVU363
 1545 0014 10BD     		pop	{r4, pc}
 1546              	.LVL130:
 1547              	.L150:
 216:Core/Src/tetris.c **** 
 1548              		.loc 1 216 1 view .LVU364
 1549 0016 00BF     		.align	2
 1550              	.L149:
 1551 0018 00000000 		.word	huart1
 1552              		.cfi_endproc
 1553              	.LFE83:
 1555              		.section	.text.lcd_write_line,"ax",%progbits
 1556              		.align	1
 1557              		.syntax unified
 1558              		.thumb
 1559              		.thumb_func
 1561              	lcd_write_line:
 1562              	.LVL131:
 1563              	.LFB85:
 227:Core/Src/tetris.c ****     lcd_put_cur(row, 0);
 1564              		.loc 1 227 59 is_stmt 1 view -0
 1565              		.cfi_startproc
 1566              		@ args = 0, pretend = 0, frame = 0
 1567              		@ frame_needed = 0, uses_anonymous_args = 0
 227:Core/Src/tetris.c ****     lcd_put_cur(row, 0);
 1568              		.loc 1 227 59 is_stmt 0 view .LVU366
 1569 0000 70B5     		push	{r4, r5, r6, lr}
 1570              	.LCFI19:
 1571              		.cfi_def_cfa_offset 16
 1572              		.cfi_offset 4, -16
 1573              		.cfi_offset 5, -12
 1574              		.cfi_offset 6, -8
 1575              		.cfi_offset 14, -4
 1576 0002 0D46     		mov	r5, r1
 228:Core/Src/tetris.c **** 
 1577              		.loc 1 228 5 is_stmt 1 view .LVU367
 1578 0004 0021     		movs	r1, #0
 1579              	.LVL132:
 228:Core/Src/tetris.c **** 
 1580              		.loc 1 228 5 is_stmt 0 view .LVU368
 1581 0006 FFF7FEFF 		bl	lcd_put_cur
 1582              	.LVL133:
 230:Core/Src/tetris.c ****         char ch = (text[i] != '\0') ? text[i] : ' ';
 1583              		.loc 1 230 5 is_stmt 1 view .LVU369
 1584              	.LBB29:
 230:Core/Src/tetris.c ****         char ch = (text[i] != '\0') ? text[i] : ' ';
 1585              		.loc 1 230 10 view .LVU370
 230:Core/Src/tetris.c ****         char ch = (text[i] != '\0') ? text[i] : ' ';
 1586              		.loc 1 230 18 is_stmt 0 view .LVU371
 1587 000a 0024     		movs	r4, #0
 230:Core/Src/tetris.c ****         char ch = (text[i] != '\0') ? text[i] : ' ';
 1588              		.loc 1 230 5 view .LVU372
 1589 000c 05E0     		b	.L152
 1590              	.LVL134:
 1591              	.L153:
 1592              	.LBB30:
ARM GAS  C:\Users\crist\AppData\Local\Temp\ccWhY2jg.s 			page 39


 232:Core/Src/tetris.c ****         if (text[i] == '\0') {
 1593              		.loc 1 232 9 is_stmt 1 view .LVU373
 1594 000e FFF7FEFF 		bl	lcd_send_data
 1595              	.LVL135:
 233:Core/Src/tetris.c ****             for (i = i + 1; i < 20; i++) {
 1596              		.loc 1 233 9 view .LVU374
 233:Core/Src/tetris.c ****             for (i = i + 1; i < 20; i++) {
 1597              		.loc 1 233 17 is_stmt 0 view .LVU375
 1598 0012 3378     		ldrb	r3, [r6]	@ zero_extendqisi2
 233:Core/Src/tetris.c ****             for (i = i + 1; i < 20; i++) {
 1599              		.loc 1 233 12 view .LVU376
 1600 0014 4BB1     		cbz	r3, .L160
 1601              	.LBE30:
 230:Core/Src/tetris.c ****         char ch = (text[i] != '\0') ? text[i] : ' ';
 1602              		.loc 1 230 34 is_stmt 1 discriminator 2 view .LVU377
 1603 0016 0134     		adds	r4, r4, #1
 1604              	.LVL136:
 230:Core/Src/tetris.c ****         char ch = (text[i] != '\0') ? text[i] : ' ';
 1605              		.loc 1 230 34 is_stmt 0 discriminator 2 view .LVU378
 1606 0018 E4B2     		uxtb	r4, r4
 1607              	.LVL137:
 1608              	.L152:
 230:Core/Src/tetris.c ****         char ch = (text[i] != '\0') ? text[i] : ' ';
 1609              		.loc 1 230 27 is_stmt 1 discriminator 1 view .LVU379
 1610 001a 132C     		cmp	r4, #19
 1611 001c 0FD8     		bhi	.L151
 1612              	.LBB31:
 231:Core/Src/tetris.c ****         lcd_send_data(ch);
 1613              		.loc 1 231 9 view .LVU380
 231:Core/Src/tetris.c ****         lcd_send_data(ch);
 1614              		.loc 1 231 24 is_stmt 0 view .LVU381
 1615 001e 2E19     		adds	r6, r5, r4
 1616 0020 285D     		ldrb	r0, [r5, r4]	@ zero_extendqisi2
 231:Core/Src/tetris.c ****         lcd_send_data(ch);
 1617              		.loc 1 231 14 view .LVU382
 1618 0022 0028     		cmp	r0, #0
 1619 0024 F3D1     		bne	.L153
 231:Core/Src/tetris.c ****         lcd_send_data(ch);
 1620              		.loc 1 231 14 discriminator 2 view .LVU383
 1621 0026 2020     		movs	r0, #32
 1622 0028 F1E7     		b	.L153
 1623              	.LVL138:
 1624              	.L160:
 234:Core/Src/tetris.c ****                 lcd_send_data(' ');
 1625              		.loc 1 234 13 is_stmt 1 view .LVU384
 234:Core/Src/tetris.c ****                 lcd_send_data(' ');
 1626              		.loc 1 234 20 is_stmt 0 view .LVU385
 1627 002a 0134     		adds	r4, r4, #1
 1628              	.LVL139:
 234:Core/Src/tetris.c ****                 lcd_send_data(' ');
 1629              		.loc 1 234 20 view .LVU386
 1630 002c E4B2     		uxtb	r4, r4
 1631              	.LVL140:
 234:Core/Src/tetris.c ****                 lcd_send_data(' ');
 1632              		.loc 1 234 13 view .LVU387
 1633 002e 04E0     		b	.L155
 1634              	.L156:
ARM GAS  C:\Users\crist\AppData\Local\Temp\ccWhY2jg.s 			page 40


 235:Core/Src/tetris.c ****             }
 1635              		.loc 1 235 17 is_stmt 1 view .LVU388
 1636 0030 2020     		movs	r0, #32
 1637 0032 FFF7FEFF 		bl	lcd_send_data
 1638              	.LVL141:
 234:Core/Src/tetris.c ****                 lcd_send_data(' ');
 1639              		.loc 1 234 38 discriminator 3 view .LVU389
 1640 0036 0134     		adds	r4, r4, #1
 1641              	.LVL142:
 234:Core/Src/tetris.c ****                 lcd_send_data(' ');
 1642              		.loc 1 234 38 is_stmt 0 discriminator 3 view .LVU390
 1643 0038 E4B2     		uxtb	r4, r4
 1644              	.LVL143:
 1645              	.L155:
 234:Core/Src/tetris.c ****                 lcd_send_data(' ');
 1646              		.loc 1 234 31 is_stmt 1 discriminator 1 view .LVU391
 1647 003a 132C     		cmp	r4, #19
 1648 003c F8D9     		bls	.L156
 1649              	.LVL144:
 1650              	.L151:
 234:Core/Src/tetris.c ****                 lcd_send_data(' ');
 1651              		.loc 1 234 31 is_stmt 0 discriminator 1 view .LVU392
 1652              	.LBE31:
 1653              	.LBE29:
 240:Core/Src/tetris.c **** 
 1654              		.loc 1 240 1 view .LVU393
 1655 003e 70BD     		pop	{r4, r5, r6, pc}
 240:Core/Src/tetris.c **** 
 1656              		.loc 1 240 1 view .LVU394
 1657              		.cfi_endproc
 1658              	.LFE85:
 1660              		.section	.text.Tetris_Init,"ax",%progbits
 1661              		.align	1
 1662              		.global	Tetris_Init
 1663              		.syntax unified
 1664              		.thumb
 1665              		.thumb_func
 1667              	Tetris_Init:
 1668              	.LFB86:
 242:Core/Src/tetris.c ****     memset(board, 0, sizeof(board));
 1669              		.loc 1 242 24 is_stmt 1 view -0
 1670              		.cfi_startproc
 1671              		@ args = 0, pretend = 0, frame = 0
 1672              		@ frame_needed = 0, uses_anonymous_args = 0
 1673 0000 08B5     		push	{r3, lr}
 1674              	.LCFI20:
 1675              		.cfi_def_cfa_offset 8
 1676              		.cfi_offset 3, -8
 1677              		.cfi_offset 14, -4
 243:Core/Src/tetris.c ****     srand((unsigned int)(HAL_GetTick() ^ 0xA5A5U));
 1678              		.loc 1 243 5 view .LVU396
 1679 0002 A022     		movs	r2, #160
 1680 0004 0021     		movs	r1, #0
 1681 0006 1248     		ldr	r0, .L163
 1682 0008 FFF7FEFF 		bl	memset
 1683              	.LVL145:
 244:Core/Src/tetris.c ****     bag_index = PIECE_COUNT;
ARM GAS  C:\Users\crist\AppData\Local\Temp\ccWhY2jg.s 			page 41


 1684              		.loc 1 244 5 view .LVU397
 244:Core/Src/tetris.c ****     bag_index = PIECE_COUNT;
 1685              		.loc 1 244 26 is_stmt 0 view .LVU398
 1686 000c FFF7FEFF 		bl	HAL_GetTick
 1687              	.LVL146:
 244:Core/Src/tetris.c ****     bag_index = PIECE_COUNT;
 1688              		.loc 1 244 5 discriminator 1 view .LVU399
 1689 0010 80F42540 		eor	r0, r0, #42240
 1690 0014 80F0A500 		eor	r0, r0, #165
 1691 0018 FFF7FEFF 		bl	srand
 1692              	.LVL147:
 245:Core/Src/tetris.c ****     next_piece = draw_from_bag();
 1693              		.loc 1 245 5 is_stmt 1 view .LVU400
 245:Core/Src/tetris.c ****     next_piece = draw_from_bag();
 1694              		.loc 1 245 15 is_stmt 0 view .LVU401
 1695 001c 0D4B     		ldr	r3, .L163+4
 1696 001e 0722     		movs	r2, #7
 1697 0020 1A70     		strb	r2, [r3]
 246:Core/Src/tetris.c ****     score = 0;
 1698              		.loc 1 246 5 is_stmt 1 view .LVU402
 246:Core/Src/tetris.c ****     score = 0;
 1699              		.loc 1 246 18 is_stmt 0 view .LVU403
 1700 0022 FFF7FEFF 		bl	draw_from_bag
 1701              	.LVL148:
 246:Core/Src/tetris.c ****     score = 0;
 1702              		.loc 1 246 16 discriminator 1 view .LVU404
 1703 0026 0C4B     		ldr	r3, .L163+8
 1704 0028 1870     		strb	r0, [r3]
 247:Core/Src/tetris.c ****     lines = 0;
 1705              		.loc 1 247 5 is_stmt 1 view .LVU405
 247:Core/Src/tetris.c ****     lines = 0;
 1706              		.loc 1 247 11 is_stmt 0 view .LVU406
 1707 002a 0023     		movs	r3, #0
 1708 002c 0B4A     		ldr	r2, .L163+12
 1709 002e 1360     		str	r3, [r2]
 248:Core/Src/tetris.c ****     level = 1;
 1710              		.loc 1 248 5 is_stmt 1 view .LVU407
 248:Core/Src/tetris.c ****     level = 1;
 1711              		.loc 1 248 11 is_stmt 0 view .LVU408
 1712 0030 0B4A     		ldr	r2, .L163+16
 1713 0032 1380     		strh	r3, [r2]	@ movhi
 249:Core/Src/tetris.c ****     paused = false;
 1714              		.loc 1 249 5 is_stmt 1 view .LVU409
 249:Core/Src/tetris.c ****     paused = false;
 1715              		.loc 1 249 11 is_stmt 0 view .LVU410
 1716 0034 0B4A     		ldr	r2, .L163+20
 1717 0036 0121     		movs	r1, #1
 1718 0038 1170     		strb	r1, [r2]
 250:Core/Src/tetris.c ****     game_over = false;
 1719              		.loc 1 250 5 is_stmt 1 view .LVU411
 250:Core/Src/tetris.c ****     game_over = false;
 1720              		.loc 1 250 12 is_stmt 0 view .LVU412
 1721 003a 0B4A     		ldr	r2, .L163+24
 1722 003c 1370     		strb	r3, [r2]
 251:Core/Src/tetris.c ****     last_fall_time = HAL_GetTick();
 1723              		.loc 1 251 5 is_stmt 1 view .LVU413
 251:Core/Src/tetris.c ****     last_fall_time = HAL_GetTick();
ARM GAS  C:\Users\crist\AppData\Local\Temp\ccWhY2jg.s 			page 42


 1724              		.loc 1 251 15 is_stmt 0 view .LVU414
 1725 003e 0B4A     		ldr	r2, .L163+28
 1726 0040 1370     		strb	r3, [r2]
 252:Core/Src/tetris.c ****     spawn_piece();
 1727              		.loc 1 252 5 is_stmt 1 view .LVU415
 252:Core/Src/tetris.c ****     spawn_piece();
 1728              		.loc 1 252 22 is_stmt 0 view .LVU416
 1729 0042 FFF7FEFF 		bl	HAL_GetTick
 1730              	.LVL149:
 252:Core/Src/tetris.c ****     spawn_piece();
 1731              		.loc 1 252 20 discriminator 1 view .LVU417
 1732 0046 0A4B     		ldr	r3, .L163+32
 1733 0048 1860     		str	r0, [r3]
 253:Core/Src/tetris.c **** }
 1734              		.loc 1 253 5 is_stmt 1 view .LVU418
 1735 004a FFF7FEFF 		bl	spawn_piece
 1736              	.LVL150:
 254:Core/Src/tetris.c **** 
 1737              		.loc 1 254 1 is_stmt 0 view .LVU419
 1738 004e 08BD     		pop	{r3, pc}
 1739              	.L164:
 1740              		.align	2
 1741              	.L163:
 1742 0050 00000000 		.word	board
 1743 0054 00000000 		.word	bag_index
 1744 0058 00000000 		.word	next_piece
 1745 005c 00000000 		.word	score
 1746 0060 00000000 		.word	lines
 1747 0064 00000000 		.word	level
 1748 0068 00000000 		.word	paused
 1749 006c 00000000 		.word	game_over
 1750 0070 00000000 		.word	last_fall_time
 1751              		.cfi_endproc
 1752              	.LFE86:
 1754              		.section	.text.Tetris_Update,"ax",%progbits
 1755              		.align	1
 1756              		.global	Tetris_Update
 1757              		.syntax unified
 1758              		.thumb
 1759              		.thumb_func
 1761              	Tetris_Update:
 1762              	.LVL151:
 1763              	.LFB87:
 256:Core/Src/tetris.c ****     if (cmd == CMD_RESTART) {
 1764              		.loc 1 256 39 is_stmt 1 view -0
 1765              		.cfi_startproc
 1766              		@ args = 0, pretend = 0, frame = 0
 1767              		@ frame_needed = 0, uses_anonymous_args = 0
 256:Core/Src/tetris.c ****     if (cmd == CMD_RESTART) {
 1768              		.loc 1 256 39 is_stmt 0 view .LVU421
 1769 0000 08B5     		push	{r3, lr}
 1770              	.LCFI21:
 1771              		.cfi_def_cfa_offset 8
 1772              		.cfi_offset 3, -8
 1773              		.cfi_offset 14, -4
 257:Core/Src/tetris.c ****         Tetris_Init();
 1774              		.loc 1 257 5 is_stmt 1 view .LVU422
ARM GAS  C:\Users\crist\AppData\Local\Temp\ccWhY2jg.s 			page 43


 257:Core/Src/tetris.c ****         Tetris_Init();
 1775              		.loc 1 257 8 is_stmt 0 view .LVU423
 1776 0002 0828     		cmp	r0, #8
 1777 0004 0FD0     		beq	.L180
 262:Core/Src/tetris.c ****         if (!game_over) {
 1778              		.loc 1 262 5 is_stmt 1 view .LVU424
 262:Core/Src/tetris.c ****         if (!game_over) {
 1779              		.loc 1 262 8 is_stmt 0 view .LVU425
 1780 0006 0728     		cmp	r0, #7
 1781 0008 10D0     		beq	.L181
 269:Core/Src/tetris.c ****         return;
 1782              		.loc 1 269 5 is_stmt 1 view .LVU426
 269:Core/Src/tetris.c ****         return;
 1783              		.loc 1 269 9 is_stmt 0 view .LVU427
 1784 000a 264B     		ldr	r3, .L182
 1785 000c 1B78     		ldrb	r3, [r3]	@ zero_extendqisi2
 269:Core/Src/tetris.c ****         return;
 1786              		.loc 1 269 8 view .LVU428
 1787 000e 63B9     		cbnz	r3, .L165
 269:Core/Src/tetris.c ****         return;
 1788              		.loc 1 269 19 discriminator 1 view .LVU429
 1789 0010 254B     		ldr	r3, .L182+4
 1790 0012 1B78     		ldrb	r3, [r3]	@ zero_extendqisi2
 1791 0014 4BB9     		cbnz	r3, .L165
 273:Core/Src/tetris.c ****         case CMD_LEFT:
 1792              		.loc 1 273 5 is_stmt 1 view .LVU430
 1793 0016 0138     		subs	r0, r0, #1
 1794              	.LVL152:
 273:Core/Src/tetris.c ****         case CMD_LEFT:
 1795              		.loc 1 273 5 is_stmt 0 view .LVU431
 1796 0018 0528     		cmp	r0, #5
 1797 001a 06D8     		bhi	.L165
 1798 001c DFE800F0 		tbb	[pc, r0]
 1799              	.L171:
 1800 0020 10       		.byte	(.L176-.L171)/2
 1801 0021 16       		.byte	(.L175-.L171)/2
 1802 0022 1B       		.byte	(.L174-.L171)/2
 1803 0023 31       		.byte	(.L173-.L171)/2
 1804 0024 34       		.byte	(.L172-.L171)/2
 1805 0025 28       		.byte	(.L170-.L171)/2
 1806              	.LVL153:
 1807              		.p2align 1
 1808              	.L180:
 258:Core/Src/tetris.c ****         return;
 1809              		.loc 1 258 9 is_stmt 1 view .LVU432
 1810 0026 FFF7FEFF 		bl	Tetris_Init
 1811              	.LVL154:
 259:Core/Src/tetris.c ****     }
 1812              		.loc 1 259 9 view .LVU433
 1813              	.L165:
 304:Core/Src/tetris.c **** 
 1814              		.loc 1 304 1 is_stmt 0 view .LVU434
 1815 002a 08BD     		pop	{r3, pc}
 1816              	.LVL155:
 1817              	.L181:
 263:Core/Src/tetris.c ****             paused = !paused;
 1818              		.loc 1 263 9 is_stmt 1 view .LVU435
ARM GAS  C:\Users\crist\AppData\Local\Temp\ccWhY2jg.s 			page 44


 263:Core/Src/tetris.c ****             paused = !paused;
 1819              		.loc 1 263 13 is_stmt 0 view .LVU436
 1820 002c 1D4B     		ldr	r3, .L182
 1821 002e 1B78     		ldrb	r3, [r3]	@ zero_extendqisi2
 263:Core/Src/tetris.c ****             paused = !paused;
 1822              		.loc 1 263 12 view .LVU437
 1823 0030 002B     		cmp	r3, #0
 1824 0032 FAD1     		bne	.L165
 264:Core/Src/tetris.c ****         }
 1825              		.loc 1 264 13 is_stmt 1 view .LVU438
 1826 0034 1C4A     		ldr	r2, .L182+4
 1827 0036 1378     		ldrb	r3, [r2]	@ zero_extendqisi2
 1828 0038 83F00103 		eor	r3, r3, #1
 264:Core/Src/tetris.c ****         }
 1829              		.loc 1 264 20 is_stmt 0 view .LVU439
 1830 003c 1370     		strb	r3, [r2]
 266:Core/Src/tetris.c ****     }
 1831              		.loc 1 266 9 is_stmt 1 view .LVU440
 1832 003e F4E7     		b	.L165
 1833              	.LVL156:
 1834              	.L176:
 275:Core/Src/tetris.c ****             break;
 1835              		.loc 1 275 13 view .LVU441
 1836 0040 0021     		movs	r1, #0
 1837 0042 4FF0FF30 		mov	r0, #-1
 1838 0046 FFF7FEFF 		bl	move_piece
 1839              	.LVL157:
 276:Core/Src/tetris.c ****         case CMD_RIGHT:
 1840              		.loc 1 276 13 view .LVU442
 1841 004a EEE7     		b	.L165
 1842              	.L175:
 278:Core/Src/tetris.c ****             break;
 1843              		.loc 1 278 13 view .LVU443
 1844 004c 0021     		movs	r1, #0
 1845 004e 0120     		movs	r0, #1
 1846 0050 FFF7FEFF 		bl	move_piece
 1847              	.LVL158:
 279:Core/Src/tetris.c ****         case CMD_DOWN:  
 1848              		.loc 1 279 13 view .LVU444
 1849 0054 E9E7     		b	.L165
 1850              	.L174:
 281:Core/Src/tetris.c ****                 score += SOFT_DROP_POINTS;
 1851              		.loc 1 281 13 view .LVU445
 281:Core/Src/tetris.c ****                 score += SOFT_DROP_POINTS;
 1852              		.loc 1 281 17 is_stmt 0 view .LVU446
 1853 0056 0121     		movs	r1, #1
 1854 0058 0020     		movs	r0, #0
 1855 005a FFF7FEFF 		bl	move_piece
 1856              	.LVL159:
 281:Core/Src/tetris.c ****                 score += SOFT_DROP_POINTS;
 1857              		.loc 1 281 16 discriminator 1 view .LVU447
 1858 005e 20B1     		cbz	r0, .L177
 282:Core/Src/tetris.c ****             } else {
 1859              		.loc 1 282 17 is_stmt 1 view .LVU448
 282:Core/Src/tetris.c ****             } else {
 1860              		.loc 1 282 23 is_stmt 0 view .LVU449
 1861 0060 124A     		ldr	r2, .L182+8
ARM GAS  C:\Users\crist\AppData\Local\Temp\ccWhY2jg.s 			page 45


 1862 0062 1368     		ldr	r3, [r2]
 1863 0064 0133     		adds	r3, r3, #1
 1864 0066 1360     		str	r3, [r2]
 1865 0068 DFE7     		b	.L165
 1866              	.L177:
 284:Core/Src/tetris.c ****             }
 1867              		.loc 1 284 17 is_stmt 1 view .LVU450
 1868 006a FFF7FEFF 		bl	lock_piece
 1869              	.LVL160:
 1870 006e DCE7     		b	.L165
 1871              	.L170:
 288:Core/Src/tetris.c ****                 lock_piece();
 1872              		.loc 1 288 13 view .LVU451
 288:Core/Src/tetris.c ****                 lock_piece();
 1873              		.loc 1 288 18 is_stmt 0 view .LVU452
 1874 0070 0121     		movs	r1, #1
 1875 0072 0020     		movs	r0, #0
 1876 0074 FFF7FEFF 		bl	move_piece
 1877              	.LVL161:
 288:Core/Src/tetris.c ****                 lock_piece();
 1878              		.loc 1 288 16 discriminator 1 view .LVU453
 1879 0078 0028     		cmp	r0, #0
 1880 007a D6D1     		bne	.L165
 289:Core/Src/tetris.c ****             }
 1881              		.loc 1 289 17 is_stmt 1 view .LVU454
 1882 007c FFF7FEFF 		bl	lock_piece
 1883              	.LVL162:
 1884 0080 D3E7     		b	.L165
 1885              	.L173:
 293:Core/Src/tetris.c ****             break;
 1886              		.loc 1 293 13 view .LVU455
 1887 0082 FFF7FEFF 		bl	rotate_piece
 1888              	.LVL163:
 294:Core/Src/tetris.c ****         case CMD_HARD_DROP: {
 1889              		.loc 1 294 13 view .LVU456
 1890 0086 D0E7     		b	.L165
 1891              	.L172:
 1892              	.LBB32:
 296:Core/Src/tetris.c ****             piece_y += distance;
 1893              		.loc 1 296 13 view .LVU457
 296:Core/Src/tetris.c ****             piece_y += distance;
 1894              		.loc 1 296 32 is_stmt 0 view .LVU458
 1895 0088 FFF7FEFF 		bl	drop_distance
 1896              	.LVL164:
 297:Core/Src/tetris.c ****             score += (uint32_t)distance * HARD_DROP_POINTS;
 1897              		.loc 1 297 13 is_stmt 1 view .LVU459
 297:Core/Src/tetris.c ****             score += (uint32_t)distance * HARD_DROP_POINTS;
 1898              		.loc 1 297 21 is_stmt 0 view .LVU460
 1899 008c 084A     		ldr	r2, .L182+12
 1900 008e 1378     		ldrb	r3, [r2]	@ zero_extendqisi2
 1901 0090 0344     		add	r3, r3, r0
 1902 0092 1370     		strb	r3, [r2]
 298:Core/Src/tetris.c ****             lock_piece();
 1903              		.loc 1 298 13 is_stmt 1 view .LVU461
 298:Core/Src/tetris.c ****             lock_piece();
 1904              		.loc 1 298 19 is_stmt 0 view .LVU462
 1905 0094 054A     		ldr	r2, .L182+8
ARM GAS  C:\Users\crist\AppData\Local\Temp\ccWhY2jg.s 			page 46


 1906 0096 1368     		ldr	r3, [r2]
 1907 0098 03EB4003 		add	r3, r3, r0, lsl #1
 1908 009c 1360     		str	r3, [r2]
 299:Core/Src/tetris.c ****             break;
 1909              		.loc 1 299 13 is_stmt 1 view .LVU463
 1910 009e FFF7FEFF 		bl	lock_piece
 1911              	.LVL165:
 300:Core/Src/tetris.c ****         }
 1912              		.loc 1 300 13 view .LVU464
 1913 00a2 C2E7     		b	.L165
 1914              	.L183:
 1915              		.align	2
 1916              	.L182:
 1917 00a4 00000000 		.word	game_over
 1918 00a8 00000000 		.word	paused
 1919 00ac 00000000 		.word	score
 1920 00b0 00000000 		.word	piece_y
 1921              	.LBE32:
 1922              		.cfi_endproc
 1923              	.LFE87:
 1925              		.section	.text.Tetris_GetStats,"ax",%progbits
 1926              		.align	1
 1927              		.global	Tetris_GetStats
 1928              		.syntax unified
 1929              		.thumb
 1930              		.thumb_func
 1932              	Tetris_GetStats:
 1933              	.LVL166:
 1934              	.LFB88:
 306:Core/Src/tetris.c ****     if (stats == NULL) {
 1935              		.loc 1 306 42 view -0
 1936              		.cfi_startproc
 1937              		@ args = 0, pretend = 0, frame = 0
 1938              		@ frame_needed = 0, uses_anonymous_args = 0
 1939              		@ link register save eliminated.
 307:Core/Src/tetris.c ****         return;
 1940              		.loc 1 307 5 view .LVU466
 307:Core/Src/tetris.c ****         return;
 1941              		.loc 1 307 8 is_stmt 0 view .LVU467
 1942 0000 88B1     		cbz	r0, .L184
 311:Core/Src/tetris.c ****     stats->lines = lines;
 1943              		.loc 1 311 5 is_stmt 1 view .LVU468
 311:Core/Src/tetris.c ****     stats->lines = lines;
 1944              		.loc 1 311 18 is_stmt 0 view .LVU469
 1945 0002 094A     		ldr	r2, .L186
 1946 0004 1268     		ldr	r2, [r2]
 1947 0006 0260     		str	r2, [r0]
 312:Core/Src/tetris.c ****     stats->level = level;
 1948              		.loc 1 312 5 is_stmt 1 view .LVU470
 312:Core/Src/tetris.c ****     stats->level = level;
 1949              		.loc 1 312 18 is_stmt 0 view .LVU471
 1950 0008 084A     		ldr	r2, .L186+4
 1951 000a 1288     		ldrh	r2, [r2]
 1952 000c 8280     		strh	r2, [r0, #4]	@ movhi
 313:Core/Src/tetris.c ****     stats->next_piece = next_piece;
 1953              		.loc 1 313 5 is_stmt 1 view .LVU472
 313:Core/Src/tetris.c ****     stats->next_piece = next_piece;
ARM GAS  C:\Users\crist\AppData\Local\Temp\ccWhY2jg.s 			page 47


 1954              		.loc 1 313 18 is_stmt 0 view .LVU473
 1955 000e 084A     		ldr	r2, .L186+8
 1956 0010 1278     		ldrb	r2, [r2]	@ zero_extendqisi2
 1957 0012 8271     		strb	r2, [r0, #6]
 314:Core/Src/tetris.c ****     stats->paused = paused;
 1958              		.loc 1 314 5 is_stmt 1 view .LVU474
 314:Core/Src/tetris.c ****     stats->paused = paused;
 1959              		.loc 1 314 23 is_stmt 0 view .LVU475
 1960 0014 074A     		ldr	r2, .L186+12
 1961 0016 1278     		ldrb	r2, [r2]	@ zero_extendqisi2
 1962 0018 C271     		strb	r2, [r0, #7]
 315:Core/Src/tetris.c ****     stats->game_over = game_over;
 1963              		.loc 1 315 5 is_stmt 1 view .LVU476
 315:Core/Src/tetris.c ****     stats->game_over = game_over;
 1964              		.loc 1 315 19 is_stmt 0 view .LVU477
 1965 001a 074A     		ldr	r2, .L186+16
 1966 001c 1278     		ldrb	r2, [r2]	@ zero_extendqisi2
 1967 001e 0272     		strb	r2, [r0, #8]
 316:Core/Src/tetris.c **** }
 1968              		.loc 1 316 5 is_stmt 1 view .LVU478
 316:Core/Src/tetris.c **** }
 1969              		.loc 1 316 22 is_stmt 0 view .LVU479
 1970 0020 064A     		ldr	r2, .L186+20
 1971 0022 1278     		ldrb	r2, [r2]	@ zero_extendqisi2
 1972 0024 4272     		strb	r2, [r0, #9]
 1973              	.L184:
 317:Core/Src/tetris.c **** 
 1974              		.loc 1 317 1 view .LVU480
 1975 0026 7047     		bx	lr
 1976              	.L187:
 1977              		.align	2
 1978              	.L186:
 1979 0028 00000000 		.word	score
 1980 002c 00000000 		.word	lines
 1981 0030 00000000 		.word	level
 1982 0034 00000000 		.word	next_piece
 1983 0038 00000000 		.word	paused
 1984 003c 00000000 		.word	game_over
 1985              		.cfi_endproc
 1986              	.LFE88:
 1988              		.section	.text.Tetris_GetFallDelay,"ax",%progbits
 1989              		.align	1
 1990              		.global	Tetris_GetFallDelay
 1991              		.syntax unified
 1992              		.thumb
 1993              		.thumb_func
 1995              	Tetris_GetFallDelay:
 1996              	.LFB89:
 319:Core/Src/tetris.c ****     uint32_t reduction = (uint32_t)(level - 1U) * 45U;
 1997              		.loc 1 319 36 is_stmt 1 view -0
 1998              		.cfi_startproc
 1999              		@ args = 0, pretend = 0, frame = 0
 2000              		@ frame_needed = 0, uses_anonymous_args = 0
 2001              		@ link register save eliminated.
 320:Core/Src/tetris.c **** 
 2002              		.loc 1 320 5 view .LVU482
 320:Core/Src/tetris.c **** 
ARM GAS  C:\Users\crist\AppData\Local\Temp\ccWhY2jg.s 			page 48


 2003              		.loc 1 320 49 is_stmt 0 view .LVU483
 2004 0000 084B     		ldr	r3, .L191
 2005 0002 1878     		ldrb	r0, [r3]	@ zero_extendqisi2
 2006 0004 00EB4000 		add	r0, r0, r0, lsl #1
 2007 0008 C0EB0010 		rsb	r0, r0, r0, lsl #4
 320:Core/Src/tetris.c **** 
 2008              		.loc 1 320 14 view .LVU484
 2009 000c 2D38     		subs	r0, r0, #45
 2010              	.LVL167:
 322:Core/Src/tetris.c ****         return MIN_FALL_DELAY_MS;
 2011              		.loc 1 322 5 is_stmt 1 view .LVU485
 322:Core/Src/tetris.c ****         return MIN_FALL_DELAY_MS;
 2012              		.loc 1 322 8 is_stmt 0 view .LVU486
 2013 000e 40F21123 		movw	r3, #529
 2014 0012 9842     		cmp	r0, r3
 2015 0014 03D8     		bhi	.L190
 326:Core/Src/tetris.c **** }
 2016              		.loc 1 326 5 is_stmt 1 view .LVU487
 326:Core/Src/tetris.c **** }
 2017              		.loc 1 326 26 is_stmt 0 view .LVU488
 2018 0016 C0F52270 		rsb	r0, r0, #648
 2019              	.LVL168:
 326:Core/Src/tetris.c **** }
 2020              		.loc 1 326 26 view .LVU489
 2021 001a 0230     		adds	r0, r0, #2
 2022 001c 7047     		bx	lr
 2023              	.LVL169:
 2024              	.L190:
 323:Core/Src/tetris.c ****     }
 2025              		.loc 1 323 16 view .LVU490
 2026 001e 7820     		movs	r0, #120
 2027              	.LVL170:
 327:Core/Src/tetris.c **** 
 2028              		.loc 1 327 1 view .LVU491
 2029 0020 7047     		bx	lr
 2030              	.L192:
 2031 0022 00BF     		.align	2
 2032              	.L191:
 2033 0024 00000000 		.word	level
 2034              		.cfi_endproc
 2035              	.LFE89:
 2037              		.section	.text.Tetris_IsPaused,"ax",%progbits
 2038              		.align	1
 2039              		.global	Tetris_IsPaused
 2040              		.syntax unified
 2041              		.thumb
 2042              		.thumb_func
 2044              	Tetris_IsPaused:
 2045              	.LFB90:
 329:Core/Src/tetris.c ****     return paused;
 2046              		.loc 1 329 28 is_stmt 1 view -0
 2047              		.cfi_startproc
 2048              		@ args = 0, pretend = 0, frame = 0
 2049              		@ frame_needed = 0, uses_anonymous_args = 0
 2050              		@ link register save eliminated.
 330:Core/Src/tetris.c **** }
 2051              		.loc 1 330 5 view .LVU493
ARM GAS  C:\Users\crist\AppData\Local\Temp\ccWhY2jg.s 			page 49


 331:Core/Src/tetris.c **** 
 2052              		.loc 1 331 1 is_stmt 0 view .LVU494
 2053 0000 014B     		ldr	r3, .L194
 2054 0002 1878     		ldrb	r0, [r3]	@ zero_extendqisi2
 2055 0004 7047     		bx	lr
 2056              	.L195:
 2057 0006 00BF     		.align	2
 2058              	.L194:
 2059 0008 00000000 		.word	paused
 2060              		.cfi_endproc
 2061              	.LFE90:
 2063              		.section	.text.Tetris_IsGameOver,"ax",%progbits
 2064              		.align	1
 2065              		.global	Tetris_IsGameOver
 2066              		.syntax unified
 2067              		.thumb
 2068              		.thumb_func
 2070              	Tetris_IsGameOver:
 2071              	.LFB91:
 333:Core/Src/tetris.c ****     return game_over;
 2072              		.loc 1 333 30 is_stmt 1 view -0
 2073              		.cfi_startproc
 2074              		@ args = 0, pretend = 0, frame = 0
 2075              		@ frame_needed = 0, uses_anonymous_args = 0
 2076              		@ link register save eliminated.
 334:Core/Src/tetris.c **** }
 2077              		.loc 1 334 5 view .LVU496
 335:Core/Src/tetris.c **** 
 2078              		.loc 1 335 1 is_stmt 0 view .LVU497
 2079 0000 014B     		ldr	r3, .L197
 2080 0002 1878     		ldrb	r0, [r3]	@ zero_extendqisi2
 2081 0004 7047     		bx	lr
 2082              	.L198:
 2083 0006 00BF     		.align	2
 2084              	.L197:
 2085 0008 00000000 		.word	game_over
 2086              		.cfi_endproc
 2087              	.LFE91:
 2089              		.section	.rodata.Tetris_DrawTerminal.str1.4,"aMS",%progbits,1
 2090              		.align	2
 2091              	.LC3:
 2092 0000 47414D45 		.ascii	"GAME OVER\000"
 2092      204F5645 
 2092      5200
 2093 000a 0000     		.align	2
 2094              	.LC4:
 2095 000c 504C4159 		.ascii	"PLAYING\000"
 2095      494E4700 
 2096              		.align	2
 2097              	.LC5:
 2098 0014 50415553 		.ascii	"PAUSED\000"
 2098      454400
 2099 001b 00       		.align	2
 2100              	.LC6:
 2101 001c 232300   		.ascii	"##\000"
 2102 001f 00       		.align	2
 2103              	.LC7:
ARM GAS  C:\Users\crist\AppData\Local\Temp\ccWhY2jg.s 			page 50


 2104 0020 2E2E00   		.ascii	"..\000"
 2105 0023 00       		.align	2
 2106              	.LC8:
 2107 0024 1B5B324A 		.ascii	"\033[2J\033[H\000"
 2107      1B5B4800 
 2108              		.align	2
 2109              	.LC9:
 2110 002c 54455452 		.ascii	"TETRIS 8x20 STM32\015\012Score: %lu  Lines: %u  Lev"
 2110      49532038 
 2110      78323020 
 2110      53544D33 
 2110      320D0A53 
 2111 0059 656C3A20 		.ascii	"el: %u\015\012\000"
 2111      25750D0A 
 2111      00
 2112 0062 0000     		.align	2
 2113              	.LC10:
 2114 0064 53746174 		.ascii	"State: %s  Next: %c\015\012\000"
 2114      653A2025 
 2114      7320204E 
 2114      6578743A 
 2114      2025630D 
 2115 007a 0000     		.align	2
 2116              	.LC11:
 2117 007c 2B2D2D2D 		.ascii	"+----------------+\015\012\000"
 2117      2D2D2D2D 
 2117      2D2D2D2D 
 2117      2D2D2D2D 
 2117      2D2B0D0A 
 2118 0091 000000   		.align	2
 2119              	.LC12:
 2120 0094 7C00     		.ascii	"|\000"
 2121 0096 0000     		.align	2
 2122              	.LC13:
 2123 0098 20204E65 		.ascii	"  Next\000"
 2123      787400
 2124 009f 00       		.align	2
 2125              	.LC14:
 2126 00a0 20202573 		.ascii	"  %s\000"
 2126      00
 2127 00a5 000000   		.align	2
 2128              	.LC15:
 2129 00a8 2020412F 		.ascii	"  A/D: move\000"
 2129      443A206D 
 2129      6F766500 
 2130              		.align	2
 2131              	.LC16:
 2132 00b4 2020573A 		.ascii	"  W: rotate\000"
 2132      20726F74 
 2132      61746500 
 2133              		.align	2
 2134              	.LC17:
 2135 00c0 2020533A 		.ascii	"  S: soft drop\000"
 2135      20736F66 
 2135      74206472 
 2135      6F7000
 2136 00cf 00       		.align	2
ARM GAS  C:\Users\crist\AppData\Local\Temp\ccWhY2jg.s 			page 51


 2137              	.LC18:
 2138 00d0 20205370 		.ascii	"  Space: drop\000"
 2138      6163653A 
 2138      2064726F 
 2138      7000
 2139 00de 0000     		.align	2
 2140              	.LC19:
 2141 00e0 2020503A 		.ascii	"  P: pause\000"
 2141      20706175 
 2141      736500
 2142 00eb 00       		.align	2
 2143              	.LC20:
 2144 00ec 2020523A 		.ascii	"  R: restart\000"
 2144      20726573 
 2144      74617274 
 2144      00
 2145 00f9 000000   		.align	2
 2146              	.LC21:
 2147 00fc 0D0A00   		.ascii	"\015\012\000"
 2148              		.section	.text.Tetris_DrawTerminal,"ax",%progbits
 2149              		.align	1
 2150              		.global	Tetris_DrawTerminal
 2151              		.syntax unified
 2152              		.thumb
 2153              		.thumb_func
 2155              	Tetris_DrawTerminal:
 2156              	.LFB92:
 337:Core/Src/tetris.c ****     char row[96];
 2157              		.loc 1 337 32 is_stmt 1 view -0
 2158              		.cfi_startproc
 2159              		@ args = 0, pretend = 0, frame = 112
 2160              		@ frame_needed = 0, uses_anonymous_args = 0
 2161 0000 F0B5     		push	{r4, r5, r6, r7, lr}
 2162              	.LCFI22:
 2163              		.cfi_def_cfa_offset 20
 2164              		.cfi_offset 4, -20
 2165              		.cfi_offset 5, -16
 2166              		.cfi_offset 6, -12
 2167              		.cfi_offset 7, -8
 2168              		.cfi_offset 14, -4
 2169 0002 9FB0     		sub	sp, sp, #124
 2170              	.LCFI23:
 2171              		.cfi_def_cfa_offset 144
 338:Core/Src/tetris.c ****     char preview[12];
 2172              		.loc 1 338 5 view .LVU499
 339:Core/Src/tetris.c ****     int8_t gy = ghost_y();
 2173              		.loc 1 339 5 view .LVU500
 340:Core/Src/tetris.c **** 
 2174              		.loc 1 340 5 view .LVU501
 340:Core/Src/tetris.c **** 
 2175              		.loc 1 340 17 is_stmt 0 view .LVU502
 2176 0004 FFF7FEFF 		bl	ghost_y
 2177              	.LVL171:
 2178 0008 0746     		mov	r7, r0
 2179              	.LVL172:
 342:Core/Src/tetris.c **** 
 2180              		.loc 1 342 5 is_stmt 1 view .LVU503
ARM GAS  C:\Users\crist\AppData\Local\Temp\ccWhY2jg.s 			page 52


 2181 000a 6848     		ldr	r0, .L225
 2182 000c FFF7FEFF 		bl	uart_send
 2183              	.LVL173:
 344:Core/Src/tetris.c ****              (unsigned long)score, (unsigned)lines, (unsigned)level);
 2184              		.loc 1 344 5 view .LVU504
 2185 0010 06AC     		add	r4, sp, #24
 2186 0012 674B     		ldr	r3, .L225+4
 2187 0014 1B78     		ldrb	r3, [r3]	@ zero_extendqisi2
 2188 0016 0193     		str	r3, [sp, #4]
 2189 0018 664B     		ldr	r3, .L225+8
 2190 001a 1B88     		ldrh	r3, [r3]
 2191 001c 0093     		str	r3, [sp]
 2192 001e 664B     		ldr	r3, .L225+12
 2193 0020 1B68     		ldr	r3, [r3]
 2194 0022 664A     		ldr	r2, .L225+16
 2195 0024 6021     		movs	r1, #96
 2196 0026 2046     		mov	r0, r4
 2197 0028 FFF7FEFF 		bl	snprintf
 2198              	.LVL174:
 346:Core/Src/tetris.c ****     snprintf(row, sizeof(row), "State: %s  Next: %c\r\n",
 2199              		.loc 1 346 5 view .LVU505
 2200 002c 2046     		mov	r0, r4
 2201 002e FFF7FEFF 		bl	uart_send
 2202              	.LVL175:
 347:Core/Src/tetris.c ****              game_over ? "GAME OVER" : (paused ? "PAUSED" : "PLAYING"),
 2203              		.loc 1 347 5 view .LVU506
 2204 0032 634B     		ldr	r3, .L225+20
 2205 0034 1B78     		ldrb	r3, [r3]	@ zero_extendqisi2
 2206 0036 23B9     		cbnz	r3, .L216
 348:Core/Src/tetris.c ****              piece_name(next_piece));
 2207              		.loc 1 348 48 is_stmt 0 view .LVU507
 2208 0038 624B     		ldr	r3, .L225+24
 2209 003a 1B78     		ldrb	r3, [r3]	@ zero_extendqisi2
 348:Core/Src/tetris.c ****              piece_name(next_piece));
 2210              		.loc 1 348 59 view .LVU508
 2211 003c B3B1     		cbz	r3, .L217
 348:Core/Src/tetris.c ****              piece_name(next_piece));
 2212              		.loc 1 348 59 discriminator 1 view .LVU509
 2213 003e 624D     		ldr	r5, .L225+28
 2214 0040 00E0     		b	.L200
 2215              	.L216:
 347:Core/Src/tetris.c ****              game_over ? "GAME OVER" : (paused ? "PAUSED" : "PLAYING"),
 2216              		.loc 1 347 5 discriminator 1 view .LVU510
 2217 0042 624D     		ldr	r5, .L225+32
 2218              	.L200:
 349:Core/Src/tetris.c ****     uart_send(row);
 2219              		.loc 1 349 14 view .LVU511
 2220 0044 624B     		ldr	r3, .L225+36
 2221 0046 1878     		ldrb	r0, [r3]	@ zero_extendqisi2
 2222 0048 FFF7FEFF 		bl	piece_name
 2223              	.LVL176:
 347:Core/Src/tetris.c ****              game_over ? "GAME OVER" : (paused ? "PAUSED" : "PLAYING"),
 2224              		.loc 1 347 5 view .LVU512
 2225 004c 06AC     		add	r4, sp, #24
 2226 004e 0090     		str	r0, [sp]
 2227 0050 2B46     		mov	r3, r5
 2228 0052 604A     		ldr	r2, .L225+40
ARM GAS  C:\Users\crist\AppData\Local\Temp\ccWhY2jg.s 			page 53


 2229 0054 6021     		movs	r1, #96
 2230 0056 2046     		mov	r0, r4
 2231 0058 FFF7FEFF 		bl	snprintf
 2232              	.LVL177:
 350:Core/Src/tetris.c ****     uart_send("+----------------+\r\n");
 2233              		.loc 1 350 5 is_stmt 1 view .LVU513
 2234 005c 2046     		mov	r0, r4
 2235 005e FFF7FEFF 		bl	uart_send
 2236              	.LVL178:
 351:Core/Src/tetris.c **** 
 2237              		.loc 1 351 5 view .LVU514
 2238 0062 5D48     		ldr	r0, .L225+44
 2239 0064 FFF7FEFF 		bl	uart_send
 2240              	.LVL179:
 353:Core/Src/tetris.c ****         int used = snprintf(row, sizeof(row), "|");
 2241              		.loc 1 353 5 view .LVU515
 2242              	.LBB33:
 353:Core/Src/tetris.c ****         int used = snprintf(row, sizeof(row), "|");
 2243              		.loc 1 353 10 view .LVU516
 353:Core/Src/tetris.c ****         int used = snprintf(row, sizeof(row), "|");
 2244              		.loc 1 353 14 is_stmt 0 view .LVU517
 2245 0068 0026     		movs	r6, #0
 353:Core/Src/tetris.c ****         int used = snprintf(row, sizeof(row), "|");
 2246              		.loc 1 353 5 view .LVU518
 2247 006a 5BE0     		b	.L201
 2248              	.LVL180:
 2249              	.L217:
 353:Core/Src/tetris.c ****         int used = snprintf(row, sizeof(row), "|");
 2250              		.loc 1 353 5 view .LVU519
 2251              	.LBE33:
 348:Core/Src/tetris.c ****              piece_name(next_piece));
 2252              		.loc 1 348 59 discriminator 2 view .LVU520
 2253 006c 5B4D     		ldr	r5, .L225+48
 2254 006e E9E7     		b	.L200
 2255              	.LVL181:
 2256              	.L218:
 2257              	.LBB41:
 2258              	.LBB34:
 2259              	.LBB35:
 2260              	.LBB36:
 360:Core/Src/tetris.c ****             } else if (active_piece_cell(x, y)) {
 2261              		.loc 1 360 22 view .LVU521
 2262 0070 5B4B     		ldr	r3, .L225+52
 2263              	.L203:
 2264              	.LVL182:
 367:Core/Src/tetris.c ****         }
 2265              		.loc 1 367 13 is_stmt 1 view .LVU522
 367:Core/Src/tetris.c ****         }
 2266              		.loc 1 367 21 is_stmt 0 view .LVU523
 2267 0072 5C4A     		ldr	r2, .L225+56
 2268 0074 C5F16001 		rsb	r1, r5, #96
 2269 0078 06A8     		add	r0, sp, #24
 2270 007a 2844     		add	r0, r0, r5
 2271 007c FFF7FEFF 		bl	snprintf
 2272              	.LVL183:
 367:Core/Src/tetris.c ****         }
 2273              		.loc 1 367 18 discriminator 1 view .LVU524
ARM GAS  C:\Users\crist\AppData\Local\Temp\ccWhY2jg.s 			page 54


 2274 0080 0544     		add	r5, r5, r0
 2275              	.LVL184:
 367:Core/Src/tetris.c ****         }
 2276              		.loc 1 367 18 discriminator 1 view .LVU525
 2277              	.LBE36:
 356:Core/Src/tetris.c ****             const char *cell = "  ";
 2278              		.loc 1 356 39 is_stmt 1 discriminator 2 view .LVU526
 2279 0082 0134     		adds	r4, r4, #1
 2280              	.LVL185:
 2281              	.L202:
 356:Core/Src/tetris.c ****             const char *cell = "  ";
 2282              		.loc 1 356 27 discriminator 1 view .LVU527
 2283 0084 072C     		cmp	r4, #7
 2284 0086 16DC     		bgt	.L223
 2285              	.LBB37:
 357:Core/Src/tetris.c **** 
 2286              		.loc 1 357 13 view .LVU528
 2287              	.LVL186:
 359:Core/Src/tetris.c ****                 cell = "[]";
 2288              		.loc 1 359 13 view .LVU529
 359:Core/Src/tetris.c ****                 cell = "[]";
 2289              		.loc 1 359 25 is_stmt 0 view .LVU530
 2290 0088 574B     		ldr	r3, .L225+60
 2291 008a 03EBC603 		add	r3, r3, r6, lsl #3
 2292 008e 1B5D     		ldrb	r3, [r3, r4]	@ zero_extendqisi2
 359:Core/Src/tetris.c ****                 cell = "[]";
 2293              		.loc 1 359 16 view .LVU531
 2294 0090 002B     		cmp	r3, #0
 2295 0092 EDD1     		bne	.L218
 361:Core/Src/tetris.c ****                 cell = "##";
 2296              		.loc 1 361 20 is_stmt 1 view .LVU532
 361:Core/Src/tetris.c ****                 cell = "##";
 2297              		.loc 1 361 24 is_stmt 0 view .LVU533
 2298 0094 3146     		mov	r1, r6
 2299 0096 2046     		mov	r0, r4
 2300 0098 FFF7FEFF 		bl	active_piece_cell
 2301              	.LVL187:
 361:Core/Src/tetris.c ****                 cell = "##";
 2302              		.loc 1 361 23 discriminator 1 view .LVU534
 2303 009c 38B9     		cbnz	r0, .L219
 363:Core/Src/tetris.c ****                 cell = "..";
 2304              		.loc 1 363 20 is_stmt 1 view .LVU535
 363:Core/Src/tetris.c ****                 cell = "..";
 2305              		.loc 1 363 24 is_stmt 0 view .LVU536
 2306 009e 3A46     		mov	r2, r7
 2307 00a0 3146     		mov	r1, r6
 2308 00a2 2046     		mov	r0, r4
 2309 00a4 FFF7FEFF 		bl	ghost_piece_cell
 2310              	.LVL188:
 363:Core/Src/tetris.c ****                 cell = "..";
 2311              		.loc 1 363 23 discriminator 1 view .LVU537
 2312 00a8 18B9     		cbnz	r0, .L220
 357:Core/Src/tetris.c **** 
 2313              		.loc 1 357 25 view .LVU538
 2314 00aa 504B     		ldr	r3, .L225+64
 2315 00ac E1E7     		b	.L203
 2316              	.L219:
ARM GAS  C:\Users\crist\AppData\Local\Temp\ccWhY2jg.s 			page 55


 362:Core/Src/tetris.c ****             } else if (ghost_piece_cell(x, y, gy)) {
 2317              		.loc 1 362 22 view .LVU539
 2318 00ae 504B     		ldr	r3, .L225+68
 2319 00b0 DFE7     		b	.L203
 2320              	.L220:
 364:Core/Src/tetris.c ****             }
 2321              		.loc 1 364 22 view .LVU540
 2322 00b2 504B     		ldr	r3, .L225+72
 2323 00b4 DDE7     		b	.L203
 2324              	.LVL189:
 2325              	.L223:
 364:Core/Src/tetris.c ****             }
 2326              		.loc 1 364 22 view .LVU541
 2327              	.LBE37:
 2328              	.LBE35:
 370:Core/Src/tetris.c **** 
 2329              		.loc 1 370 9 is_stmt 1 view .LVU542
 370:Core/Src/tetris.c **** 
 2330              		.loc 1 370 17 is_stmt 0 view .LVU543
 2331 00b6 504A     		ldr	r2, .L225+76
 2332 00b8 C5F16001 		rsb	r1, r5, #96
 2333 00bc 06A8     		add	r0, sp, #24
 2334 00be 2844     		add	r0, r0, r5
 2335 00c0 FFF7FEFF 		bl	snprintf
 2336              	.LVL190:
 370:Core/Src/tetris.c **** 
 2337              		.loc 1 370 14 discriminator 1 view .LVU544
 2338 00c4 2C18     		adds	r4, r5, r0
 2339              	.LVL191:
 372:Core/Src/tetris.c ****             used += snprintf(row + used, sizeof(row) - used, "  Next");
 2340              		.loc 1 372 9 is_stmt 1 view .LVU545
 2341 00c6 0B2E     		cmp	r6, #11
 2342 00c8 21D8     		bhi	.L205
 2343 00ca DFE806F0 		tbb	[pc, r6]
 2344              	.L207:
 2345 00ce 06       		.byte	(.L214-.L207)/2
 2346 00cf 0F       		.byte	(.L213-.L207)/2
 2347 00d0 0F       		.byte	(.L213-.L207)/2
 2348 00d1 0F       		.byte	(.L213-.L207)/2
 2349 00d2 0F       		.byte	(.L213-.L207)/2
 2350 00d3 20       		.byte	(.L205-.L207)/2
 2351 00d4 33       		.byte	(.L212-.L207)/2
 2352 00d5 3C       		.byte	(.L211-.L207)/2
 2353 00d6 45       		.byte	(.L210-.L207)/2
 2354 00d7 4E       		.byte	(.L209-.L207)/2
 2355 00d8 57       		.byte	(.L208-.L207)/2
 2356 00d9 60       		.byte	(.L206-.L207)/2
 2357              		.p2align 1
 2358              	.L214:
 373:Core/Src/tetris.c ****         } else if (y >= 1 && y <= 4) {
 2359              		.loc 1 373 13 view .LVU546
 373:Core/Src/tetris.c ****         } else if (y >= 1 && y <= 4) {
 2360              		.loc 1 373 21 is_stmt 0 view .LVU547
 2361 00da 484A     		ldr	r2, .L225+80
 2362 00dc C4F16001 		rsb	r1, r4, #96
 2363 00e0 06A8     		add	r0, sp, #24
 2364 00e2 2044     		add	r0, r0, r4
ARM GAS  C:\Users\crist\AppData\Local\Temp\ccWhY2jg.s 			page 56


 2365 00e4 FFF7FEFF 		bl	snprintf
 2366              	.LVL192:
 373:Core/Src/tetris.c ****         } else if (y >= 1 && y <= 4) {
 2367              		.loc 1 373 18 discriminator 1 view .LVU548
 2368 00e8 0444     		add	r4, r4, r0
 2369              	.LVL193:
 373:Core/Src/tetris.c ****         } else if (y >= 1 && y <= 4) {
 2370              		.loc 1 373 18 discriminator 1 view .LVU549
 2371 00ea 10E0     		b	.L205
 2372              	.L213:
 375:Core/Src/tetris.c ****             used += snprintf(row + used, sizeof(row) - used, "  %s", preview);
 2373              		.loc 1 375 13 is_stmt 1 view .LVU550
 2374 00ec 03AD     		add	r5, sp, #12
 2375 00ee 731E     		subs	r3, r6, #1
 2376 00f0 374A     		ldr	r2, .L225+36
 2377 00f2 1278     		ldrb	r2, [r2]	@ zero_extendqisi2
 2378 00f4 0C21     		movs	r1, #12
 2379 00f6 2846     		mov	r0, r5
 2380 00f8 FFF7FEFF 		bl	build_preview_row
 2381              	.LVL194:
 376:Core/Src/tetris.c ****         } else if (y == 6) {
 2382              		.loc 1 376 13 view .LVU551
 376:Core/Src/tetris.c ****         } else if (y == 6) {
 2383              		.loc 1 376 21 is_stmt 0 view .LVU552
 2384 00fc 2B46     		mov	r3, r5
 2385 00fe 404A     		ldr	r2, .L225+84
 2386 0100 C4F16001 		rsb	r1, r4, #96
 2387 0104 06A8     		add	r0, sp, #24
 2388 0106 2044     		add	r0, r0, r4
 2389 0108 FFF7FEFF 		bl	snprintf
 2390              	.LVL195:
 376:Core/Src/tetris.c ****         } else if (y == 6) {
 2391              		.loc 1 376 18 discriminator 1 view .LVU553
 2392 010c 0444     		add	r4, r4, r0
 2393              	.LVL196:
 2394              	.L205:
 391:Core/Src/tetris.c ****         uart_send(row);
 2395              		.loc 1 391 9 is_stmt 1 view .LVU554
 2396 010e 06AD     		add	r5, sp, #24
 2397 0110 3C4A     		ldr	r2, .L225+88
 2398 0112 C4F16001 		rsb	r1, r4, #96
 2399 0116 2819     		adds	r0, r5, r4
 2400 0118 FFF7FEFF 		bl	snprintf
 2401              	.LVL197:
 392:Core/Src/tetris.c ****     }
 2402              		.loc 1 392 9 view .LVU555
 2403 011c 2846     		mov	r0, r5
 2404 011e FFF7FEFF 		bl	uart_send
 2405              	.LVL198:
 2406              	.LBE34:
 353:Core/Src/tetris.c ****         int used = snprintf(row, sizeof(row), "|");
 2407              		.loc 1 353 35 discriminator 2 view .LVU556
 2408 0122 0136     		adds	r6, r6, #1
 2409              	.LVL199:
 2410              	.L201:
 353:Core/Src/tetris.c ****         int used = snprintf(row, sizeof(row), "|");
 2411              		.loc 1 353 23 discriminator 1 view .LVU557
ARM GAS  C:\Users\crist\AppData\Local\Temp\ccWhY2jg.s 			page 57


 2412 0124 132E     		cmp	r6, #19
 2413 0126 3BDC     		bgt	.L224
 2414              	.LBB40:
 354:Core/Src/tetris.c **** 
 2415              		.loc 1 354 9 view .LVU558
 354:Core/Src/tetris.c **** 
 2416              		.loc 1 354 20 is_stmt 0 view .LVU559
 2417 0128 7C23     		movs	r3, #124
 2418 012a ADF81830 		strh	r3, [sp, #24]	@ movhi
 2419              	.LVL200:
 356:Core/Src/tetris.c ****             const char *cell = "  ";
 2420              		.loc 1 356 9 is_stmt 1 view .LVU560
 2421              	.LBB38:
 356:Core/Src/tetris.c ****             const char *cell = "  ";
 2422              		.loc 1 356 14 view .LVU561
 356:Core/Src/tetris.c ****             const char *cell = "  ";
 2423              		.loc 1 356 18 is_stmt 0 view .LVU562
 2424 012e 0024     		movs	r4, #0
 2425              	.LBE38:
 354:Core/Src/tetris.c **** 
 2426              		.loc 1 354 20 view .LVU563
 2427 0130 0125     		movs	r5, #1
 2428              	.LBB39:
 356:Core/Src/tetris.c ****             const char *cell = "  ";
 2429              		.loc 1 356 9 view .LVU564
 2430 0132 A7E7     		b	.L202
 2431              	.LVL201:
 2432              	.L212:
 356:Core/Src/tetris.c ****             const char *cell = "  ";
 2433              		.loc 1 356 9 view .LVU565
 2434              	.LBE39:
 378:Core/Src/tetris.c ****         } else if (y == 7) {
 2435              		.loc 1 378 13 is_stmt 1 view .LVU566
 378:Core/Src/tetris.c ****         } else if (y == 7) {
 2436              		.loc 1 378 21 is_stmt 0 view .LVU567
 2437 0134 344A     		ldr	r2, .L225+92
 2438 0136 C4F16001 		rsb	r1, r4, #96
 2439 013a 06A8     		add	r0, sp, #24
 2440 013c 2044     		add	r0, r0, r4
 2441 013e FFF7FEFF 		bl	snprintf
 2442              	.LVL202:
 378:Core/Src/tetris.c ****         } else if (y == 7) {
 2443              		.loc 1 378 18 discriminator 1 view .LVU568
 2444 0142 0444     		add	r4, r4, r0
 2445              	.LVL203:
 378:Core/Src/tetris.c ****         } else if (y == 7) {
 2446              		.loc 1 378 18 discriminator 1 view .LVU569
 2447 0144 E3E7     		b	.L205
 2448              	.L211:
 380:Core/Src/tetris.c ****         } else if (y == 8) {
 2449              		.loc 1 380 13 is_stmt 1 view .LVU570
 380:Core/Src/tetris.c ****         } else if (y == 8) {
 2450              		.loc 1 380 21 is_stmt 0 view .LVU571
 2451 0146 314A     		ldr	r2, .L225+96
 2452 0148 C4F16001 		rsb	r1, r4, #96
 2453 014c 06A8     		add	r0, sp, #24
 2454 014e 2044     		add	r0, r0, r4
ARM GAS  C:\Users\crist\AppData\Local\Temp\ccWhY2jg.s 			page 58


 2455 0150 FFF7FEFF 		bl	snprintf
 2456              	.LVL204:
 380:Core/Src/tetris.c ****         } else if (y == 8) {
 2457              		.loc 1 380 18 discriminator 1 view .LVU572
 2458 0154 0444     		add	r4, r4, r0
 2459              	.LVL205:
 380:Core/Src/tetris.c ****         } else if (y == 8) {
 2460              		.loc 1 380 18 discriminator 1 view .LVU573
 2461 0156 DAE7     		b	.L205
 2462              	.L210:
 382:Core/Src/tetris.c ****         } else if (y == 9) {
 2463              		.loc 1 382 13 is_stmt 1 view .LVU574
 382:Core/Src/tetris.c ****         } else if (y == 9) {
 2464              		.loc 1 382 21 is_stmt 0 view .LVU575
 2465 0158 2D4A     		ldr	r2, .L225+100
 2466 015a C4F16001 		rsb	r1, r4, #96
 2467 015e 06A8     		add	r0, sp, #24
 2468 0160 2044     		add	r0, r0, r4
 2469 0162 FFF7FEFF 		bl	snprintf
 2470              	.LVL206:
 382:Core/Src/tetris.c ****         } else if (y == 9) {
 2471              		.loc 1 382 18 discriminator 1 view .LVU576
 2472 0166 0444     		add	r4, r4, r0
 2473              	.LVL207:
 382:Core/Src/tetris.c ****         } else if (y == 9) {
 2474              		.loc 1 382 18 discriminator 1 view .LVU577
 2475 0168 D1E7     		b	.L205
 2476              	.L209:
 384:Core/Src/tetris.c ****         } else if (y == 10) {
 2477              		.loc 1 384 13 is_stmt 1 view .LVU578
 384:Core/Src/tetris.c ****         } else if (y == 10) {
 2478              		.loc 1 384 21 is_stmt 0 view .LVU579
 2479 016a 2A4A     		ldr	r2, .L225+104
 2480 016c C4F16001 		rsb	r1, r4, #96
 2481 0170 06A8     		add	r0, sp, #24
 2482 0172 2044     		add	r0, r0, r4
 2483 0174 FFF7FEFF 		bl	snprintf
 2484              	.LVL208:
 384:Core/Src/tetris.c ****         } else if (y == 10) {
 2485              		.loc 1 384 18 discriminator 1 view .LVU580
 2486 0178 0444     		add	r4, r4, r0
 2487              	.LVL209:
 384:Core/Src/tetris.c ****         } else if (y == 10) {
 2488              		.loc 1 384 18 discriminator 1 view .LVU581
 2489 017a C8E7     		b	.L205
 2490              	.L208:
 386:Core/Src/tetris.c ****         } else if (y == 11) {
 2491              		.loc 1 386 13 is_stmt 1 view .LVU582
 386:Core/Src/tetris.c ****         } else if (y == 11) {
 2492              		.loc 1 386 21 is_stmt 0 view .LVU583
 2493 017c 264A     		ldr	r2, .L225+108
 2494 017e C4F16001 		rsb	r1, r4, #96
 2495 0182 06A8     		add	r0, sp, #24
 2496 0184 2044     		add	r0, r0, r4
 2497 0186 FFF7FEFF 		bl	snprintf
 2498              	.LVL210:
 386:Core/Src/tetris.c ****         } else if (y == 11) {
ARM GAS  C:\Users\crist\AppData\Local\Temp\ccWhY2jg.s 			page 59


 2499              		.loc 1 386 18 discriminator 1 view .LVU584
 2500 018a 0444     		add	r4, r4, r0
 2501              	.LVL211:
 386:Core/Src/tetris.c ****         } else if (y == 11) {
 2502              		.loc 1 386 18 discriminator 1 view .LVU585
 2503 018c BFE7     		b	.L205
 2504              	.L206:
 388:Core/Src/tetris.c ****         }
 2505              		.loc 1 388 13 is_stmt 1 view .LVU586
 388:Core/Src/tetris.c ****         }
 2506              		.loc 1 388 21 is_stmt 0 view .LVU587
 2507 018e 234A     		ldr	r2, .L225+112
 2508 0190 C4F16001 		rsb	r1, r4, #96
 2509 0194 06A8     		add	r0, sp, #24
 2510 0196 2044     		add	r0, r0, r4
 2511 0198 FFF7FEFF 		bl	snprintf
 2512              	.LVL212:
 388:Core/Src/tetris.c ****         }
 2513              		.loc 1 388 18 discriminator 1 view .LVU588
 2514 019c 0444     		add	r4, r4, r0
 2515              	.LVL213:
 388:Core/Src/tetris.c ****         }
 2516              		.loc 1 388 18 discriminator 1 view .LVU589
 2517 019e B6E7     		b	.L205
 2518              	.LVL214:
 2519              	.L224:
 388:Core/Src/tetris.c ****         }
 2520              		.loc 1 388 18 discriminator 1 view .LVU590
 2521              	.LBE40:
 2522              	.LBE41:
 395:Core/Src/tetris.c **** }
 2523              		.loc 1 395 5 is_stmt 1 view .LVU591
 2524 01a0 0D48     		ldr	r0, .L225+44
 2525 01a2 FFF7FEFF 		bl	uart_send
 2526              	.LVL215:
 396:Core/Src/tetris.c **** 
 2527              		.loc 1 396 1 is_stmt 0 view .LVU592
 2528 01a6 1FB0     		add	sp, sp, #124
 2529              	.LCFI24:
 2530              		.cfi_def_cfa_offset 20
 2531              		@ sp needed
 2532 01a8 F0BD     		pop	{r4, r5, r6, r7, pc}
 2533              	.LVL216:
 2534              	.L226:
 396:Core/Src/tetris.c **** 
 2535              		.loc 1 396 1 view .LVU593
 2536 01aa 00BF     		.align	2
 2537              	.L225:
 2538 01ac 24000000 		.word	.LC8
 2539 01b0 00000000 		.word	level
 2540 01b4 00000000 		.word	lines
 2541 01b8 00000000 		.word	score
 2542 01bc 2C000000 		.word	.LC9
 2543 01c0 00000000 		.word	game_over
 2544 01c4 00000000 		.word	paused
 2545 01c8 14000000 		.word	.LC5
 2546 01cc 00000000 		.word	.LC3
ARM GAS  C:\Users\crist\AppData\Local\Temp\ccWhY2jg.s 			page 60


 2547 01d0 00000000 		.word	next_piece
 2548 01d4 64000000 		.word	.LC10
 2549 01d8 7C000000 		.word	.LC11
 2550 01dc 0C000000 		.word	.LC4
 2551 01e0 00000000 		.word	.LC0
 2552 01e4 08000000 		.word	.LC2
 2553 01e8 00000000 		.word	board
 2554 01ec 04000000 		.word	.LC1
 2555 01f0 1C000000 		.word	.LC6
 2556 01f4 20000000 		.word	.LC7
 2557 01f8 94000000 		.word	.LC12
 2558 01fc 98000000 		.word	.LC13
 2559 0200 A0000000 		.word	.LC14
 2560 0204 FC000000 		.word	.LC21
 2561 0208 A8000000 		.word	.LC15
 2562 020c B4000000 		.word	.LC16
 2563 0210 C0000000 		.word	.LC17
 2564 0214 D0000000 		.word	.LC18
 2565 0218 E0000000 		.word	.LC19
 2566 021c EC000000 		.word	.LC20
 2567              		.cfi_endproc
 2568              	.LFE92:
 2570              		.section	.rodata.Tetris_DrawLCD.str1.4,"aMS",%progbits,1
 2571              		.align	2
 2572              	.LC22:
 2573 0000 20202020 		.ascii	"     GAME OVER      \000"
 2573      2047414D 
 2573      45204F56 
 2573      45522020 
 2573      20202020 
 2574 0015 000000   		.align	2
 2575              	.LC23:
 2576 0018 53636F72 		.ascii	"Score %lu\000"
 2576      6520256C 
 2576      7500
 2577 0022 0000     		.align	2
 2578              	.LC24:
 2579 0024 4C696E65 		.ascii	"Lines %u Lv %u\000"
 2579      73202575 
 2579      204C7620 
 2579      257500
 2580 0033 00       		.align	2
 2581              	.LC25:
 2582 0034 50726573 		.ascii	"Press R to restart  \000"
 2582      73205220 
 2582      746F2072 
 2582      65737461 
 2582      72742020 
 2583 0049 000000   		.align	2
 2584              	.LC26:
 2585 004c 20202020 		.ascii	"       PAUSED       \000"
 2585      20202050 
 2585      41555345 
 2585      44202020 
 2585      20202020 
 2586 0061 000000   		.align	2
 2587              	.LC27:
ARM GAS  C:\Users\crist\AppData\Local\Temp\ccWhY2jg.s 			page 61


 2588 0064 50726573 		.ascii	"Press P to resume   \000"
 2588      73205020 
 2588      746F2072 
 2588      6573756D 
 2588      65202020 
 2589              		.section	.text.Tetris_DrawLCD,"ax",%progbits
 2590              		.align	1
 2591              		.global	Tetris_DrawLCD
 2592              		.syntax unified
 2593              		.thumb
 2594              		.thumb_func
 2596              	Tetris_DrawLCD:
 2597              	.LFB94:
 404:Core/Src/tetris.c **** 
 405:Core/Src/tetris.c **** void Tetris_DrawLCD(void) {
 2598              		.loc 1 405 27 is_stmt 1 view -0
 2599              		.cfi_startproc
 2600              		@ args = 0, pretend = 0, frame = 24
 2601              		@ frame_needed = 0, uses_anonymous_args = 0
 2602 0000 F0B5     		push	{r4, r5, r6, r7, lr}
 2603              	.LCFI25:
 2604              		.cfi_def_cfa_offset 20
 2605              		.cfi_offset 4, -20
 2606              		.cfi_offset 5, -16
 2607              		.cfi_offset 6, -12
 2608              		.cfi_offset 7, -8
 2609              		.cfi_offset 14, -4
 2610 0002 89B0     		sub	sp, sp, #36
 2611              	.LCFI26:
 2612              		.cfi_def_cfa_offset 56
 406:Core/Src/tetris.c ****     if (game_over) {
 2613              		.loc 1 406 5 view .LVU595
 2614              		.loc 1 406 9 is_stmt 0 view .LVU596
 2615 0004 3D4B     		ldr	r3, .L246
 2616 0006 1B78     		ldrb	r3, [r3]	@ zero_extendqisi2
 2617              		.loc 1 406 8 view .LVU597
 2618 0008 23B9     		cbnz	r3, .L241
 407:Core/Src/tetris.c ****         char text[21];
 408:Core/Src/tetris.c ****         lcd_write_line(0, "     GAME OVER      ");
 409:Core/Src/tetris.c ****         snprintf(text, sizeof(text), "Score %lu", (unsigned long)score);
 410:Core/Src/tetris.c ****         lcd_write_line(1, text);
 411:Core/Src/tetris.c ****         snprintf(text, sizeof(text), "Lines %u Lv %u", (unsigned)lines, (unsigned)level);
 412:Core/Src/tetris.c ****         lcd_write_line(2, text);
 413:Core/Src/tetris.c ****         lcd_write_line(3, "Press R to restart  ");
 414:Core/Src/tetris.c ****         return;
 415:Core/Src/tetris.c ****     }
 416:Core/Src/tetris.c **** 
 417:Core/Src/tetris.c ****     if (paused) {
 2619              		.loc 1 417 5 is_stmt 1 view .LVU598
 2620              		.loc 1 417 9 is_stmt 0 view .LVU599
 2621 000a 3D4B     		ldr	r3, .L246+4
 2622 000c 1B78     		ldrb	r3, [r3]	@ zero_extendqisi2
 2623              		.loc 1 417 8 view .LVU600
 2624 000e 2BBB     		cbnz	r3, .L242
 2625              	.LBB42:
 418:Core/Src/tetris.c ****         char text[21];
 419:Core/Src/tetris.c ****         lcd_write_line(0, "       PAUSED       ");
ARM GAS  C:\Users\crist\AppData\Local\Temp\ccWhY2jg.s 			page 62


 420:Core/Src/tetris.c ****         snprintf(text, sizeof(text), "Score %lu", (unsigned long)score);
 421:Core/Src/tetris.c ****         lcd_write_line(1, text);
 422:Core/Src/tetris.c ****         snprintf(text, sizeof(text), "Lines %u Lv %u", (unsigned)lines, (unsigned)level);
 423:Core/Src/tetris.c ****         lcd_write_line(2, text);
 424:Core/Src/tetris.c ****         lcd_write_line(3, "Press P to resume   ");
 425:Core/Src/tetris.c ****         return;
 426:Core/Src/tetris.c ****     }
 427:Core/Src/tetris.c **** 
 428:Core/Src/tetris.c ****     for (int r = 0; r < 4; r++) {           
 2626              		.loc 1 428 14 view .LVU601
 2627 0010 0027     		movs	r7, #0
 2628 0012 6AE0     		b	.L230
 2629              	.L241:
 2630              	.LBE42:
 2631              	.LBB47:
 407:Core/Src/tetris.c ****         char text[21];
 2632              		.loc 1 407 9 is_stmt 1 view .LVU602
 408:Core/Src/tetris.c ****         snprintf(text, sizeof(text), "Score %lu", (unsigned long)score);
 2633              		.loc 1 408 9 view .LVU603
 2634 0014 3B49     		ldr	r1, .L246+8
 2635 0016 0020     		movs	r0, #0
 2636 0018 FFF7FEFF 		bl	lcd_write_line
 2637              	.LVL217:
 409:Core/Src/tetris.c ****         lcd_write_line(1, text);
 2638              		.loc 1 409 9 view .LVU604
 2639 001c 02AC     		add	r4, sp, #8
 2640 001e 3A4B     		ldr	r3, .L246+12
 2641 0020 1B68     		ldr	r3, [r3]
 2642 0022 3A4A     		ldr	r2, .L246+16
 2643 0024 1521     		movs	r1, #21
 2644 0026 2046     		mov	r0, r4
 2645 0028 FFF7FEFF 		bl	snprintf
 2646              	.LVL218:
 410:Core/Src/tetris.c ****         snprintf(text, sizeof(text), "Lines %u Lv %u", (unsigned)lines, (unsigned)level);
 2647              		.loc 1 410 9 view .LVU605
 2648 002c 2146     		mov	r1, r4
 2649 002e 0120     		movs	r0, #1
 2650 0030 FFF7FEFF 		bl	lcd_write_line
 2651              	.LVL219:
 411:Core/Src/tetris.c ****         lcd_write_line(2, text);
 2652              		.loc 1 411 9 view .LVU606
 2653 0034 364B     		ldr	r3, .L246+20
 2654 0036 1B78     		ldrb	r3, [r3]	@ zero_extendqisi2
 2655 0038 0093     		str	r3, [sp]
 2656 003a 364B     		ldr	r3, .L246+24
 2657 003c 1B88     		ldrh	r3, [r3]
 2658 003e 364A     		ldr	r2, .L246+28
 2659 0040 1521     		movs	r1, #21
 2660 0042 2046     		mov	r0, r4
 2661 0044 FFF7FEFF 		bl	snprintf
 2662              	.LVL220:
 412:Core/Src/tetris.c ****         lcd_write_line(3, "Press R to restart  ");
 2663              		.loc 1 412 9 view .LVU607
 2664 0048 2146     		mov	r1, r4
 2665 004a 0220     		movs	r0, #2
 2666 004c FFF7FEFF 		bl	lcd_write_line
 2667              	.LVL221:
ARM GAS  C:\Users\crist\AppData\Local\Temp\ccWhY2jg.s 			page 63


 413:Core/Src/tetris.c ****         return;
 2668              		.loc 1 413 9 view .LVU608
 2669 0050 3249     		ldr	r1, .L246+32
 2670 0052 0320     		movs	r0, #3
 2671 0054 FFF7FEFF 		bl	lcd_write_line
 2672              	.LVL222:
 414:Core/Src/tetris.c ****     }
 2673              		.loc 1 414 9 view .LVU609
 2674              	.L227:
 2675              	.LBE47:
 429:Core/Src/tetris.c ****         lcd_put_cur(r, 0);                  
 430:Core/Src/tetris.c ****         for (int c = 0; c < 20; c++) {      
 431:Core/Src/tetris.c ****             
 432:Core/Src/tetris.c ****             int board_x = r * 2;            
 433:Core/Src/tetris.c ****             int board_y = c;                
 434:Core/Src/tetris.c ****             
 435:Core/Src/tetris.c ****             bool top_block = get_pixel(board_x, board_y);
 436:Core/Src/tetris.c ****             bool bot_block = get_pixel(board_x + 1, board_y);
 437:Core/Src/tetris.c ****             
 438:Core/Src/tetris.c ****             if (top_block && !bot_block) {
 439:Core/Src/tetris.c ****                 lcd_send_data(1);          
 440:Core/Src/tetris.c ****             } else if (!top_block && bot_block) {
 441:Core/Src/tetris.c ****                 lcd_send_data(2);           
 442:Core/Src/tetris.c ****             } else if (top_block && bot_block) {
 443:Core/Src/tetris.c ****                 lcd_send_data(3);           
 444:Core/Src/tetris.c ****             } else {
 445:Core/Src/tetris.c ****                 lcd_send_data(' ');        
 446:Core/Src/tetris.c ****             }
 447:Core/Src/tetris.c ****         }
 448:Core/Src/tetris.c ****     }
 449:Core/Src/tetris.c **** }
 2676              		.loc 1 449 1 is_stmt 0 view .LVU610
 2677 0058 09B0     		add	sp, sp, #36
 2678              	.LCFI27:
 2679              		.cfi_remember_state
 2680              		.cfi_def_cfa_offset 20
 2681              		@ sp needed
 2682 005a F0BD     		pop	{r4, r5, r6, r7, pc}
 2683              	.L242:
 2684              	.LCFI28:
 2685              		.cfi_restore_state
 2686              	.LBB48:
 418:Core/Src/tetris.c ****         lcd_write_line(0, "       PAUSED       ");
 2687              		.loc 1 418 9 is_stmt 1 view .LVU611
 419:Core/Src/tetris.c ****         snprintf(text, sizeof(text), "Score %lu", (unsigned long)score);
 2688              		.loc 1 419 9 view .LVU612
 2689 005c 3049     		ldr	r1, .L246+36
 2690 005e 0020     		movs	r0, #0
 2691 0060 FFF7FEFF 		bl	lcd_write_line
 2692              	.LVL223:
 420:Core/Src/tetris.c ****         lcd_write_line(1, text);
 2693              		.loc 1 420 9 view .LVU613
 2694 0064 02AC     		add	r4, sp, #8
 2695 0066 284B     		ldr	r3, .L246+12
 2696 0068 1B68     		ldr	r3, [r3]
 2697 006a 284A     		ldr	r2, .L246+16
 2698 006c 1521     		movs	r1, #21
ARM GAS  C:\Users\crist\AppData\Local\Temp\ccWhY2jg.s 			page 64


 2699 006e 2046     		mov	r0, r4
 2700 0070 FFF7FEFF 		bl	snprintf
 2701              	.LVL224:
 421:Core/Src/tetris.c ****         snprintf(text, sizeof(text), "Lines %u Lv %u", (unsigned)lines, (unsigned)level);
 2702              		.loc 1 421 9 view .LVU614
 2703 0074 2146     		mov	r1, r4
 2704 0076 0120     		movs	r0, #1
 2705 0078 FFF7FEFF 		bl	lcd_write_line
 2706              	.LVL225:
 422:Core/Src/tetris.c ****         lcd_write_line(2, text);
 2707              		.loc 1 422 9 view .LVU615
 2708 007c 244B     		ldr	r3, .L246+20
 2709 007e 1B78     		ldrb	r3, [r3]	@ zero_extendqisi2
 2710 0080 0093     		str	r3, [sp]
 2711 0082 244B     		ldr	r3, .L246+24
 2712 0084 1B88     		ldrh	r3, [r3]
 2713 0086 244A     		ldr	r2, .L246+28
 2714 0088 1521     		movs	r1, #21
 2715 008a 2046     		mov	r0, r4
 2716 008c FFF7FEFF 		bl	snprintf
 2717              	.LVL226:
 423:Core/Src/tetris.c ****         lcd_write_line(3, "Press P to resume   ");
 2718              		.loc 1 423 9 view .LVU616
 2719 0090 2146     		mov	r1, r4
 2720 0092 0220     		movs	r0, #2
 2721 0094 FFF7FEFF 		bl	lcd_write_line
 2722              	.LVL227:
 424:Core/Src/tetris.c ****         return;
 2723              		.loc 1 424 9 view .LVU617
 2724 0098 2249     		ldr	r1, .L246+40
 2725 009a 0320     		movs	r0, #3
 2726 009c FFF7FEFF 		bl	lcd_write_line
 2727              	.LVL228:
 425:Core/Src/tetris.c ****     }
 2728              		.loc 1 425 9 view .LVU618
 2729 00a0 DAE7     		b	.L227
 2730              	.LVL229:
 2731              	.L232:
 425:Core/Src/tetris.c ****     }
 2732              		.loc 1 425 9 is_stmt 0 view .LVU619
 2733              	.LBE48:
 2734              	.LBB49:
 2735              	.LBB43:
 2736              	.LBB44:
 440:Core/Src/tetris.c ****                 lcd_send_data(2);           
 2737              		.loc 1 440 35 discriminator 1 view .LVU620
 2738 00a2 C8B9     		cbnz	r0, .L243
 442:Core/Src/tetris.c ****                 lcd_send_data(3);           
 2739              		.loc 1 442 20 is_stmt 1 view .LVU621
 442:Core/Src/tetris.c ****                 lcd_send_data(3);           
 2740              		.loc 1 442 23 is_stmt 0 view .LVU622
 2741 00a4 06B1     		cbz	r6, .L236
 2742              	.L233:
 442:Core/Src/tetris.c ****                 lcd_send_data(3);           
 2743              		.loc 1 442 34 discriminator 1 view .LVU623
 2744 00a6 D8B9     		cbnz	r0, .L244
 2745              	.L236:
ARM GAS  C:\Users\crist\AppData\Local\Temp\ccWhY2jg.s 			page 65


 445:Core/Src/tetris.c ****             }
 2746              		.loc 1 445 17 is_stmt 1 view .LVU624
 2747 00a8 2020     		movs	r0, #32
 2748              	.LVL230:
 445:Core/Src/tetris.c ****             }
 2749              		.loc 1 445 17 is_stmt 0 view .LVU625
 2750 00aa FFF7FEFF 		bl	lcd_send_data
 2751              	.LVL231:
 2752              	.L234:
 2753              	.LBE44:
 430:Core/Src/tetris.c ****             
 2754              		.loc 1 430 34 is_stmt 1 discriminator 2 view .LVU626
 2755 00ae 0134     		adds	r4, r4, #1
 2756              	.LVL232:
 2757              	.L231:
 430:Core/Src/tetris.c ****             
 2758              		.loc 1 430 27 discriminator 1 view .LVU627
 2759 00b0 132C     		cmp	r4, #19
 2760 00b2 19DC     		bgt	.L245
 2761              	.LBB45:
 432:Core/Src/tetris.c ****             int board_y = c;                
 2762              		.loc 1 432 13 view .LVU628
 432:Core/Src/tetris.c ****             int board_y = c;                
 2763              		.loc 1 432 17 is_stmt 0 view .LVU629
 2764 00b4 7D00     		lsls	r5, r7, #1
 433:Core/Src/tetris.c ****             
 2765              		.loc 1 433 13 is_stmt 1 view .LVU630
 2766              	.LVL233:
 435:Core/Src/tetris.c ****             bool bot_block = get_pixel(board_x + 1, board_y);
 2767              		.loc 1 435 13 view .LVU631
 435:Core/Src/tetris.c ****             bool bot_block = get_pixel(board_x + 1, board_y);
 2768              		.loc 1 435 30 is_stmt 0 view .LVU632
 2769 00b6 2146     		mov	r1, r4
 2770 00b8 2846     		mov	r0, r5
 2771 00ba FFF7FEFF 		bl	get_pixel
 2772              	.LVL234:
 2773 00be 0646     		mov	r6, r0
 2774              	.LVL235:
 436:Core/Src/tetris.c ****             
 2775              		.loc 1 436 13 is_stmt 1 view .LVU633
 436:Core/Src/tetris.c ****             
 2776              		.loc 1 436 30 is_stmt 0 view .LVU634
 2777 00c0 2146     		mov	r1, r4
 2778 00c2 681C     		adds	r0, r5, #1
 2779 00c4 FFF7FEFF 		bl	get_pixel
 2780              	.LVL236:
 438:Core/Src/tetris.c ****                 lcd_send_data(1);          
 2781              		.loc 1 438 13 is_stmt 1 view .LVU635
 438:Core/Src/tetris.c ****                 lcd_send_data(1);          
 2782              		.loc 1 438 16 is_stmt 0 view .LVU636
 2783 00c8 002E     		cmp	r6, #0
 2784 00ca EAD0     		beq	.L232
 438:Core/Src/tetris.c ****                 lcd_send_data(1);          
 2785              		.loc 1 438 27 discriminator 1 view .LVU637
 2786 00cc 0028     		cmp	r0, #0
 2787 00ce EAD1     		bne	.L233
 439:Core/Src/tetris.c ****             } else if (!top_block && bot_block) {
ARM GAS  C:\Users\crist\AppData\Local\Temp\ccWhY2jg.s 			page 66


 2788              		.loc 1 439 17 is_stmt 1 view .LVU638
 2789 00d0 0120     		movs	r0, #1
 2790              	.LVL237:
 439:Core/Src/tetris.c ****             } else if (!top_block && bot_block) {
 2791              		.loc 1 439 17 is_stmt 0 view .LVU639
 2792 00d2 FFF7FEFF 		bl	lcd_send_data
 2793              	.LVL238:
 2794 00d6 EAE7     		b	.L234
 2795              	.LVL239:
 2796              	.L243:
 441:Core/Src/tetris.c ****             } else if (top_block && bot_block) {
 2797              		.loc 1 441 17 is_stmt 1 view .LVU640
 2798 00d8 0220     		movs	r0, #2
 2799              	.LVL240:
 441:Core/Src/tetris.c ****             } else if (top_block && bot_block) {
 2800              		.loc 1 441 17 is_stmt 0 view .LVU641
 2801 00da FFF7FEFF 		bl	lcd_send_data
 2802              	.LVL241:
 2803 00de E6E7     		b	.L234
 2804              	.LVL242:
 2805              	.L244:
 443:Core/Src/tetris.c ****             } else {
 2806              		.loc 1 443 17 is_stmt 1 view .LVU642
 2807 00e0 0320     		movs	r0, #3
 2808              	.LVL243:
 443:Core/Src/tetris.c ****             } else {
 2809              		.loc 1 443 17 is_stmt 0 view .LVU643
 2810 00e2 FFF7FEFF 		bl	lcd_send_data
 2811              	.LVL244:
 2812 00e6 E2E7     		b	.L234
 2813              	.LVL245:
 2814              	.L245:
 443:Core/Src/tetris.c ****             } else {
 2815              		.loc 1 443 17 view .LVU644
 2816              	.LBE45:
 2817              	.LBE43:
 428:Core/Src/tetris.c ****         lcd_put_cur(r, 0);                  
 2818              		.loc 1 428 29 is_stmt 1 discriminator 2 view .LVU645
 2819 00e8 0137     		adds	r7, r7, #1
 2820              	.LVL246:
 2821              	.L230:
 428:Core/Src/tetris.c ****         lcd_put_cur(r, 0);                  
 2822              		.loc 1 428 23 discriminator 1 view .LVU646
 2823 00ea 032F     		cmp	r7, #3
 2824 00ec B4DC     		bgt	.L227
 429:Core/Src/tetris.c ****         for (int c = 0; c < 20; c++) {      
 2825              		.loc 1 429 9 view .LVU647
 2826 00ee 0021     		movs	r1, #0
 2827 00f0 3846     		mov	r0, r7
 2828 00f2 FFF7FEFF 		bl	lcd_put_cur
 2829              	.LVL247:
 430:Core/Src/tetris.c ****             
 2830              		.loc 1 430 9 view .LVU648
 2831              	.LBB46:
 430:Core/Src/tetris.c ****             
 2832              		.loc 1 430 14 view .LVU649
 430:Core/Src/tetris.c ****             
ARM GAS  C:\Users\crist\AppData\Local\Temp\ccWhY2jg.s 			page 67


 2833              		.loc 1 430 18 is_stmt 0 view .LVU650
 2834 00f6 0024     		movs	r4, #0
 430:Core/Src/tetris.c ****             
 2835              		.loc 1 430 9 view .LVU651
 2836 00f8 DAE7     		b	.L231
 2837              	.L247:
 2838 00fa 00BF     		.align	2
 2839              	.L246:
 2840 00fc 00000000 		.word	game_over
 2841 0100 00000000 		.word	paused
 2842 0104 00000000 		.word	.LC22
 2843 0108 00000000 		.word	score
 2844 010c 18000000 		.word	.LC23
 2845 0110 00000000 		.word	level
 2846 0114 00000000 		.word	lines
 2847 0118 24000000 		.word	.LC24
 2848 011c 34000000 		.word	.LC25
 2849 0120 4C000000 		.word	.LC26
 2850 0124 64000000 		.word	.LC27
 2851              	.LBE46:
 2852              	.LBE49:
 2853              		.cfi_endproc
 2854              	.LFE94:
 2856              		.section	.rodata.names.0,"a"
 2857              		.align	2
 2860              	names.0:
 2861 0000 494A4C4F 		.ascii	"IJLOSTZ"
 2861      53545A
 2862              		.section	.rodata.line_scores.1,"a"
 2863              		.align	2
 2866              	line_scores.1:
 2867 0000 0000     		.short	0
 2868 0002 6400     		.short	100
 2869 0004 2C01     		.short	300
 2870 0006 F401     		.short	500
 2871 0008 2003     		.short	800
 2872              		.section	.rodata.kicks.2,"a"
 2873              		.align	2
 2876              	kicks.2:
 2877 0000 00FF01FE 		.ascii	"\000\377\001\376\002"
 2877      02
 2878              		.section	.rodata.SHAPES,"a"
 2879              		.align	2
 2882              	SHAPES:
 2883 0000 000F     		.short	3840
 2884 0002 2222     		.short	8738
 2885 0004 F000     		.short	240
 2886 0006 4444     		.short	17476
 2887 0008 C044     		.short	17600
 2888 000a 008E     		.short	-29184
 2889 000c 4064     		.short	25664
 2890 000e 200E     		.short	3616
 2891 0010 6044     		.short	17504
 2892 0012 800E     		.short	3712
 2893 0014 40C4     		.short	-15296
 2894 0016 002E     		.short	11776
 2895 0018 00CC     		.short	-13312
ARM GAS  C:\Users\crist\AppData\Local\Temp\ccWhY2jg.s 			page 68


 2896 001a 00CC     		.short	-13312
 2897 001c 00CC     		.short	-13312
 2898 001e 00CC     		.short	-13312
 2899 0020 C006     		.short	1728
 2900 0022 408C     		.short	-29632
 2901 0024 006C     		.short	27648
 2902 0026 2046     		.short	17952
 2903 0028 400E     		.short	3648
 2904 002a 404C     		.short	19520
 2905 002c 004E     		.short	19968
 2906 002e 4046     		.short	17984
 2907 0030 600C     		.short	3168
 2908 0032 804C     		.short	19584
 2909 0034 00C6     		.short	-14848
 2910 0036 4026     		.short	9792
 2911              		.section	.bss.game_over,"aw",%nobits
 2914              	game_over:
 2915 0000 00       		.space	1
 2916              		.section	.bss.paused,"aw",%nobits
 2919              	paused:
 2920 0000 00       		.space	1
 2921              		.section	.data.level,"aw"
 2924              	level:
 2925 0000 01       		.byte	1
 2926              		.section	.bss.lines,"aw",%nobits
 2927              		.align	1
 2930              	lines:
 2931 0000 0000     		.space	2
 2932              		.section	.bss.score,"aw",%nobits
 2933              		.align	2
 2936              	score:
 2937 0000 00000000 		.space	4
 2938              		.section	.bss.next_piece,"aw",%nobits
 2941              	next_piece:
 2942 0000 00       		.space	1
 2943              		.section	.data.bag_index,"aw"
 2946              	bag_index:
 2947 0000 07       		.byte	7
 2948              		.section	.bss.piece_bag,"aw",%nobits
 2949              		.align	2
 2952              	piece_bag:
 2953 0000 00000000 		.space	7
 2953      000000
 2954              		.section	.bss.piece_rot,"aw",%nobits
 2957              	piece_rot:
 2958 0000 00       		.space	1
 2959              		.section	.bss.piece_type,"aw",%nobits
 2962              	piece_type:
 2963 0000 00       		.space	1
 2964              		.section	.bss.piece_y,"aw",%nobits
 2967              	piece_y:
 2968 0000 00       		.space	1
 2969              		.section	.bss.piece_x,"aw",%nobits
 2972              	piece_x:
 2973 0000 00       		.space	1
 2974              		.global	last_fall_time
 2975              		.section	.bss.last_fall_time,"aw",%nobits
ARM GAS  C:\Users\crist\AppData\Local\Temp\ccWhY2jg.s 			page 69


 2976              		.align	2
 2979              	last_fall_time:
 2980 0000 00000000 		.space	4
 2981              		.section	.bss.board,"aw",%nobits
 2982              		.align	2
 2985              	board:
 2986 0000 00000000 		.space	160
 2986      00000000 
 2986      00000000 
 2986      00000000 
 2986      00000000 
 2987              		.text
 2988              	.Letext0:
 2989              		.file 2 "C:\\ST\\STM32CubeCLT_1.21.0\\GNU-tools-for-STM32\\bin\\../lib/gcc/arm-none-eabi/14.3.1/..
 2990              		.file 3 "C:\\ST\\STM32CubeCLT_1.21.0\\GNU-tools-for-STM32\\bin\\../lib/gcc/arm-none-eabi/14.3.1/..
 2991              		.file 4 "Core/Inc/tetris.h"
 2992              		.file 5 "Drivers/CMSIS/Device/ST/STM32F1xx/Include/stm32f103xb.h"
 2993              		.file 6 "C:\\ST\\STM32CubeCLT_1.21.0\\GNU-tools-for-STM32\\bin\\../lib/gcc/arm-none-eabi/14.3.1/in
 2994              		.file 7 "Drivers/STM32F1xx_HAL_Driver/Inc/stm32f1xx_hal_def.h"
 2995              		.file 8 "Drivers/STM32F1xx_HAL_Driver/Inc/stm32f1xx_hal_dma.h"
 2996              		.file 9 "Drivers/STM32F1xx_HAL_Driver/Inc/stm32f1xx_hal_uart.h"
 2997              		.file 10 "Core/Inc/i2c-lcd.h"
 2998              		.file 11 "C:\\ST\\STM32CubeCLT_1.21.0\\GNU-tools-for-STM32\\bin\\../lib/gcc/arm-none-eabi/14.3.1/.
 2999              		.file 12 "C:\\ST\\STM32CubeCLT_1.21.0\\GNU-tools-for-STM32\\bin\\../lib/gcc/arm-none-eabi/14.3.1/.
 3000              		.file 13 "C:\\ST\\STM32CubeCLT_1.21.0\\GNU-tools-for-STM32\\bin\\../lib/gcc/arm-none-eabi/14.3.1/.
 3001              		.file 14 "Drivers/STM32F1xx_HAL_Driver/Inc/stm32f1xx_hal.h"
 3002              		.file 15 "<built-in>"
ARM GAS  C:\Users\crist\AppData\Local\Temp\ccWhY2jg.s 			page 70


DEFINED SYMBOLS
                            *ABS*:00000000 tetris.c
C:\Users\crist\AppData\Local\Temp\ccWhY2jg.s:19     .text.get_shape_cell:00000000 $t
C:\Users\crist\AppData\Local\Temp\ccWhY2jg.s:24     .text.get_shape_cell:00000000 get_shape_cell
C:\Users\crist\AppData\Local\Temp\ccWhY2jg.s:54     .text.get_shape_cell:0000001c $d
C:\Users\crist\AppData\Local\Temp\ccWhY2jg.s:2882   .rodata.SHAPES:00000000 SHAPES
C:\Users\crist\AppData\Local\Temp\ccWhY2jg.s:59     .text.piece_name:00000000 $t
C:\Users\crist\AppData\Local\Temp\ccWhY2jg.s:64     .text.piece_name:00000000 piece_name
C:\Users\crist\AppData\Local\Temp\ccWhY2jg.s:92     .text.piece_name:0000001c $d
C:\Users\crist\AppData\Local\Temp\ccWhY2jg.s:2860   .rodata.names.0:00000000 names.0
C:\Users\crist\AppData\Local\Temp\ccWhY2jg.s:98     .text.check_collision:00000000 $t
C:\Users\crist\AppData\Local\Temp\ccWhY2jg.s:103    .text.check_collision:00000000 check_collision
C:\Users\crist\AppData\Local\Temp\ccWhY2jg.s:216    .text.check_collision:00000060 $d
C:\Users\crist\AppData\Local\Temp\ccWhY2jg.s:2962   .bss.piece_type:00000000 piece_type
C:\Users\crist\AppData\Local\Temp\ccWhY2jg.s:2985   .bss.board:00000000 board
C:\Users\crist\AppData\Local\Temp\ccWhY2jg.s:222    .text.award_line_score:00000000 $t
C:\Users\crist\AppData\Local\Temp\ccWhY2jg.s:227    .text.award_line_score:00000000 award_line_score
C:\Users\crist\AppData\Local\Temp\ccWhY2jg.s:292    .text.award_line_score:0000003c $d
C:\Users\crist\AppData\Local\Temp\ccWhY2jg.s:2930   .bss.lines:00000000 lines
C:\Users\crist\AppData\Local\Temp\ccWhY2jg.s:2866   .rodata.line_scores.1:00000000 line_scores.1
C:\Users\crist\AppData\Local\Temp\ccWhY2jg.s:2924   .data.level:00000000 level
C:\Users\crist\AppData\Local\Temp\ccWhY2jg.s:2936   .bss.score:00000000 score
C:\Users\crist\AppData\Local\Temp\ccWhY2jg.s:301    .text.move_piece:00000000 $t
C:\Users\crist\AppData\Local\Temp\ccWhY2jg.s:306    .text.move_piece:00000000 move_piece
C:\Users\crist\AppData\Local\Temp\ccWhY2jg.s:367    .text.move_piece:00000038 $d
C:\Users\crist\AppData\Local\Temp\ccWhY2jg.s:2972   .bss.piece_x:00000000 piece_x
C:\Users\crist\AppData\Local\Temp\ccWhY2jg.s:2967   .bss.piece_y:00000000 piece_y
C:\Users\crist\AppData\Local\Temp\ccWhY2jg.s:2957   .bss.piece_rot:00000000 piece_rot
C:\Users\crist\AppData\Local\Temp\ccWhY2jg.s:374    .text.rotate_piece:00000000 $t
C:\Users\crist\AppData\Local\Temp\ccWhY2jg.s:379    .text.rotate_piece:00000000 rotate_piece
C:\Users\crist\AppData\Local\Temp\ccWhY2jg.s:472    .text.rotate_piece:00000054 $d
C:\Users\crist\AppData\Local\Temp\ccWhY2jg.s:2876   .rodata.kicks.2:00000000 kicks.2
C:\Users\crist\AppData\Local\Temp\ccWhY2jg.s:480    .text.drop_distance:00000000 $t
C:\Users\crist\AppData\Local\Temp\ccWhY2jg.s:485    .text.drop_distance:00000000 drop_distance
C:\Users\crist\AppData\Local\Temp\ccWhY2jg.s:538    .text.drop_distance:0000002c $d
C:\Users\crist\AppData\Local\Temp\ccWhY2jg.s:545    .text.ghost_y:00000000 $t
C:\Users\crist\AppData\Local\Temp\ccWhY2jg.s:550    .text.ghost_y:00000000 ghost_y
C:\Users\crist\AppData\Local\Temp\ccWhY2jg.s:599    .text.ghost_y:00000028 $d
C:\Users\crist\AppData\Local\Temp\ccWhY2jg.s:606    .text.active_piece_cell:00000000 $t
C:\Users\crist\AppData\Local\Temp\ccWhY2jg.s:611    .text.active_piece_cell:00000000 active_piece_cell
C:\Users\crist\AppData\Local\Temp\ccWhY2jg.s:681    .text.active_piece_cell:0000004c $d
C:\Users\crist\AppData\Local\Temp\ccWhY2jg.s:2914   .bss.game_over:00000000 game_over
C:\Users\crist\AppData\Local\Temp\ccWhY2jg.s:690    .text.ghost_piece_cell:00000000 $t
C:\Users\crist\AppData\Local\Temp\ccWhY2jg.s:695    .text.ghost_piece_cell:00000000 ghost_piece_cell
C:\Users\crist\AppData\Local\Temp\ccWhY2jg.s:762    .text.ghost_piece_cell:00000044 $d
C:\Users\crist\AppData\Local\Temp\ccWhY2jg.s:770    .text.get_pixel:00000000 $t
C:\Users\crist\AppData\Local\Temp\ccWhY2jg.s:775    .text.get_pixel:00000000 get_pixel
C:\Users\crist\AppData\Local\Temp\ccWhY2jg.s:851    .text.get_pixel:00000030 $d
C:\Users\crist\AppData\Local\Temp\ccWhY2jg.s:856    .text.refill_bag:00000000 $t
C:\Users\crist\AppData\Local\Temp\ccWhY2jg.s:861    .text.refill_bag:00000000 refill_bag
C:\Users\crist\AppData\Local\Temp\ccWhY2jg.s:948    .text.refill_bag:0000003c $d
C:\Users\crist\AppData\Local\Temp\ccWhY2jg.s:2952   .bss.piece_bag:00000000 piece_bag
C:\Users\crist\AppData\Local\Temp\ccWhY2jg.s:2946   .data.bag_index:00000000 bag_index
C:\Users\crist\AppData\Local\Temp\ccWhY2jg.s:954    .text.draw_from_bag:00000000 $t
C:\Users\crist\AppData\Local\Temp\ccWhY2jg.s:959    .text.draw_from_bag:00000000 draw_from_bag
C:\Users\crist\AppData\Local\Temp\ccWhY2jg.s:996    .text.draw_from_bag:00000020 $d
C:\Users\crist\AppData\Local\Temp\ccWhY2jg.s:1002   .text.spawn_piece:00000000 $t
ARM GAS  C:\Users\crist\AppData\Local\Temp\ccWhY2jg.s 			page 71


C:\Users\crist\AppData\Local\Temp\ccWhY2jg.s:1007   .text.spawn_piece:00000000 spawn_piece
C:\Users\crist\AppData\Local\Temp\ccWhY2jg.s:1064   .text.spawn_piece:00000038 $d
C:\Users\crist\AppData\Local\Temp\ccWhY2jg.s:2941   .bss.next_piece:00000000 next_piece
C:\Users\crist\AppData\Local\Temp\ccWhY2jg.s:1074   .text.clear_full_lines:00000000 $t
C:\Users\crist\AppData\Local\Temp\ccWhY2jg.s:1079   .text.clear_full_lines:00000000 clear_full_lines
C:\Users\crist\AppData\Local\Temp\ccWhY2jg.s:1289   .text.clear_full_lines:00000088 $d
C:\Users\crist\AppData\Local\Temp\ccWhY2jg.s:1297   .text.lock_piece:00000000 $t
C:\Users\crist\AppData\Local\Temp\ccWhY2jg.s:1302   .text.lock_piece:00000000 lock_piece
C:\Users\crist\AppData\Local\Temp\ccWhY2jg.s:1396   .text.lock_piece:0000005c $d
C:\Users\crist\AppData\Local\Temp\ccWhY2jg.s:1405   .rodata.build_preview_row.str1.4:00000000 $d
C:\Users\crist\AppData\Local\Temp\ccWhY2jg.s:1415   .text.build_preview_row:00000000 $t
C:\Users\crist\AppData\Local\Temp\ccWhY2jg.s:1420   .text.build_preview_row:00000000 build_preview_row
C:\Users\crist\AppData\Local\Temp\ccWhY2jg.s:1507   .text.build_preview_row:00000048 $d
C:\Users\crist\AppData\Local\Temp\ccWhY2jg.s:1514   .text.uart_send:00000000 $t
C:\Users\crist\AppData\Local\Temp\ccWhY2jg.s:1519   .text.uart_send:00000000 uart_send
C:\Users\crist\AppData\Local\Temp\ccWhY2jg.s:1551   .text.uart_send:00000018 $d
C:\Users\crist\AppData\Local\Temp\ccWhY2jg.s:1556   .text.lcd_write_line:00000000 $t
C:\Users\crist\AppData\Local\Temp\ccWhY2jg.s:1561   .text.lcd_write_line:00000000 lcd_write_line
C:\Users\crist\AppData\Local\Temp\ccWhY2jg.s:1661   .text.Tetris_Init:00000000 $t
C:\Users\crist\AppData\Local\Temp\ccWhY2jg.s:1667   .text.Tetris_Init:00000000 Tetris_Init
C:\Users\crist\AppData\Local\Temp\ccWhY2jg.s:1742   .text.Tetris_Init:00000050 $d
C:\Users\crist\AppData\Local\Temp\ccWhY2jg.s:2919   .bss.paused:00000000 paused
C:\Users\crist\AppData\Local\Temp\ccWhY2jg.s:2979   .bss.last_fall_time:00000000 last_fall_time
C:\Users\crist\AppData\Local\Temp\ccWhY2jg.s:1755   .text.Tetris_Update:00000000 $t
C:\Users\crist\AppData\Local\Temp\ccWhY2jg.s:1761   .text.Tetris_Update:00000000 Tetris_Update
C:\Users\crist\AppData\Local\Temp\ccWhY2jg.s:1800   .text.Tetris_Update:00000020 $d
C:\Users\crist\AppData\Local\Temp\ccWhY2jg.s:1807   .text.Tetris_Update:00000026 $t
C:\Users\crist\AppData\Local\Temp\ccWhY2jg.s:1917   .text.Tetris_Update:000000a4 $d
C:\Users\crist\AppData\Local\Temp\ccWhY2jg.s:1926   .text.Tetris_GetStats:00000000 $t
C:\Users\crist\AppData\Local\Temp\ccWhY2jg.s:1932   .text.Tetris_GetStats:00000000 Tetris_GetStats
C:\Users\crist\AppData\Local\Temp\ccWhY2jg.s:1979   .text.Tetris_GetStats:00000028 $d
C:\Users\crist\AppData\Local\Temp\ccWhY2jg.s:1989   .text.Tetris_GetFallDelay:00000000 $t
C:\Users\crist\AppData\Local\Temp\ccWhY2jg.s:1995   .text.Tetris_GetFallDelay:00000000 Tetris_GetFallDelay
C:\Users\crist\AppData\Local\Temp\ccWhY2jg.s:2033   .text.Tetris_GetFallDelay:00000024 $d
C:\Users\crist\AppData\Local\Temp\ccWhY2jg.s:2038   .text.Tetris_IsPaused:00000000 $t
C:\Users\crist\AppData\Local\Temp\ccWhY2jg.s:2044   .text.Tetris_IsPaused:00000000 Tetris_IsPaused
C:\Users\crist\AppData\Local\Temp\ccWhY2jg.s:2059   .text.Tetris_IsPaused:00000008 $d
C:\Users\crist\AppData\Local\Temp\ccWhY2jg.s:2064   .text.Tetris_IsGameOver:00000000 $t
C:\Users\crist\AppData\Local\Temp\ccWhY2jg.s:2070   .text.Tetris_IsGameOver:00000000 Tetris_IsGameOver
C:\Users\crist\AppData\Local\Temp\ccWhY2jg.s:2085   .text.Tetris_IsGameOver:00000008 $d
C:\Users\crist\AppData\Local\Temp\ccWhY2jg.s:2090   .rodata.Tetris_DrawTerminal.str1.4:00000000 $d
C:\Users\crist\AppData\Local\Temp\ccWhY2jg.s:2149   .text.Tetris_DrawTerminal:00000000 $t
C:\Users\crist\AppData\Local\Temp\ccWhY2jg.s:2155   .text.Tetris_DrawTerminal:00000000 Tetris_DrawTerminal
C:\Users\crist\AppData\Local\Temp\ccWhY2jg.s:2345   .text.Tetris_DrawTerminal:000000ce $d
C:\Users\crist\AppData\Local\Temp\ccWhY2jg.s:2357   .text.Tetris_DrawTerminal:000000da $t
C:\Users\crist\AppData\Local\Temp\ccWhY2jg.s:2538   .text.Tetris_DrawTerminal:000001ac $d
C:\Users\crist\AppData\Local\Temp\ccWhY2jg.s:2571   .rodata.Tetris_DrawLCD.str1.4:00000000 $d
C:\Users\crist\AppData\Local\Temp\ccWhY2jg.s:2590   .text.Tetris_DrawLCD:00000000 $t
C:\Users\crist\AppData\Local\Temp\ccWhY2jg.s:2596   .text.Tetris_DrawLCD:00000000 Tetris_DrawLCD
C:\Users\crist\AppData\Local\Temp\ccWhY2jg.s:2840   .text.Tetris_DrawLCD:000000fc $d
C:\Users\crist\AppData\Local\Temp\ccWhY2jg.s:2857   .rodata.names.0:00000000 $d
C:\Users\crist\AppData\Local\Temp\ccWhY2jg.s:2863   .rodata.line_scores.1:00000000 $d
C:\Users\crist\AppData\Local\Temp\ccWhY2jg.s:2873   .rodata.kicks.2:00000000 $d
C:\Users\crist\AppData\Local\Temp\ccWhY2jg.s:2879   .rodata.SHAPES:00000000 $d
C:\Users\crist\AppData\Local\Temp\ccWhY2jg.s:2915   .bss.game_over:00000000 $d
C:\Users\crist\AppData\Local\Temp\ccWhY2jg.s:2920   .bss.paused:00000000 $d
C:\Users\crist\AppData\Local\Temp\ccWhY2jg.s:2927   .bss.lines:00000000 $d
ARM GAS  C:\Users\crist\AppData\Local\Temp\ccWhY2jg.s 			page 72


C:\Users\crist\AppData\Local\Temp\ccWhY2jg.s:2933   .bss.score:00000000 $d
C:\Users\crist\AppData\Local\Temp\ccWhY2jg.s:2942   .bss.next_piece:00000000 $d
C:\Users\crist\AppData\Local\Temp\ccWhY2jg.s:2949   .bss.piece_bag:00000000 $d
C:\Users\crist\AppData\Local\Temp\ccWhY2jg.s:2958   .bss.piece_rot:00000000 $d
C:\Users\crist\AppData\Local\Temp\ccWhY2jg.s:2963   .bss.piece_type:00000000 $d
C:\Users\crist\AppData\Local\Temp\ccWhY2jg.s:2968   .bss.piece_y:00000000 $d
C:\Users\crist\AppData\Local\Temp\ccWhY2jg.s:2973   .bss.piece_x:00000000 $d
C:\Users\crist\AppData\Local\Temp\ccWhY2jg.s:2976   .bss.last_fall_time:00000000 $d
C:\Users\crist\AppData\Local\Temp\ccWhY2jg.s:2982   .bss.board:00000000 $d

UNDEFINED SYMBOLS
rand
snprintf
strlen
HAL_UART_Transmit
huart1
lcd_put_cur
lcd_send_data
memset
HAL_GetTick
srand
