ARM GAS  C:\Users\crist\AppData\Local\Temp\ccV0p3Ed.s 			page 1


   1              		.cpu cortex-m3
   2              		.arch armv7-m
   3              		.fpu softvfp
   4              		.eabi_attribute 20, 1
   5              		.eabi_attribute 21, 1
   6              		.eabi_attribute 23, 3
   7              		.eabi_attribute 24, 1
   8              		.eabi_attribute 25, 1
   9              		.eabi_attribute 26, 1
  10              		.eabi_attribute 30, 1
  11              		.eabi_attribute 34, 1
  12              		.eabi_attribute 18, 4
  13              		.file	"usbd_ctlreq.c"
  14              		.text
  15              	.Ltext0:
  16              		.cfi_sections	.debug_frame
  17              		.file 1 "Middlewares/ST/STM32_USB_Device_Library/Core/Src/usbd_ctlreq.c"
  18              		.section	.text.USBD_GetLen,"ax",%progbits
  19              		.align	1
  20              		.syntax unified
  21              		.thumb
  22              		.thumb_func
  24              	USBD_GetLen:
  25              	.LVL0:
  26              	.LFB81:
   1:Middlewares/ST/STM32_USB_Device_Library/Core/Src/usbd_ctlreq.c **** /**
   2:Middlewares/ST/STM32_USB_Device_Library/Core/Src/usbd_ctlreq.c ****   ******************************************************************************
   3:Middlewares/ST/STM32_USB_Device_Library/Core/Src/usbd_ctlreq.c ****   * @file    usbd_req.c
   4:Middlewares/ST/STM32_USB_Device_Library/Core/Src/usbd_ctlreq.c ****   * @author  MCD Application Team
   5:Middlewares/ST/STM32_USB_Device_Library/Core/Src/usbd_ctlreq.c ****   * @brief   This file provides the standard USB requests following chapter 9.
   6:Middlewares/ST/STM32_USB_Device_Library/Core/Src/usbd_ctlreq.c ****   ******************************************************************************
   7:Middlewares/ST/STM32_USB_Device_Library/Core/Src/usbd_ctlreq.c ****   * @attention
   8:Middlewares/ST/STM32_USB_Device_Library/Core/Src/usbd_ctlreq.c ****   *
   9:Middlewares/ST/STM32_USB_Device_Library/Core/Src/usbd_ctlreq.c ****   * <h2><center>&copy; Copyright (c) 2015 STMicroelectronics.
  10:Middlewares/ST/STM32_USB_Device_Library/Core/Src/usbd_ctlreq.c ****   * All rights reserved.</center></h2>
  11:Middlewares/ST/STM32_USB_Device_Library/Core/Src/usbd_ctlreq.c ****   *
  12:Middlewares/ST/STM32_USB_Device_Library/Core/Src/usbd_ctlreq.c ****   * This software component is licensed by ST under Ultimate Liberty license
  13:Middlewares/ST/STM32_USB_Device_Library/Core/Src/usbd_ctlreq.c ****   * SLA0044, the "License"; You may not use this file except in compliance with
  14:Middlewares/ST/STM32_USB_Device_Library/Core/Src/usbd_ctlreq.c ****   * the License. You may obtain a copy of the License at:
  15:Middlewares/ST/STM32_USB_Device_Library/Core/Src/usbd_ctlreq.c ****   *                      www.st.com/SLA0044
  16:Middlewares/ST/STM32_USB_Device_Library/Core/Src/usbd_ctlreq.c ****   *
  17:Middlewares/ST/STM32_USB_Device_Library/Core/Src/usbd_ctlreq.c ****   ******************************************************************************
  18:Middlewares/ST/STM32_USB_Device_Library/Core/Src/usbd_ctlreq.c ****   */
  19:Middlewares/ST/STM32_USB_Device_Library/Core/Src/usbd_ctlreq.c **** 
  20:Middlewares/ST/STM32_USB_Device_Library/Core/Src/usbd_ctlreq.c **** /* Includes ------------------------------------------------------------------*/
  21:Middlewares/ST/STM32_USB_Device_Library/Core/Src/usbd_ctlreq.c **** #include "usbd_ctlreq.h"
  22:Middlewares/ST/STM32_USB_Device_Library/Core/Src/usbd_ctlreq.c **** #include "usbd_ioreq.h"
  23:Middlewares/ST/STM32_USB_Device_Library/Core/Src/usbd_ctlreq.c **** 
  24:Middlewares/ST/STM32_USB_Device_Library/Core/Src/usbd_ctlreq.c **** 
  25:Middlewares/ST/STM32_USB_Device_Library/Core/Src/usbd_ctlreq.c **** /** @addtogroup STM32_USBD_STATE_DEVICE_LIBRARY
  26:Middlewares/ST/STM32_USB_Device_Library/Core/Src/usbd_ctlreq.c ****   * @{
  27:Middlewares/ST/STM32_USB_Device_Library/Core/Src/usbd_ctlreq.c ****   */
  28:Middlewares/ST/STM32_USB_Device_Library/Core/Src/usbd_ctlreq.c **** 
  29:Middlewares/ST/STM32_USB_Device_Library/Core/Src/usbd_ctlreq.c **** 
  30:Middlewares/ST/STM32_USB_Device_Library/Core/Src/usbd_ctlreq.c **** /** @defgroup USBD_REQ
  31:Middlewares/ST/STM32_USB_Device_Library/Core/Src/usbd_ctlreq.c ****   * @brief USB standard requests module
  32:Middlewares/ST/STM32_USB_Device_Library/Core/Src/usbd_ctlreq.c ****   * @{
ARM GAS  C:\Users\crist\AppData\Local\Temp\ccV0p3Ed.s 			page 2


  33:Middlewares/ST/STM32_USB_Device_Library/Core/Src/usbd_ctlreq.c ****   */
  34:Middlewares/ST/STM32_USB_Device_Library/Core/Src/usbd_ctlreq.c **** 
  35:Middlewares/ST/STM32_USB_Device_Library/Core/Src/usbd_ctlreq.c **** /** @defgroup USBD_REQ_Private_TypesDefinitions
  36:Middlewares/ST/STM32_USB_Device_Library/Core/Src/usbd_ctlreq.c ****   * @{
  37:Middlewares/ST/STM32_USB_Device_Library/Core/Src/usbd_ctlreq.c ****   */
  38:Middlewares/ST/STM32_USB_Device_Library/Core/Src/usbd_ctlreq.c **** 
  39:Middlewares/ST/STM32_USB_Device_Library/Core/Src/usbd_ctlreq.c **** /**
  40:Middlewares/ST/STM32_USB_Device_Library/Core/Src/usbd_ctlreq.c ****   * @}
  41:Middlewares/ST/STM32_USB_Device_Library/Core/Src/usbd_ctlreq.c ****   */
  42:Middlewares/ST/STM32_USB_Device_Library/Core/Src/usbd_ctlreq.c **** 
  43:Middlewares/ST/STM32_USB_Device_Library/Core/Src/usbd_ctlreq.c **** 
  44:Middlewares/ST/STM32_USB_Device_Library/Core/Src/usbd_ctlreq.c **** /** @defgroup USBD_REQ_Private_Defines
  45:Middlewares/ST/STM32_USB_Device_Library/Core/Src/usbd_ctlreq.c ****   * @{
  46:Middlewares/ST/STM32_USB_Device_Library/Core/Src/usbd_ctlreq.c ****   */
  47:Middlewares/ST/STM32_USB_Device_Library/Core/Src/usbd_ctlreq.c **** 
  48:Middlewares/ST/STM32_USB_Device_Library/Core/Src/usbd_ctlreq.c **** /**
  49:Middlewares/ST/STM32_USB_Device_Library/Core/Src/usbd_ctlreq.c ****   * @}
  50:Middlewares/ST/STM32_USB_Device_Library/Core/Src/usbd_ctlreq.c ****   */
  51:Middlewares/ST/STM32_USB_Device_Library/Core/Src/usbd_ctlreq.c **** 
  52:Middlewares/ST/STM32_USB_Device_Library/Core/Src/usbd_ctlreq.c **** 
  53:Middlewares/ST/STM32_USB_Device_Library/Core/Src/usbd_ctlreq.c **** /** @defgroup USBD_REQ_Private_Macros
  54:Middlewares/ST/STM32_USB_Device_Library/Core/Src/usbd_ctlreq.c ****   * @{
  55:Middlewares/ST/STM32_USB_Device_Library/Core/Src/usbd_ctlreq.c ****   */
  56:Middlewares/ST/STM32_USB_Device_Library/Core/Src/usbd_ctlreq.c **** 
  57:Middlewares/ST/STM32_USB_Device_Library/Core/Src/usbd_ctlreq.c **** /**
  58:Middlewares/ST/STM32_USB_Device_Library/Core/Src/usbd_ctlreq.c ****   * @}
  59:Middlewares/ST/STM32_USB_Device_Library/Core/Src/usbd_ctlreq.c ****   */
  60:Middlewares/ST/STM32_USB_Device_Library/Core/Src/usbd_ctlreq.c **** 
  61:Middlewares/ST/STM32_USB_Device_Library/Core/Src/usbd_ctlreq.c **** 
  62:Middlewares/ST/STM32_USB_Device_Library/Core/Src/usbd_ctlreq.c **** /** @defgroup USBD_REQ_Private_Variables
  63:Middlewares/ST/STM32_USB_Device_Library/Core/Src/usbd_ctlreq.c ****   * @{
  64:Middlewares/ST/STM32_USB_Device_Library/Core/Src/usbd_ctlreq.c ****   */
  65:Middlewares/ST/STM32_USB_Device_Library/Core/Src/usbd_ctlreq.c **** 
  66:Middlewares/ST/STM32_USB_Device_Library/Core/Src/usbd_ctlreq.c **** /**
  67:Middlewares/ST/STM32_USB_Device_Library/Core/Src/usbd_ctlreq.c ****   * @}
  68:Middlewares/ST/STM32_USB_Device_Library/Core/Src/usbd_ctlreq.c ****   */
  69:Middlewares/ST/STM32_USB_Device_Library/Core/Src/usbd_ctlreq.c **** 
  70:Middlewares/ST/STM32_USB_Device_Library/Core/Src/usbd_ctlreq.c **** 
  71:Middlewares/ST/STM32_USB_Device_Library/Core/Src/usbd_ctlreq.c **** /** @defgroup USBD_REQ_Private_FunctionPrototypes
  72:Middlewares/ST/STM32_USB_Device_Library/Core/Src/usbd_ctlreq.c ****   * @{
  73:Middlewares/ST/STM32_USB_Device_Library/Core/Src/usbd_ctlreq.c ****   */
  74:Middlewares/ST/STM32_USB_Device_Library/Core/Src/usbd_ctlreq.c **** static void USBD_GetDescriptor(USBD_HandleTypeDef *pdev,
  75:Middlewares/ST/STM32_USB_Device_Library/Core/Src/usbd_ctlreq.c ****                                USBD_SetupReqTypedef *req);
  76:Middlewares/ST/STM32_USB_Device_Library/Core/Src/usbd_ctlreq.c **** 
  77:Middlewares/ST/STM32_USB_Device_Library/Core/Src/usbd_ctlreq.c **** static void USBD_SetAddress(USBD_HandleTypeDef *pdev,
  78:Middlewares/ST/STM32_USB_Device_Library/Core/Src/usbd_ctlreq.c ****                             USBD_SetupReqTypedef *req);
  79:Middlewares/ST/STM32_USB_Device_Library/Core/Src/usbd_ctlreq.c **** 
  80:Middlewares/ST/STM32_USB_Device_Library/Core/Src/usbd_ctlreq.c **** static void USBD_SetConfig(USBD_HandleTypeDef *pdev,
  81:Middlewares/ST/STM32_USB_Device_Library/Core/Src/usbd_ctlreq.c ****                            USBD_SetupReqTypedef *req);
  82:Middlewares/ST/STM32_USB_Device_Library/Core/Src/usbd_ctlreq.c **** 
  83:Middlewares/ST/STM32_USB_Device_Library/Core/Src/usbd_ctlreq.c **** static void USBD_GetConfig(USBD_HandleTypeDef *pdev,
  84:Middlewares/ST/STM32_USB_Device_Library/Core/Src/usbd_ctlreq.c ****                            USBD_SetupReqTypedef *req);
  85:Middlewares/ST/STM32_USB_Device_Library/Core/Src/usbd_ctlreq.c **** 
  86:Middlewares/ST/STM32_USB_Device_Library/Core/Src/usbd_ctlreq.c **** static void USBD_GetStatus(USBD_HandleTypeDef *pdev,
  87:Middlewares/ST/STM32_USB_Device_Library/Core/Src/usbd_ctlreq.c ****                            USBD_SetupReqTypedef *req);
  88:Middlewares/ST/STM32_USB_Device_Library/Core/Src/usbd_ctlreq.c **** 
  89:Middlewares/ST/STM32_USB_Device_Library/Core/Src/usbd_ctlreq.c **** static void USBD_SetFeature(USBD_HandleTypeDef *pdev,
ARM GAS  C:\Users\crist\AppData\Local\Temp\ccV0p3Ed.s 			page 3


  90:Middlewares/ST/STM32_USB_Device_Library/Core/Src/usbd_ctlreq.c ****                             USBD_SetupReqTypedef *req);
  91:Middlewares/ST/STM32_USB_Device_Library/Core/Src/usbd_ctlreq.c **** 
  92:Middlewares/ST/STM32_USB_Device_Library/Core/Src/usbd_ctlreq.c **** static void USBD_ClrFeature(USBD_HandleTypeDef *pdev,
  93:Middlewares/ST/STM32_USB_Device_Library/Core/Src/usbd_ctlreq.c ****                             USBD_SetupReqTypedef *req);
  94:Middlewares/ST/STM32_USB_Device_Library/Core/Src/usbd_ctlreq.c **** 
  95:Middlewares/ST/STM32_USB_Device_Library/Core/Src/usbd_ctlreq.c **** static uint8_t USBD_GetLen(uint8_t *buf);
  96:Middlewares/ST/STM32_USB_Device_Library/Core/Src/usbd_ctlreq.c **** 
  97:Middlewares/ST/STM32_USB_Device_Library/Core/Src/usbd_ctlreq.c **** /**
  98:Middlewares/ST/STM32_USB_Device_Library/Core/Src/usbd_ctlreq.c ****   * @}
  99:Middlewares/ST/STM32_USB_Device_Library/Core/Src/usbd_ctlreq.c ****   */
 100:Middlewares/ST/STM32_USB_Device_Library/Core/Src/usbd_ctlreq.c **** 
 101:Middlewares/ST/STM32_USB_Device_Library/Core/Src/usbd_ctlreq.c **** 
 102:Middlewares/ST/STM32_USB_Device_Library/Core/Src/usbd_ctlreq.c **** /** @defgroup USBD_REQ_Private_Functions
 103:Middlewares/ST/STM32_USB_Device_Library/Core/Src/usbd_ctlreq.c ****   * @{
 104:Middlewares/ST/STM32_USB_Device_Library/Core/Src/usbd_ctlreq.c ****   */
 105:Middlewares/ST/STM32_USB_Device_Library/Core/Src/usbd_ctlreq.c **** 
 106:Middlewares/ST/STM32_USB_Device_Library/Core/Src/usbd_ctlreq.c **** 
 107:Middlewares/ST/STM32_USB_Device_Library/Core/Src/usbd_ctlreq.c **** /**
 108:Middlewares/ST/STM32_USB_Device_Library/Core/Src/usbd_ctlreq.c **** * @brief  USBD_StdDevReq
 109:Middlewares/ST/STM32_USB_Device_Library/Core/Src/usbd_ctlreq.c **** *         Handle standard usb device requests
 110:Middlewares/ST/STM32_USB_Device_Library/Core/Src/usbd_ctlreq.c **** * @param  pdev: device instance
 111:Middlewares/ST/STM32_USB_Device_Library/Core/Src/usbd_ctlreq.c **** * @param  req: usb request
 112:Middlewares/ST/STM32_USB_Device_Library/Core/Src/usbd_ctlreq.c **** * @retval status
 113:Middlewares/ST/STM32_USB_Device_Library/Core/Src/usbd_ctlreq.c **** */
 114:Middlewares/ST/STM32_USB_Device_Library/Core/Src/usbd_ctlreq.c **** USBD_StatusTypeDef  USBD_StdDevReq(USBD_HandleTypeDef *pdev,
 115:Middlewares/ST/STM32_USB_Device_Library/Core/Src/usbd_ctlreq.c ****                                    USBD_SetupReqTypedef *req)
 116:Middlewares/ST/STM32_USB_Device_Library/Core/Src/usbd_ctlreq.c **** {
 117:Middlewares/ST/STM32_USB_Device_Library/Core/Src/usbd_ctlreq.c ****   USBD_StatusTypeDef ret = USBD_OK;
 118:Middlewares/ST/STM32_USB_Device_Library/Core/Src/usbd_ctlreq.c **** 
 119:Middlewares/ST/STM32_USB_Device_Library/Core/Src/usbd_ctlreq.c ****   switch (req->bmRequest & USB_REQ_TYPE_MASK)
 120:Middlewares/ST/STM32_USB_Device_Library/Core/Src/usbd_ctlreq.c ****   {
 121:Middlewares/ST/STM32_USB_Device_Library/Core/Src/usbd_ctlreq.c ****     case USB_REQ_TYPE_CLASS:
 122:Middlewares/ST/STM32_USB_Device_Library/Core/Src/usbd_ctlreq.c ****     case USB_REQ_TYPE_VENDOR:
 123:Middlewares/ST/STM32_USB_Device_Library/Core/Src/usbd_ctlreq.c ****       pdev->pClass->Setup(pdev, req);
 124:Middlewares/ST/STM32_USB_Device_Library/Core/Src/usbd_ctlreq.c ****       break;
 125:Middlewares/ST/STM32_USB_Device_Library/Core/Src/usbd_ctlreq.c **** 
 126:Middlewares/ST/STM32_USB_Device_Library/Core/Src/usbd_ctlreq.c ****     case USB_REQ_TYPE_STANDARD:
 127:Middlewares/ST/STM32_USB_Device_Library/Core/Src/usbd_ctlreq.c ****       switch (req->bRequest)
 128:Middlewares/ST/STM32_USB_Device_Library/Core/Src/usbd_ctlreq.c ****       {
 129:Middlewares/ST/STM32_USB_Device_Library/Core/Src/usbd_ctlreq.c ****         case USB_REQ_GET_DESCRIPTOR:
 130:Middlewares/ST/STM32_USB_Device_Library/Core/Src/usbd_ctlreq.c ****           USBD_GetDescriptor(pdev, req);
 131:Middlewares/ST/STM32_USB_Device_Library/Core/Src/usbd_ctlreq.c ****           break;
 132:Middlewares/ST/STM32_USB_Device_Library/Core/Src/usbd_ctlreq.c **** 
 133:Middlewares/ST/STM32_USB_Device_Library/Core/Src/usbd_ctlreq.c ****         case USB_REQ_SET_ADDRESS:
 134:Middlewares/ST/STM32_USB_Device_Library/Core/Src/usbd_ctlreq.c ****           USBD_SetAddress(pdev, req);
 135:Middlewares/ST/STM32_USB_Device_Library/Core/Src/usbd_ctlreq.c ****           break;
 136:Middlewares/ST/STM32_USB_Device_Library/Core/Src/usbd_ctlreq.c **** 
 137:Middlewares/ST/STM32_USB_Device_Library/Core/Src/usbd_ctlreq.c ****         case USB_REQ_SET_CONFIGURATION:
 138:Middlewares/ST/STM32_USB_Device_Library/Core/Src/usbd_ctlreq.c ****           USBD_SetConfig(pdev, req);
 139:Middlewares/ST/STM32_USB_Device_Library/Core/Src/usbd_ctlreq.c ****           break;
 140:Middlewares/ST/STM32_USB_Device_Library/Core/Src/usbd_ctlreq.c **** 
 141:Middlewares/ST/STM32_USB_Device_Library/Core/Src/usbd_ctlreq.c ****         case USB_REQ_GET_CONFIGURATION:
 142:Middlewares/ST/STM32_USB_Device_Library/Core/Src/usbd_ctlreq.c ****           USBD_GetConfig(pdev, req);
 143:Middlewares/ST/STM32_USB_Device_Library/Core/Src/usbd_ctlreq.c ****           break;
 144:Middlewares/ST/STM32_USB_Device_Library/Core/Src/usbd_ctlreq.c **** 
 145:Middlewares/ST/STM32_USB_Device_Library/Core/Src/usbd_ctlreq.c ****         case USB_REQ_GET_STATUS:
 146:Middlewares/ST/STM32_USB_Device_Library/Core/Src/usbd_ctlreq.c ****           USBD_GetStatus(pdev, req);
ARM GAS  C:\Users\crist\AppData\Local\Temp\ccV0p3Ed.s 			page 4


 147:Middlewares/ST/STM32_USB_Device_Library/Core/Src/usbd_ctlreq.c ****           break;
 148:Middlewares/ST/STM32_USB_Device_Library/Core/Src/usbd_ctlreq.c **** 
 149:Middlewares/ST/STM32_USB_Device_Library/Core/Src/usbd_ctlreq.c ****         case USB_REQ_SET_FEATURE:
 150:Middlewares/ST/STM32_USB_Device_Library/Core/Src/usbd_ctlreq.c ****           USBD_SetFeature(pdev, req);
 151:Middlewares/ST/STM32_USB_Device_Library/Core/Src/usbd_ctlreq.c ****           break;
 152:Middlewares/ST/STM32_USB_Device_Library/Core/Src/usbd_ctlreq.c **** 
 153:Middlewares/ST/STM32_USB_Device_Library/Core/Src/usbd_ctlreq.c ****         case USB_REQ_CLEAR_FEATURE:
 154:Middlewares/ST/STM32_USB_Device_Library/Core/Src/usbd_ctlreq.c ****           USBD_ClrFeature(pdev, req);
 155:Middlewares/ST/STM32_USB_Device_Library/Core/Src/usbd_ctlreq.c ****           break;
 156:Middlewares/ST/STM32_USB_Device_Library/Core/Src/usbd_ctlreq.c **** 
 157:Middlewares/ST/STM32_USB_Device_Library/Core/Src/usbd_ctlreq.c ****         default:
 158:Middlewares/ST/STM32_USB_Device_Library/Core/Src/usbd_ctlreq.c ****           USBD_CtlError(pdev, req);
 159:Middlewares/ST/STM32_USB_Device_Library/Core/Src/usbd_ctlreq.c ****           break;
 160:Middlewares/ST/STM32_USB_Device_Library/Core/Src/usbd_ctlreq.c ****       }
 161:Middlewares/ST/STM32_USB_Device_Library/Core/Src/usbd_ctlreq.c ****       break;
 162:Middlewares/ST/STM32_USB_Device_Library/Core/Src/usbd_ctlreq.c **** 
 163:Middlewares/ST/STM32_USB_Device_Library/Core/Src/usbd_ctlreq.c ****     default:
 164:Middlewares/ST/STM32_USB_Device_Library/Core/Src/usbd_ctlreq.c ****       USBD_CtlError(pdev, req);
 165:Middlewares/ST/STM32_USB_Device_Library/Core/Src/usbd_ctlreq.c ****       break;
 166:Middlewares/ST/STM32_USB_Device_Library/Core/Src/usbd_ctlreq.c ****   }
 167:Middlewares/ST/STM32_USB_Device_Library/Core/Src/usbd_ctlreq.c **** 
 168:Middlewares/ST/STM32_USB_Device_Library/Core/Src/usbd_ctlreq.c ****   return ret;
 169:Middlewares/ST/STM32_USB_Device_Library/Core/Src/usbd_ctlreq.c **** }
 170:Middlewares/ST/STM32_USB_Device_Library/Core/Src/usbd_ctlreq.c **** 
 171:Middlewares/ST/STM32_USB_Device_Library/Core/Src/usbd_ctlreq.c **** /**
 172:Middlewares/ST/STM32_USB_Device_Library/Core/Src/usbd_ctlreq.c **** * @brief  USBD_StdItfReq
 173:Middlewares/ST/STM32_USB_Device_Library/Core/Src/usbd_ctlreq.c **** *         Handle standard usb interface requests
 174:Middlewares/ST/STM32_USB_Device_Library/Core/Src/usbd_ctlreq.c **** * @param  pdev: device instance
 175:Middlewares/ST/STM32_USB_Device_Library/Core/Src/usbd_ctlreq.c **** * @param  req: usb request
 176:Middlewares/ST/STM32_USB_Device_Library/Core/Src/usbd_ctlreq.c **** * @retval status
 177:Middlewares/ST/STM32_USB_Device_Library/Core/Src/usbd_ctlreq.c **** */
 178:Middlewares/ST/STM32_USB_Device_Library/Core/Src/usbd_ctlreq.c **** USBD_StatusTypeDef  USBD_StdItfReq(USBD_HandleTypeDef *pdev,
 179:Middlewares/ST/STM32_USB_Device_Library/Core/Src/usbd_ctlreq.c ****                                    USBD_SetupReqTypedef  *req)
 180:Middlewares/ST/STM32_USB_Device_Library/Core/Src/usbd_ctlreq.c **** {
 181:Middlewares/ST/STM32_USB_Device_Library/Core/Src/usbd_ctlreq.c ****   USBD_StatusTypeDef ret = USBD_OK;
 182:Middlewares/ST/STM32_USB_Device_Library/Core/Src/usbd_ctlreq.c **** 
 183:Middlewares/ST/STM32_USB_Device_Library/Core/Src/usbd_ctlreq.c ****   switch (req->bmRequest & USB_REQ_TYPE_MASK)
 184:Middlewares/ST/STM32_USB_Device_Library/Core/Src/usbd_ctlreq.c ****   {
 185:Middlewares/ST/STM32_USB_Device_Library/Core/Src/usbd_ctlreq.c ****     case USB_REQ_TYPE_CLASS:
 186:Middlewares/ST/STM32_USB_Device_Library/Core/Src/usbd_ctlreq.c ****     case USB_REQ_TYPE_VENDOR:
 187:Middlewares/ST/STM32_USB_Device_Library/Core/Src/usbd_ctlreq.c ****     case USB_REQ_TYPE_STANDARD:
 188:Middlewares/ST/STM32_USB_Device_Library/Core/Src/usbd_ctlreq.c ****       switch (pdev->dev_state)
 189:Middlewares/ST/STM32_USB_Device_Library/Core/Src/usbd_ctlreq.c ****       {
 190:Middlewares/ST/STM32_USB_Device_Library/Core/Src/usbd_ctlreq.c ****         case USBD_STATE_DEFAULT:
 191:Middlewares/ST/STM32_USB_Device_Library/Core/Src/usbd_ctlreq.c ****         case USBD_STATE_ADDRESSED:
 192:Middlewares/ST/STM32_USB_Device_Library/Core/Src/usbd_ctlreq.c ****         case USBD_STATE_CONFIGURED:
 193:Middlewares/ST/STM32_USB_Device_Library/Core/Src/usbd_ctlreq.c **** 
 194:Middlewares/ST/STM32_USB_Device_Library/Core/Src/usbd_ctlreq.c ****           if (LOBYTE(req->wIndex) <= USBD_MAX_NUM_INTERFACES)
 195:Middlewares/ST/STM32_USB_Device_Library/Core/Src/usbd_ctlreq.c ****           {
 196:Middlewares/ST/STM32_USB_Device_Library/Core/Src/usbd_ctlreq.c ****             ret = (USBD_StatusTypeDef)pdev->pClass->Setup(pdev, req);
 197:Middlewares/ST/STM32_USB_Device_Library/Core/Src/usbd_ctlreq.c **** 
 198:Middlewares/ST/STM32_USB_Device_Library/Core/Src/usbd_ctlreq.c ****             if ((req->wLength == 0U) && (ret == USBD_OK))
 199:Middlewares/ST/STM32_USB_Device_Library/Core/Src/usbd_ctlreq.c ****             {
 200:Middlewares/ST/STM32_USB_Device_Library/Core/Src/usbd_ctlreq.c ****               USBD_CtlSendStatus(pdev);
 201:Middlewares/ST/STM32_USB_Device_Library/Core/Src/usbd_ctlreq.c ****             }
 202:Middlewares/ST/STM32_USB_Device_Library/Core/Src/usbd_ctlreq.c ****           }
 203:Middlewares/ST/STM32_USB_Device_Library/Core/Src/usbd_ctlreq.c ****           else
ARM GAS  C:\Users\crist\AppData\Local\Temp\ccV0p3Ed.s 			page 5


 204:Middlewares/ST/STM32_USB_Device_Library/Core/Src/usbd_ctlreq.c ****           {
 205:Middlewares/ST/STM32_USB_Device_Library/Core/Src/usbd_ctlreq.c ****             USBD_CtlError(pdev, req);
 206:Middlewares/ST/STM32_USB_Device_Library/Core/Src/usbd_ctlreq.c ****           }
 207:Middlewares/ST/STM32_USB_Device_Library/Core/Src/usbd_ctlreq.c ****           break;
 208:Middlewares/ST/STM32_USB_Device_Library/Core/Src/usbd_ctlreq.c **** 
 209:Middlewares/ST/STM32_USB_Device_Library/Core/Src/usbd_ctlreq.c ****         default:
 210:Middlewares/ST/STM32_USB_Device_Library/Core/Src/usbd_ctlreq.c ****           USBD_CtlError(pdev, req);
 211:Middlewares/ST/STM32_USB_Device_Library/Core/Src/usbd_ctlreq.c ****           break;
 212:Middlewares/ST/STM32_USB_Device_Library/Core/Src/usbd_ctlreq.c ****       }
 213:Middlewares/ST/STM32_USB_Device_Library/Core/Src/usbd_ctlreq.c ****       break;
 214:Middlewares/ST/STM32_USB_Device_Library/Core/Src/usbd_ctlreq.c **** 
 215:Middlewares/ST/STM32_USB_Device_Library/Core/Src/usbd_ctlreq.c ****     default:
 216:Middlewares/ST/STM32_USB_Device_Library/Core/Src/usbd_ctlreq.c ****       USBD_CtlError(pdev, req);
 217:Middlewares/ST/STM32_USB_Device_Library/Core/Src/usbd_ctlreq.c ****       break;
 218:Middlewares/ST/STM32_USB_Device_Library/Core/Src/usbd_ctlreq.c ****   }
 219:Middlewares/ST/STM32_USB_Device_Library/Core/Src/usbd_ctlreq.c **** 
 220:Middlewares/ST/STM32_USB_Device_Library/Core/Src/usbd_ctlreq.c ****   return USBD_OK;
 221:Middlewares/ST/STM32_USB_Device_Library/Core/Src/usbd_ctlreq.c **** }
 222:Middlewares/ST/STM32_USB_Device_Library/Core/Src/usbd_ctlreq.c **** 
 223:Middlewares/ST/STM32_USB_Device_Library/Core/Src/usbd_ctlreq.c **** /**
 224:Middlewares/ST/STM32_USB_Device_Library/Core/Src/usbd_ctlreq.c **** * @brief  USBD_StdEPReq
 225:Middlewares/ST/STM32_USB_Device_Library/Core/Src/usbd_ctlreq.c **** *         Handle standard usb endpoint requests
 226:Middlewares/ST/STM32_USB_Device_Library/Core/Src/usbd_ctlreq.c **** * @param  pdev: device instance
 227:Middlewares/ST/STM32_USB_Device_Library/Core/Src/usbd_ctlreq.c **** * @param  req: usb request
 228:Middlewares/ST/STM32_USB_Device_Library/Core/Src/usbd_ctlreq.c **** * @retval status
 229:Middlewares/ST/STM32_USB_Device_Library/Core/Src/usbd_ctlreq.c **** */
 230:Middlewares/ST/STM32_USB_Device_Library/Core/Src/usbd_ctlreq.c **** USBD_StatusTypeDef  USBD_StdEPReq(USBD_HandleTypeDef *pdev,
 231:Middlewares/ST/STM32_USB_Device_Library/Core/Src/usbd_ctlreq.c ****                                   USBD_SetupReqTypedef  *req)
 232:Middlewares/ST/STM32_USB_Device_Library/Core/Src/usbd_ctlreq.c **** {
 233:Middlewares/ST/STM32_USB_Device_Library/Core/Src/usbd_ctlreq.c ****   USBD_EndpointTypeDef *pep;
 234:Middlewares/ST/STM32_USB_Device_Library/Core/Src/usbd_ctlreq.c ****   uint8_t   ep_addr;
 235:Middlewares/ST/STM32_USB_Device_Library/Core/Src/usbd_ctlreq.c ****   USBD_StatusTypeDef ret = USBD_OK;
 236:Middlewares/ST/STM32_USB_Device_Library/Core/Src/usbd_ctlreq.c ****   ep_addr  = LOBYTE(req->wIndex);
 237:Middlewares/ST/STM32_USB_Device_Library/Core/Src/usbd_ctlreq.c **** 
 238:Middlewares/ST/STM32_USB_Device_Library/Core/Src/usbd_ctlreq.c ****   switch (req->bmRequest & USB_REQ_TYPE_MASK)
 239:Middlewares/ST/STM32_USB_Device_Library/Core/Src/usbd_ctlreq.c ****   {
 240:Middlewares/ST/STM32_USB_Device_Library/Core/Src/usbd_ctlreq.c ****     case USB_REQ_TYPE_CLASS:
 241:Middlewares/ST/STM32_USB_Device_Library/Core/Src/usbd_ctlreq.c ****     case USB_REQ_TYPE_VENDOR:
 242:Middlewares/ST/STM32_USB_Device_Library/Core/Src/usbd_ctlreq.c ****       pdev->pClass->Setup(pdev, req);
 243:Middlewares/ST/STM32_USB_Device_Library/Core/Src/usbd_ctlreq.c ****       break;
 244:Middlewares/ST/STM32_USB_Device_Library/Core/Src/usbd_ctlreq.c **** 
 245:Middlewares/ST/STM32_USB_Device_Library/Core/Src/usbd_ctlreq.c ****     case USB_REQ_TYPE_STANDARD:
 246:Middlewares/ST/STM32_USB_Device_Library/Core/Src/usbd_ctlreq.c ****       /* Check if it is a class request */
 247:Middlewares/ST/STM32_USB_Device_Library/Core/Src/usbd_ctlreq.c ****       if ((req->bmRequest & 0x60U) == 0x20U)
 248:Middlewares/ST/STM32_USB_Device_Library/Core/Src/usbd_ctlreq.c ****       {
 249:Middlewares/ST/STM32_USB_Device_Library/Core/Src/usbd_ctlreq.c ****         ret = (USBD_StatusTypeDef)pdev->pClass->Setup(pdev, req);
 250:Middlewares/ST/STM32_USB_Device_Library/Core/Src/usbd_ctlreq.c **** 
 251:Middlewares/ST/STM32_USB_Device_Library/Core/Src/usbd_ctlreq.c ****         return ret;
 252:Middlewares/ST/STM32_USB_Device_Library/Core/Src/usbd_ctlreq.c ****       }
 253:Middlewares/ST/STM32_USB_Device_Library/Core/Src/usbd_ctlreq.c **** 
 254:Middlewares/ST/STM32_USB_Device_Library/Core/Src/usbd_ctlreq.c ****       switch (req->bRequest)
 255:Middlewares/ST/STM32_USB_Device_Library/Core/Src/usbd_ctlreq.c ****       {
 256:Middlewares/ST/STM32_USB_Device_Library/Core/Src/usbd_ctlreq.c ****         case USB_REQ_SET_FEATURE:
 257:Middlewares/ST/STM32_USB_Device_Library/Core/Src/usbd_ctlreq.c ****           switch (pdev->dev_state)
 258:Middlewares/ST/STM32_USB_Device_Library/Core/Src/usbd_ctlreq.c ****           {
 259:Middlewares/ST/STM32_USB_Device_Library/Core/Src/usbd_ctlreq.c ****             case USBD_STATE_ADDRESSED:
 260:Middlewares/ST/STM32_USB_Device_Library/Core/Src/usbd_ctlreq.c ****               if ((ep_addr != 0x00U) && (ep_addr != 0x80U))
ARM GAS  C:\Users\crist\AppData\Local\Temp\ccV0p3Ed.s 			page 6


 261:Middlewares/ST/STM32_USB_Device_Library/Core/Src/usbd_ctlreq.c ****               {
 262:Middlewares/ST/STM32_USB_Device_Library/Core/Src/usbd_ctlreq.c ****                 USBD_LL_StallEP(pdev, ep_addr);
 263:Middlewares/ST/STM32_USB_Device_Library/Core/Src/usbd_ctlreq.c ****                 USBD_LL_StallEP(pdev, 0x80U);
 264:Middlewares/ST/STM32_USB_Device_Library/Core/Src/usbd_ctlreq.c ****               }
 265:Middlewares/ST/STM32_USB_Device_Library/Core/Src/usbd_ctlreq.c ****               else
 266:Middlewares/ST/STM32_USB_Device_Library/Core/Src/usbd_ctlreq.c ****               {
 267:Middlewares/ST/STM32_USB_Device_Library/Core/Src/usbd_ctlreq.c ****                 USBD_CtlError(pdev, req);
 268:Middlewares/ST/STM32_USB_Device_Library/Core/Src/usbd_ctlreq.c ****               }
 269:Middlewares/ST/STM32_USB_Device_Library/Core/Src/usbd_ctlreq.c ****               break;
 270:Middlewares/ST/STM32_USB_Device_Library/Core/Src/usbd_ctlreq.c **** 
 271:Middlewares/ST/STM32_USB_Device_Library/Core/Src/usbd_ctlreq.c ****             case USBD_STATE_CONFIGURED:
 272:Middlewares/ST/STM32_USB_Device_Library/Core/Src/usbd_ctlreq.c ****               if (req->wValue == USB_FEATURE_EP_HALT)
 273:Middlewares/ST/STM32_USB_Device_Library/Core/Src/usbd_ctlreq.c ****               {
 274:Middlewares/ST/STM32_USB_Device_Library/Core/Src/usbd_ctlreq.c ****                 if ((ep_addr != 0x00U) &&
 275:Middlewares/ST/STM32_USB_Device_Library/Core/Src/usbd_ctlreq.c ****                     (ep_addr != 0x80U) && (req->wLength == 0x00U))
 276:Middlewares/ST/STM32_USB_Device_Library/Core/Src/usbd_ctlreq.c ****                 {
 277:Middlewares/ST/STM32_USB_Device_Library/Core/Src/usbd_ctlreq.c ****                   USBD_LL_StallEP(pdev, ep_addr);
 278:Middlewares/ST/STM32_USB_Device_Library/Core/Src/usbd_ctlreq.c ****                 }
 279:Middlewares/ST/STM32_USB_Device_Library/Core/Src/usbd_ctlreq.c ****               }
 280:Middlewares/ST/STM32_USB_Device_Library/Core/Src/usbd_ctlreq.c ****               USBD_CtlSendStatus(pdev);
 281:Middlewares/ST/STM32_USB_Device_Library/Core/Src/usbd_ctlreq.c **** 
 282:Middlewares/ST/STM32_USB_Device_Library/Core/Src/usbd_ctlreq.c ****               break;
 283:Middlewares/ST/STM32_USB_Device_Library/Core/Src/usbd_ctlreq.c **** 
 284:Middlewares/ST/STM32_USB_Device_Library/Core/Src/usbd_ctlreq.c ****             default:
 285:Middlewares/ST/STM32_USB_Device_Library/Core/Src/usbd_ctlreq.c ****               USBD_CtlError(pdev, req);
 286:Middlewares/ST/STM32_USB_Device_Library/Core/Src/usbd_ctlreq.c ****               break;
 287:Middlewares/ST/STM32_USB_Device_Library/Core/Src/usbd_ctlreq.c ****           }
 288:Middlewares/ST/STM32_USB_Device_Library/Core/Src/usbd_ctlreq.c ****           break;
 289:Middlewares/ST/STM32_USB_Device_Library/Core/Src/usbd_ctlreq.c **** 
 290:Middlewares/ST/STM32_USB_Device_Library/Core/Src/usbd_ctlreq.c ****         case USB_REQ_CLEAR_FEATURE:
 291:Middlewares/ST/STM32_USB_Device_Library/Core/Src/usbd_ctlreq.c **** 
 292:Middlewares/ST/STM32_USB_Device_Library/Core/Src/usbd_ctlreq.c ****           switch (pdev->dev_state)
 293:Middlewares/ST/STM32_USB_Device_Library/Core/Src/usbd_ctlreq.c ****           {
 294:Middlewares/ST/STM32_USB_Device_Library/Core/Src/usbd_ctlreq.c ****             case USBD_STATE_ADDRESSED:
 295:Middlewares/ST/STM32_USB_Device_Library/Core/Src/usbd_ctlreq.c ****               if ((ep_addr != 0x00U) && (ep_addr != 0x80U))
 296:Middlewares/ST/STM32_USB_Device_Library/Core/Src/usbd_ctlreq.c ****               {
 297:Middlewares/ST/STM32_USB_Device_Library/Core/Src/usbd_ctlreq.c ****                 USBD_LL_StallEP(pdev, ep_addr);
 298:Middlewares/ST/STM32_USB_Device_Library/Core/Src/usbd_ctlreq.c ****                 USBD_LL_StallEP(pdev, 0x80U);
 299:Middlewares/ST/STM32_USB_Device_Library/Core/Src/usbd_ctlreq.c ****               }
 300:Middlewares/ST/STM32_USB_Device_Library/Core/Src/usbd_ctlreq.c ****               else
 301:Middlewares/ST/STM32_USB_Device_Library/Core/Src/usbd_ctlreq.c ****               {
 302:Middlewares/ST/STM32_USB_Device_Library/Core/Src/usbd_ctlreq.c ****                 USBD_CtlError(pdev, req);
 303:Middlewares/ST/STM32_USB_Device_Library/Core/Src/usbd_ctlreq.c ****               }
 304:Middlewares/ST/STM32_USB_Device_Library/Core/Src/usbd_ctlreq.c ****               break;
 305:Middlewares/ST/STM32_USB_Device_Library/Core/Src/usbd_ctlreq.c **** 
 306:Middlewares/ST/STM32_USB_Device_Library/Core/Src/usbd_ctlreq.c ****             case USBD_STATE_CONFIGURED:
 307:Middlewares/ST/STM32_USB_Device_Library/Core/Src/usbd_ctlreq.c ****               if (req->wValue == USB_FEATURE_EP_HALT)
 308:Middlewares/ST/STM32_USB_Device_Library/Core/Src/usbd_ctlreq.c ****               {
 309:Middlewares/ST/STM32_USB_Device_Library/Core/Src/usbd_ctlreq.c ****                 if ((ep_addr & 0x7FU) != 0x00U)
 310:Middlewares/ST/STM32_USB_Device_Library/Core/Src/usbd_ctlreq.c ****                 {
 311:Middlewares/ST/STM32_USB_Device_Library/Core/Src/usbd_ctlreq.c ****                   USBD_LL_ClearStallEP(pdev, ep_addr);
 312:Middlewares/ST/STM32_USB_Device_Library/Core/Src/usbd_ctlreq.c ****                 }
 313:Middlewares/ST/STM32_USB_Device_Library/Core/Src/usbd_ctlreq.c ****                 USBD_CtlSendStatus(pdev);
 314:Middlewares/ST/STM32_USB_Device_Library/Core/Src/usbd_ctlreq.c ****               }
 315:Middlewares/ST/STM32_USB_Device_Library/Core/Src/usbd_ctlreq.c ****               break;
 316:Middlewares/ST/STM32_USB_Device_Library/Core/Src/usbd_ctlreq.c **** 
 317:Middlewares/ST/STM32_USB_Device_Library/Core/Src/usbd_ctlreq.c ****             default:
ARM GAS  C:\Users\crist\AppData\Local\Temp\ccV0p3Ed.s 			page 7


 318:Middlewares/ST/STM32_USB_Device_Library/Core/Src/usbd_ctlreq.c ****               USBD_CtlError(pdev, req);
 319:Middlewares/ST/STM32_USB_Device_Library/Core/Src/usbd_ctlreq.c ****               break;
 320:Middlewares/ST/STM32_USB_Device_Library/Core/Src/usbd_ctlreq.c ****           }
 321:Middlewares/ST/STM32_USB_Device_Library/Core/Src/usbd_ctlreq.c ****           break;
 322:Middlewares/ST/STM32_USB_Device_Library/Core/Src/usbd_ctlreq.c **** 
 323:Middlewares/ST/STM32_USB_Device_Library/Core/Src/usbd_ctlreq.c ****         case USB_REQ_GET_STATUS:
 324:Middlewares/ST/STM32_USB_Device_Library/Core/Src/usbd_ctlreq.c ****           switch (pdev->dev_state)
 325:Middlewares/ST/STM32_USB_Device_Library/Core/Src/usbd_ctlreq.c ****           {
 326:Middlewares/ST/STM32_USB_Device_Library/Core/Src/usbd_ctlreq.c ****             case USBD_STATE_ADDRESSED:
 327:Middlewares/ST/STM32_USB_Device_Library/Core/Src/usbd_ctlreq.c ****               if ((ep_addr != 0x00U) && (ep_addr != 0x80U))
 328:Middlewares/ST/STM32_USB_Device_Library/Core/Src/usbd_ctlreq.c ****               {
 329:Middlewares/ST/STM32_USB_Device_Library/Core/Src/usbd_ctlreq.c ****                 USBD_CtlError(pdev, req);
 330:Middlewares/ST/STM32_USB_Device_Library/Core/Src/usbd_ctlreq.c ****                 break;
 331:Middlewares/ST/STM32_USB_Device_Library/Core/Src/usbd_ctlreq.c ****               }
 332:Middlewares/ST/STM32_USB_Device_Library/Core/Src/usbd_ctlreq.c ****               pep = ((ep_addr & 0x80U) == 0x80U) ? &pdev->ep_in[ep_addr & 0x7FU] : \
 333:Middlewares/ST/STM32_USB_Device_Library/Core/Src/usbd_ctlreq.c ****                     &pdev->ep_out[ep_addr & 0x7FU];
 334:Middlewares/ST/STM32_USB_Device_Library/Core/Src/usbd_ctlreq.c **** 
 335:Middlewares/ST/STM32_USB_Device_Library/Core/Src/usbd_ctlreq.c ****               pep->status = 0x0000U;
 336:Middlewares/ST/STM32_USB_Device_Library/Core/Src/usbd_ctlreq.c **** 
 337:Middlewares/ST/STM32_USB_Device_Library/Core/Src/usbd_ctlreq.c ****               USBD_CtlSendData(pdev, (uint8_t *)(void *)&pep->status, 2U);
 338:Middlewares/ST/STM32_USB_Device_Library/Core/Src/usbd_ctlreq.c ****               break;
 339:Middlewares/ST/STM32_USB_Device_Library/Core/Src/usbd_ctlreq.c **** 
 340:Middlewares/ST/STM32_USB_Device_Library/Core/Src/usbd_ctlreq.c ****             case USBD_STATE_CONFIGURED:
 341:Middlewares/ST/STM32_USB_Device_Library/Core/Src/usbd_ctlreq.c ****               if ((ep_addr & 0x80U) == 0x80U)
 342:Middlewares/ST/STM32_USB_Device_Library/Core/Src/usbd_ctlreq.c ****               {
 343:Middlewares/ST/STM32_USB_Device_Library/Core/Src/usbd_ctlreq.c ****                 if (pdev->ep_in[ep_addr & 0xFU].is_used == 0U)
 344:Middlewares/ST/STM32_USB_Device_Library/Core/Src/usbd_ctlreq.c ****                 {
 345:Middlewares/ST/STM32_USB_Device_Library/Core/Src/usbd_ctlreq.c ****                   USBD_CtlError(pdev, req);
 346:Middlewares/ST/STM32_USB_Device_Library/Core/Src/usbd_ctlreq.c ****                   break;
 347:Middlewares/ST/STM32_USB_Device_Library/Core/Src/usbd_ctlreq.c ****                 }
 348:Middlewares/ST/STM32_USB_Device_Library/Core/Src/usbd_ctlreq.c ****               }
 349:Middlewares/ST/STM32_USB_Device_Library/Core/Src/usbd_ctlreq.c ****               else
 350:Middlewares/ST/STM32_USB_Device_Library/Core/Src/usbd_ctlreq.c ****               {
 351:Middlewares/ST/STM32_USB_Device_Library/Core/Src/usbd_ctlreq.c ****                 if (pdev->ep_out[ep_addr & 0xFU].is_used == 0U)
 352:Middlewares/ST/STM32_USB_Device_Library/Core/Src/usbd_ctlreq.c ****                 {
 353:Middlewares/ST/STM32_USB_Device_Library/Core/Src/usbd_ctlreq.c ****                   USBD_CtlError(pdev, req);
 354:Middlewares/ST/STM32_USB_Device_Library/Core/Src/usbd_ctlreq.c ****                   break;
 355:Middlewares/ST/STM32_USB_Device_Library/Core/Src/usbd_ctlreq.c ****                 }
 356:Middlewares/ST/STM32_USB_Device_Library/Core/Src/usbd_ctlreq.c ****               }
 357:Middlewares/ST/STM32_USB_Device_Library/Core/Src/usbd_ctlreq.c **** 
 358:Middlewares/ST/STM32_USB_Device_Library/Core/Src/usbd_ctlreq.c ****               pep = ((ep_addr & 0x80U) == 0x80U) ? &pdev->ep_in[ep_addr & 0x7FU] : \
 359:Middlewares/ST/STM32_USB_Device_Library/Core/Src/usbd_ctlreq.c ****                     &pdev->ep_out[ep_addr & 0x7FU];
 360:Middlewares/ST/STM32_USB_Device_Library/Core/Src/usbd_ctlreq.c **** 
 361:Middlewares/ST/STM32_USB_Device_Library/Core/Src/usbd_ctlreq.c ****               if ((ep_addr == 0x00U) || (ep_addr == 0x80U))
 362:Middlewares/ST/STM32_USB_Device_Library/Core/Src/usbd_ctlreq.c ****               {
 363:Middlewares/ST/STM32_USB_Device_Library/Core/Src/usbd_ctlreq.c ****                 pep->status = 0x0000U;
 364:Middlewares/ST/STM32_USB_Device_Library/Core/Src/usbd_ctlreq.c ****               }
 365:Middlewares/ST/STM32_USB_Device_Library/Core/Src/usbd_ctlreq.c ****               else if (USBD_LL_IsStallEP(pdev, ep_addr))
 366:Middlewares/ST/STM32_USB_Device_Library/Core/Src/usbd_ctlreq.c ****               {
 367:Middlewares/ST/STM32_USB_Device_Library/Core/Src/usbd_ctlreq.c ****                 pep->status = 0x0001U;
 368:Middlewares/ST/STM32_USB_Device_Library/Core/Src/usbd_ctlreq.c ****               }
 369:Middlewares/ST/STM32_USB_Device_Library/Core/Src/usbd_ctlreq.c ****               else
 370:Middlewares/ST/STM32_USB_Device_Library/Core/Src/usbd_ctlreq.c ****               {
 371:Middlewares/ST/STM32_USB_Device_Library/Core/Src/usbd_ctlreq.c ****                 pep->status = 0x0000U;
 372:Middlewares/ST/STM32_USB_Device_Library/Core/Src/usbd_ctlreq.c ****               }
 373:Middlewares/ST/STM32_USB_Device_Library/Core/Src/usbd_ctlreq.c **** 
 374:Middlewares/ST/STM32_USB_Device_Library/Core/Src/usbd_ctlreq.c ****               USBD_CtlSendData(pdev, (uint8_t *)(void *)&pep->status, 2U);
ARM GAS  C:\Users\crist\AppData\Local\Temp\ccV0p3Ed.s 			page 8


 375:Middlewares/ST/STM32_USB_Device_Library/Core/Src/usbd_ctlreq.c ****               break;
 376:Middlewares/ST/STM32_USB_Device_Library/Core/Src/usbd_ctlreq.c **** 
 377:Middlewares/ST/STM32_USB_Device_Library/Core/Src/usbd_ctlreq.c ****             default:
 378:Middlewares/ST/STM32_USB_Device_Library/Core/Src/usbd_ctlreq.c ****               USBD_CtlError(pdev, req);
 379:Middlewares/ST/STM32_USB_Device_Library/Core/Src/usbd_ctlreq.c ****               break;
 380:Middlewares/ST/STM32_USB_Device_Library/Core/Src/usbd_ctlreq.c ****           }
 381:Middlewares/ST/STM32_USB_Device_Library/Core/Src/usbd_ctlreq.c ****           break;
 382:Middlewares/ST/STM32_USB_Device_Library/Core/Src/usbd_ctlreq.c **** 
 383:Middlewares/ST/STM32_USB_Device_Library/Core/Src/usbd_ctlreq.c ****         default:
 384:Middlewares/ST/STM32_USB_Device_Library/Core/Src/usbd_ctlreq.c ****           USBD_CtlError(pdev, req);
 385:Middlewares/ST/STM32_USB_Device_Library/Core/Src/usbd_ctlreq.c ****           break;
 386:Middlewares/ST/STM32_USB_Device_Library/Core/Src/usbd_ctlreq.c ****       }
 387:Middlewares/ST/STM32_USB_Device_Library/Core/Src/usbd_ctlreq.c ****       break;
 388:Middlewares/ST/STM32_USB_Device_Library/Core/Src/usbd_ctlreq.c **** 
 389:Middlewares/ST/STM32_USB_Device_Library/Core/Src/usbd_ctlreq.c ****     default:
 390:Middlewares/ST/STM32_USB_Device_Library/Core/Src/usbd_ctlreq.c ****       USBD_CtlError(pdev, req);
 391:Middlewares/ST/STM32_USB_Device_Library/Core/Src/usbd_ctlreq.c ****       break;
 392:Middlewares/ST/STM32_USB_Device_Library/Core/Src/usbd_ctlreq.c ****   }
 393:Middlewares/ST/STM32_USB_Device_Library/Core/Src/usbd_ctlreq.c **** 
 394:Middlewares/ST/STM32_USB_Device_Library/Core/Src/usbd_ctlreq.c ****   return ret;
 395:Middlewares/ST/STM32_USB_Device_Library/Core/Src/usbd_ctlreq.c **** }
 396:Middlewares/ST/STM32_USB_Device_Library/Core/Src/usbd_ctlreq.c **** 
 397:Middlewares/ST/STM32_USB_Device_Library/Core/Src/usbd_ctlreq.c **** 
 398:Middlewares/ST/STM32_USB_Device_Library/Core/Src/usbd_ctlreq.c **** /**
 399:Middlewares/ST/STM32_USB_Device_Library/Core/Src/usbd_ctlreq.c **** * @brief  USBD_GetDescriptor
 400:Middlewares/ST/STM32_USB_Device_Library/Core/Src/usbd_ctlreq.c **** *         Handle Get Descriptor requests
 401:Middlewares/ST/STM32_USB_Device_Library/Core/Src/usbd_ctlreq.c **** * @param  pdev: device instance
 402:Middlewares/ST/STM32_USB_Device_Library/Core/Src/usbd_ctlreq.c **** * @param  req: usb request
 403:Middlewares/ST/STM32_USB_Device_Library/Core/Src/usbd_ctlreq.c **** * @retval status
 404:Middlewares/ST/STM32_USB_Device_Library/Core/Src/usbd_ctlreq.c **** */
 405:Middlewares/ST/STM32_USB_Device_Library/Core/Src/usbd_ctlreq.c **** static void USBD_GetDescriptor(USBD_HandleTypeDef *pdev,
 406:Middlewares/ST/STM32_USB_Device_Library/Core/Src/usbd_ctlreq.c ****                                USBD_SetupReqTypedef *req)
 407:Middlewares/ST/STM32_USB_Device_Library/Core/Src/usbd_ctlreq.c **** {
 408:Middlewares/ST/STM32_USB_Device_Library/Core/Src/usbd_ctlreq.c ****   uint16_t len = 0U;
 409:Middlewares/ST/STM32_USB_Device_Library/Core/Src/usbd_ctlreq.c ****   uint8_t *pbuf = NULL;
 410:Middlewares/ST/STM32_USB_Device_Library/Core/Src/usbd_ctlreq.c ****   uint8_t err = 0U;
 411:Middlewares/ST/STM32_USB_Device_Library/Core/Src/usbd_ctlreq.c **** 
 412:Middlewares/ST/STM32_USB_Device_Library/Core/Src/usbd_ctlreq.c ****   switch (req->wValue >> 8)
 413:Middlewares/ST/STM32_USB_Device_Library/Core/Src/usbd_ctlreq.c ****   {
 414:Middlewares/ST/STM32_USB_Device_Library/Core/Src/usbd_ctlreq.c **** #if (USBD_LPM_ENABLED == 1U)
 415:Middlewares/ST/STM32_USB_Device_Library/Core/Src/usbd_ctlreq.c ****     case USB_DESC_TYPE_BOS:
 416:Middlewares/ST/STM32_USB_Device_Library/Core/Src/usbd_ctlreq.c ****       if (pdev->pDesc->GetBOSDescriptor != NULL)
 417:Middlewares/ST/STM32_USB_Device_Library/Core/Src/usbd_ctlreq.c ****       {
 418:Middlewares/ST/STM32_USB_Device_Library/Core/Src/usbd_ctlreq.c ****         pbuf = pdev->pDesc->GetBOSDescriptor(pdev->dev_speed, &len);
 419:Middlewares/ST/STM32_USB_Device_Library/Core/Src/usbd_ctlreq.c ****       }
 420:Middlewares/ST/STM32_USB_Device_Library/Core/Src/usbd_ctlreq.c ****       else
 421:Middlewares/ST/STM32_USB_Device_Library/Core/Src/usbd_ctlreq.c ****       {
 422:Middlewares/ST/STM32_USB_Device_Library/Core/Src/usbd_ctlreq.c ****         USBD_CtlError(pdev, req);
 423:Middlewares/ST/STM32_USB_Device_Library/Core/Src/usbd_ctlreq.c ****         err++;
 424:Middlewares/ST/STM32_USB_Device_Library/Core/Src/usbd_ctlreq.c ****       }
 425:Middlewares/ST/STM32_USB_Device_Library/Core/Src/usbd_ctlreq.c ****       break;
 426:Middlewares/ST/STM32_USB_Device_Library/Core/Src/usbd_ctlreq.c **** #endif
 427:Middlewares/ST/STM32_USB_Device_Library/Core/Src/usbd_ctlreq.c ****     case USB_DESC_TYPE_DEVICE:
 428:Middlewares/ST/STM32_USB_Device_Library/Core/Src/usbd_ctlreq.c ****       pbuf = pdev->pDesc->GetDeviceDescriptor(pdev->dev_speed, &len);
 429:Middlewares/ST/STM32_USB_Device_Library/Core/Src/usbd_ctlreq.c ****       break;
 430:Middlewares/ST/STM32_USB_Device_Library/Core/Src/usbd_ctlreq.c **** 
 431:Middlewares/ST/STM32_USB_Device_Library/Core/Src/usbd_ctlreq.c ****     case USB_DESC_TYPE_CONFIGURATION:
ARM GAS  C:\Users\crist\AppData\Local\Temp\ccV0p3Ed.s 			page 9


 432:Middlewares/ST/STM32_USB_Device_Library/Core/Src/usbd_ctlreq.c ****       if (pdev->dev_speed == USBD_SPEED_HIGH)
 433:Middlewares/ST/STM32_USB_Device_Library/Core/Src/usbd_ctlreq.c ****       {
 434:Middlewares/ST/STM32_USB_Device_Library/Core/Src/usbd_ctlreq.c ****         pbuf = pdev->pClass->GetHSConfigDescriptor(&len);
 435:Middlewares/ST/STM32_USB_Device_Library/Core/Src/usbd_ctlreq.c ****         pbuf[1] = USB_DESC_TYPE_CONFIGURATION;
 436:Middlewares/ST/STM32_USB_Device_Library/Core/Src/usbd_ctlreq.c ****       }
 437:Middlewares/ST/STM32_USB_Device_Library/Core/Src/usbd_ctlreq.c ****       else
 438:Middlewares/ST/STM32_USB_Device_Library/Core/Src/usbd_ctlreq.c ****       {
 439:Middlewares/ST/STM32_USB_Device_Library/Core/Src/usbd_ctlreq.c ****         pbuf = pdev->pClass->GetFSConfigDescriptor(&len);
 440:Middlewares/ST/STM32_USB_Device_Library/Core/Src/usbd_ctlreq.c ****         pbuf[1] = USB_DESC_TYPE_CONFIGURATION;
 441:Middlewares/ST/STM32_USB_Device_Library/Core/Src/usbd_ctlreq.c ****       }
 442:Middlewares/ST/STM32_USB_Device_Library/Core/Src/usbd_ctlreq.c ****       break;
 443:Middlewares/ST/STM32_USB_Device_Library/Core/Src/usbd_ctlreq.c **** 
 444:Middlewares/ST/STM32_USB_Device_Library/Core/Src/usbd_ctlreq.c ****     case USB_DESC_TYPE_STRING:
 445:Middlewares/ST/STM32_USB_Device_Library/Core/Src/usbd_ctlreq.c ****       switch ((uint8_t)(req->wValue))
 446:Middlewares/ST/STM32_USB_Device_Library/Core/Src/usbd_ctlreq.c ****       {
 447:Middlewares/ST/STM32_USB_Device_Library/Core/Src/usbd_ctlreq.c ****         case USBD_IDX_LANGID_STR:
 448:Middlewares/ST/STM32_USB_Device_Library/Core/Src/usbd_ctlreq.c ****           if (pdev->pDesc->GetLangIDStrDescriptor != NULL)
 449:Middlewares/ST/STM32_USB_Device_Library/Core/Src/usbd_ctlreq.c ****           {
 450:Middlewares/ST/STM32_USB_Device_Library/Core/Src/usbd_ctlreq.c ****             pbuf = pdev->pDesc->GetLangIDStrDescriptor(pdev->dev_speed, &len);
 451:Middlewares/ST/STM32_USB_Device_Library/Core/Src/usbd_ctlreq.c ****           }
 452:Middlewares/ST/STM32_USB_Device_Library/Core/Src/usbd_ctlreq.c ****           else
 453:Middlewares/ST/STM32_USB_Device_Library/Core/Src/usbd_ctlreq.c ****           {
 454:Middlewares/ST/STM32_USB_Device_Library/Core/Src/usbd_ctlreq.c ****             USBD_CtlError(pdev, req);
 455:Middlewares/ST/STM32_USB_Device_Library/Core/Src/usbd_ctlreq.c ****             err++;
 456:Middlewares/ST/STM32_USB_Device_Library/Core/Src/usbd_ctlreq.c ****           }
 457:Middlewares/ST/STM32_USB_Device_Library/Core/Src/usbd_ctlreq.c ****           break;
 458:Middlewares/ST/STM32_USB_Device_Library/Core/Src/usbd_ctlreq.c **** 
 459:Middlewares/ST/STM32_USB_Device_Library/Core/Src/usbd_ctlreq.c ****         case USBD_IDX_MFC_STR:
 460:Middlewares/ST/STM32_USB_Device_Library/Core/Src/usbd_ctlreq.c ****           if (pdev->pDesc->GetManufacturerStrDescriptor != NULL)
 461:Middlewares/ST/STM32_USB_Device_Library/Core/Src/usbd_ctlreq.c ****           {
 462:Middlewares/ST/STM32_USB_Device_Library/Core/Src/usbd_ctlreq.c ****             pbuf = pdev->pDesc->GetManufacturerStrDescriptor(pdev->dev_speed, &len);
 463:Middlewares/ST/STM32_USB_Device_Library/Core/Src/usbd_ctlreq.c ****           }
 464:Middlewares/ST/STM32_USB_Device_Library/Core/Src/usbd_ctlreq.c ****           else
 465:Middlewares/ST/STM32_USB_Device_Library/Core/Src/usbd_ctlreq.c ****           {
 466:Middlewares/ST/STM32_USB_Device_Library/Core/Src/usbd_ctlreq.c ****             USBD_CtlError(pdev, req);
 467:Middlewares/ST/STM32_USB_Device_Library/Core/Src/usbd_ctlreq.c ****             err++;
 468:Middlewares/ST/STM32_USB_Device_Library/Core/Src/usbd_ctlreq.c ****           }
 469:Middlewares/ST/STM32_USB_Device_Library/Core/Src/usbd_ctlreq.c ****           break;
 470:Middlewares/ST/STM32_USB_Device_Library/Core/Src/usbd_ctlreq.c **** 
 471:Middlewares/ST/STM32_USB_Device_Library/Core/Src/usbd_ctlreq.c ****         case USBD_IDX_PRODUCT_STR:
 472:Middlewares/ST/STM32_USB_Device_Library/Core/Src/usbd_ctlreq.c ****           if (pdev->pDesc->GetProductStrDescriptor != NULL)
 473:Middlewares/ST/STM32_USB_Device_Library/Core/Src/usbd_ctlreq.c ****           {
 474:Middlewares/ST/STM32_USB_Device_Library/Core/Src/usbd_ctlreq.c ****             pbuf = pdev->pDesc->GetProductStrDescriptor(pdev->dev_speed, &len);
 475:Middlewares/ST/STM32_USB_Device_Library/Core/Src/usbd_ctlreq.c ****           }
 476:Middlewares/ST/STM32_USB_Device_Library/Core/Src/usbd_ctlreq.c ****           else
 477:Middlewares/ST/STM32_USB_Device_Library/Core/Src/usbd_ctlreq.c ****           {
 478:Middlewares/ST/STM32_USB_Device_Library/Core/Src/usbd_ctlreq.c ****             USBD_CtlError(pdev, req);
 479:Middlewares/ST/STM32_USB_Device_Library/Core/Src/usbd_ctlreq.c ****             err++;
 480:Middlewares/ST/STM32_USB_Device_Library/Core/Src/usbd_ctlreq.c ****           }
 481:Middlewares/ST/STM32_USB_Device_Library/Core/Src/usbd_ctlreq.c ****           break;
 482:Middlewares/ST/STM32_USB_Device_Library/Core/Src/usbd_ctlreq.c **** 
 483:Middlewares/ST/STM32_USB_Device_Library/Core/Src/usbd_ctlreq.c ****         case USBD_IDX_SERIAL_STR:
 484:Middlewares/ST/STM32_USB_Device_Library/Core/Src/usbd_ctlreq.c ****           if (pdev->pDesc->GetSerialStrDescriptor != NULL)
 485:Middlewares/ST/STM32_USB_Device_Library/Core/Src/usbd_ctlreq.c ****           {
 486:Middlewares/ST/STM32_USB_Device_Library/Core/Src/usbd_ctlreq.c ****             pbuf = pdev->pDesc->GetSerialStrDescriptor(pdev->dev_speed, &len);
 487:Middlewares/ST/STM32_USB_Device_Library/Core/Src/usbd_ctlreq.c ****           }
 488:Middlewares/ST/STM32_USB_Device_Library/Core/Src/usbd_ctlreq.c ****           else
ARM GAS  C:\Users\crist\AppData\Local\Temp\ccV0p3Ed.s 			page 10


 489:Middlewares/ST/STM32_USB_Device_Library/Core/Src/usbd_ctlreq.c ****           {
 490:Middlewares/ST/STM32_USB_Device_Library/Core/Src/usbd_ctlreq.c ****             USBD_CtlError(pdev, req);
 491:Middlewares/ST/STM32_USB_Device_Library/Core/Src/usbd_ctlreq.c ****             err++;
 492:Middlewares/ST/STM32_USB_Device_Library/Core/Src/usbd_ctlreq.c ****           }
 493:Middlewares/ST/STM32_USB_Device_Library/Core/Src/usbd_ctlreq.c ****           break;
 494:Middlewares/ST/STM32_USB_Device_Library/Core/Src/usbd_ctlreq.c **** 
 495:Middlewares/ST/STM32_USB_Device_Library/Core/Src/usbd_ctlreq.c ****         case USBD_IDX_CONFIG_STR:
 496:Middlewares/ST/STM32_USB_Device_Library/Core/Src/usbd_ctlreq.c ****           if (pdev->pDesc->GetConfigurationStrDescriptor != NULL)
 497:Middlewares/ST/STM32_USB_Device_Library/Core/Src/usbd_ctlreq.c ****           {
 498:Middlewares/ST/STM32_USB_Device_Library/Core/Src/usbd_ctlreq.c ****             pbuf = pdev->pDesc->GetConfigurationStrDescriptor(pdev->dev_speed, &len);
 499:Middlewares/ST/STM32_USB_Device_Library/Core/Src/usbd_ctlreq.c ****           }
 500:Middlewares/ST/STM32_USB_Device_Library/Core/Src/usbd_ctlreq.c ****           else
 501:Middlewares/ST/STM32_USB_Device_Library/Core/Src/usbd_ctlreq.c ****           {
 502:Middlewares/ST/STM32_USB_Device_Library/Core/Src/usbd_ctlreq.c ****             USBD_CtlError(pdev, req);
 503:Middlewares/ST/STM32_USB_Device_Library/Core/Src/usbd_ctlreq.c ****             err++;
 504:Middlewares/ST/STM32_USB_Device_Library/Core/Src/usbd_ctlreq.c ****           }
 505:Middlewares/ST/STM32_USB_Device_Library/Core/Src/usbd_ctlreq.c ****           break;
 506:Middlewares/ST/STM32_USB_Device_Library/Core/Src/usbd_ctlreq.c **** 
 507:Middlewares/ST/STM32_USB_Device_Library/Core/Src/usbd_ctlreq.c ****         case USBD_IDX_INTERFACE_STR:
 508:Middlewares/ST/STM32_USB_Device_Library/Core/Src/usbd_ctlreq.c ****           if (pdev->pDesc->GetInterfaceStrDescriptor != NULL)
 509:Middlewares/ST/STM32_USB_Device_Library/Core/Src/usbd_ctlreq.c ****           {
 510:Middlewares/ST/STM32_USB_Device_Library/Core/Src/usbd_ctlreq.c ****             pbuf = pdev->pDesc->GetInterfaceStrDescriptor(pdev->dev_speed, &len);
 511:Middlewares/ST/STM32_USB_Device_Library/Core/Src/usbd_ctlreq.c ****           }
 512:Middlewares/ST/STM32_USB_Device_Library/Core/Src/usbd_ctlreq.c ****           else
 513:Middlewares/ST/STM32_USB_Device_Library/Core/Src/usbd_ctlreq.c ****           {
 514:Middlewares/ST/STM32_USB_Device_Library/Core/Src/usbd_ctlreq.c ****             USBD_CtlError(pdev, req);
 515:Middlewares/ST/STM32_USB_Device_Library/Core/Src/usbd_ctlreq.c ****             err++;
 516:Middlewares/ST/STM32_USB_Device_Library/Core/Src/usbd_ctlreq.c ****           }
 517:Middlewares/ST/STM32_USB_Device_Library/Core/Src/usbd_ctlreq.c ****           break;
 518:Middlewares/ST/STM32_USB_Device_Library/Core/Src/usbd_ctlreq.c **** 
 519:Middlewares/ST/STM32_USB_Device_Library/Core/Src/usbd_ctlreq.c ****         default:
 520:Middlewares/ST/STM32_USB_Device_Library/Core/Src/usbd_ctlreq.c **** #if (USBD_SUPPORT_USER_STRING_DESC == 1U)
 521:Middlewares/ST/STM32_USB_Device_Library/Core/Src/usbd_ctlreq.c ****           if (pdev->pClass->GetUsrStrDescriptor != NULL)
 522:Middlewares/ST/STM32_USB_Device_Library/Core/Src/usbd_ctlreq.c ****           {
 523:Middlewares/ST/STM32_USB_Device_Library/Core/Src/usbd_ctlreq.c ****             pbuf = pdev->pClass->GetUsrStrDescriptor(pdev, (req->wValue), &len);
 524:Middlewares/ST/STM32_USB_Device_Library/Core/Src/usbd_ctlreq.c ****           }
 525:Middlewares/ST/STM32_USB_Device_Library/Core/Src/usbd_ctlreq.c ****           else
 526:Middlewares/ST/STM32_USB_Device_Library/Core/Src/usbd_ctlreq.c ****           {
 527:Middlewares/ST/STM32_USB_Device_Library/Core/Src/usbd_ctlreq.c ****             USBD_CtlError(pdev, req);
 528:Middlewares/ST/STM32_USB_Device_Library/Core/Src/usbd_ctlreq.c ****             err++;
 529:Middlewares/ST/STM32_USB_Device_Library/Core/Src/usbd_ctlreq.c ****           }
 530:Middlewares/ST/STM32_USB_Device_Library/Core/Src/usbd_ctlreq.c ****           break;
 531:Middlewares/ST/STM32_USB_Device_Library/Core/Src/usbd_ctlreq.c **** #else
 532:Middlewares/ST/STM32_USB_Device_Library/Core/Src/usbd_ctlreq.c ****           USBD_CtlError(pdev, req);
 533:Middlewares/ST/STM32_USB_Device_Library/Core/Src/usbd_ctlreq.c ****           err++;
 534:Middlewares/ST/STM32_USB_Device_Library/Core/Src/usbd_ctlreq.c **** #endif
 535:Middlewares/ST/STM32_USB_Device_Library/Core/Src/usbd_ctlreq.c ****       }
 536:Middlewares/ST/STM32_USB_Device_Library/Core/Src/usbd_ctlreq.c ****       break;
 537:Middlewares/ST/STM32_USB_Device_Library/Core/Src/usbd_ctlreq.c **** 
 538:Middlewares/ST/STM32_USB_Device_Library/Core/Src/usbd_ctlreq.c ****     case USB_DESC_TYPE_DEVICE_QUALIFIER:
 539:Middlewares/ST/STM32_USB_Device_Library/Core/Src/usbd_ctlreq.c ****       if (pdev->dev_speed == USBD_SPEED_HIGH)
 540:Middlewares/ST/STM32_USB_Device_Library/Core/Src/usbd_ctlreq.c ****       {
 541:Middlewares/ST/STM32_USB_Device_Library/Core/Src/usbd_ctlreq.c ****         pbuf = pdev->pClass->GetDeviceQualifierDescriptor(&len);
 542:Middlewares/ST/STM32_USB_Device_Library/Core/Src/usbd_ctlreq.c ****       }
 543:Middlewares/ST/STM32_USB_Device_Library/Core/Src/usbd_ctlreq.c ****       else
 544:Middlewares/ST/STM32_USB_Device_Library/Core/Src/usbd_ctlreq.c ****       {
 545:Middlewares/ST/STM32_USB_Device_Library/Core/Src/usbd_ctlreq.c ****         USBD_CtlError(pdev, req);
ARM GAS  C:\Users\crist\AppData\Local\Temp\ccV0p3Ed.s 			page 11


 546:Middlewares/ST/STM32_USB_Device_Library/Core/Src/usbd_ctlreq.c ****         err++;
 547:Middlewares/ST/STM32_USB_Device_Library/Core/Src/usbd_ctlreq.c ****       }
 548:Middlewares/ST/STM32_USB_Device_Library/Core/Src/usbd_ctlreq.c ****       break;
 549:Middlewares/ST/STM32_USB_Device_Library/Core/Src/usbd_ctlreq.c **** 
 550:Middlewares/ST/STM32_USB_Device_Library/Core/Src/usbd_ctlreq.c ****     case USB_DESC_TYPE_OTHER_SPEED_CONFIGURATION:
 551:Middlewares/ST/STM32_USB_Device_Library/Core/Src/usbd_ctlreq.c ****       if (pdev->dev_speed == USBD_SPEED_HIGH)
 552:Middlewares/ST/STM32_USB_Device_Library/Core/Src/usbd_ctlreq.c ****       {
 553:Middlewares/ST/STM32_USB_Device_Library/Core/Src/usbd_ctlreq.c ****         pbuf = pdev->pClass->GetOtherSpeedConfigDescriptor(&len);
 554:Middlewares/ST/STM32_USB_Device_Library/Core/Src/usbd_ctlreq.c ****         pbuf[1] = USB_DESC_TYPE_OTHER_SPEED_CONFIGURATION;
 555:Middlewares/ST/STM32_USB_Device_Library/Core/Src/usbd_ctlreq.c ****       }
 556:Middlewares/ST/STM32_USB_Device_Library/Core/Src/usbd_ctlreq.c ****       else
 557:Middlewares/ST/STM32_USB_Device_Library/Core/Src/usbd_ctlreq.c ****       {
 558:Middlewares/ST/STM32_USB_Device_Library/Core/Src/usbd_ctlreq.c ****         USBD_CtlError(pdev, req);
 559:Middlewares/ST/STM32_USB_Device_Library/Core/Src/usbd_ctlreq.c ****         err++;
 560:Middlewares/ST/STM32_USB_Device_Library/Core/Src/usbd_ctlreq.c ****       }
 561:Middlewares/ST/STM32_USB_Device_Library/Core/Src/usbd_ctlreq.c ****       break;
 562:Middlewares/ST/STM32_USB_Device_Library/Core/Src/usbd_ctlreq.c **** 
 563:Middlewares/ST/STM32_USB_Device_Library/Core/Src/usbd_ctlreq.c ****     default:
 564:Middlewares/ST/STM32_USB_Device_Library/Core/Src/usbd_ctlreq.c ****       USBD_CtlError(pdev, req);
 565:Middlewares/ST/STM32_USB_Device_Library/Core/Src/usbd_ctlreq.c ****       err++;
 566:Middlewares/ST/STM32_USB_Device_Library/Core/Src/usbd_ctlreq.c ****       break;
 567:Middlewares/ST/STM32_USB_Device_Library/Core/Src/usbd_ctlreq.c ****   }
 568:Middlewares/ST/STM32_USB_Device_Library/Core/Src/usbd_ctlreq.c **** 
 569:Middlewares/ST/STM32_USB_Device_Library/Core/Src/usbd_ctlreq.c ****   if (err != 0U)
 570:Middlewares/ST/STM32_USB_Device_Library/Core/Src/usbd_ctlreq.c ****   {
 571:Middlewares/ST/STM32_USB_Device_Library/Core/Src/usbd_ctlreq.c ****     return;
 572:Middlewares/ST/STM32_USB_Device_Library/Core/Src/usbd_ctlreq.c ****   }
 573:Middlewares/ST/STM32_USB_Device_Library/Core/Src/usbd_ctlreq.c ****   else
 574:Middlewares/ST/STM32_USB_Device_Library/Core/Src/usbd_ctlreq.c ****   {
 575:Middlewares/ST/STM32_USB_Device_Library/Core/Src/usbd_ctlreq.c ****     if ((len != 0U) && (req->wLength != 0U))
 576:Middlewares/ST/STM32_USB_Device_Library/Core/Src/usbd_ctlreq.c ****     {
 577:Middlewares/ST/STM32_USB_Device_Library/Core/Src/usbd_ctlreq.c ****       len = MIN(len, req->wLength);
 578:Middlewares/ST/STM32_USB_Device_Library/Core/Src/usbd_ctlreq.c ****       (void)USBD_CtlSendData(pdev, pbuf, len);
 579:Middlewares/ST/STM32_USB_Device_Library/Core/Src/usbd_ctlreq.c ****     }
 580:Middlewares/ST/STM32_USB_Device_Library/Core/Src/usbd_ctlreq.c **** 
 581:Middlewares/ST/STM32_USB_Device_Library/Core/Src/usbd_ctlreq.c ****     if (req->wLength == 0U)
 582:Middlewares/ST/STM32_USB_Device_Library/Core/Src/usbd_ctlreq.c ****     {
 583:Middlewares/ST/STM32_USB_Device_Library/Core/Src/usbd_ctlreq.c ****       (void)USBD_CtlSendStatus(pdev);
 584:Middlewares/ST/STM32_USB_Device_Library/Core/Src/usbd_ctlreq.c ****     }
 585:Middlewares/ST/STM32_USB_Device_Library/Core/Src/usbd_ctlreq.c ****   }
 586:Middlewares/ST/STM32_USB_Device_Library/Core/Src/usbd_ctlreq.c **** }
 587:Middlewares/ST/STM32_USB_Device_Library/Core/Src/usbd_ctlreq.c **** 
 588:Middlewares/ST/STM32_USB_Device_Library/Core/Src/usbd_ctlreq.c **** /**
 589:Middlewares/ST/STM32_USB_Device_Library/Core/Src/usbd_ctlreq.c **** * @brief  USBD_SetAddress
 590:Middlewares/ST/STM32_USB_Device_Library/Core/Src/usbd_ctlreq.c **** *         Set device address
 591:Middlewares/ST/STM32_USB_Device_Library/Core/Src/usbd_ctlreq.c **** * @param  pdev: device instance
 592:Middlewares/ST/STM32_USB_Device_Library/Core/Src/usbd_ctlreq.c **** * @param  req: usb request
 593:Middlewares/ST/STM32_USB_Device_Library/Core/Src/usbd_ctlreq.c **** * @retval status
 594:Middlewares/ST/STM32_USB_Device_Library/Core/Src/usbd_ctlreq.c **** */
 595:Middlewares/ST/STM32_USB_Device_Library/Core/Src/usbd_ctlreq.c **** static void USBD_SetAddress(USBD_HandleTypeDef *pdev,
 596:Middlewares/ST/STM32_USB_Device_Library/Core/Src/usbd_ctlreq.c ****                             USBD_SetupReqTypedef *req)
 597:Middlewares/ST/STM32_USB_Device_Library/Core/Src/usbd_ctlreq.c **** {
 598:Middlewares/ST/STM32_USB_Device_Library/Core/Src/usbd_ctlreq.c ****   uint8_t  dev_addr;
 599:Middlewares/ST/STM32_USB_Device_Library/Core/Src/usbd_ctlreq.c **** 
 600:Middlewares/ST/STM32_USB_Device_Library/Core/Src/usbd_ctlreq.c ****   if ((req->wIndex == 0U) && (req->wLength == 0U) && (req->wValue < 128U))
 601:Middlewares/ST/STM32_USB_Device_Library/Core/Src/usbd_ctlreq.c ****   {
 602:Middlewares/ST/STM32_USB_Device_Library/Core/Src/usbd_ctlreq.c ****     dev_addr = (uint8_t)(req->wValue) & 0x7FU;
ARM GAS  C:\Users\crist\AppData\Local\Temp\ccV0p3Ed.s 			page 12


 603:Middlewares/ST/STM32_USB_Device_Library/Core/Src/usbd_ctlreq.c **** 
 604:Middlewares/ST/STM32_USB_Device_Library/Core/Src/usbd_ctlreq.c ****     if (pdev->dev_state == USBD_STATE_CONFIGURED)
 605:Middlewares/ST/STM32_USB_Device_Library/Core/Src/usbd_ctlreq.c ****     {
 606:Middlewares/ST/STM32_USB_Device_Library/Core/Src/usbd_ctlreq.c ****       USBD_CtlError(pdev, req);
 607:Middlewares/ST/STM32_USB_Device_Library/Core/Src/usbd_ctlreq.c ****     }
 608:Middlewares/ST/STM32_USB_Device_Library/Core/Src/usbd_ctlreq.c ****     else
 609:Middlewares/ST/STM32_USB_Device_Library/Core/Src/usbd_ctlreq.c ****     {
 610:Middlewares/ST/STM32_USB_Device_Library/Core/Src/usbd_ctlreq.c ****       pdev->dev_address = dev_addr;
 611:Middlewares/ST/STM32_USB_Device_Library/Core/Src/usbd_ctlreq.c ****       USBD_LL_SetUSBAddress(pdev, dev_addr);
 612:Middlewares/ST/STM32_USB_Device_Library/Core/Src/usbd_ctlreq.c ****       USBD_CtlSendStatus(pdev);
 613:Middlewares/ST/STM32_USB_Device_Library/Core/Src/usbd_ctlreq.c **** 
 614:Middlewares/ST/STM32_USB_Device_Library/Core/Src/usbd_ctlreq.c ****       if (dev_addr != 0U)
 615:Middlewares/ST/STM32_USB_Device_Library/Core/Src/usbd_ctlreq.c ****       {
 616:Middlewares/ST/STM32_USB_Device_Library/Core/Src/usbd_ctlreq.c ****         pdev->dev_state = USBD_STATE_ADDRESSED;
 617:Middlewares/ST/STM32_USB_Device_Library/Core/Src/usbd_ctlreq.c ****       }
 618:Middlewares/ST/STM32_USB_Device_Library/Core/Src/usbd_ctlreq.c ****       else
 619:Middlewares/ST/STM32_USB_Device_Library/Core/Src/usbd_ctlreq.c ****       {
 620:Middlewares/ST/STM32_USB_Device_Library/Core/Src/usbd_ctlreq.c ****         pdev->dev_state = USBD_STATE_DEFAULT;
 621:Middlewares/ST/STM32_USB_Device_Library/Core/Src/usbd_ctlreq.c ****       }
 622:Middlewares/ST/STM32_USB_Device_Library/Core/Src/usbd_ctlreq.c ****     }
 623:Middlewares/ST/STM32_USB_Device_Library/Core/Src/usbd_ctlreq.c ****   }
 624:Middlewares/ST/STM32_USB_Device_Library/Core/Src/usbd_ctlreq.c ****   else
 625:Middlewares/ST/STM32_USB_Device_Library/Core/Src/usbd_ctlreq.c ****   {
 626:Middlewares/ST/STM32_USB_Device_Library/Core/Src/usbd_ctlreq.c ****     USBD_CtlError(pdev, req);
 627:Middlewares/ST/STM32_USB_Device_Library/Core/Src/usbd_ctlreq.c ****   }
 628:Middlewares/ST/STM32_USB_Device_Library/Core/Src/usbd_ctlreq.c **** }
 629:Middlewares/ST/STM32_USB_Device_Library/Core/Src/usbd_ctlreq.c **** 
 630:Middlewares/ST/STM32_USB_Device_Library/Core/Src/usbd_ctlreq.c **** /**
 631:Middlewares/ST/STM32_USB_Device_Library/Core/Src/usbd_ctlreq.c **** * @brief  USBD_SetConfig
 632:Middlewares/ST/STM32_USB_Device_Library/Core/Src/usbd_ctlreq.c **** *         Handle Set device configuration request
 633:Middlewares/ST/STM32_USB_Device_Library/Core/Src/usbd_ctlreq.c **** * @param  pdev: device instance
 634:Middlewares/ST/STM32_USB_Device_Library/Core/Src/usbd_ctlreq.c **** * @param  req: usb request
 635:Middlewares/ST/STM32_USB_Device_Library/Core/Src/usbd_ctlreq.c **** * @retval status
 636:Middlewares/ST/STM32_USB_Device_Library/Core/Src/usbd_ctlreq.c **** */
 637:Middlewares/ST/STM32_USB_Device_Library/Core/Src/usbd_ctlreq.c **** static void USBD_SetConfig(USBD_HandleTypeDef *pdev, USBD_SetupReqTypedef *req)
 638:Middlewares/ST/STM32_USB_Device_Library/Core/Src/usbd_ctlreq.c **** {
 639:Middlewares/ST/STM32_USB_Device_Library/Core/Src/usbd_ctlreq.c ****   static uint8_t cfgidx;
 640:Middlewares/ST/STM32_USB_Device_Library/Core/Src/usbd_ctlreq.c **** 
 641:Middlewares/ST/STM32_USB_Device_Library/Core/Src/usbd_ctlreq.c ****   cfgidx = (uint8_t)(req->wValue);
 642:Middlewares/ST/STM32_USB_Device_Library/Core/Src/usbd_ctlreq.c **** 
 643:Middlewares/ST/STM32_USB_Device_Library/Core/Src/usbd_ctlreq.c ****   if (cfgidx > USBD_MAX_NUM_CONFIGURATION)
 644:Middlewares/ST/STM32_USB_Device_Library/Core/Src/usbd_ctlreq.c ****   {
 645:Middlewares/ST/STM32_USB_Device_Library/Core/Src/usbd_ctlreq.c ****     USBD_CtlError(pdev, req);
 646:Middlewares/ST/STM32_USB_Device_Library/Core/Src/usbd_ctlreq.c ****   }
 647:Middlewares/ST/STM32_USB_Device_Library/Core/Src/usbd_ctlreq.c ****   else
 648:Middlewares/ST/STM32_USB_Device_Library/Core/Src/usbd_ctlreq.c ****   {
 649:Middlewares/ST/STM32_USB_Device_Library/Core/Src/usbd_ctlreq.c ****     switch (pdev->dev_state)
 650:Middlewares/ST/STM32_USB_Device_Library/Core/Src/usbd_ctlreq.c ****     {
 651:Middlewares/ST/STM32_USB_Device_Library/Core/Src/usbd_ctlreq.c ****       case USBD_STATE_ADDRESSED:
 652:Middlewares/ST/STM32_USB_Device_Library/Core/Src/usbd_ctlreq.c ****         if (cfgidx)
 653:Middlewares/ST/STM32_USB_Device_Library/Core/Src/usbd_ctlreq.c ****         {
 654:Middlewares/ST/STM32_USB_Device_Library/Core/Src/usbd_ctlreq.c ****           pdev->dev_config = cfgidx;
 655:Middlewares/ST/STM32_USB_Device_Library/Core/Src/usbd_ctlreq.c ****           pdev->dev_state = USBD_STATE_CONFIGURED;
 656:Middlewares/ST/STM32_USB_Device_Library/Core/Src/usbd_ctlreq.c ****           if (USBD_SetClassConfig(pdev, cfgidx) == USBD_FAIL)
 657:Middlewares/ST/STM32_USB_Device_Library/Core/Src/usbd_ctlreq.c ****           {
 658:Middlewares/ST/STM32_USB_Device_Library/Core/Src/usbd_ctlreq.c ****             USBD_CtlError(pdev, req);
 659:Middlewares/ST/STM32_USB_Device_Library/Core/Src/usbd_ctlreq.c ****             return;
ARM GAS  C:\Users\crist\AppData\Local\Temp\ccV0p3Ed.s 			page 13


 660:Middlewares/ST/STM32_USB_Device_Library/Core/Src/usbd_ctlreq.c ****           }
 661:Middlewares/ST/STM32_USB_Device_Library/Core/Src/usbd_ctlreq.c ****           USBD_CtlSendStatus(pdev);
 662:Middlewares/ST/STM32_USB_Device_Library/Core/Src/usbd_ctlreq.c ****         }
 663:Middlewares/ST/STM32_USB_Device_Library/Core/Src/usbd_ctlreq.c ****         else
 664:Middlewares/ST/STM32_USB_Device_Library/Core/Src/usbd_ctlreq.c ****         {
 665:Middlewares/ST/STM32_USB_Device_Library/Core/Src/usbd_ctlreq.c ****           USBD_CtlSendStatus(pdev);
 666:Middlewares/ST/STM32_USB_Device_Library/Core/Src/usbd_ctlreq.c ****         }
 667:Middlewares/ST/STM32_USB_Device_Library/Core/Src/usbd_ctlreq.c ****         break;
 668:Middlewares/ST/STM32_USB_Device_Library/Core/Src/usbd_ctlreq.c **** 
 669:Middlewares/ST/STM32_USB_Device_Library/Core/Src/usbd_ctlreq.c ****       case USBD_STATE_CONFIGURED:
 670:Middlewares/ST/STM32_USB_Device_Library/Core/Src/usbd_ctlreq.c ****         if (cfgidx == 0U)
 671:Middlewares/ST/STM32_USB_Device_Library/Core/Src/usbd_ctlreq.c ****         {
 672:Middlewares/ST/STM32_USB_Device_Library/Core/Src/usbd_ctlreq.c ****           pdev->dev_state = USBD_STATE_ADDRESSED;
 673:Middlewares/ST/STM32_USB_Device_Library/Core/Src/usbd_ctlreq.c ****           pdev->dev_config = cfgidx;
 674:Middlewares/ST/STM32_USB_Device_Library/Core/Src/usbd_ctlreq.c ****           USBD_ClrClassConfig(pdev, cfgidx);
 675:Middlewares/ST/STM32_USB_Device_Library/Core/Src/usbd_ctlreq.c ****           USBD_CtlSendStatus(pdev);
 676:Middlewares/ST/STM32_USB_Device_Library/Core/Src/usbd_ctlreq.c ****         }
 677:Middlewares/ST/STM32_USB_Device_Library/Core/Src/usbd_ctlreq.c ****         else if (cfgidx != pdev->dev_config)
 678:Middlewares/ST/STM32_USB_Device_Library/Core/Src/usbd_ctlreq.c ****         {
 679:Middlewares/ST/STM32_USB_Device_Library/Core/Src/usbd_ctlreq.c ****           /* Clear old configuration */
 680:Middlewares/ST/STM32_USB_Device_Library/Core/Src/usbd_ctlreq.c ****           USBD_ClrClassConfig(pdev, (uint8_t)pdev->dev_config);
 681:Middlewares/ST/STM32_USB_Device_Library/Core/Src/usbd_ctlreq.c **** 
 682:Middlewares/ST/STM32_USB_Device_Library/Core/Src/usbd_ctlreq.c ****           /* set new configuration */
 683:Middlewares/ST/STM32_USB_Device_Library/Core/Src/usbd_ctlreq.c ****           pdev->dev_config = cfgidx;
 684:Middlewares/ST/STM32_USB_Device_Library/Core/Src/usbd_ctlreq.c ****           if (USBD_SetClassConfig(pdev, cfgidx) == USBD_FAIL)
 685:Middlewares/ST/STM32_USB_Device_Library/Core/Src/usbd_ctlreq.c ****           {
 686:Middlewares/ST/STM32_USB_Device_Library/Core/Src/usbd_ctlreq.c ****             USBD_CtlError(pdev, req);
 687:Middlewares/ST/STM32_USB_Device_Library/Core/Src/usbd_ctlreq.c ****             return;
 688:Middlewares/ST/STM32_USB_Device_Library/Core/Src/usbd_ctlreq.c ****           }
 689:Middlewares/ST/STM32_USB_Device_Library/Core/Src/usbd_ctlreq.c ****           USBD_CtlSendStatus(pdev);
 690:Middlewares/ST/STM32_USB_Device_Library/Core/Src/usbd_ctlreq.c ****         }
 691:Middlewares/ST/STM32_USB_Device_Library/Core/Src/usbd_ctlreq.c ****         else
 692:Middlewares/ST/STM32_USB_Device_Library/Core/Src/usbd_ctlreq.c ****         {
 693:Middlewares/ST/STM32_USB_Device_Library/Core/Src/usbd_ctlreq.c ****           USBD_CtlSendStatus(pdev);
 694:Middlewares/ST/STM32_USB_Device_Library/Core/Src/usbd_ctlreq.c ****         }
 695:Middlewares/ST/STM32_USB_Device_Library/Core/Src/usbd_ctlreq.c ****         break;
 696:Middlewares/ST/STM32_USB_Device_Library/Core/Src/usbd_ctlreq.c **** 
 697:Middlewares/ST/STM32_USB_Device_Library/Core/Src/usbd_ctlreq.c ****       default:
 698:Middlewares/ST/STM32_USB_Device_Library/Core/Src/usbd_ctlreq.c ****         USBD_CtlError(pdev, req);
 699:Middlewares/ST/STM32_USB_Device_Library/Core/Src/usbd_ctlreq.c ****         USBD_ClrClassConfig(pdev, cfgidx);
 700:Middlewares/ST/STM32_USB_Device_Library/Core/Src/usbd_ctlreq.c ****         break;
 701:Middlewares/ST/STM32_USB_Device_Library/Core/Src/usbd_ctlreq.c ****     }
 702:Middlewares/ST/STM32_USB_Device_Library/Core/Src/usbd_ctlreq.c ****   }
 703:Middlewares/ST/STM32_USB_Device_Library/Core/Src/usbd_ctlreq.c **** }
 704:Middlewares/ST/STM32_USB_Device_Library/Core/Src/usbd_ctlreq.c **** 
 705:Middlewares/ST/STM32_USB_Device_Library/Core/Src/usbd_ctlreq.c **** /**
 706:Middlewares/ST/STM32_USB_Device_Library/Core/Src/usbd_ctlreq.c **** * @brief  USBD_GetConfig
 707:Middlewares/ST/STM32_USB_Device_Library/Core/Src/usbd_ctlreq.c **** *         Handle Get device configuration request
 708:Middlewares/ST/STM32_USB_Device_Library/Core/Src/usbd_ctlreq.c **** * @param  pdev: device instance
 709:Middlewares/ST/STM32_USB_Device_Library/Core/Src/usbd_ctlreq.c **** * @param  req: usb request
 710:Middlewares/ST/STM32_USB_Device_Library/Core/Src/usbd_ctlreq.c **** * @retval status
 711:Middlewares/ST/STM32_USB_Device_Library/Core/Src/usbd_ctlreq.c **** */
 712:Middlewares/ST/STM32_USB_Device_Library/Core/Src/usbd_ctlreq.c **** static void USBD_GetConfig(USBD_HandleTypeDef *pdev, USBD_SetupReqTypedef *req)
 713:Middlewares/ST/STM32_USB_Device_Library/Core/Src/usbd_ctlreq.c **** {
 714:Middlewares/ST/STM32_USB_Device_Library/Core/Src/usbd_ctlreq.c ****   if (req->wLength != 1U)
 715:Middlewares/ST/STM32_USB_Device_Library/Core/Src/usbd_ctlreq.c ****   {
 716:Middlewares/ST/STM32_USB_Device_Library/Core/Src/usbd_ctlreq.c ****     USBD_CtlError(pdev, req);
ARM GAS  C:\Users\crist\AppData\Local\Temp\ccV0p3Ed.s 			page 14


 717:Middlewares/ST/STM32_USB_Device_Library/Core/Src/usbd_ctlreq.c ****   }
 718:Middlewares/ST/STM32_USB_Device_Library/Core/Src/usbd_ctlreq.c ****   else
 719:Middlewares/ST/STM32_USB_Device_Library/Core/Src/usbd_ctlreq.c ****   {
 720:Middlewares/ST/STM32_USB_Device_Library/Core/Src/usbd_ctlreq.c ****     switch (pdev->dev_state)
 721:Middlewares/ST/STM32_USB_Device_Library/Core/Src/usbd_ctlreq.c ****     {
 722:Middlewares/ST/STM32_USB_Device_Library/Core/Src/usbd_ctlreq.c ****       case USBD_STATE_DEFAULT:
 723:Middlewares/ST/STM32_USB_Device_Library/Core/Src/usbd_ctlreq.c ****       case USBD_STATE_ADDRESSED:
 724:Middlewares/ST/STM32_USB_Device_Library/Core/Src/usbd_ctlreq.c ****         pdev->dev_default_config = 0U;
 725:Middlewares/ST/STM32_USB_Device_Library/Core/Src/usbd_ctlreq.c ****         USBD_CtlSendData(pdev, (uint8_t *)(void *)&pdev->dev_default_config, 1U);
 726:Middlewares/ST/STM32_USB_Device_Library/Core/Src/usbd_ctlreq.c ****         break;
 727:Middlewares/ST/STM32_USB_Device_Library/Core/Src/usbd_ctlreq.c **** 
 728:Middlewares/ST/STM32_USB_Device_Library/Core/Src/usbd_ctlreq.c ****       case USBD_STATE_CONFIGURED:
 729:Middlewares/ST/STM32_USB_Device_Library/Core/Src/usbd_ctlreq.c ****         USBD_CtlSendData(pdev, (uint8_t *)(void *)&pdev->dev_config, 1U);
 730:Middlewares/ST/STM32_USB_Device_Library/Core/Src/usbd_ctlreq.c ****         break;
 731:Middlewares/ST/STM32_USB_Device_Library/Core/Src/usbd_ctlreq.c **** 
 732:Middlewares/ST/STM32_USB_Device_Library/Core/Src/usbd_ctlreq.c ****       default:
 733:Middlewares/ST/STM32_USB_Device_Library/Core/Src/usbd_ctlreq.c ****         USBD_CtlError(pdev, req);
 734:Middlewares/ST/STM32_USB_Device_Library/Core/Src/usbd_ctlreq.c ****         break;
 735:Middlewares/ST/STM32_USB_Device_Library/Core/Src/usbd_ctlreq.c ****     }
 736:Middlewares/ST/STM32_USB_Device_Library/Core/Src/usbd_ctlreq.c ****   }
 737:Middlewares/ST/STM32_USB_Device_Library/Core/Src/usbd_ctlreq.c **** }
 738:Middlewares/ST/STM32_USB_Device_Library/Core/Src/usbd_ctlreq.c **** 
 739:Middlewares/ST/STM32_USB_Device_Library/Core/Src/usbd_ctlreq.c **** /**
 740:Middlewares/ST/STM32_USB_Device_Library/Core/Src/usbd_ctlreq.c **** * @brief  USBD_GetStatus
 741:Middlewares/ST/STM32_USB_Device_Library/Core/Src/usbd_ctlreq.c **** *         Handle Get Status request
 742:Middlewares/ST/STM32_USB_Device_Library/Core/Src/usbd_ctlreq.c **** * @param  pdev: device instance
 743:Middlewares/ST/STM32_USB_Device_Library/Core/Src/usbd_ctlreq.c **** * @param  req: usb request
 744:Middlewares/ST/STM32_USB_Device_Library/Core/Src/usbd_ctlreq.c **** * @retval status
 745:Middlewares/ST/STM32_USB_Device_Library/Core/Src/usbd_ctlreq.c **** */
 746:Middlewares/ST/STM32_USB_Device_Library/Core/Src/usbd_ctlreq.c **** static void USBD_GetStatus(USBD_HandleTypeDef *pdev, USBD_SetupReqTypedef *req)
 747:Middlewares/ST/STM32_USB_Device_Library/Core/Src/usbd_ctlreq.c **** {
 748:Middlewares/ST/STM32_USB_Device_Library/Core/Src/usbd_ctlreq.c ****   switch (pdev->dev_state)
 749:Middlewares/ST/STM32_USB_Device_Library/Core/Src/usbd_ctlreq.c ****   {
 750:Middlewares/ST/STM32_USB_Device_Library/Core/Src/usbd_ctlreq.c ****     case USBD_STATE_DEFAULT:
 751:Middlewares/ST/STM32_USB_Device_Library/Core/Src/usbd_ctlreq.c ****     case USBD_STATE_ADDRESSED:
 752:Middlewares/ST/STM32_USB_Device_Library/Core/Src/usbd_ctlreq.c ****     case USBD_STATE_CONFIGURED:
 753:Middlewares/ST/STM32_USB_Device_Library/Core/Src/usbd_ctlreq.c ****       if (req->wLength != 0x2U)
 754:Middlewares/ST/STM32_USB_Device_Library/Core/Src/usbd_ctlreq.c ****       {
 755:Middlewares/ST/STM32_USB_Device_Library/Core/Src/usbd_ctlreq.c ****         USBD_CtlError(pdev, req);
 756:Middlewares/ST/STM32_USB_Device_Library/Core/Src/usbd_ctlreq.c ****         break;
 757:Middlewares/ST/STM32_USB_Device_Library/Core/Src/usbd_ctlreq.c ****       }
 758:Middlewares/ST/STM32_USB_Device_Library/Core/Src/usbd_ctlreq.c **** 
 759:Middlewares/ST/STM32_USB_Device_Library/Core/Src/usbd_ctlreq.c **** #if (USBD_SELF_POWERED == 1U)
 760:Middlewares/ST/STM32_USB_Device_Library/Core/Src/usbd_ctlreq.c ****       pdev->dev_config_status = USB_CONFIG_SELF_POWERED;
 761:Middlewares/ST/STM32_USB_Device_Library/Core/Src/usbd_ctlreq.c **** #else
 762:Middlewares/ST/STM32_USB_Device_Library/Core/Src/usbd_ctlreq.c ****       pdev->dev_config_status = 0U;
 763:Middlewares/ST/STM32_USB_Device_Library/Core/Src/usbd_ctlreq.c **** #endif
 764:Middlewares/ST/STM32_USB_Device_Library/Core/Src/usbd_ctlreq.c **** 
 765:Middlewares/ST/STM32_USB_Device_Library/Core/Src/usbd_ctlreq.c ****       if (pdev->dev_remote_wakeup)
 766:Middlewares/ST/STM32_USB_Device_Library/Core/Src/usbd_ctlreq.c ****       {
 767:Middlewares/ST/STM32_USB_Device_Library/Core/Src/usbd_ctlreq.c ****         pdev->dev_config_status |= USB_CONFIG_REMOTE_WAKEUP;
 768:Middlewares/ST/STM32_USB_Device_Library/Core/Src/usbd_ctlreq.c ****       }
 769:Middlewares/ST/STM32_USB_Device_Library/Core/Src/usbd_ctlreq.c **** 
 770:Middlewares/ST/STM32_USB_Device_Library/Core/Src/usbd_ctlreq.c ****       USBD_CtlSendData(pdev, (uint8_t *)(void *)&pdev->dev_config_status, 2U);
 771:Middlewares/ST/STM32_USB_Device_Library/Core/Src/usbd_ctlreq.c ****       break;
 772:Middlewares/ST/STM32_USB_Device_Library/Core/Src/usbd_ctlreq.c **** 
 773:Middlewares/ST/STM32_USB_Device_Library/Core/Src/usbd_ctlreq.c ****     default:
ARM GAS  C:\Users\crist\AppData\Local\Temp\ccV0p3Ed.s 			page 15


 774:Middlewares/ST/STM32_USB_Device_Library/Core/Src/usbd_ctlreq.c ****       USBD_CtlError(pdev, req);
 775:Middlewares/ST/STM32_USB_Device_Library/Core/Src/usbd_ctlreq.c ****       break;
 776:Middlewares/ST/STM32_USB_Device_Library/Core/Src/usbd_ctlreq.c ****   }
 777:Middlewares/ST/STM32_USB_Device_Library/Core/Src/usbd_ctlreq.c **** }
 778:Middlewares/ST/STM32_USB_Device_Library/Core/Src/usbd_ctlreq.c **** 
 779:Middlewares/ST/STM32_USB_Device_Library/Core/Src/usbd_ctlreq.c **** 
 780:Middlewares/ST/STM32_USB_Device_Library/Core/Src/usbd_ctlreq.c **** /**
 781:Middlewares/ST/STM32_USB_Device_Library/Core/Src/usbd_ctlreq.c **** * @brief  USBD_SetFeature
 782:Middlewares/ST/STM32_USB_Device_Library/Core/Src/usbd_ctlreq.c **** *         Handle Set device feature request
 783:Middlewares/ST/STM32_USB_Device_Library/Core/Src/usbd_ctlreq.c **** * @param  pdev: device instance
 784:Middlewares/ST/STM32_USB_Device_Library/Core/Src/usbd_ctlreq.c **** * @param  req: usb request
 785:Middlewares/ST/STM32_USB_Device_Library/Core/Src/usbd_ctlreq.c **** * @retval status
 786:Middlewares/ST/STM32_USB_Device_Library/Core/Src/usbd_ctlreq.c **** */
 787:Middlewares/ST/STM32_USB_Device_Library/Core/Src/usbd_ctlreq.c **** static void USBD_SetFeature(USBD_HandleTypeDef *pdev,
 788:Middlewares/ST/STM32_USB_Device_Library/Core/Src/usbd_ctlreq.c ****                             USBD_SetupReqTypedef *req)
 789:Middlewares/ST/STM32_USB_Device_Library/Core/Src/usbd_ctlreq.c **** {
 790:Middlewares/ST/STM32_USB_Device_Library/Core/Src/usbd_ctlreq.c ****   if (req->wValue == USB_FEATURE_REMOTE_WAKEUP)
 791:Middlewares/ST/STM32_USB_Device_Library/Core/Src/usbd_ctlreq.c ****   {
 792:Middlewares/ST/STM32_USB_Device_Library/Core/Src/usbd_ctlreq.c ****     pdev->dev_remote_wakeup = 1U;
 793:Middlewares/ST/STM32_USB_Device_Library/Core/Src/usbd_ctlreq.c ****     USBD_CtlSendStatus(pdev);
 794:Middlewares/ST/STM32_USB_Device_Library/Core/Src/usbd_ctlreq.c ****   }
 795:Middlewares/ST/STM32_USB_Device_Library/Core/Src/usbd_ctlreq.c **** }
 796:Middlewares/ST/STM32_USB_Device_Library/Core/Src/usbd_ctlreq.c **** 
 797:Middlewares/ST/STM32_USB_Device_Library/Core/Src/usbd_ctlreq.c **** 
 798:Middlewares/ST/STM32_USB_Device_Library/Core/Src/usbd_ctlreq.c **** /**
 799:Middlewares/ST/STM32_USB_Device_Library/Core/Src/usbd_ctlreq.c **** * @brief  USBD_ClrFeature
 800:Middlewares/ST/STM32_USB_Device_Library/Core/Src/usbd_ctlreq.c **** *         Handle clear device feature request
 801:Middlewares/ST/STM32_USB_Device_Library/Core/Src/usbd_ctlreq.c **** * @param  pdev: device instance
 802:Middlewares/ST/STM32_USB_Device_Library/Core/Src/usbd_ctlreq.c **** * @param  req: usb request
 803:Middlewares/ST/STM32_USB_Device_Library/Core/Src/usbd_ctlreq.c **** * @retval status
 804:Middlewares/ST/STM32_USB_Device_Library/Core/Src/usbd_ctlreq.c **** */
 805:Middlewares/ST/STM32_USB_Device_Library/Core/Src/usbd_ctlreq.c **** static void USBD_ClrFeature(USBD_HandleTypeDef *pdev,
 806:Middlewares/ST/STM32_USB_Device_Library/Core/Src/usbd_ctlreq.c ****                             USBD_SetupReqTypedef *req)
 807:Middlewares/ST/STM32_USB_Device_Library/Core/Src/usbd_ctlreq.c **** {
 808:Middlewares/ST/STM32_USB_Device_Library/Core/Src/usbd_ctlreq.c ****   switch (pdev->dev_state)
 809:Middlewares/ST/STM32_USB_Device_Library/Core/Src/usbd_ctlreq.c ****   {
 810:Middlewares/ST/STM32_USB_Device_Library/Core/Src/usbd_ctlreq.c ****     case USBD_STATE_DEFAULT:
 811:Middlewares/ST/STM32_USB_Device_Library/Core/Src/usbd_ctlreq.c ****     case USBD_STATE_ADDRESSED:
 812:Middlewares/ST/STM32_USB_Device_Library/Core/Src/usbd_ctlreq.c ****     case USBD_STATE_CONFIGURED:
 813:Middlewares/ST/STM32_USB_Device_Library/Core/Src/usbd_ctlreq.c ****       if (req->wValue == USB_FEATURE_REMOTE_WAKEUP)
 814:Middlewares/ST/STM32_USB_Device_Library/Core/Src/usbd_ctlreq.c ****       {
 815:Middlewares/ST/STM32_USB_Device_Library/Core/Src/usbd_ctlreq.c ****         pdev->dev_remote_wakeup = 0U;
 816:Middlewares/ST/STM32_USB_Device_Library/Core/Src/usbd_ctlreq.c ****         USBD_CtlSendStatus(pdev);
 817:Middlewares/ST/STM32_USB_Device_Library/Core/Src/usbd_ctlreq.c ****       }
 818:Middlewares/ST/STM32_USB_Device_Library/Core/Src/usbd_ctlreq.c ****       break;
 819:Middlewares/ST/STM32_USB_Device_Library/Core/Src/usbd_ctlreq.c **** 
 820:Middlewares/ST/STM32_USB_Device_Library/Core/Src/usbd_ctlreq.c ****     default:
 821:Middlewares/ST/STM32_USB_Device_Library/Core/Src/usbd_ctlreq.c ****       USBD_CtlError(pdev, req);
 822:Middlewares/ST/STM32_USB_Device_Library/Core/Src/usbd_ctlreq.c ****       break;
 823:Middlewares/ST/STM32_USB_Device_Library/Core/Src/usbd_ctlreq.c ****   }
 824:Middlewares/ST/STM32_USB_Device_Library/Core/Src/usbd_ctlreq.c **** }
 825:Middlewares/ST/STM32_USB_Device_Library/Core/Src/usbd_ctlreq.c **** 
 826:Middlewares/ST/STM32_USB_Device_Library/Core/Src/usbd_ctlreq.c **** /**
 827:Middlewares/ST/STM32_USB_Device_Library/Core/Src/usbd_ctlreq.c **** * @brief  USBD_ParseSetupRequest
 828:Middlewares/ST/STM32_USB_Device_Library/Core/Src/usbd_ctlreq.c **** *         Copy buffer into setup structure
 829:Middlewares/ST/STM32_USB_Device_Library/Core/Src/usbd_ctlreq.c **** * @param  pdev: device instance
 830:Middlewares/ST/STM32_USB_Device_Library/Core/Src/usbd_ctlreq.c **** * @param  req: usb request
ARM GAS  C:\Users\crist\AppData\Local\Temp\ccV0p3Ed.s 			page 16


 831:Middlewares/ST/STM32_USB_Device_Library/Core/Src/usbd_ctlreq.c **** * @retval None
 832:Middlewares/ST/STM32_USB_Device_Library/Core/Src/usbd_ctlreq.c **** */
 833:Middlewares/ST/STM32_USB_Device_Library/Core/Src/usbd_ctlreq.c **** 
 834:Middlewares/ST/STM32_USB_Device_Library/Core/Src/usbd_ctlreq.c **** void USBD_ParseSetupRequest(USBD_SetupReqTypedef *req, uint8_t *pdata)
 835:Middlewares/ST/STM32_USB_Device_Library/Core/Src/usbd_ctlreq.c **** {
 836:Middlewares/ST/STM32_USB_Device_Library/Core/Src/usbd_ctlreq.c ****   req->bmRequest = *(uint8_t *)(pdata);
 837:Middlewares/ST/STM32_USB_Device_Library/Core/Src/usbd_ctlreq.c ****   req->bRequest = *(uint8_t *)(pdata + 1U);
 838:Middlewares/ST/STM32_USB_Device_Library/Core/Src/usbd_ctlreq.c ****   req->wValue = SWAPBYTE(pdata + 2U);
 839:Middlewares/ST/STM32_USB_Device_Library/Core/Src/usbd_ctlreq.c ****   req->wIndex = SWAPBYTE(pdata + 4U);
 840:Middlewares/ST/STM32_USB_Device_Library/Core/Src/usbd_ctlreq.c ****   req->wLength = SWAPBYTE(pdata + 6U);
 841:Middlewares/ST/STM32_USB_Device_Library/Core/Src/usbd_ctlreq.c **** 
 842:Middlewares/ST/STM32_USB_Device_Library/Core/Src/usbd_ctlreq.c **** }
 843:Middlewares/ST/STM32_USB_Device_Library/Core/Src/usbd_ctlreq.c **** 
 844:Middlewares/ST/STM32_USB_Device_Library/Core/Src/usbd_ctlreq.c **** /**
 845:Middlewares/ST/STM32_USB_Device_Library/Core/Src/usbd_ctlreq.c **** * @brief  USBD_CtlError
 846:Middlewares/ST/STM32_USB_Device_Library/Core/Src/usbd_ctlreq.c **** *         Handle USB low level Error
 847:Middlewares/ST/STM32_USB_Device_Library/Core/Src/usbd_ctlreq.c **** * @param  pdev: device instance
 848:Middlewares/ST/STM32_USB_Device_Library/Core/Src/usbd_ctlreq.c **** * @param  req: usb request
 849:Middlewares/ST/STM32_USB_Device_Library/Core/Src/usbd_ctlreq.c **** * @retval None
 850:Middlewares/ST/STM32_USB_Device_Library/Core/Src/usbd_ctlreq.c **** */
 851:Middlewares/ST/STM32_USB_Device_Library/Core/Src/usbd_ctlreq.c **** 
 852:Middlewares/ST/STM32_USB_Device_Library/Core/Src/usbd_ctlreq.c **** void USBD_CtlError(USBD_HandleTypeDef *pdev,
 853:Middlewares/ST/STM32_USB_Device_Library/Core/Src/usbd_ctlreq.c ****                    USBD_SetupReqTypedef *req)
 854:Middlewares/ST/STM32_USB_Device_Library/Core/Src/usbd_ctlreq.c **** {
 855:Middlewares/ST/STM32_USB_Device_Library/Core/Src/usbd_ctlreq.c ****   USBD_LL_StallEP(pdev, 0x80U);
 856:Middlewares/ST/STM32_USB_Device_Library/Core/Src/usbd_ctlreq.c ****   USBD_LL_StallEP(pdev, 0U);
 857:Middlewares/ST/STM32_USB_Device_Library/Core/Src/usbd_ctlreq.c **** }
 858:Middlewares/ST/STM32_USB_Device_Library/Core/Src/usbd_ctlreq.c **** 
 859:Middlewares/ST/STM32_USB_Device_Library/Core/Src/usbd_ctlreq.c **** 
 860:Middlewares/ST/STM32_USB_Device_Library/Core/Src/usbd_ctlreq.c **** /**
 861:Middlewares/ST/STM32_USB_Device_Library/Core/Src/usbd_ctlreq.c ****   * @brief  USBD_GetString
 862:Middlewares/ST/STM32_USB_Device_Library/Core/Src/usbd_ctlreq.c ****   *         Convert Ascii string into unicode one
 863:Middlewares/ST/STM32_USB_Device_Library/Core/Src/usbd_ctlreq.c ****   * @param  desc : descriptor buffer
 864:Middlewares/ST/STM32_USB_Device_Library/Core/Src/usbd_ctlreq.c ****   * @param  unicode : Formatted string buffer (unicode)
 865:Middlewares/ST/STM32_USB_Device_Library/Core/Src/usbd_ctlreq.c ****   * @param  len : descriptor length
 866:Middlewares/ST/STM32_USB_Device_Library/Core/Src/usbd_ctlreq.c ****   * @retval None
 867:Middlewares/ST/STM32_USB_Device_Library/Core/Src/usbd_ctlreq.c ****   */
 868:Middlewares/ST/STM32_USB_Device_Library/Core/Src/usbd_ctlreq.c **** void USBD_GetString(uint8_t *desc, uint8_t *unicode, uint16_t *len)
 869:Middlewares/ST/STM32_USB_Device_Library/Core/Src/usbd_ctlreq.c **** {
 870:Middlewares/ST/STM32_USB_Device_Library/Core/Src/usbd_ctlreq.c ****   uint8_t idx = 0U;
 871:Middlewares/ST/STM32_USB_Device_Library/Core/Src/usbd_ctlreq.c **** 
 872:Middlewares/ST/STM32_USB_Device_Library/Core/Src/usbd_ctlreq.c ****   if (desc != NULL)
 873:Middlewares/ST/STM32_USB_Device_Library/Core/Src/usbd_ctlreq.c ****   {
 874:Middlewares/ST/STM32_USB_Device_Library/Core/Src/usbd_ctlreq.c ****     *len = (uint16_t)USBD_GetLen(desc) * 2U + 2U;
 875:Middlewares/ST/STM32_USB_Device_Library/Core/Src/usbd_ctlreq.c ****     unicode[idx++] = *(uint8_t *)(void *)len;
 876:Middlewares/ST/STM32_USB_Device_Library/Core/Src/usbd_ctlreq.c ****     unicode[idx++] = USB_DESC_TYPE_STRING;
 877:Middlewares/ST/STM32_USB_Device_Library/Core/Src/usbd_ctlreq.c **** 
 878:Middlewares/ST/STM32_USB_Device_Library/Core/Src/usbd_ctlreq.c ****     while (*desc != '\0')
 879:Middlewares/ST/STM32_USB_Device_Library/Core/Src/usbd_ctlreq.c ****     {
 880:Middlewares/ST/STM32_USB_Device_Library/Core/Src/usbd_ctlreq.c ****       unicode[idx++] = *desc++;
 881:Middlewares/ST/STM32_USB_Device_Library/Core/Src/usbd_ctlreq.c ****       unicode[idx++] =  0U;
 882:Middlewares/ST/STM32_USB_Device_Library/Core/Src/usbd_ctlreq.c ****     }
 883:Middlewares/ST/STM32_USB_Device_Library/Core/Src/usbd_ctlreq.c ****   }
 884:Middlewares/ST/STM32_USB_Device_Library/Core/Src/usbd_ctlreq.c **** }
 885:Middlewares/ST/STM32_USB_Device_Library/Core/Src/usbd_ctlreq.c **** 
 886:Middlewares/ST/STM32_USB_Device_Library/Core/Src/usbd_ctlreq.c **** /**
 887:Middlewares/ST/STM32_USB_Device_Library/Core/Src/usbd_ctlreq.c ****   * @brief  USBD_GetLen
ARM GAS  C:\Users\crist\AppData\Local\Temp\ccV0p3Ed.s 			page 17


 888:Middlewares/ST/STM32_USB_Device_Library/Core/Src/usbd_ctlreq.c ****   *         return the string length
 889:Middlewares/ST/STM32_USB_Device_Library/Core/Src/usbd_ctlreq.c ****    * @param  buf : pointer to the ascii string buffer
 890:Middlewares/ST/STM32_USB_Device_Library/Core/Src/usbd_ctlreq.c ****   * @retval string length
 891:Middlewares/ST/STM32_USB_Device_Library/Core/Src/usbd_ctlreq.c ****   */
 892:Middlewares/ST/STM32_USB_Device_Library/Core/Src/usbd_ctlreq.c **** static uint8_t USBD_GetLen(uint8_t *buf)
 893:Middlewares/ST/STM32_USB_Device_Library/Core/Src/usbd_ctlreq.c **** {
  27              		.loc 1 893 1 view -0
  28              		.cfi_startproc
  29              		@ args = 0, pretend = 0, frame = 0
  30              		@ frame_needed = 0, uses_anonymous_args = 0
  31              		@ link register save eliminated.
  32              		.loc 1 893 1 is_stmt 0 view .LVU1
  33 0000 0346     		mov	r3, r0
 894:Middlewares/ST/STM32_USB_Device_Library/Core/Src/usbd_ctlreq.c ****   uint8_t  len = 0U;
  34              		.loc 1 894 3 is_stmt 1 view .LVU2
  35              	.LVL1:
 895:Middlewares/ST/STM32_USB_Device_Library/Core/Src/usbd_ctlreq.c **** 
 896:Middlewares/ST/STM32_USB_Device_Library/Core/Src/usbd_ctlreq.c ****   while (*buf != '\0')
  36              		.loc 1 896 3 view .LVU3
 894:Middlewares/ST/STM32_USB_Device_Library/Core/Src/usbd_ctlreq.c ****   uint8_t  len = 0U;
  37              		.loc 1 894 12 is_stmt 0 view .LVU4
  38 0002 0020     		movs	r0, #0
  39              	.LVL2:
  40              		.loc 1 896 9 view .LVU5
  41 0004 02E0     		b	.L2
  42              	.LVL3:
  43              	.L3:
 897:Middlewares/ST/STM32_USB_Device_Library/Core/Src/usbd_ctlreq.c ****   {
 898:Middlewares/ST/STM32_USB_Device_Library/Core/Src/usbd_ctlreq.c ****     len++;
  44              		.loc 1 898 5 is_stmt 1 view .LVU6
  45              		.loc 1 898 8 is_stmt 0 view .LVU7
  46 0006 0130     		adds	r0, r0, #1
  47              	.LVL4:
  48              		.loc 1 898 8 view .LVU8
  49 0008 C0B2     		uxtb	r0, r0
  50              	.LVL5:
 899:Middlewares/ST/STM32_USB_Device_Library/Core/Src/usbd_ctlreq.c ****     buf++;
  51              		.loc 1 899 5 is_stmt 1 view .LVU9
  52              		.loc 1 899 8 is_stmt 0 view .LVU10
  53 000a 0133     		adds	r3, r3, #1
  54              	.LVL6:
  55              	.L2:
 896:Middlewares/ST/STM32_USB_Device_Library/Core/Src/usbd_ctlreq.c ****   {
  56              		.loc 1 896 15 is_stmt 1 view .LVU11
 896:Middlewares/ST/STM32_USB_Device_Library/Core/Src/usbd_ctlreq.c ****   {
  57              		.loc 1 896 10 is_stmt 0 view .LVU12
  58 000c 1A78     		ldrb	r2, [r3]	@ zero_extendqisi2
 896:Middlewares/ST/STM32_USB_Device_Library/Core/Src/usbd_ctlreq.c ****   {
  59              		.loc 1 896 15 view .LVU13
  60 000e 002A     		cmp	r2, #0
  61 0010 F9D1     		bne	.L3
 900:Middlewares/ST/STM32_USB_Device_Library/Core/Src/usbd_ctlreq.c ****   }
 901:Middlewares/ST/STM32_USB_Device_Library/Core/Src/usbd_ctlreq.c **** 
 902:Middlewares/ST/STM32_USB_Device_Library/Core/Src/usbd_ctlreq.c ****   return len;
  62              		.loc 1 902 3 is_stmt 1 view .LVU14
 903:Middlewares/ST/STM32_USB_Device_Library/Core/Src/usbd_ctlreq.c **** }
  63              		.loc 1 903 1 is_stmt 0 view .LVU15
ARM GAS  C:\Users\crist\AppData\Local\Temp\ccV0p3Ed.s 			page 18


  64 0012 7047     		bx	lr
  65              		.cfi_endproc
  66              	.LFE81:
  68              		.section	.text.USBD_SetFeature,"ax",%progbits
  69              		.align	1
  70              		.syntax unified
  71              		.thumb
  72              		.thumb_func
  74              	USBD_SetFeature:
  75              	.LVL7:
  76              	.LFB76:
 789:Middlewares/ST/STM32_USB_Device_Library/Core/Src/usbd_ctlreq.c ****   if (req->wValue == USB_FEATURE_REMOTE_WAKEUP)
  77              		.loc 1 789 1 is_stmt 1 view -0
  78              		.cfi_startproc
  79              		@ args = 0, pretend = 0, frame = 0
  80              		@ frame_needed = 0, uses_anonymous_args = 0
 789:Middlewares/ST/STM32_USB_Device_Library/Core/Src/usbd_ctlreq.c ****   if (req->wValue == USB_FEATURE_REMOTE_WAKEUP)
  81              		.loc 1 789 1 is_stmt 0 view .LVU17
  82 0000 08B5     		push	{r3, lr}
  83              	.LCFI0:
  84              		.cfi_def_cfa_offset 8
  85              		.cfi_offset 3, -8
  86              		.cfi_offset 14, -4
 790:Middlewares/ST/STM32_USB_Device_Library/Core/Src/usbd_ctlreq.c ****   {
  87              		.loc 1 790 3 is_stmt 1 view .LVU18
 790:Middlewares/ST/STM32_USB_Device_Library/Core/Src/usbd_ctlreq.c ****   {
  88              		.loc 1 790 10 is_stmt 0 view .LVU19
  89 0002 4B88     		ldrh	r3, [r1, #2]
 790:Middlewares/ST/STM32_USB_Device_Library/Core/Src/usbd_ctlreq.c ****   {
  90              		.loc 1 790 6 view .LVU20
  91 0004 012B     		cmp	r3, #1
  92 0006 00D0     		beq	.L7
  93              	.LVL8:
  94              	.L4:
 795:Middlewares/ST/STM32_USB_Device_Library/Core/Src/usbd_ctlreq.c **** 
  95              		.loc 1 795 1 view .LVU21
  96 0008 08BD     		pop	{r3, pc}
  97              	.LVL9:
  98              	.L7:
 792:Middlewares/ST/STM32_USB_Device_Library/Core/Src/usbd_ctlreq.c ****     USBD_CtlSendStatus(pdev);
  99              		.loc 1 792 5 is_stmt 1 view .LVU22
 792:Middlewares/ST/STM32_USB_Device_Library/Core/Src/usbd_ctlreq.c ****     USBD_CtlSendStatus(pdev);
 100              		.loc 1 792 29 is_stmt 0 view .LVU23
 101 000a C0F8A432 		str	r3, [r0, #676]
 793:Middlewares/ST/STM32_USB_Device_Library/Core/Src/usbd_ctlreq.c ****   }
 102              		.loc 1 793 5 is_stmt 1 view .LVU24
 103 000e FFF7FEFF 		bl	USBD_CtlSendStatus
 104              	.LVL10:
 795:Middlewares/ST/STM32_USB_Device_Library/Core/Src/usbd_ctlreq.c **** 
 105              		.loc 1 795 1 is_stmt 0 view .LVU25
 106 0012 F9E7     		b	.L4
 107              		.cfi_endproc
 108              	.LFE76:
 110              		.section	.text.USBD_ParseSetupRequest,"ax",%progbits
 111              		.align	1
 112              		.global	USBD_ParseSetupRequest
 113              		.syntax unified
ARM GAS  C:\Users\crist\AppData\Local\Temp\ccV0p3Ed.s 			page 19


 114              		.thumb
 115              		.thumb_func
 117              	USBD_ParseSetupRequest:
 118              	.LVL11:
 119              	.LFB78:
 835:Middlewares/ST/STM32_USB_Device_Library/Core/Src/usbd_ctlreq.c ****   req->bmRequest = *(uint8_t *)(pdata);
 120              		.loc 1 835 1 is_stmt 1 view -0
 121              		.cfi_startproc
 122              		@ args = 0, pretend = 0, frame = 0
 123              		@ frame_needed = 0, uses_anonymous_args = 0
 124              		@ link register save eliminated.
 836:Middlewares/ST/STM32_USB_Device_Library/Core/Src/usbd_ctlreq.c ****   req->bRequest = *(uint8_t *)(pdata + 1U);
 125              		.loc 1 836 3 view .LVU27
 836:Middlewares/ST/STM32_USB_Device_Library/Core/Src/usbd_ctlreq.c ****   req->bRequest = *(uint8_t *)(pdata + 1U);
 126              		.loc 1 836 20 is_stmt 0 view .LVU28
 127 0000 0B78     		ldrb	r3, [r1]	@ zero_extendqisi2
 836:Middlewares/ST/STM32_USB_Device_Library/Core/Src/usbd_ctlreq.c ****   req->bRequest = *(uint8_t *)(pdata + 1U);
 128              		.loc 1 836 18 view .LVU29
 129 0002 0370     		strb	r3, [r0]
 837:Middlewares/ST/STM32_USB_Device_Library/Core/Src/usbd_ctlreq.c ****   req->wValue = SWAPBYTE(pdata + 2U);
 130              		.loc 1 837 3 is_stmt 1 view .LVU30
 837:Middlewares/ST/STM32_USB_Device_Library/Core/Src/usbd_ctlreq.c ****   req->wValue = SWAPBYTE(pdata + 2U);
 131              		.loc 1 837 17 is_stmt 0 view .LVU31
 132 0004 4B78     		ldrb	r3, [r1, #1]	@ zero_extendqisi2
 133 0006 4370     		strb	r3, [r0, #1]
 838:Middlewares/ST/STM32_USB_Device_Library/Core/Src/usbd_ctlreq.c ****   req->wIndex = SWAPBYTE(pdata + 4U);
 134              		.loc 1 838 3 is_stmt 1 view .LVU32
 838:Middlewares/ST/STM32_USB_Device_Library/Core/Src/usbd_ctlreq.c ****   req->wIndex = SWAPBYTE(pdata + 4U);
 135              		.loc 1 838 17 is_stmt 0 view .LVU33
 136 0008 8B78     		ldrb	r3, [r1, #2]	@ zero_extendqisi2
 137 000a CA78     		ldrb	r2, [r1, #3]	@ zero_extendqisi2
 138 000c 03EB0223 		add	r3, r3, r2, lsl #8
 838:Middlewares/ST/STM32_USB_Device_Library/Core/Src/usbd_ctlreq.c ****   req->wIndex = SWAPBYTE(pdata + 4U);
 139              		.loc 1 838 15 view .LVU34
 140 0010 4380     		strh	r3, [r0, #2]	@ movhi
 839:Middlewares/ST/STM32_USB_Device_Library/Core/Src/usbd_ctlreq.c ****   req->wLength = SWAPBYTE(pdata + 6U);
 141              		.loc 1 839 3 is_stmt 1 view .LVU35
 839:Middlewares/ST/STM32_USB_Device_Library/Core/Src/usbd_ctlreq.c ****   req->wLength = SWAPBYTE(pdata + 6U);
 142              		.loc 1 839 17 is_stmt 0 view .LVU36
 143 0012 0B79     		ldrb	r3, [r1, #4]	@ zero_extendqisi2
 144 0014 4A79     		ldrb	r2, [r1, #5]	@ zero_extendqisi2
 145 0016 03EB0223 		add	r3, r3, r2, lsl #8
 839:Middlewares/ST/STM32_USB_Device_Library/Core/Src/usbd_ctlreq.c ****   req->wLength = SWAPBYTE(pdata + 6U);
 146              		.loc 1 839 15 view .LVU37
 147 001a 8380     		strh	r3, [r0, #4]	@ movhi
 840:Middlewares/ST/STM32_USB_Device_Library/Core/Src/usbd_ctlreq.c **** 
 148              		.loc 1 840 3 is_stmt 1 view .LVU38
 840:Middlewares/ST/STM32_USB_Device_Library/Core/Src/usbd_ctlreq.c **** 
 149              		.loc 1 840 18 is_stmt 0 view .LVU39
 150 001c 8B79     		ldrb	r3, [r1, #6]	@ zero_extendqisi2
 151 001e CA79     		ldrb	r2, [r1, #7]	@ zero_extendqisi2
 152 0020 03EB0223 		add	r3, r3, r2, lsl #8
 840:Middlewares/ST/STM32_USB_Device_Library/Core/Src/usbd_ctlreq.c **** 
 153              		.loc 1 840 16 view .LVU40
 154 0024 C380     		strh	r3, [r0, #6]	@ movhi
 842:Middlewares/ST/STM32_USB_Device_Library/Core/Src/usbd_ctlreq.c **** 
 155              		.loc 1 842 1 view .LVU41
ARM GAS  C:\Users\crist\AppData\Local\Temp\ccV0p3Ed.s 			page 20


 156 0026 7047     		bx	lr
 157              		.cfi_endproc
 158              	.LFE78:
 160              		.section	.text.USBD_CtlError,"ax",%progbits
 161              		.align	1
 162              		.global	USBD_CtlError
 163              		.syntax unified
 164              		.thumb
 165              		.thumb_func
 167              	USBD_CtlError:
 168              	.LVL12:
 169              	.LFB79:
 854:Middlewares/ST/STM32_USB_Device_Library/Core/Src/usbd_ctlreq.c ****   USBD_LL_StallEP(pdev, 0x80U);
 170              		.loc 1 854 1 is_stmt 1 view -0
 171              		.cfi_startproc
 172              		@ args = 0, pretend = 0, frame = 0
 173              		@ frame_needed = 0, uses_anonymous_args = 0
 854:Middlewares/ST/STM32_USB_Device_Library/Core/Src/usbd_ctlreq.c ****   USBD_LL_StallEP(pdev, 0x80U);
 174              		.loc 1 854 1 is_stmt 0 view .LVU43
 175 0000 10B5     		push	{r4, lr}
 176              	.LCFI1:
 177              		.cfi_def_cfa_offset 8
 178              		.cfi_offset 4, -8
 179              		.cfi_offset 14, -4
 180 0002 0446     		mov	r4, r0
 855:Middlewares/ST/STM32_USB_Device_Library/Core/Src/usbd_ctlreq.c ****   USBD_LL_StallEP(pdev, 0U);
 181              		.loc 1 855 3 is_stmt 1 view .LVU44
 182 0004 8021     		movs	r1, #128
 183              	.LVL13:
 855:Middlewares/ST/STM32_USB_Device_Library/Core/Src/usbd_ctlreq.c ****   USBD_LL_StallEP(pdev, 0U);
 184              		.loc 1 855 3 is_stmt 0 view .LVU45
 185 0006 FFF7FEFF 		bl	USBD_LL_StallEP
 186              	.LVL14:
 856:Middlewares/ST/STM32_USB_Device_Library/Core/Src/usbd_ctlreq.c **** }
 187              		.loc 1 856 3 is_stmt 1 view .LVU46
 188 000a 0021     		movs	r1, #0
 189 000c 2046     		mov	r0, r4
 190 000e FFF7FEFF 		bl	USBD_LL_StallEP
 191              	.LVL15:
 857:Middlewares/ST/STM32_USB_Device_Library/Core/Src/usbd_ctlreq.c **** 
 192              		.loc 1 857 1 is_stmt 0 view .LVU47
 193 0012 10BD     		pop	{r4, pc}
 857:Middlewares/ST/STM32_USB_Device_Library/Core/Src/usbd_ctlreq.c **** 
 194              		.loc 1 857 1 view .LVU48
 195              		.cfi_endproc
 196              	.LFE79:
 198              		.section	.text.USBD_GetDescriptor,"ax",%progbits
 199              		.align	1
 200              		.syntax unified
 201              		.thumb
 202              		.thumb_func
 204              	USBD_GetDescriptor:
 205              	.LVL16:
 206              	.LFB71:
 407:Middlewares/ST/STM32_USB_Device_Library/Core/Src/usbd_ctlreq.c ****   uint16_t len = 0U;
 207              		.loc 1 407 1 is_stmt 1 view -0
 208              		.cfi_startproc
ARM GAS  C:\Users\crist\AppData\Local\Temp\ccV0p3Ed.s 			page 21


 209              		@ args = 0, pretend = 0, frame = 8
 210              		@ frame_needed = 0, uses_anonymous_args = 0
 407:Middlewares/ST/STM32_USB_Device_Library/Core/Src/usbd_ctlreq.c ****   uint16_t len = 0U;
 211              		.loc 1 407 1 is_stmt 0 view .LVU50
 212 0000 30B5     		push	{r4, r5, lr}
 213              	.LCFI2:
 214              		.cfi_def_cfa_offset 12
 215              		.cfi_offset 4, -12
 216              		.cfi_offset 5, -8
 217              		.cfi_offset 14, -4
 218 0002 83B0     		sub	sp, sp, #12
 219              	.LCFI3:
 220              		.cfi_def_cfa_offset 24
 221 0004 0546     		mov	r5, r0
 222 0006 0C46     		mov	r4, r1
 408:Middlewares/ST/STM32_USB_Device_Library/Core/Src/usbd_ctlreq.c ****   uint8_t *pbuf = NULL;
 223              		.loc 1 408 3 is_stmt 1 view .LVU51
 408:Middlewares/ST/STM32_USB_Device_Library/Core/Src/usbd_ctlreq.c ****   uint8_t *pbuf = NULL;
 224              		.loc 1 408 12 is_stmt 0 view .LVU52
 225 0008 0023     		movs	r3, #0
 226 000a ADF80630 		strh	r3, [sp, #6]	@ movhi
 409:Middlewares/ST/STM32_USB_Device_Library/Core/Src/usbd_ctlreq.c ****   uint8_t err = 0U;
 227              		.loc 1 409 3 is_stmt 1 view .LVU53
 228              	.LVL17:
 410:Middlewares/ST/STM32_USB_Device_Library/Core/Src/usbd_ctlreq.c **** 
 229              		.loc 1 410 3 view .LVU54
 412:Middlewares/ST/STM32_USB_Device_Library/Core/Src/usbd_ctlreq.c ****   {
 230              		.loc 1 412 3 view .LVU55
 412:Middlewares/ST/STM32_USB_Device_Library/Core/Src/usbd_ctlreq.c ****   {
 231              		.loc 1 412 14 is_stmt 0 view .LVU56
 232 000e 4A88     		ldrh	r2, [r1, #2]
 412:Middlewares/ST/STM32_USB_Device_Library/Core/Src/usbd_ctlreq.c ****   {
 233              		.loc 1 412 23 view .LVU57
 234 0010 130A     		lsrs	r3, r2, #8
 412:Middlewares/ST/STM32_USB_Device_Library/Core/Src/usbd_ctlreq.c ****   {
 235              		.loc 1 412 3 view .LVU58
 236 0012 013B     		subs	r3, r3, #1
 237 0014 062B     		cmp	r3, #6
 238 0016 00F2A480 		bhi	.L12
 239 001a DFE803F0 		tbb	[pc, r3]
 240              	.LVL18:
 241              	.L14:
 242 001e 04       		.byte	(.L18-.L14)/2
 243 001f 18       		.byte	(.L17-.L14)/2
 244 0020 2C       		.byte	(.L16-.L14)/2
 245 0021 A2       		.byte	(.L12-.L14)/2
 246 0022 A2       		.byte	(.L12-.L14)/2
 247 0023 86       		.byte	(.L15-.L14)/2
 248 0024 93       		.byte	(.L13-.L14)/2
 249 0025 00       		.p2align 1
 250              	.L18:
 428:Middlewares/ST/STM32_USB_Device_Library/Core/Src/usbd_ctlreq.c ****       break;
 251              		.loc 1 428 7 is_stmt 1 view .LVU59
 428:Middlewares/ST/STM32_USB_Device_Library/Core/Src/usbd_ctlreq.c ****       break;
 252              		.loc 1 428 18 is_stmt 0 view .LVU60
 253 0026 D0F8B032 		ldr	r3, [r0, #688]
 428:Middlewares/ST/STM32_USB_Device_Library/Core/Src/usbd_ctlreq.c ****       break;
ARM GAS  C:\Users\crist\AppData\Local\Temp\ccV0p3Ed.s 			page 22


 254              		.loc 1 428 25 view .LVU61
 255 002a 1B68     		ldr	r3, [r3]
 428:Middlewares/ST/STM32_USB_Device_Library/Core/Src/usbd_ctlreq.c ****       break;
 256              		.loc 1 428 14 view .LVU62
 257 002c 0DF10601 		add	r1, sp, #6
 258 0030 007C     		ldrb	r0, [r0, #16]	@ zero_extendqisi2
 259              	.LVL19:
 428:Middlewares/ST/STM32_USB_Device_Library/Core/Src/usbd_ctlreq.c ****       break;
 260              		.loc 1 428 14 view .LVU63
 261 0032 9847     		blx	r3
 262              	.LVL20:
 429:Middlewares/ST/STM32_USB_Device_Library/Core/Src/usbd_ctlreq.c **** 
 263              		.loc 1 429 7 is_stmt 1 view .LVU64
 569:Middlewares/ST/STM32_USB_Device_Library/Core/Src/usbd_ctlreq.c ****   {
 264              		.loc 1 569 3 view .LVU65
 265              	.L19:
 575:Middlewares/ST/STM32_USB_Device_Library/Core/Src/usbd_ctlreq.c ****     {
 266              		.loc 1 575 5 view .LVU66
 575:Middlewares/ST/STM32_USB_Device_Library/Core/Src/usbd_ctlreq.c ****     {
 267              		.loc 1 575 14 is_stmt 0 view .LVU67
 268 0034 BDF80620 		ldrh	r2, [sp, #6]
 575:Middlewares/ST/STM32_USB_Device_Library/Core/Src/usbd_ctlreq.c ****     {
 269              		.loc 1 575 8 view .LVU68
 270 0038 1AB1     		cbz	r2, .L39
 575:Middlewares/ST/STM32_USB_Device_Library/Core/Src/usbd_ctlreq.c ****     {
 271              		.loc 1 575 28 discriminator 1 view .LVU69
 272 003a E388     		ldrh	r3, [r4, #6]
 575:Middlewares/ST/STM32_USB_Device_Library/Core/Src/usbd_ctlreq.c ****     {
 273              		.loc 1 575 21 discriminator 1 view .LVU70
 274 003c 002B     		cmp	r3, #0
 275 003e 40F09480 		bne	.L42
 276              	.LVL21:
 277              	.L39:
 581:Middlewares/ST/STM32_USB_Device_Library/Core/Src/usbd_ctlreq.c ****     {
 278              		.loc 1 581 5 is_stmt 1 view .LVU71
 581:Middlewares/ST/STM32_USB_Device_Library/Core/Src/usbd_ctlreq.c ****     {
 279              		.loc 1 581 12 is_stmt 0 view .LVU72
 280 0042 E388     		ldrh	r3, [r4, #6]
 581:Middlewares/ST/STM32_USB_Device_Library/Core/Src/usbd_ctlreq.c ****     {
 281              		.loc 1 581 8 view .LVU73
 282 0044 002B     		cmp	r3, #0
 283 0046 00F09A80 		beq	.L43
 284              	.LVL22:
 285              	.L11:
 586:Middlewares/ST/STM32_USB_Device_Library/Core/Src/usbd_ctlreq.c **** 
 286              		.loc 1 586 1 view .LVU74
 287 004a 03B0     		add	sp, sp, #12
 288              	.LCFI4:
 289              		.cfi_remember_state
 290              		.cfi_def_cfa_offset 12
 291              		@ sp needed
 292 004c 30BD     		pop	{r4, r5, pc}
 293              	.LVL23:
 294              	.L17:
 295              	.LCFI5:
 296              		.cfi_restore_state
 432:Middlewares/ST/STM32_USB_Device_Library/Core/Src/usbd_ctlreq.c ****       {
ARM GAS  C:\Users\crist\AppData\Local\Temp\ccV0p3Ed.s 			page 23


 297              		.loc 1 432 7 is_stmt 1 view .LVU75
 432:Middlewares/ST/STM32_USB_Device_Library/Core/Src/usbd_ctlreq.c ****       {
 298              		.loc 1 432 15 is_stmt 0 view .LVU76
 299 004e 037C     		ldrb	r3, [r0, #16]	@ zero_extendqisi2
 432:Middlewares/ST/STM32_USB_Device_Library/Core/Src/usbd_ctlreq.c ****       {
 300              		.loc 1 432 10 view .LVU77
 301 0050 43B9     		cbnz	r3, .L20
 434:Middlewares/ST/STM32_USB_Device_Library/Core/Src/usbd_ctlreq.c ****         pbuf[1] = USB_DESC_TYPE_CONFIGURATION;
 302              		.loc 1 434 9 is_stmt 1 view .LVU78
 434:Middlewares/ST/STM32_USB_Device_Library/Core/Src/usbd_ctlreq.c ****         pbuf[1] = USB_DESC_TYPE_CONFIGURATION;
 303              		.loc 1 434 20 is_stmt 0 view .LVU79
 304 0052 D0F8B432 		ldr	r3, [r0, #692]
 434:Middlewares/ST/STM32_USB_Device_Library/Core/Src/usbd_ctlreq.c ****         pbuf[1] = USB_DESC_TYPE_CONFIGURATION;
 305              		.loc 1 434 28 view .LVU80
 306 0056 9B6A     		ldr	r3, [r3, #40]
 434:Middlewares/ST/STM32_USB_Device_Library/Core/Src/usbd_ctlreq.c ****         pbuf[1] = USB_DESC_TYPE_CONFIGURATION;
 307              		.loc 1 434 16 view .LVU81
 308 0058 0DF10600 		add	r0, sp, #6
 309              	.LVL24:
 434:Middlewares/ST/STM32_USB_Device_Library/Core/Src/usbd_ctlreq.c ****         pbuf[1] = USB_DESC_TYPE_CONFIGURATION;
 310              		.loc 1 434 16 view .LVU82
 311 005c 9847     		blx	r3
 312              	.LVL25:
 435:Middlewares/ST/STM32_USB_Device_Library/Core/Src/usbd_ctlreq.c ****       }
 313              		.loc 1 435 9 is_stmt 1 view .LVU83
 435:Middlewares/ST/STM32_USB_Device_Library/Core/Src/usbd_ctlreq.c ****       }
 314              		.loc 1 435 17 is_stmt 0 view .LVU84
 315 005e 0223     		movs	r3, #2
 316 0060 4370     		strb	r3, [r0, #1]
 569:Middlewares/ST/STM32_USB_Device_Library/Core/Src/usbd_ctlreq.c ****   {
 317              		.loc 1 569 3 is_stmt 1 view .LVU85
 318 0062 E7E7     		b	.L19
 319              	.LVL26:
 320              	.L20:
 439:Middlewares/ST/STM32_USB_Device_Library/Core/Src/usbd_ctlreq.c ****         pbuf[1] = USB_DESC_TYPE_CONFIGURATION;
 321              		.loc 1 439 9 view .LVU86
 439:Middlewares/ST/STM32_USB_Device_Library/Core/Src/usbd_ctlreq.c ****         pbuf[1] = USB_DESC_TYPE_CONFIGURATION;
 322              		.loc 1 439 20 is_stmt 0 view .LVU87
 323 0064 D0F8B432 		ldr	r3, [r0, #692]
 439:Middlewares/ST/STM32_USB_Device_Library/Core/Src/usbd_ctlreq.c ****         pbuf[1] = USB_DESC_TYPE_CONFIGURATION;
 324              		.loc 1 439 28 view .LVU88
 325 0068 DB6A     		ldr	r3, [r3, #44]
 439:Middlewares/ST/STM32_USB_Device_Library/Core/Src/usbd_ctlreq.c ****         pbuf[1] = USB_DESC_TYPE_CONFIGURATION;
 326              		.loc 1 439 16 view .LVU89
 327 006a 0DF10600 		add	r0, sp, #6
 328              	.LVL27:
 439:Middlewares/ST/STM32_USB_Device_Library/Core/Src/usbd_ctlreq.c ****         pbuf[1] = USB_DESC_TYPE_CONFIGURATION;
 329              		.loc 1 439 16 view .LVU90
 330 006e 9847     		blx	r3
 331              	.LVL28:
 440:Middlewares/ST/STM32_USB_Device_Library/Core/Src/usbd_ctlreq.c ****       }
 332              		.loc 1 440 9 is_stmt 1 view .LVU91
 440:Middlewares/ST/STM32_USB_Device_Library/Core/Src/usbd_ctlreq.c ****       }
 333              		.loc 1 440 17 is_stmt 0 view .LVU92
 334 0070 0223     		movs	r3, #2
 335 0072 4370     		strb	r3, [r0, #1]
 569:Middlewares/ST/STM32_USB_Device_Library/Core/Src/usbd_ctlreq.c ****   {
ARM GAS  C:\Users\crist\AppData\Local\Temp\ccV0p3Ed.s 			page 24


 336              		.loc 1 569 3 is_stmt 1 view .LVU93
 337 0074 DEE7     		b	.L19
 338              	.LVL29:
 339              	.L16:
 445:Middlewares/ST/STM32_USB_Device_Library/Core/Src/usbd_ctlreq.c ****       {
 340              		.loc 1 445 7 view .LVU94
 445:Middlewares/ST/STM32_USB_Device_Library/Core/Src/usbd_ctlreq.c ****       {
 341              		.loc 1 445 15 is_stmt 0 view .LVU95
 342 0076 D2B2     		uxtb	r2, r2
 445:Middlewares/ST/STM32_USB_Device_Library/Core/Src/usbd_ctlreq.c ****       {
 343              		.loc 1 445 7 view .LVU96
 344 0078 052A     		cmp	r2, #5
 345 007a 52D8     		bhi	.L21
 346 007c DFE802F0 		tbb	[pc, r2]
 347              	.L23:
 348 0080 03       		.byte	(.L28-.L23)/2
 349 0081 10       		.byte	(.L27-.L23)/2
 350 0082 1D       		.byte	(.L26-.L23)/2
 351 0083 2A       		.byte	(.L25-.L23)/2
 352 0084 37       		.byte	(.L24-.L23)/2
 353 0085 44       		.byte	(.L22-.L23)/2
 354              		.p2align 1
 355              	.L28:
 448:Middlewares/ST/STM32_USB_Device_Library/Core/Src/usbd_ctlreq.c ****           {
 356              		.loc 1 448 11 is_stmt 1 view .LVU97
 448:Middlewares/ST/STM32_USB_Device_Library/Core/Src/usbd_ctlreq.c ****           {
 357              		.loc 1 448 19 is_stmt 0 view .LVU98
 358 0086 D0F8B032 		ldr	r3, [r0, #688]
 448:Middlewares/ST/STM32_USB_Device_Library/Core/Src/usbd_ctlreq.c ****           {
 359              		.loc 1 448 26 view .LVU99
 360 008a 5B68     		ldr	r3, [r3, #4]
 448:Middlewares/ST/STM32_USB_Device_Library/Core/Src/usbd_ctlreq.c ****           {
 361              		.loc 1 448 14 view .LVU100
 362 008c 23B1     		cbz	r3, .L29
 450:Middlewares/ST/STM32_USB_Device_Library/Core/Src/usbd_ctlreq.c ****           }
 363              		.loc 1 450 13 is_stmt 1 view .LVU101
 450:Middlewares/ST/STM32_USB_Device_Library/Core/Src/usbd_ctlreq.c ****           }
 364              		.loc 1 450 20 is_stmt 0 view .LVU102
 365 008e 0DF10601 		add	r1, sp, #6
 366 0092 007C     		ldrb	r0, [r0, #16]	@ zero_extendqisi2
 367              	.LVL30:
 450:Middlewares/ST/STM32_USB_Device_Library/Core/Src/usbd_ctlreq.c ****           }
 368              		.loc 1 450 20 view .LVU103
 369 0094 9847     		blx	r3
 370              	.LVL31:
 569:Middlewares/ST/STM32_USB_Device_Library/Core/Src/usbd_ctlreq.c ****   {
 371              		.loc 1 569 3 is_stmt 1 view .LVU104
 372 0096 CDE7     		b	.L19
 373              	.LVL32:
 374              	.L29:
 454:Middlewares/ST/STM32_USB_Device_Library/Core/Src/usbd_ctlreq.c ****             err++;
 375              		.loc 1 454 13 view .LVU105
 376 0098 2146     		mov	r1, r4
 377 009a FFF7FEFF 		bl	USBD_CtlError
 378              	.LVL33:
 455:Middlewares/ST/STM32_USB_Device_Library/Core/Src/usbd_ctlreq.c ****           }
 379              		.loc 1 455 13 view .LVU106
ARM GAS  C:\Users\crist\AppData\Local\Temp\ccV0p3Ed.s 			page 25


 569:Middlewares/ST/STM32_USB_Device_Library/Core/Src/usbd_ctlreq.c ****   {
 380              		.loc 1 569 3 view .LVU107
 381 009e D4E7     		b	.L11
 382              	.LVL34:
 383              	.L27:
 460:Middlewares/ST/STM32_USB_Device_Library/Core/Src/usbd_ctlreq.c ****           {
 384              		.loc 1 460 11 view .LVU108
 460:Middlewares/ST/STM32_USB_Device_Library/Core/Src/usbd_ctlreq.c ****           {
 385              		.loc 1 460 19 is_stmt 0 view .LVU109
 386 00a0 D0F8B032 		ldr	r3, [r0, #688]
 460:Middlewares/ST/STM32_USB_Device_Library/Core/Src/usbd_ctlreq.c ****           {
 387              		.loc 1 460 26 view .LVU110
 388 00a4 9B68     		ldr	r3, [r3, #8]
 460:Middlewares/ST/STM32_USB_Device_Library/Core/Src/usbd_ctlreq.c ****           {
 389              		.loc 1 460 14 view .LVU111
 390 00a6 23B1     		cbz	r3, .L31
 462:Middlewares/ST/STM32_USB_Device_Library/Core/Src/usbd_ctlreq.c ****           }
 391              		.loc 1 462 13 is_stmt 1 view .LVU112
 462:Middlewares/ST/STM32_USB_Device_Library/Core/Src/usbd_ctlreq.c ****           }
 392              		.loc 1 462 20 is_stmt 0 view .LVU113
 393 00a8 0DF10601 		add	r1, sp, #6
 394 00ac 007C     		ldrb	r0, [r0, #16]	@ zero_extendqisi2
 395              	.LVL35:
 462:Middlewares/ST/STM32_USB_Device_Library/Core/Src/usbd_ctlreq.c ****           }
 396              		.loc 1 462 20 view .LVU114
 397 00ae 9847     		blx	r3
 398              	.LVL36:
 569:Middlewares/ST/STM32_USB_Device_Library/Core/Src/usbd_ctlreq.c ****   {
 399              		.loc 1 569 3 is_stmt 1 view .LVU115
 400 00b0 C0E7     		b	.L19
 401              	.LVL37:
 402              	.L31:
 466:Middlewares/ST/STM32_USB_Device_Library/Core/Src/usbd_ctlreq.c ****             err++;
 403              		.loc 1 466 13 view .LVU116
 404 00b2 2146     		mov	r1, r4
 405 00b4 FFF7FEFF 		bl	USBD_CtlError
 406              	.LVL38:
 467:Middlewares/ST/STM32_USB_Device_Library/Core/Src/usbd_ctlreq.c ****           }
 407              		.loc 1 467 13 view .LVU117
 569:Middlewares/ST/STM32_USB_Device_Library/Core/Src/usbd_ctlreq.c ****   {
 408              		.loc 1 569 3 view .LVU118
 409 00b8 C7E7     		b	.L11
 410              	.LVL39:
 411              	.L26:
 472:Middlewares/ST/STM32_USB_Device_Library/Core/Src/usbd_ctlreq.c ****           {
 412              		.loc 1 472 11 view .LVU119
 472:Middlewares/ST/STM32_USB_Device_Library/Core/Src/usbd_ctlreq.c ****           {
 413              		.loc 1 472 19 is_stmt 0 view .LVU120
 414 00ba D0F8B032 		ldr	r3, [r0, #688]
 472:Middlewares/ST/STM32_USB_Device_Library/Core/Src/usbd_ctlreq.c ****           {
 415              		.loc 1 472 26 view .LVU121
 416 00be DB68     		ldr	r3, [r3, #12]
 472:Middlewares/ST/STM32_USB_Device_Library/Core/Src/usbd_ctlreq.c ****           {
 417              		.loc 1 472 14 view .LVU122
 418 00c0 23B1     		cbz	r3, .L32
 474:Middlewares/ST/STM32_USB_Device_Library/Core/Src/usbd_ctlreq.c ****           }
 419              		.loc 1 474 13 is_stmt 1 view .LVU123
ARM GAS  C:\Users\crist\AppData\Local\Temp\ccV0p3Ed.s 			page 26


 474:Middlewares/ST/STM32_USB_Device_Library/Core/Src/usbd_ctlreq.c ****           }
 420              		.loc 1 474 20 is_stmt 0 view .LVU124
 421 00c2 0DF10601 		add	r1, sp, #6
 422 00c6 007C     		ldrb	r0, [r0, #16]	@ zero_extendqisi2
 423              	.LVL40:
 474:Middlewares/ST/STM32_USB_Device_Library/Core/Src/usbd_ctlreq.c ****           }
 424              		.loc 1 474 20 view .LVU125
 425 00c8 9847     		blx	r3
 426              	.LVL41:
 569:Middlewares/ST/STM32_USB_Device_Library/Core/Src/usbd_ctlreq.c ****   {
 427              		.loc 1 569 3 is_stmt 1 view .LVU126
 428 00ca B3E7     		b	.L19
 429              	.LVL42:
 430              	.L32:
 478:Middlewares/ST/STM32_USB_Device_Library/Core/Src/usbd_ctlreq.c ****             err++;
 431              		.loc 1 478 13 view .LVU127
 432 00cc 2146     		mov	r1, r4
 433 00ce FFF7FEFF 		bl	USBD_CtlError
 434              	.LVL43:
 479:Middlewares/ST/STM32_USB_Device_Library/Core/Src/usbd_ctlreq.c ****           }
 435              		.loc 1 479 13 view .LVU128
 569:Middlewares/ST/STM32_USB_Device_Library/Core/Src/usbd_ctlreq.c ****   {
 436              		.loc 1 569 3 view .LVU129
 437 00d2 BAE7     		b	.L11
 438              	.LVL44:
 439              	.L25:
 484:Middlewares/ST/STM32_USB_Device_Library/Core/Src/usbd_ctlreq.c ****           {
 440              		.loc 1 484 11 view .LVU130
 484:Middlewares/ST/STM32_USB_Device_Library/Core/Src/usbd_ctlreq.c ****           {
 441              		.loc 1 484 19 is_stmt 0 view .LVU131
 442 00d4 D0F8B032 		ldr	r3, [r0, #688]
 484:Middlewares/ST/STM32_USB_Device_Library/Core/Src/usbd_ctlreq.c ****           {
 443              		.loc 1 484 26 view .LVU132
 444 00d8 1B69     		ldr	r3, [r3, #16]
 484:Middlewares/ST/STM32_USB_Device_Library/Core/Src/usbd_ctlreq.c ****           {
 445              		.loc 1 484 14 view .LVU133
 446 00da 23B1     		cbz	r3, .L33
 486:Middlewares/ST/STM32_USB_Device_Library/Core/Src/usbd_ctlreq.c ****           }
 447              		.loc 1 486 13 is_stmt 1 view .LVU134
 486:Middlewares/ST/STM32_USB_Device_Library/Core/Src/usbd_ctlreq.c ****           }
 448              		.loc 1 486 20 is_stmt 0 view .LVU135
 449 00dc 0DF10601 		add	r1, sp, #6
 450 00e0 007C     		ldrb	r0, [r0, #16]	@ zero_extendqisi2
 451              	.LVL45:
 486:Middlewares/ST/STM32_USB_Device_Library/Core/Src/usbd_ctlreq.c ****           }
 452              		.loc 1 486 20 view .LVU136
 453 00e2 9847     		blx	r3
 454              	.LVL46:
 569:Middlewares/ST/STM32_USB_Device_Library/Core/Src/usbd_ctlreq.c ****   {
 455              		.loc 1 569 3 is_stmt 1 view .LVU137
 456 00e4 A6E7     		b	.L19
 457              	.LVL47:
 458              	.L33:
 490:Middlewares/ST/STM32_USB_Device_Library/Core/Src/usbd_ctlreq.c ****             err++;
 459              		.loc 1 490 13 view .LVU138
 460 00e6 2146     		mov	r1, r4
 461 00e8 FFF7FEFF 		bl	USBD_CtlError
ARM GAS  C:\Users\crist\AppData\Local\Temp\ccV0p3Ed.s 			page 27


 462              	.LVL48:
 491:Middlewares/ST/STM32_USB_Device_Library/Core/Src/usbd_ctlreq.c ****           }
 463              		.loc 1 491 13 view .LVU139
 569:Middlewares/ST/STM32_USB_Device_Library/Core/Src/usbd_ctlreq.c ****   {
 464              		.loc 1 569 3 view .LVU140
 465 00ec ADE7     		b	.L11
 466              	.LVL49:
 467              	.L24:
 496:Middlewares/ST/STM32_USB_Device_Library/Core/Src/usbd_ctlreq.c ****           {
 468              		.loc 1 496 11 view .LVU141
 496:Middlewares/ST/STM32_USB_Device_Library/Core/Src/usbd_ctlreq.c ****           {
 469              		.loc 1 496 19 is_stmt 0 view .LVU142
 470 00ee D0F8B032 		ldr	r3, [r0, #688]
 496:Middlewares/ST/STM32_USB_Device_Library/Core/Src/usbd_ctlreq.c ****           {
 471              		.loc 1 496 26 view .LVU143
 472 00f2 5B69     		ldr	r3, [r3, #20]
 496:Middlewares/ST/STM32_USB_Device_Library/Core/Src/usbd_ctlreq.c ****           {
 473              		.loc 1 496 14 view .LVU144
 474 00f4 23B1     		cbz	r3, .L34
 498:Middlewares/ST/STM32_USB_Device_Library/Core/Src/usbd_ctlreq.c ****           }
 475              		.loc 1 498 13 is_stmt 1 view .LVU145
 498:Middlewares/ST/STM32_USB_Device_Library/Core/Src/usbd_ctlreq.c ****           }
 476              		.loc 1 498 20 is_stmt 0 view .LVU146
 477 00f6 0DF10601 		add	r1, sp, #6
 478 00fa 007C     		ldrb	r0, [r0, #16]	@ zero_extendqisi2
 479              	.LVL50:
 498:Middlewares/ST/STM32_USB_Device_Library/Core/Src/usbd_ctlreq.c ****           }
 480              		.loc 1 498 20 view .LVU147
 481 00fc 9847     		blx	r3
 482              	.LVL51:
 569:Middlewares/ST/STM32_USB_Device_Library/Core/Src/usbd_ctlreq.c ****   {
 483              		.loc 1 569 3 is_stmt 1 view .LVU148
 484 00fe 99E7     		b	.L19
 485              	.LVL52:
 486              	.L34:
 502:Middlewares/ST/STM32_USB_Device_Library/Core/Src/usbd_ctlreq.c ****             err++;
 487              		.loc 1 502 13 view .LVU149
 488 0100 2146     		mov	r1, r4
 489 0102 FFF7FEFF 		bl	USBD_CtlError
 490              	.LVL53:
 503:Middlewares/ST/STM32_USB_Device_Library/Core/Src/usbd_ctlreq.c ****           }
 491              		.loc 1 503 13 view .LVU150
 569:Middlewares/ST/STM32_USB_Device_Library/Core/Src/usbd_ctlreq.c ****   {
 492              		.loc 1 569 3 view .LVU151
 493 0106 A0E7     		b	.L11
 494              	.LVL54:
 495              	.L22:
 508:Middlewares/ST/STM32_USB_Device_Library/Core/Src/usbd_ctlreq.c ****           {
 496              		.loc 1 508 11 view .LVU152
 508:Middlewares/ST/STM32_USB_Device_Library/Core/Src/usbd_ctlreq.c ****           {
 497              		.loc 1 508 19 is_stmt 0 view .LVU153
 498 0108 D0F8B032 		ldr	r3, [r0, #688]
 508:Middlewares/ST/STM32_USB_Device_Library/Core/Src/usbd_ctlreq.c ****           {
 499              		.loc 1 508 26 view .LVU154
 500 010c 9B69     		ldr	r3, [r3, #24]
 508:Middlewares/ST/STM32_USB_Device_Library/Core/Src/usbd_ctlreq.c ****           {
 501              		.loc 1 508 14 view .LVU155
ARM GAS  C:\Users\crist\AppData\Local\Temp\ccV0p3Ed.s 			page 28


 502 010e 23B1     		cbz	r3, .L35
 510:Middlewares/ST/STM32_USB_Device_Library/Core/Src/usbd_ctlreq.c ****           }
 503              		.loc 1 510 13 is_stmt 1 view .LVU156
 510:Middlewares/ST/STM32_USB_Device_Library/Core/Src/usbd_ctlreq.c ****           }
 504              		.loc 1 510 20 is_stmt 0 view .LVU157
 505 0110 0DF10601 		add	r1, sp, #6
 506 0114 007C     		ldrb	r0, [r0, #16]	@ zero_extendqisi2
 507              	.LVL55:
 510:Middlewares/ST/STM32_USB_Device_Library/Core/Src/usbd_ctlreq.c ****           }
 508              		.loc 1 510 20 view .LVU158
 509 0116 9847     		blx	r3
 510              	.LVL56:
 569:Middlewares/ST/STM32_USB_Device_Library/Core/Src/usbd_ctlreq.c ****   {
 511              		.loc 1 569 3 is_stmt 1 view .LVU159
 512 0118 8CE7     		b	.L19
 513              	.LVL57:
 514              	.L35:
 514:Middlewares/ST/STM32_USB_Device_Library/Core/Src/usbd_ctlreq.c ****             err++;
 515              		.loc 1 514 13 view .LVU160
 516 011a 2146     		mov	r1, r4
 517 011c FFF7FEFF 		bl	USBD_CtlError
 518              	.LVL58:
 515:Middlewares/ST/STM32_USB_Device_Library/Core/Src/usbd_ctlreq.c ****           }
 519              		.loc 1 515 13 view .LVU161
 569:Middlewares/ST/STM32_USB_Device_Library/Core/Src/usbd_ctlreq.c ****   {
 520              		.loc 1 569 3 view .LVU162
 521 0120 93E7     		b	.L11
 522              	.LVL59:
 523              	.L21:
 532:Middlewares/ST/STM32_USB_Device_Library/Core/Src/usbd_ctlreq.c ****           err++;
 524              		.loc 1 532 11 view .LVU163
 525 0122 2146     		mov	r1, r4
 526 0124 FFF7FEFF 		bl	USBD_CtlError
 527              	.LVL60:
 533:Middlewares/ST/STM32_USB_Device_Library/Core/Src/usbd_ctlreq.c **** #endif
 528              		.loc 1 533 11 view .LVU164
 569:Middlewares/ST/STM32_USB_Device_Library/Core/Src/usbd_ctlreq.c ****   {
 529              		.loc 1 569 3 view .LVU165
 530 0128 8FE7     		b	.L11
 531              	.LVL61:
 532              	.L15:
 539:Middlewares/ST/STM32_USB_Device_Library/Core/Src/usbd_ctlreq.c ****       {
 533              		.loc 1 539 7 view .LVU166
 539:Middlewares/ST/STM32_USB_Device_Library/Core/Src/usbd_ctlreq.c ****       {
 534              		.loc 1 539 15 is_stmt 0 view .LVU167
 535 012a 037C     		ldrb	r3, [r0, #16]	@ zero_extendqisi2
 539:Middlewares/ST/STM32_USB_Device_Library/Core/Src/usbd_ctlreq.c ****       {
 536              		.loc 1 539 10 view .LVU168
 537 012c 33B9     		cbnz	r3, .L36
 541:Middlewares/ST/STM32_USB_Device_Library/Core/Src/usbd_ctlreq.c ****       }
 538              		.loc 1 541 9 is_stmt 1 view .LVU169
 541:Middlewares/ST/STM32_USB_Device_Library/Core/Src/usbd_ctlreq.c ****       }
 539              		.loc 1 541 20 is_stmt 0 view .LVU170
 540 012e D0F8B432 		ldr	r3, [r0, #692]
 541:Middlewares/ST/STM32_USB_Device_Library/Core/Src/usbd_ctlreq.c ****       }
 541              		.loc 1 541 28 view .LVU171
 542 0132 5B6B     		ldr	r3, [r3, #52]
ARM GAS  C:\Users\crist\AppData\Local\Temp\ccV0p3Ed.s 			page 29


 541:Middlewares/ST/STM32_USB_Device_Library/Core/Src/usbd_ctlreq.c ****       }
 543              		.loc 1 541 16 view .LVU172
 544 0134 0DF10600 		add	r0, sp, #6
 545              	.LVL62:
 541:Middlewares/ST/STM32_USB_Device_Library/Core/Src/usbd_ctlreq.c ****       }
 546              		.loc 1 541 16 view .LVU173
 547 0138 9847     		blx	r3
 548              	.LVL63:
 569:Middlewares/ST/STM32_USB_Device_Library/Core/Src/usbd_ctlreq.c ****   {
 549              		.loc 1 569 3 is_stmt 1 view .LVU174
 550 013a 7BE7     		b	.L19
 551              	.LVL64:
 552              	.L36:
 545:Middlewares/ST/STM32_USB_Device_Library/Core/Src/usbd_ctlreq.c ****         err++;
 553              		.loc 1 545 9 view .LVU175
 554 013c 2146     		mov	r1, r4
 555 013e FFF7FEFF 		bl	USBD_CtlError
 556              	.LVL65:
 546:Middlewares/ST/STM32_USB_Device_Library/Core/Src/usbd_ctlreq.c ****       }
 557              		.loc 1 546 9 view .LVU176
 569:Middlewares/ST/STM32_USB_Device_Library/Core/Src/usbd_ctlreq.c ****   {
 558              		.loc 1 569 3 view .LVU177
 559 0142 82E7     		b	.L11
 560              	.LVL66:
 561              	.L13:
 551:Middlewares/ST/STM32_USB_Device_Library/Core/Src/usbd_ctlreq.c ****       {
 562              		.loc 1 551 7 view .LVU178
 551:Middlewares/ST/STM32_USB_Device_Library/Core/Src/usbd_ctlreq.c ****       {
 563              		.loc 1 551 15 is_stmt 0 view .LVU179
 564 0144 037C     		ldrb	r3, [r0, #16]	@ zero_extendqisi2
 551:Middlewares/ST/STM32_USB_Device_Library/Core/Src/usbd_ctlreq.c ****       {
 565              		.loc 1 551 10 view .LVU180
 566 0146 43B9     		cbnz	r3, .L37
 553:Middlewares/ST/STM32_USB_Device_Library/Core/Src/usbd_ctlreq.c ****         pbuf[1] = USB_DESC_TYPE_OTHER_SPEED_CONFIGURATION;
 567              		.loc 1 553 9 is_stmt 1 view .LVU181
 553:Middlewares/ST/STM32_USB_Device_Library/Core/Src/usbd_ctlreq.c ****         pbuf[1] = USB_DESC_TYPE_OTHER_SPEED_CONFIGURATION;
 568              		.loc 1 553 20 is_stmt 0 view .LVU182
 569 0148 D0F8B432 		ldr	r3, [r0, #692]
 553:Middlewares/ST/STM32_USB_Device_Library/Core/Src/usbd_ctlreq.c ****         pbuf[1] = USB_DESC_TYPE_OTHER_SPEED_CONFIGURATION;
 570              		.loc 1 553 28 view .LVU183
 571 014c 1B6B     		ldr	r3, [r3, #48]
 553:Middlewares/ST/STM32_USB_Device_Library/Core/Src/usbd_ctlreq.c ****         pbuf[1] = USB_DESC_TYPE_OTHER_SPEED_CONFIGURATION;
 572              		.loc 1 553 16 view .LVU184
 573 014e 0DF10600 		add	r0, sp, #6
 574              	.LVL67:
 553:Middlewares/ST/STM32_USB_Device_Library/Core/Src/usbd_ctlreq.c ****         pbuf[1] = USB_DESC_TYPE_OTHER_SPEED_CONFIGURATION;
 575              		.loc 1 553 16 view .LVU185
 576 0152 9847     		blx	r3
 577              	.LVL68:
 554:Middlewares/ST/STM32_USB_Device_Library/Core/Src/usbd_ctlreq.c ****       }
 578              		.loc 1 554 9 is_stmt 1 view .LVU186
 554:Middlewares/ST/STM32_USB_Device_Library/Core/Src/usbd_ctlreq.c ****       }
 579              		.loc 1 554 17 is_stmt 0 view .LVU187
 580 0154 0723     		movs	r3, #7
 581 0156 4370     		strb	r3, [r0, #1]
 569:Middlewares/ST/STM32_USB_Device_Library/Core/Src/usbd_ctlreq.c ****   {
 582              		.loc 1 569 3 is_stmt 1 view .LVU188
ARM GAS  C:\Users\crist\AppData\Local\Temp\ccV0p3Ed.s 			page 30


 583 0158 6CE7     		b	.L19
 584              	.LVL69:
 585              	.L37:
 558:Middlewares/ST/STM32_USB_Device_Library/Core/Src/usbd_ctlreq.c ****         err++;
 586              		.loc 1 558 9 view .LVU189
 587 015a 2146     		mov	r1, r4
 588 015c FFF7FEFF 		bl	USBD_CtlError
 589              	.LVL70:
 559:Middlewares/ST/STM32_USB_Device_Library/Core/Src/usbd_ctlreq.c ****       }
 590              		.loc 1 559 9 view .LVU190
 569:Middlewares/ST/STM32_USB_Device_Library/Core/Src/usbd_ctlreq.c ****   {
 591              		.loc 1 569 3 view .LVU191
 592 0160 73E7     		b	.L11
 593              	.LVL71:
 594              	.L12:
 564:Middlewares/ST/STM32_USB_Device_Library/Core/Src/usbd_ctlreq.c ****       err++;
 595              		.loc 1 564 7 view .LVU192
 596 0162 2146     		mov	r1, r4
 597 0164 FFF7FEFF 		bl	USBD_CtlError
 598              	.LVL72:
 565:Middlewares/ST/STM32_USB_Device_Library/Core/Src/usbd_ctlreq.c ****       break;
 599              		.loc 1 565 7 view .LVU193
 566:Middlewares/ST/STM32_USB_Device_Library/Core/Src/usbd_ctlreq.c ****   }
 600              		.loc 1 566 7 view .LVU194
 569:Middlewares/ST/STM32_USB_Device_Library/Core/Src/usbd_ctlreq.c ****   {
 601              		.loc 1 569 3 view .LVU195
 571:Middlewares/ST/STM32_USB_Device_Library/Core/Src/usbd_ctlreq.c ****   }
 602              		.loc 1 571 5 view .LVU196
 603 0168 6FE7     		b	.L11
 604              	.LVL73:
 605              	.L42:
 577:Middlewares/ST/STM32_USB_Device_Library/Core/Src/usbd_ctlreq.c ****       (void)USBD_CtlSendData(pdev, pbuf, len);
 606              		.loc 1 577 7 view .LVU197
 577:Middlewares/ST/STM32_USB_Device_Library/Core/Src/usbd_ctlreq.c ****       (void)USBD_CtlSendData(pdev, pbuf, len);
 607              		.loc 1 577 13 is_stmt 0 view .LVU198
 608 016a 9A42     		cmp	r2, r3
 609 016c 28BF     		it	cs
 610 016e 1A46     		movcs	r2, r3
 577:Middlewares/ST/STM32_USB_Device_Library/Core/Src/usbd_ctlreq.c ****       (void)USBD_CtlSendData(pdev, pbuf, len);
 611              		.loc 1 577 11 view .LVU199
 612 0170 ADF80620 		strh	r2, [sp, #6]	@ movhi
 578:Middlewares/ST/STM32_USB_Device_Library/Core/Src/usbd_ctlreq.c ****     }
 613              		.loc 1 578 7 is_stmt 1 view .LVU200
 578:Middlewares/ST/STM32_USB_Device_Library/Core/Src/usbd_ctlreq.c ****     }
 614              		.loc 1 578 13 is_stmt 0 view .LVU201
 615 0174 0146     		mov	r1, r0
 616 0176 2846     		mov	r0, r5
 617              	.LVL74:
 578:Middlewares/ST/STM32_USB_Device_Library/Core/Src/usbd_ctlreq.c ****     }
 618              		.loc 1 578 13 view .LVU202
 619 0178 FFF7FEFF 		bl	USBD_CtlSendData
 620              	.LVL75:
 578:Middlewares/ST/STM32_USB_Device_Library/Core/Src/usbd_ctlreq.c ****     }
 621              		.loc 1 578 13 view .LVU203
 622 017c 61E7     		b	.L39
 623              	.L43:
 583:Middlewares/ST/STM32_USB_Device_Library/Core/Src/usbd_ctlreq.c ****     }
ARM GAS  C:\Users\crist\AppData\Local\Temp\ccV0p3Ed.s 			page 31


 624              		.loc 1 583 7 is_stmt 1 view .LVU204
 583:Middlewares/ST/STM32_USB_Device_Library/Core/Src/usbd_ctlreq.c ****     }
 625              		.loc 1 583 13 is_stmt 0 view .LVU205
 626 017e 2846     		mov	r0, r5
 627 0180 FFF7FEFF 		bl	USBD_CtlSendStatus
 628              	.LVL76:
 629 0184 61E7     		b	.L11
 630              		.cfi_endproc
 631              	.LFE71:
 633              		.section	.text.USBD_SetAddress,"ax",%progbits
 634              		.align	1
 635              		.syntax unified
 636              		.thumb
 637              		.thumb_func
 639              	USBD_SetAddress:
 640              	.LVL77:
 641              	.LFB72:
 597:Middlewares/ST/STM32_USB_Device_Library/Core/Src/usbd_ctlreq.c ****   uint8_t  dev_addr;
 642              		.loc 1 597 1 is_stmt 1 view -0
 643              		.cfi_startproc
 644              		@ args = 0, pretend = 0, frame = 0
 645              		@ frame_needed = 0, uses_anonymous_args = 0
 597:Middlewares/ST/STM32_USB_Device_Library/Core/Src/usbd_ctlreq.c ****   uint8_t  dev_addr;
 646              		.loc 1 597 1 is_stmt 0 view .LVU207
 647 0000 38B5     		push	{r3, r4, r5, lr}
 648              	.LCFI6:
 649              		.cfi_def_cfa_offset 16
 650              		.cfi_offset 3, -16
 651              		.cfi_offset 4, -12
 652              		.cfi_offset 5, -8
 653              		.cfi_offset 14, -4
 654 0002 0446     		mov	r4, r0
 598:Middlewares/ST/STM32_USB_Device_Library/Core/Src/usbd_ctlreq.c **** 
 655              		.loc 1 598 3 is_stmt 1 view .LVU208
 600:Middlewares/ST/STM32_USB_Device_Library/Core/Src/usbd_ctlreq.c ****   {
 656              		.loc 1 600 3 view .LVU209
 600:Middlewares/ST/STM32_USB_Device_Library/Core/Src/usbd_ctlreq.c ****   {
 657              		.loc 1 600 11 is_stmt 0 view .LVU210
 658 0004 8B88     		ldrh	r3, [r1, #4]
 600:Middlewares/ST/STM32_USB_Device_Library/Core/Src/usbd_ctlreq.c ****   {
 659              		.loc 1 600 6 view .LVU211
 660 0006 F3B9     		cbnz	r3, .L45
 600:Middlewares/ST/STM32_USB_Device_Library/Core/Src/usbd_ctlreq.c ****   {
 661              		.loc 1 600 34 discriminator 1 view .LVU212
 662 0008 CB88     		ldrh	r3, [r1, #6]
 600:Middlewares/ST/STM32_USB_Device_Library/Core/Src/usbd_ctlreq.c ****   {
 663              		.loc 1 600 27 discriminator 1 view .LVU213
 664 000a E3B9     		cbnz	r3, .L45
 600:Middlewares/ST/STM32_USB_Device_Library/Core/Src/usbd_ctlreq.c ****   {
 665              		.loc 1 600 58 discriminator 2 view .LVU214
 666 000c 4B88     		ldrh	r3, [r1, #2]
 600:Middlewares/ST/STM32_USB_Device_Library/Core/Src/usbd_ctlreq.c ****   {
 667              		.loc 1 600 51 discriminator 2 view .LVU215
 668 000e 7F2B     		cmp	r3, #127
 669 0010 19D8     		bhi	.L45
 602:Middlewares/ST/STM32_USB_Device_Library/Core/Src/usbd_ctlreq.c **** 
 670              		.loc 1 602 5 is_stmt 1 view .LVU216
ARM GAS  C:\Users\crist\AppData\Local\Temp\ccV0p3Ed.s 			page 32


 602:Middlewares/ST/STM32_USB_Device_Library/Core/Src/usbd_ctlreq.c **** 
 671              		.loc 1 602 14 is_stmt 0 view .LVU217
 672 0012 03F07F05 		and	r5, r3, #127
 673              	.LVL78:
 604:Middlewares/ST/STM32_USB_Device_Library/Core/Src/usbd_ctlreq.c ****     {
 674              		.loc 1 604 5 is_stmt 1 view .LVU218
 604:Middlewares/ST/STM32_USB_Device_Library/Core/Src/usbd_ctlreq.c ****     {
 675              		.loc 1 604 13 is_stmt 0 view .LVU219
 676 0016 90F89C32 		ldrb	r3, [r0, #668]	@ zero_extendqisi2
 604:Middlewares/ST/STM32_USB_Device_Library/Core/Src/usbd_ctlreq.c ****     {
 677              		.loc 1 604 8 view .LVU220
 678 001a 032B     		cmp	r3, #3
 679 001c 0CD0     		beq	.L50
 610:Middlewares/ST/STM32_USB_Device_Library/Core/Src/usbd_ctlreq.c ****       USBD_LL_SetUSBAddress(pdev, dev_addr);
 680              		.loc 1 610 7 is_stmt 1 view .LVU221
 610:Middlewares/ST/STM32_USB_Device_Library/Core/Src/usbd_ctlreq.c ****       USBD_LL_SetUSBAddress(pdev, dev_addr);
 681              		.loc 1 610 25 is_stmt 0 view .LVU222
 682 001e 80F89E52 		strb	r5, [r0, #670]
 611:Middlewares/ST/STM32_USB_Device_Library/Core/Src/usbd_ctlreq.c ****       USBD_CtlSendStatus(pdev);
 683              		.loc 1 611 7 is_stmt 1 view .LVU223
 684 0022 2946     		mov	r1, r5
 685              	.LVL79:
 611:Middlewares/ST/STM32_USB_Device_Library/Core/Src/usbd_ctlreq.c ****       USBD_CtlSendStatus(pdev);
 686              		.loc 1 611 7 is_stmt 0 view .LVU224
 687 0024 FFF7FEFF 		bl	USBD_LL_SetUSBAddress
 688              	.LVL80:
 612:Middlewares/ST/STM32_USB_Device_Library/Core/Src/usbd_ctlreq.c **** 
 689              		.loc 1 612 7 is_stmt 1 view .LVU225
 690 0028 2046     		mov	r0, r4
 691 002a FFF7FEFF 		bl	USBD_CtlSendStatus
 692              	.LVL81:
 614:Middlewares/ST/STM32_USB_Device_Library/Core/Src/usbd_ctlreq.c ****       {
 693              		.loc 1 614 7 view .LVU226
 614:Middlewares/ST/STM32_USB_Device_Library/Core/Src/usbd_ctlreq.c ****       {
 694              		.loc 1 614 10 is_stmt 0 view .LVU227
 695 002e 35B1     		cbz	r5, .L48
 616:Middlewares/ST/STM32_USB_Device_Library/Core/Src/usbd_ctlreq.c ****       }
 696              		.loc 1 616 9 is_stmt 1 view .LVU228
 616:Middlewares/ST/STM32_USB_Device_Library/Core/Src/usbd_ctlreq.c ****       }
 697              		.loc 1 616 25 is_stmt 0 view .LVU229
 698 0030 0223     		movs	r3, #2
 699 0032 84F89C32 		strb	r3, [r4, #668]
 700 0036 09E0     		b	.L44
 701              	.LVL82:
 702              	.L50:
 606:Middlewares/ST/STM32_USB_Device_Library/Core/Src/usbd_ctlreq.c ****     }
 703              		.loc 1 606 7 is_stmt 1 view .LVU230
 704 0038 FFF7FEFF 		bl	USBD_CtlError
 705              	.LVL83:
 606:Middlewares/ST/STM32_USB_Device_Library/Core/Src/usbd_ctlreq.c ****     }
 706              		.loc 1 606 7 is_stmt 0 view .LVU231
 707 003c 06E0     		b	.L44
 708              	.L48:
 620:Middlewares/ST/STM32_USB_Device_Library/Core/Src/usbd_ctlreq.c ****       }
 709              		.loc 1 620 9 is_stmt 1 view .LVU232
 620:Middlewares/ST/STM32_USB_Device_Library/Core/Src/usbd_ctlreq.c ****       }
 710              		.loc 1 620 25 is_stmt 0 view .LVU233
ARM GAS  C:\Users\crist\AppData\Local\Temp\ccV0p3Ed.s 			page 33


 711 003e 0123     		movs	r3, #1
 712 0040 84F89C32 		strb	r3, [r4, #668]
 713 0044 02E0     		b	.L44
 714              	.LVL84:
 715              	.L45:
 626:Middlewares/ST/STM32_USB_Device_Library/Core/Src/usbd_ctlreq.c ****   }
 716              		.loc 1 626 5 is_stmt 1 view .LVU234
 717 0046 2046     		mov	r0, r4
 718              	.LVL85:
 626:Middlewares/ST/STM32_USB_Device_Library/Core/Src/usbd_ctlreq.c ****   }
 719              		.loc 1 626 5 is_stmt 0 view .LVU235
 720 0048 FFF7FEFF 		bl	USBD_CtlError
 721              	.LVL86:
 722              	.L44:
 628:Middlewares/ST/STM32_USB_Device_Library/Core/Src/usbd_ctlreq.c **** 
 723              		.loc 1 628 1 view .LVU236
 724 004c 38BD     		pop	{r3, r4, r5, pc}
 628:Middlewares/ST/STM32_USB_Device_Library/Core/Src/usbd_ctlreq.c **** 
 725              		.loc 1 628 1 view .LVU237
 726              		.cfi_endproc
 727              	.LFE72:
 729              		.section	.text.USBD_SetConfig,"ax",%progbits
 730              		.align	1
 731              		.syntax unified
 732              		.thumb
 733              		.thumb_func
 735              	USBD_SetConfig:
 736              	.LVL87:
 737              	.LFB73:
 638:Middlewares/ST/STM32_USB_Device_Library/Core/Src/usbd_ctlreq.c ****   static uint8_t cfgidx;
 738              		.loc 1 638 1 is_stmt 1 view -0
 739              		.cfi_startproc
 740              		@ args = 0, pretend = 0, frame = 0
 741              		@ frame_needed = 0, uses_anonymous_args = 0
 638:Middlewares/ST/STM32_USB_Device_Library/Core/Src/usbd_ctlreq.c ****   static uint8_t cfgidx;
 742              		.loc 1 638 1 is_stmt 0 view .LVU239
 743 0000 38B5     		push	{r3, r4, r5, lr}
 744              	.LCFI7:
 745              		.cfi_def_cfa_offset 16
 746              		.cfi_offset 3, -16
 747              		.cfi_offset 4, -12
 748              		.cfi_offset 5, -8
 749              		.cfi_offset 14, -4
 750 0002 0446     		mov	r4, r0
 751 0004 0D46     		mov	r5, r1
 639:Middlewares/ST/STM32_USB_Device_Library/Core/Src/usbd_ctlreq.c **** 
 752              		.loc 1 639 3 is_stmt 1 view .LVU240
 641:Middlewares/ST/STM32_USB_Device_Library/Core/Src/usbd_ctlreq.c **** 
 753              		.loc 1 641 3 view .LVU241
 641:Middlewares/ST/STM32_USB_Device_Library/Core/Src/usbd_ctlreq.c **** 
 754              		.loc 1 641 12 is_stmt 0 view .LVU242
 755 0006 8978     		ldrb	r1, [r1, #2]	@ zero_extendqisi2
 756              	.LVL88:
 641:Middlewares/ST/STM32_USB_Device_Library/Core/Src/usbd_ctlreq.c **** 
 757              		.loc 1 641 10 view .LVU243
 758 0008 284B     		ldr	r3, .L68
 759 000a 1970     		strb	r1, [r3]
ARM GAS  C:\Users\crist\AppData\Local\Temp\ccV0p3Ed.s 			page 34


 643:Middlewares/ST/STM32_USB_Device_Library/Core/Src/usbd_ctlreq.c ****   {
 760              		.loc 1 643 3 is_stmt 1 view .LVU244
 643:Middlewares/ST/STM32_USB_Device_Library/Core/Src/usbd_ctlreq.c ****   {
 761              		.loc 1 643 6 is_stmt 0 view .LVU245
 762 000c 0129     		cmp	r1, #1
 763 000e 0ED8     		bhi	.L64
 649:Middlewares/ST/STM32_USB_Device_Library/Core/Src/usbd_ctlreq.c ****     {
 764              		.loc 1 649 5 is_stmt 1 view .LVU246
 649:Middlewares/ST/STM32_USB_Device_Library/Core/Src/usbd_ctlreq.c ****     {
 765              		.loc 1 649 17 is_stmt 0 view .LVU247
 766 0010 90F89C32 		ldrb	r3, [r0, #668]	@ zero_extendqisi2
 649:Middlewares/ST/STM32_USB_Device_Library/Core/Src/usbd_ctlreq.c ****     {
 767              		.loc 1 649 5 view .LVU248
 768 0014 022B     		cmp	r3, #2
 769 0016 0ED0     		beq	.L54
 770 0018 032B     		cmp	r3, #3
 771 001a 21D0     		beq	.L55
 698:Middlewares/ST/STM32_USB_Device_Library/Core/Src/usbd_ctlreq.c ****         USBD_ClrClassConfig(pdev, cfgidx);
 772              		.loc 1 698 9 is_stmt 1 view .LVU249
 773 001c 2946     		mov	r1, r5
 774 001e FFF7FEFF 		bl	USBD_CtlError
 775              	.LVL89:
 699:Middlewares/ST/STM32_USB_Device_Library/Core/Src/usbd_ctlreq.c ****         break;
 776              		.loc 1 699 9 view .LVU250
 777 0022 224B     		ldr	r3, .L68
 778 0024 1978     		ldrb	r1, [r3]	@ zero_extendqisi2
 779 0026 2046     		mov	r0, r4
 780 0028 FFF7FEFF 		bl	USBD_ClrClassConfig
 781              	.LVL90:
 700:Middlewares/ST/STM32_USB_Device_Library/Core/Src/usbd_ctlreq.c ****     }
 782              		.loc 1 700 9 view .LVU251
 783 002c 02E0     		b	.L51
 784              	.LVL91:
 785              	.L64:
 645:Middlewares/ST/STM32_USB_Device_Library/Core/Src/usbd_ctlreq.c ****   }
 786              		.loc 1 645 5 view .LVU252
 787 002e 2946     		mov	r1, r5
 788 0030 FFF7FEFF 		bl	USBD_CtlError
 789              	.LVL92:
 790              	.L51:
 703:Middlewares/ST/STM32_USB_Device_Library/Core/Src/usbd_ctlreq.c **** 
 791              		.loc 1 703 1 is_stmt 0 view .LVU253
 792 0034 38BD     		pop	{r3, r4, r5, pc}
 793              	.LVL93:
 794              	.L54:
 652:Middlewares/ST/STM32_USB_Device_Library/Core/Src/usbd_ctlreq.c ****         {
 795              		.loc 1 652 9 is_stmt 1 view .LVU254
 652:Middlewares/ST/STM32_USB_Device_Library/Core/Src/usbd_ctlreq.c ****         {
 796              		.loc 1 652 12 is_stmt 0 view .LVU255
 797 0036 81B1     		cbz	r1, .L57
 654:Middlewares/ST/STM32_USB_Device_Library/Core/Src/usbd_ctlreq.c ****           pdev->dev_state = USBD_STATE_CONFIGURED;
 798              		.loc 1 654 11 is_stmt 1 view .LVU256
 654:Middlewares/ST/STM32_USB_Device_Library/Core/Src/usbd_ctlreq.c ****           pdev->dev_state = USBD_STATE_CONFIGURED;
 799              		.loc 1 654 28 is_stmt 0 view .LVU257
 800 0038 4160     		str	r1, [r0, #4]
 655:Middlewares/ST/STM32_USB_Device_Library/Core/Src/usbd_ctlreq.c ****           if (USBD_SetClassConfig(pdev, cfgidx) == USBD_FAIL)
 801              		.loc 1 655 11 is_stmt 1 view .LVU258
ARM GAS  C:\Users\crist\AppData\Local\Temp\ccV0p3Ed.s 			page 35


 655:Middlewares/ST/STM32_USB_Device_Library/Core/Src/usbd_ctlreq.c ****           if (USBD_SetClassConfig(pdev, cfgidx) == USBD_FAIL)
 802              		.loc 1 655 27 is_stmt 0 view .LVU259
 803 003a 0323     		movs	r3, #3
 804 003c 80F89C32 		strb	r3, [r0, #668]
 656:Middlewares/ST/STM32_USB_Device_Library/Core/Src/usbd_ctlreq.c ****           {
 805              		.loc 1 656 11 is_stmt 1 view .LVU260
 656:Middlewares/ST/STM32_USB_Device_Library/Core/Src/usbd_ctlreq.c ****           {
 806              		.loc 1 656 15 is_stmt 0 view .LVU261
 807 0040 FFF7FEFF 		bl	USBD_SetClassConfig
 808              	.LVL94:
 656:Middlewares/ST/STM32_USB_Device_Library/Core/Src/usbd_ctlreq.c ****           {
 809              		.loc 1 656 14 discriminator 1 view .LVU262
 810 0044 0228     		cmp	r0, #2
 811 0046 03D0     		beq	.L65
 661:Middlewares/ST/STM32_USB_Device_Library/Core/Src/usbd_ctlreq.c ****         }
 812              		.loc 1 661 11 is_stmt 1 view .LVU263
 813 0048 2046     		mov	r0, r4
 814 004a FFF7FEFF 		bl	USBD_CtlSendStatus
 815              	.LVL95:
 816 004e F1E7     		b	.L51
 817              	.L65:
 658:Middlewares/ST/STM32_USB_Device_Library/Core/Src/usbd_ctlreq.c ****             return;
 818              		.loc 1 658 13 view .LVU264
 819 0050 2946     		mov	r1, r5
 820 0052 2046     		mov	r0, r4
 821 0054 FFF7FEFF 		bl	USBD_CtlError
 822              	.LVL96:
 659:Middlewares/ST/STM32_USB_Device_Library/Core/Src/usbd_ctlreq.c ****           }
 823              		.loc 1 659 13 view .LVU265
 824 0058 ECE7     		b	.L51
 825              	.LVL97:
 826              	.L57:
 665:Middlewares/ST/STM32_USB_Device_Library/Core/Src/usbd_ctlreq.c ****         }
 827              		.loc 1 665 11 view .LVU266
 828 005a FFF7FEFF 		bl	USBD_CtlSendStatus
 829              	.LVL98:
 665:Middlewares/ST/STM32_USB_Device_Library/Core/Src/usbd_ctlreq.c ****         }
 830              		.loc 1 665 11 is_stmt 0 view .LVU267
 831 005e E9E7     		b	.L51
 832              	.LVL99:
 833              	.L55:
 670:Middlewares/ST/STM32_USB_Device_Library/Core/Src/usbd_ctlreq.c ****         {
 834              		.loc 1 670 9 is_stmt 1 view .LVU268
 670:Middlewares/ST/STM32_USB_Device_Library/Core/Src/usbd_ctlreq.c ****         {
 835              		.loc 1 670 12 is_stmt 0 view .LVU269
 836 0060 89B1     		cbz	r1, .L66
 677:Middlewares/ST/STM32_USB_Device_Library/Core/Src/usbd_ctlreq.c ****         {
 837              		.loc 1 677 14 is_stmt 1 view .LVU270
 677:Middlewares/ST/STM32_USB_Device_Library/Core/Src/usbd_ctlreq.c ****         {
 838              		.loc 1 677 32 is_stmt 0 view .LVU271
 839 0062 4368     		ldr	r3, [r0, #4]
 677:Middlewares/ST/STM32_USB_Device_Library/Core/Src/usbd_ctlreq.c ****         {
 840              		.loc 1 677 17 view .LVU272
 841 0064 9942     		cmp	r1, r3
 842 0066 1DD0     		beq	.L60
 680:Middlewares/ST/STM32_USB_Device_Library/Core/Src/usbd_ctlreq.c **** 
 843              		.loc 1 680 11 is_stmt 1 view .LVU273
ARM GAS  C:\Users\crist\AppData\Local\Temp\ccV0p3Ed.s 			page 36


 844 0068 D9B2     		uxtb	r1, r3
 845 006a FFF7FEFF 		bl	USBD_ClrClassConfig
 846              	.LVL100:
 683:Middlewares/ST/STM32_USB_Device_Library/Core/Src/usbd_ctlreq.c ****           if (USBD_SetClassConfig(pdev, cfgidx) == USBD_FAIL)
 847              		.loc 1 683 11 view .LVU274
 683:Middlewares/ST/STM32_USB_Device_Library/Core/Src/usbd_ctlreq.c ****           if (USBD_SetClassConfig(pdev, cfgidx) == USBD_FAIL)
 848              		.loc 1 683 28 is_stmt 0 view .LVU275
 849 006e 0F4B     		ldr	r3, .L68
 850 0070 1978     		ldrb	r1, [r3]	@ zero_extendqisi2
 851 0072 6160     		str	r1, [r4, #4]
 684:Middlewares/ST/STM32_USB_Device_Library/Core/Src/usbd_ctlreq.c ****           {
 852              		.loc 1 684 11 is_stmt 1 view .LVU276
 684:Middlewares/ST/STM32_USB_Device_Library/Core/Src/usbd_ctlreq.c ****           {
 853              		.loc 1 684 15 is_stmt 0 view .LVU277
 854 0074 2046     		mov	r0, r4
 855 0076 FFF7FEFF 		bl	USBD_SetClassConfig
 856              	.LVL101:
 684:Middlewares/ST/STM32_USB_Device_Library/Core/Src/usbd_ctlreq.c ****           {
 857              		.loc 1 684 14 discriminator 1 view .LVU278
 858 007a 0228     		cmp	r0, #2
 859 007c 0DD0     		beq	.L67
 689:Middlewares/ST/STM32_USB_Device_Library/Core/Src/usbd_ctlreq.c ****         }
 860              		.loc 1 689 11 is_stmt 1 view .LVU279
 861 007e 2046     		mov	r0, r4
 862 0080 FFF7FEFF 		bl	USBD_CtlSendStatus
 863              	.LVL102:
 864 0084 D6E7     		b	.L51
 865              	.LVL103:
 866              	.L66:
 672:Middlewares/ST/STM32_USB_Device_Library/Core/Src/usbd_ctlreq.c ****           pdev->dev_config = cfgidx;
 867              		.loc 1 672 11 view .LVU280
 672:Middlewares/ST/STM32_USB_Device_Library/Core/Src/usbd_ctlreq.c ****           pdev->dev_config = cfgidx;
 868              		.loc 1 672 27 is_stmt 0 view .LVU281
 869 0086 0223     		movs	r3, #2
 870 0088 80F89C32 		strb	r3, [r0, #668]
 673:Middlewares/ST/STM32_USB_Device_Library/Core/Src/usbd_ctlreq.c ****           USBD_ClrClassConfig(pdev, cfgidx);
 871              		.loc 1 673 11 is_stmt 1 view .LVU282
 673:Middlewares/ST/STM32_USB_Device_Library/Core/Src/usbd_ctlreq.c ****           USBD_ClrClassConfig(pdev, cfgidx);
 872              		.loc 1 673 28 is_stmt 0 view .LVU283
 873 008c 4160     		str	r1, [r0, #4]
 674:Middlewares/ST/STM32_USB_Device_Library/Core/Src/usbd_ctlreq.c ****           USBD_CtlSendStatus(pdev);
 874              		.loc 1 674 11 is_stmt 1 view .LVU284
 875 008e FFF7FEFF 		bl	USBD_ClrClassConfig
 876              	.LVL104:
 675:Middlewares/ST/STM32_USB_Device_Library/Core/Src/usbd_ctlreq.c ****         }
 877              		.loc 1 675 11 view .LVU285
 878 0092 2046     		mov	r0, r4
 879 0094 FFF7FEFF 		bl	USBD_CtlSendStatus
 880              	.LVL105:
 881 0098 CCE7     		b	.L51
 882              	.L67:
 686:Middlewares/ST/STM32_USB_Device_Library/Core/Src/usbd_ctlreq.c ****             return;
 883              		.loc 1 686 13 view .LVU286
 884 009a 2946     		mov	r1, r5
 885 009c 2046     		mov	r0, r4
 886 009e FFF7FEFF 		bl	USBD_CtlError
 887              	.LVL106:
ARM GAS  C:\Users\crist\AppData\Local\Temp\ccV0p3Ed.s 			page 37


 687:Middlewares/ST/STM32_USB_Device_Library/Core/Src/usbd_ctlreq.c ****           }
 888              		.loc 1 687 13 view .LVU287
 889 00a2 C7E7     		b	.L51
 890              	.LVL107:
 891              	.L60:
 693:Middlewares/ST/STM32_USB_Device_Library/Core/Src/usbd_ctlreq.c ****         }
 892              		.loc 1 693 11 view .LVU288
 893 00a4 FFF7FEFF 		bl	USBD_CtlSendStatus
 894              	.LVL108:
 693:Middlewares/ST/STM32_USB_Device_Library/Core/Src/usbd_ctlreq.c ****         }
 895              		.loc 1 693 11 is_stmt 0 view .LVU289
 896 00a8 C4E7     		b	.L51
 897              	.L69:
 898 00aa 00BF     		.align	2
 899              	.L68:
 900 00ac 00000000 		.word	cfgidx.0
 901              		.cfi_endproc
 902              	.LFE73:
 904              		.section	.text.USBD_GetConfig,"ax",%progbits
 905              		.align	1
 906              		.syntax unified
 907              		.thumb
 908              		.thumb_func
 910              	USBD_GetConfig:
 911              	.LVL109:
 912              	.LFB74:
 713:Middlewares/ST/STM32_USB_Device_Library/Core/Src/usbd_ctlreq.c ****   if (req->wLength != 1U)
 913              		.loc 1 713 1 is_stmt 1 view -0
 914              		.cfi_startproc
 915              		@ args = 0, pretend = 0, frame = 0
 916              		@ frame_needed = 0, uses_anonymous_args = 0
 713:Middlewares/ST/STM32_USB_Device_Library/Core/Src/usbd_ctlreq.c ****   if (req->wLength != 1U)
 917              		.loc 1 713 1 is_stmt 0 view .LVU291
 918 0000 08B5     		push	{r3, lr}
 919              	.LCFI8:
 920              		.cfi_def_cfa_offset 8
 921              		.cfi_offset 3, -8
 922              		.cfi_offset 14, -4
 714:Middlewares/ST/STM32_USB_Device_Library/Core/Src/usbd_ctlreq.c ****   {
 923              		.loc 1 714 3 is_stmt 1 view .LVU292
 714:Middlewares/ST/STM32_USB_Device_Library/Core/Src/usbd_ctlreq.c ****   {
 924              		.loc 1 714 10 is_stmt 0 view .LVU293
 925 0002 CB88     		ldrh	r3, [r1, #6]
 714:Middlewares/ST/STM32_USB_Device_Library/Core/Src/usbd_ctlreq.c ****   {
 926              		.loc 1 714 6 view .LVU294
 927 0004 012B     		cmp	r3, #1
 928 0006 0AD1     		bne	.L78
 720:Middlewares/ST/STM32_USB_Device_Library/Core/Src/usbd_ctlreq.c ****     {
 929              		.loc 1 720 5 is_stmt 1 view .LVU295
 720:Middlewares/ST/STM32_USB_Device_Library/Core/Src/usbd_ctlreq.c ****     {
 930              		.loc 1 720 17 is_stmt 0 view .LVU296
 931 0008 90F89C32 		ldrb	r3, [r0, #668]	@ zero_extendqisi2
 720:Middlewares/ST/STM32_USB_Device_Library/Core/Src/usbd_ctlreq.c ****     {
 932              		.loc 1 720 5 view .LVU297
 933 000c 022B     		cmp	r3, #2
 934 000e 09D9     		bls	.L79
 935 0010 032B     		cmp	r3, #3
ARM GAS  C:\Users\crist\AppData\Local\Temp\ccV0p3Ed.s 			page 38


 936 0012 11D1     		bne	.L75
 729:Middlewares/ST/STM32_USB_Device_Library/Core/Src/usbd_ctlreq.c ****         break;
 937              		.loc 1 729 9 is_stmt 1 view .LVU298
 938 0014 0122     		movs	r2, #1
 939 0016 011D     		adds	r1, r0, #4
 940              	.LVL110:
 729:Middlewares/ST/STM32_USB_Device_Library/Core/Src/usbd_ctlreq.c ****         break;
 941              		.loc 1 729 9 is_stmt 0 view .LVU299
 942 0018 FFF7FEFF 		bl	USBD_CtlSendData
 943              	.LVL111:
 730:Middlewares/ST/STM32_USB_Device_Library/Core/Src/usbd_ctlreq.c **** 
 944              		.loc 1 730 9 is_stmt 1 view .LVU300
 945 001c 01E0     		b	.L70
 946              	.LVL112:
 947              	.L78:
 716:Middlewares/ST/STM32_USB_Device_Library/Core/Src/usbd_ctlreq.c ****   }
 948              		.loc 1 716 5 view .LVU301
 949 001e FFF7FEFF 		bl	USBD_CtlError
 950              	.LVL113:
 951              	.L70:
 737:Middlewares/ST/STM32_USB_Device_Library/Core/Src/usbd_ctlreq.c **** 
 952              		.loc 1 737 1 is_stmt 0 view .LVU302
 953 0022 08BD     		pop	{r3, pc}
 954              	.LVL114:
 955              	.L79:
 720:Middlewares/ST/STM32_USB_Device_Library/Core/Src/usbd_ctlreq.c ****     {
 956              		.loc 1 720 5 view .LVU303
 957 0024 5BB2     		sxtb	r3, r3
 958 0026 3BB1     		cbz	r3, .L75
 724:Middlewares/ST/STM32_USB_Device_Library/Core/Src/usbd_ctlreq.c ****         USBD_CtlSendData(pdev, (uint8_t *)(void *)&pdev->dev_default_config, 1U);
 959              		.loc 1 724 9 is_stmt 1 view .LVU304
 724:Middlewares/ST/STM32_USB_Device_Library/Core/Src/usbd_ctlreq.c ****         USBD_CtlSendData(pdev, (uint8_t *)(void *)&pdev->dev_default_config, 1U);
 960              		.loc 1 724 34 is_stmt 0 view .LVU305
 961 0028 0146     		mov	r1, r0
 962              	.LVL115:
 724:Middlewares/ST/STM32_USB_Device_Library/Core/Src/usbd_ctlreq.c ****         USBD_CtlSendData(pdev, (uint8_t *)(void *)&pdev->dev_default_config, 1U);
 963              		.loc 1 724 34 view .LVU306
 964 002a 0023     		movs	r3, #0
 965 002c 41F8083F 		str	r3, [r1, #8]!
 725:Middlewares/ST/STM32_USB_Device_Library/Core/Src/usbd_ctlreq.c ****         break;
 966              		.loc 1 725 9 is_stmt 1 view .LVU307
 967 0030 0122     		movs	r2, #1
 968 0032 FFF7FEFF 		bl	USBD_CtlSendData
 969              	.LVL116:
 726:Middlewares/ST/STM32_USB_Device_Library/Core/Src/usbd_ctlreq.c **** 
 970              		.loc 1 726 9 view .LVU308
 971 0036 F4E7     		b	.L70
 972              	.LVL117:
 973              	.L75:
 733:Middlewares/ST/STM32_USB_Device_Library/Core/Src/usbd_ctlreq.c ****         break;
 974              		.loc 1 733 9 view .LVU309
 975 0038 FFF7FEFF 		bl	USBD_CtlError
 976              	.LVL118:
 734:Middlewares/ST/STM32_USB_Device_Library/Core/Src/usbd_ctlreq.c ****     }
 977              		.loc 1 734 9 view .LVU310
 737:Middlewares/ST/STM32_USB_Device_Library/Core/Src/usbd_ctlreq.c **** 
 978              		.loc 1 737 1 is_stmt 0 view .LVU311
ARM GAS  C:\Users\crist\AppData\Local\Temp\ccV0p3Ed.s 			page 39


 979 003c F1E7     		b	.L70
 980              		.cfi_endproc
 981              	.LFE74:
 983              		.section	.text.USBD_GetStatus,"ax",%progbits
 984              		.align	1
 985              		.syntax unified
 986              		.thumb
 987              		.thumb_func
 989              	USBD_GetStatus:
 990              	.LVL119:
 991              	.LFB75:
 747:Middlewares/ST/STM32_USB_Device_Library/Core/Src/usbd_ctlreq.c ****   switch (pdev->dev_state)
 992              		.loc 1 747 1 is_stmt 1 view -0
 993              		.cfi_startproc
 994              		@ args = 0, pretend = 0, frame = 0
 995              		@ frame_needed = 0, uses_anonymous_args = 0
 747:Middlewares/ST/STM32_USB_Device_Library/Core/Src/usbd_ctlreq.c ****   switch (pdev->dev_state)
 996              		.loc 1 747 1 is_stmt 0 view .LVU313
 997 0000 08B5     		push	{r3, lr}
 998              	.LCFI9:
 999              		.cfi_def_cfa_offset 8
 1000              		.cfi_offset 3, -8
 1001              		.cfi_offset 14, -4
 748:Middlewares/ST/STM32_USB_Device_Library/Core/Src/usbd_ctlreq.c ****   {
 1002              		.loc 1 748 3 is_stmt 1 view .LVU314
 748:Middlewares/ST/STM32_USB_Device_Library/Core/Src/usbd_ctlreq.c ****   {
 1003              		.loc 1 748 15 is_stmt 0 view .LVU315
 1004 0002 90F89C32 		ldrb	r3, [r0, #668]	@ zero_extendqisi2
 748:Middlewares/ST/STM32_USB_Device_Library/Core/Src/usbd_ctlreq.c ****   {
 1005              		.loc 1 748 3 view .LVU316
 1006 0006 013B     		subs	r3, r3, #1
 1007 0008 022B     		cmp	r3, #2
 1008 000a 12D8     		bhi	.L81
 753:Middlewares/ST/STM32_USB_Device_Library/Core/Src/usbd_ctlreq.c ****       {
 1009              		.loc 1 753 7 is_stmt 1 view .LVU317
 753:Middlewares/ST/STM32_USB_Device_Library/Core/Src/usbd_ctlreq.c ****       {
 1010              		.loc 1 753 14 is_stmt 0 view .LVU318
 1011 000c CB88     		ldrh	r3, [r1, #6]
 753:Middlewares/ST/STM32_USB_Device_Library/Core/Src/usbd_ctlreq.c ****       {
 1012              		.loc 1 753 10 view .LVU319
 1013 000e 022B     		cmp	r3, #2
 1014 0010 0CD1     		bne	.L86
 760:Middlewares/ST/STM32_USB_Device_Library/Core/Src/usbd_ctlreq.c **** #else
 1015              		.loc 1 760 7 is_stmt 1 view .LVU320
 760:Middlewares/ST/STM32_USB_Device_Library/Core/Src/usbd_ctlreq.c **** #else
 1016              		.loc 1 760 31 is_stmt 0 view .LVU321
 1017 0012 0123     		movs	r3, #1
 1018 0014 C360     		str	r3, [r0, #12]
 765:Middlewares/ST/STM32_USB_Device_Library/Core/Src/usbd_ctlreq.c ****       {
 1019              		.loc 1 765 7 is_stmt 1 view .LVU322
 765:Middlewares/ST/STM32_USB_Device_Library/Core/Src/usbd_ctlreq.c ****       {
 1020              		.loc 1 765 15 is_stmt 0 view .LVU323
 1021 0016 D0F8A432 		ldr	r3, [r0, #676]
 765:Middlewares/ST/STM32_USB_Device_Library/Core/Src/usbd_ctlreq.c ****       {
 1022              		.loc 1 765 10 view .LVU324
 1023 001a 0BB1     		cbz	r3, .L84
 767:Middlewares/ST/STM32_USB_Device_Library/Core/Src/usbd_ctlreq.c ****       }
ARM GAS  C:\Users\crist\AppData\Local\Temp\ccV0p3Ed.s 			page 40


 1024              		.loc 1 767 9 is_stmt 1 view .LVU325
 767:Middlewares/ST/STM32_USB_Device_Library/Core/Src/usbd_ctlreq.c ****       }
 1025              		.loc 1 767 33 is_stmt 0 view .LVU326
 1026 001c 0323     		movs	r3, #3
 1027 001e C360     		str	r3, [r0, #12]
 1028              	.L84:
 770:Middlewares/ST/STM32_USB_Device_Library/Core/Src/usbd_ctlreq.c ****       break;
 1029              		.loc 1 770 7 is_stmt 1 view .LVU327
 1030 0020 0222     		movs	r2, #2
 1031 0022 00F10C01 		add	r1, r0, #12
 1032              	.LVL120:
 770:Middlewares/ST/STM32_USB_Device_Library/Core/Src/usbd_ctlreq.c ****       break;
 1033              		.loc 1 770 7 is_stmt 0 view .LVU328
 1034 0026 FFF7FEFF 		bl	USBD_CtlSendData
 1035              	.LVL121:
 771:Middlewares/ST/STM32_USB_Device_Library/Core/Src/usbd_ctlreq.c **** 
 1036              		.loc 1 771 7 is_stmt 1 view .LVU329
 1037              	.L80:
 777:Middlewares/ST/STM32_USB_Device_Library/Core/Src/usbd_ctlreq.c **** 
 1038              		.loc 1 777 1 is_stmt 0 view .LVU330
 1039 002a 08BD     		pop	{r3, pc}
 1040              	.LVL122:
 1041              	.L86:
 755:Middlewares/ST/STM32_USB_Device_Library/Core/Src/usbd_ctlreq.c ****         break;
 1042              		.loc 1 755 9 is_stmt 1 view .LVU331
 1043 002c FFF7FEFF 		bl	USBD_CtlError
 1044              	.LVL123:
 756:Middlewares/ST/STM32_USB_Device_Library/Core/Src/usbd_ctlreq.c ****       }
 1045              		.loc 1 756 9 view .LVU332
 1046 0030 FBE7     		b	.L80
 1047              	.LVL124:
 1048              	.L81:
 774:Middlewares/ST/STM32_USB_Device_Library/Core/Src/usbd_ctlreq.c ****       break;
 1049              		.loc 1 774 7 view .LVU333
 1050 0032 FFF7FEFF 		bl	USBD_CtlError
 1051              	.LVL125:
 775:Middlewares/ST/STM32_USB_Device_Library/Core/Src/usbd_ctlreq.c ****   }
 1052              		.loc 1 775 7 view .LVU334
 777:Middlewares/ST/STM32_USB_Device_Library/Core/Src/usbd_ctlreq.c **** 
 1053              		.loc 1 777 1 is_stmt 0 view .LVU335
 1054 0036 F8E7     		b	.L80
 1055              		.cfi_endproc
 1056              	.LFE75:
 1058              		.section	.text.USBD_ClrFeature,"ax",%progbits
 1059              		.align	1
 1060              		.syntax unified
 1061              		.thumb
 1062              		.thumb_func
 1064              	USBD_ClrFeature:
 1065              	.LVL126:
 1066              	.LFB77:
 807:Middlewares/ST/STM32_USB_Device_Library/Core/Src/usbd_ctlreq.c ****   switch (pdev->dev_state)
 1067              		.loc 1 807 1 is_stmt 1 view -0
 1068              		.cfi_startproc
 1069              		@ args = 0, pretend = 0, frame = 0
 1070              		@ frame_needed = 0, uses_anonymous_args = 0
 807:Middlewares/ST/STM32_USB_Device_Library/Core/Src/usbd_ctlreq.c ****   switch (pdev->dev_state)
ARM GAS  C:\Users\crist\AppData\Local\Temp\ccV0p3Ed.s 			page 41


 1071              		.loc 1 807 1 is_stmt 0 view .LVU337
 1072 0000 08B5     		push	{r3, lr}
 1073              	.LCFI10:
 1074              		.cfi_def_cfa_offset 8
 1075              		.cfi_offset 3, -8
 1076              		.cfi_offset 14, -4
 808:Middlewares/ST/STM32_USB_Device_Library/Core/Src/usbd_ctlreq.c ****   {
 1077              		.loc 1 808 3 is_stmt 1 view .LVU338
 808:Middlewares/ST/STM32_USB_Device_Library/Core/Src/usbd_ctlreq.c ****   {
 1078              		.loc 1 808 15 is_stmt 0 view .LVU339
 1079 0002 90F89C32 		ldrb	r3, [r0, #668]	@ zero_extendqisi2
 808:Middlewares/ST/STM32_USB_Device_Library/Core/Src/usbd_ctlreq.c ****   {
 1080              		.loc 1 808 3 view .LVU340
 1081 0006 013B     		subs	r3, r3, #1
 1082 0008 022B     		cmp	r3, #2
 1083 000a 09D8     		bhi	.L88
 813:Middlewares/ST/STM32_USB_Device_Library/Core/Src/usbd_ctlreq.c ****       {
 1084              		.loc 1 813 7 is_stmt 1 view .LVU341
 813:Middlewares/ST/STM32_USB_Device_Library/Core/Src/usbd_ctlreq.c ****       {
 1085              		.loc 1 813 14 is_stmt 0 view .LVU342
 1086 000c 4B88     		ldrh	r3, [r1, #2]
 813:Middlewares/ST/STM32_USB_Device_Library/Core/Src/usbd_ctlreq.c ****       {
 1087              		.loc 1 813 10 view .LVU343
 1088 000e 012B     		cmp	r3, #1
 1089 0010 00D0     		beq	.L91
 1090              	.LVL127:
 1091              	.L87:
 824:Middlewares/ST/STM32_USB_Device_Library/Core/Src/usbd_ctlreq.c **** 
 1092              		.loc 1 824 1 view .LVU344
 1093 0012 08BD     		pop	{r3, pc}
 1094              	.LVL128:
 1095              	.L91:
 815:Middlewares/ST/STM32_USB_Device_Library/Core/Src/usbd_ctlreq.c ****         USBD_CtlSendStatus(pdev);
 1096              		.loc 1 815 9 is_stmt 1 view .LVU345
 815:Middlewares/ST/STM32_USB_Device_Library/Core/Src/usbd_ctlreq.c ****         USBD_CtlSendStatus(pdev);
 1097              		.loc 1 815 33 is_stmt 0 view .LVU346
 1098 0014 0023     		movs	r3, #0
 1099 0016 C0F8A432 		str	r3, [r0, #676]
 816:Middlewares/ST/STM32_USB_Device_Library/Core/Src/usbd_ctlreq.c ****       }
 1100              		.loc 1 816 9 is_stmt 1 view .LVU347
 1101 001a FFF7FEFF 		bl	USBD_CtlSendStatus
 1102              	.LVL129:
 816:Middlewares/ST/STM32_USB_Device_Library/Core/Src/usbd_ctlreq.c ****       }
 1103              		.loc 1 816 9 is_stmt 0 view .LVU348
 1104 001e F8E7     		b	.L87
 1105              	.LVL130:
 1106              	.L88:
 821:Middlewares/ST/STM32_USB_Device_Library/Core/Src/usbd_ctlreq.c ****       break;
 1107              		.loc 1 821 7 is_stmt 1 view .LVU349
 1108 0020 FFF7FEFF 		bl	USBD_CtlError
 1109              	.LVL131:
 822:Middlewares/ST/STM32_USB_Device_Library/Core/Src/usbd_ctlreq.c ****   }
 1110              		.loc 1 822 7 view .LVU350
 824:Middlewares/ST/STM32_USB_Device_Library/Core/Src/usbd_ctlreq.c **** 
 1111              		.loc 1 824 1 is_stmt 0 view .LVU351
 1112 0024 F5E7     		b	.L87
 1113              		.cfi_endproc
ARM GAS  C:\Users\crist\AppData\Local\Temp\ccV0p3Ed.s 			page 42


 1114              	.LFE77:
 1116              		.section	.text.USBD_StdDevReq,"ax",%progbits
 1117              		.align	1
 1118              		.global	USBD_StdDevReq
 1119              		.syntax unified
 1120              		.thumb
 1121              		.thumb_func
 1123              	USBD_StdDevReq:
 1124              	.LVL132:
 1125              	.LFB68:
 116:Middlewares/ST/STM32_USB_Device_Library/Core/Src/usbd_ctlreq.c ****   USBD_StatusTypeDef ret = USBD_OK;
 1126              		.loc 1 116 1 is_stmt 1 view -0
 1127              		.cfi_startproc
 1128              		@ args = 0, pretend = 0, frame = 0
 1129              		@ frame_needed = 0, uses_anonymous_args = 0
 116:Middlewares/ST/STM32_USB_Device_Library/Core/Src/usbd_ctlreq.c ****   USBD_StatusTypeDef ret = USBD_OK;
 1130              		.loc 1 116 1 is_stmt 0 view .LVU353
 1131 0000 08B5     		push	{r3, lr}
 1132              	.LCFI11:
 1133              		.cfi_def_cfa_offset 8
 1134              		.cfi_offset 3, -8
 1135              		.cfi_offset 14, -4
 117:Middlewares/ST/STM32_USB_Device_Library/Core/Src/usbd_ctlreq.c **** 
 1136              		.loc 1 117 3 is_stmt 1 view .LVU354
 1137              	.LVL133:
 119:Middlewares/ST/STM32_USB_Device_Library/Core/Src/usbd_ctlreq.c ****   {
 1138              		.loc 1 119 3 view .LVU355
 119:Middlewares/ST/STM32_USB_Device_Library/Core/Src/usbd_ctlreq.c ****   {
 1139              		.loc 1 119 14 is_stmt 0 view .LVU356
 1140 0002 0B78     		ldrb	r3, [r1]	@ zero_extendqisi2
 1141 0004 03F06003 		and	r3, r3, #96
 119:Middlewares/ST/STM32_USB_Device_Library/Core/Src/usbd_ctlreq.c ****   {
 1142              		.loc 1 119 3 view .LVU357
 1143 0008 202B     		cmp	r3, #32
 1144 000a 05D0     		beq	.L93
 1145 000c 402B     		cmp	r3, #64
 1146 000e 03D0     		beq	.L93
 1147 0010 43B1     		cbz	r3, .L94
 164:Middlewares/ST/STM32_USB_Device_Library/Core/Src/usbd_ctlreq.c ****       break;
 1148              		.loc 1 164 7 is_stmt 1 view .LVU358
 1149 0012 FFF7FEFF 		bl	USBD_CtlError
 1150              	.LVL134:
 165:Middlewares/ST/STM32_USB_Device_Library/Core/Src/usbd_ctlreq.c ****   }
 1151              		.loc 1 165 7 view .LVU359
 1152 0016 03E0     		b	.L96
 1153              	.LVL135:
 1154              	.L93:
 123:Middlewares/ST/STM32_USB_Device_Library/Core/Src/usbd_ctlreq.c ****       break;
 1155              		.loc 1 123 7 view .LVU360
 123:Middlewares/ST/STM32_USB_Device_Library/Core/Src/usbd_ctlreq.c ****       break;
 1156              		.loc 1 123 11 is_stmt 0 view .LVU361
 1157 0018 D0F8B432 		ldr	r3, [r0, #692]
 123:Middlewares/ST/STM32_USB_Device_Library/Core/Src/usbd_ctlreq.c ****       break;
 1158              		.loc 1 123 19 view .LVU362
 1159 001c 9B68     		ldr	r3, [r3, #8]
 123:Middlewares/ST/STM32_USB_Device_Library/Core/Src/usbd_ctlreq.c ****       break;
 1160              		.loc 1 123 7 view .LVU363
ARM GAS  C:\Users\crist\AppData\Local\Temp\ccV0p3Ed.s 			page 43


 1161 001e 9847     		blx	r3
 1162              	.LVL136:
 124:Middlewares/ST/STM32_USB_Device_Library/Core/Src/usbd_ctlreq.c **** 
 1163              		.loc 1 124 7 is_stmt 1 view .LVU364
 1164              	.L96:
 168:Middlewares/ST/STM32_USB_Device_Library/Core/Src/usbd_ctlreq.c **** }
 1165              		.loc 1 168 3 view .LVU365
 169:Middlewares/ST/STM32_USB_Device_Library/Core/Src/usbd_ctlreq.c **** 
 1166              		.loc 1 169 1 is_stmt 0 view .LVU366
 1167 0020 0020     		movs	r0, #0
 1168 0022 08BD     		pop	{r3, pc}
 1169              	.LVL137:
 1170              	.L94:
 127:Middlewares/ST/STM32_USB_Device_Library/Core/Src/usbd_ctlreq.c ****       {
 1171              		.loc 1 127 7 is_stmt 1 view .LVU367
 127:Middlewares/ST/STM32_USB_Device_Library/Core/Src/usbd_ctlreq.c ****       {
 1172              		.loc 1 127 18 is_stmt 0 view .LVU368
 1173 0024 4B78     		ldrb	r3, [r1, #1]	@ zero_extendqisi2
 127:Middlewares/ST/STM32_USB_Device_Library/Core/Src/usbd_ctlreq.c ****       {
 1174              		.loc 1 127 7 view .LVU369
 1175 0026 092B     		cmp	r3, #9
 1176 0028 1BD8     		bhi	.L97
 1177 002a DFE803F0 		tbb	[pc, r3]
 1178              	.L99:
 1179 002e 11       		.byte	(.L105-.L99)/2
 1180 002f 17       		.byte	(.L104-.L99)/2
 1181 0030 1A       		.byte	(.L97-.L99)/2
 1182 0031 14       		.byte	(.L103-.L99)/2
 1183 0032 1A       		.byte	(.L97-.L99)/2
 1184 0033 08       		.byte	(.L102-.L99)/2
 1185 0034 05       		.byte	(.L101-.L99)/2
 1186 0035 1A       		.byte	(.L97-.L99)/2
 1187 0036 0E       		.byte	(.L100-.L99)/2
 1188 0037 0B       		.byte	(.L98-.L99)/2
 1189              		.p2align 1
 1190              	.L101:
 130:Middlewares/ST/STM32_USB_Device_Library/Core/Src/usbd_ctlreq.c ****           break;
 1191              		.loc 1 130 11 is_stmt 1 view .LVU370
 1192 0038 FFF7FEFF 		bl	USBD_GetDescriptor
 1193              	.LVL138:
 131:Middlewares/ST/STM32_USB_Device_Library/Core/Src/usbd_ctlreq.c **** 
 1194              		.loc 1 131 11 view .LVU371
 1195 003c F0E7     		b	.L96
 1196              	.LVL139:
 1197              	.L102:
 134:Middlewares/ST/STM32_USB_Device_Library/Core/Src/usbd_ctlreq.c ****           break;
 1198              		.loc 1 134 11 view .LVU372
 1199 003e FFF7FEFF 		bl	USBD_SetAddress
 1200              	.LVL140:
 135:Middlewares/ST/STM32_USB_Device_Library/Core/Src/usbd_ctlreq.c **** 
 1201              		.loc 1 135 11 view .LVU373
 1202 0042 EDE7     		b	.L96
 1203              	.LVL141:
 1204              	.L98:
 138:Middlewares/ST/STM32_USB_Device_Library/Core/Src/usbd_ctlreq.c ****           break;
 1205              		.loc 1 138 11 view .LVU374
 1206 0044 FFF7FEFF 		bl	USBD_SetConfig
ARM GAS  C:\Users\crist\AppData\Local\Temp\ccV0p3Ed.s 			page 44


 1207              	.LVL142:
 139:Middlewares/ST/STM32_USB_Device_Library/Core/Src/usbd_ctlreq.c **** 
 1208              		.loc 1 139 11 view .LVU375
 1209 0048 EAE7     		b	.L96
 1210              	.LVL143:
 1211              	.L100:
 142:Middlewares/ST/STM32_USB_Device_Library/Core/Src/usbd_ctlreq.c ****           break;
 1212              		.loc 1 142 11 view .LVU376
 1213 004a FFF7FEFF 		bl	USBD_GetConfig
 1214              	.LVL144:
 143:Middlewares/ST/STM32_USB_Device_Library/Core/Src/usbd_ctlreq.c **** 
 1215              		.loc 1 143 11 view .LVU377
 1216 004e E7E7     		b	.L96
 1217              	.LVL145:
 1218              	.L105:
 146:Middlewares/ST/STM32_USB_Device_Library/Core/Src/usbd_ctlreq.c ****           break;
 1219              		.loc 1 146 11 view .LVU378
 1220 0050 FFF7FEFF 		bl	USBD_GetStatus
 1221              	.LVL146:
 147:Middlewares/ST/STM32_USB_Device_Library/Core/Src/usbd_ctlreq.c **** 
 1222              		.loc 1 147 11 view .LVU379
 1223 0054 E4E7     		b	.L96
 1224              	.LVL147:
 1225              	.L103:
 150:Middlewares/ST/STM32_USB_Device_Library/Core/Src/usbd_ctlreq.c ****           break;
 1226              		.loc 1 150 11 view .LVU380
 1227 0056 FFF7FEFF 		bl	USBD_SetFeature
 1228              	.LVL148:
 151:Middlewares/ST/STM32_USB_Device_Library/Core/Src/usbd_ctlreq.c **** 
 1229              		.loc 1 151 11 view .LVU381
 1230 005a E1E7     		b	.L96
 1231              	.LVL149:
 1232              	.L104:
 154:Middlewares/ST/STM32_USB_Device_Library/Core/Src/usbd_ctlreq.c ****           break;
 1233              		.loc 1 154 11 view .LVU382
 1234 005c FFF7FEFF 		bl	USBD_ClrFeature
 1235              	.LVL150:
 155:Middlewares/ST/STM32_USB_Device_Library/Core/Src/usbd_ctlreq.c **** 
 1236              		.loc 1 155 11 view .LVU383
 1237 0060 DEE7     		b	.L96
 1238              	.LVL151:
 1239              	.L97:
 158:Middlewares/ST/STM32_USB_Device_Library/Core/Src/usbd_ctlreq.c ****           break;
 1240              		.loc 1 158 11 view .LVU384
 1241 0062 FFF7FEFF 		bl	USBD_CtlError
 1242              	.LVL152:
 159:Middlewares/ST/STM32_USB_Device_Library/Core/Src/usbd_ctlreq.c ****       }
 1243              		.loc 1 159 11 view .LVU385
 1244 0066 DBE7     		b	.L96
 1245              		.cfi_endproc
 1246              	.LFE68:
 1248              		.section	.text.USBD_StdItfReq,"ax",%progbits
 1249              		.align	1
 1250              		.global	USBD_StdItfReq
 1251              		.syntax unified
 1252              		.thumb
 1253              		.thumb_func
ARM GAS  C:\Users\crist\AppData\Local\Temp\ccV0p3Ed.s 			page 45


 1255              	USBD_StdItfReq:
 1256              	.LVL153:
 1257              	.LFB69:
 180:Middlewares/ST/STM32_USB_Device_Library/Core/Src/usbd_ctlreq.c ****   USBD_StatusTypeDef ret = USBD_OK;
 1258              		.loc 1 180 1 view -0
 1259              		.cfi_startproc
 1260              		@ args = 0, pretend = 0, frame = 0
 1261              		@ frame_needed = 0, uses_anonymous_args = 0
 180:Middlewares/ST/STM32_USB_Device_Library/Core/Src/usbd_ctlreq.c ****   USBD_StatusTypeDef ret = USBD_OK;
 1262              		.loc 1 180 1 is_stmt 0 view .LVU387
 1263 0000 38B5     		push	{r3, r4, r5, lr}
 1264              	.LCFI12:
 1265              		.cfi_def_cfa_offset 16
 1266              		.cfi_offset 3, -16
 1267              		.cfi_offset 4, -12
 1268              		.cfi_offset 5, -8
 1269              		.cfi_offset 14, -4
 1270 0002 0546     		mov	r5, r0
 1271 0004 0C46     		mov	r4, r1
 181:Middlewares/ST/STM32_USB_Device_Library/Core/Src/usbd_ctlreq.c **** 
 1272              		.loc 1 181 3 is_stmt 1 view .LVU388
 1273              	.LVL154:
 183:Middlewares/ST/STM32_USB_Device_Library/Core/Src/usbd_ctlreq.c ****   {
 1274              		.loc 1 183 3 view .LVU389
 183:Middlewares/ST/STM32_USB_Device_Library/Core/Src/usbd_ctlreq.c ****   {
 1275              		.loc 1 183 14 is_stmt 0 view .LVU390
 1276 0006 0B78     		ldrb	r3, [r1]	@ zero_extendqisi2
 1277 0008 03F06003 		and	r3, r3, #96
 183:Middlewares/ST/STM32_USB_Device_Library/Core/Src/usbd_ctlreq.c ****   {
 1278              		.loc 1 183 3 view .LVU391
 1279 000c 202B     		cmp	r3, #32
 1280 000e 06D0     		beq	.L109
 1281 0010 402B     		cmp	r3, #64
 1282 0012 04D0     		beq	.L109
 1283 0014 1BB1     		cbz	r3, .L109
 216:Middlewares/ST/STM32_USB_Device_Library/Core/Src/usbd_ctlreq.c ****       break;
 1284              		.loc 1 216 7 is_stmt 1 view .LVU392
 1285 0016 FFF7FEFF 		bl	USBD_CtlError
 1286              	.LVL155:
 217:Middlewares/ST/STM32_USB_Device_Library/Core/Src/usbd_ctlreq.c ****   }
 1287              		.loc 1 217 7 view .LVU393
 1288              	.L113:
 220:Middlewares/ST/STM32_USB_Device_Library/Core/Src/usbd_ctlreq.c **** }
 1289              		.loc 1 220 3 view .LVU394
 221:Middlewares/ST/STM32_USB_Device_Library/Core/Src/usbd_ctlreq.c **** 
 1290              		.loc 1 221 1 is_stmt 0 view .LVU395
 1291 001a 0020     		movs	r0, #0
 1292 001c 38BD     		pop	{r3, r4, r5, pc}
 1293              	.LVL156:
 1294              	.L109:
 188:Middlewares/ST/STM32_USB_Device_Library/Core/Src/usbd_ctlreq.c ****       {
 1295              		.loc 1 188 7 is_stmt 1 view .LVU396
 188:Middlewares/ST/STM32_USB_Device_Library/Core/Src/usbd_ctlreq.c ****       {
 1296              		.loc 1 188 19 is_stmt 0 view .LVU397
 1297 001e 95F89C32 		ldrb	r3, [r5, #668]	@ zero_extendqisi2
 188:Middlewares/ST/STM32_USB_Device_Library/Core/Src/usbd_ctlreq.c ****       {
 1298              		.loc 1 188 7 view .LVU398
ARM GAS  C:\Users\crist\AppData\Local\Temp\ccV0p3Ed.s 			page 46


 1299 0022 013B     		subs	r3, r3, #1
 1300 0024 022B     		cmp	r3, #2
 1301 0026 16D8     		bhi	.L111
 194:Middlewares/ST/STM32_USB_Device_Library/Core/Src/usbd_ctlreq.c ****           {
 1302              		.loc 1 194 11 is_stmt 1 view .LVU399
 194:Middlewares/ST/STM32_USB_Device_Library/Core/Src/usbd_ctlreq.c ****           {
 1303              		.loc 1 194 15 is_stmt 0 view .LVU400
 1304 0028 2379     		ldrb	r3, [r4, #4]	@ zero_extendqisi2
 194:Middlewares/ST/STM32_USB_Device_Library/Core/Src/usbd_ctlreq.c ****           {
 1305              		.loc 1 194 14 view .LVU401
 1306 002a 012B     		cmp	r3, #1
 1307 002c 0ED8     		bhi	.L112
 196:Middlewares/ST/STM32_USB_Device_Library/Core/Src/usbd_ctlreq.c **** 
 1308              		.loc 1 196 13 is_stmt 1 view .LVU402
 196:Middlewares/ST/STM32_USB_Device_Library/Core/Src/usbd_ctlreq.c **** 
 1309              		.loc 1 196 43 is_stmt 0 view .LVU403
 1310 002e D5F8B432 		ldr	r3, [r5, #692]
 196:Middlewares/ST/STM32_USB_Device_Library/Core/Src/usbd_ctlreq.c **** 
 1311              		.loc 1 196 51 view .LVU404
 1312 0032 9B68     		ldr	r3, [r3, #8]
 196:Middlewares/ST/STM32_USB_Device_Library/Core/Src/usbd_ctlreq.c **** 
 1313              		.loc 1 196 39 view .LVU405
 1314 0034 2146     		mov	r1, r4
 1315              	.LVL157:
 196:Middlewares/ST/STM32_USB_Device_Library/Core/Src/usbd_ctlreq.c **** 
 1316              		.loc 1 196 39 view .LVU406
 1317 0036 2846     		mov	r0, r5
 1318              	.LVL158:
 196:Middlewares/ST/STM32_USB_Device_Library/Core/Src/usbd_ctlreq.c **** 
 1319              		.loc 1 196 39 view .LVU407
 1320 0038 9847     		blx	r3
 1321              	.LVL159:
 198:Middlewares/ST/STM32_USB_Device_Library/Core/Src/usbd_ctlreq.c ****             {
 1322              		.loc 1 198 13 is_stmt 1 view .LVU408
 198:Middlewares/ST/STM32_USB_Device_Library/Core/Src/usbd_ctlreq.c ****             {
 1323              		.loc 1 198 21 is_stmt 0 view .LVU409
 1324 003a E388     		ldrh	r3, [r4, #6]
 198:Middlewares/ST/STM32_USB_Device_Library/Core/Src/usbd_ctlreq.c ****             {
 1325              		.loc 1 198 16 view .LVU410
 1326 003c 002B     		cmp	r3, #0
 1327 003e ECD1     		bne	.L113
 198:Middlewares/ST/STM32_USB_Device_Library/Core/Src/usbd_ctlreq.c ****             {
 1328              		.loc 1 198 38 discriminator 1 view .LVU411
 1329 0040 0028     		cmp	r0, #0
 1330 0042 EAD1     		bne	.L113
 200:Middlewares/ST/STM32_USB_Device_Library/Core/Src/usbd_ctlreq.c ****             }
 1331              		.loc 1 200 15 is_stmt 1 view .LVU412
 1332 0044 2846     		mov	r0, r5
 1333              	.LVL160:
 200:Middlewares/ST/STM32_USB_Device_Library/Core/Src/usbd_ctlreq.c ****             }
 1334              		.loc 1 200 15 is_stmt 0 view .LVU413
 1335 0046 FFF7FEFF 		bl	USBD_CtlSendStatus
 1336              	.LVL161:
 1337 004a E6E7     		b	.L113
 1338              	.LVL162:
 1339              	.L112:
 205:Middlewares/ST/STM32_USB_Device_Library/Core/Src/usbd_ctlreq.c ****           }
ARM GAS  C:\Users\crist\AppData\Local\Temp\ccV0p3Ed.s 			page 47


 1340              		.loc 1 205 13 is_stmt 1 view .LVU414
 1341 004c 2146     		mov	r1, r4
 1342              	.LVL163:
 205:Middlewares/ST/STM32_USB_Device_Library/Core/Src/usbd_ctlreq.c ****           }
 1343              		.loc 1 205 13 is_stmt 0 view .LVU415
 1344 004e 2846     		mov	r0, r5
 1345              	.LVL164:
 205:Middlewares/ST/STM32_USB_Device_Library/Core/Src/usbd_ctlreq.c ****           }
 1346              		.loc 1 205 13 view .LVU416
 1347 0050 FFF7FEFF 		bl	USBD_CtlError
 1348              	.LVL165:
 1349 0054 E1E7     		b	.L113
 1350              	.LVL166:
 1351              	.L111:
 210:Middlewares/ST/STM32_USB_Device_Library/Core/Src/usbd_ctlreq.c ****           break;
 1352              		.loc 1 210 11 is_stmt 1 view .LVU417
 1353 0056 2146     		mov	r1, r4
 1354              	.LVL167:
 210:Middlewares/ST/STM32_USB_Device_Library/Core/Src/usbd_ctlreq.c ****           break;
 1355              		.loc 1 210 11 is_stmt 0 view .LVU418
 1356 0058 2846     		mov	r0, r5
 1357              	.LVL168:
 210:Middlewares/ST/STM32_USB_Device_Library/Core/Src/usbd_ctlreq.c ****           break;
 1358              		.loc 1 210 11 view .LVU419
 1359 005a FFF7FEFF 		bl	USBD_CtlError
 1360              	.LVL169:
 211:Middlewares/ST/STM32_USB_Device_Library/Core/Src/usbd_ctlreq.c ****       }
 1361              		.loc 1 211 11 is_stmt 1 view .LVU420
 1362 005e DCE7     		b	.L113
 1363              		.cfi_endproc
 1364              	.LFE69:
 1366              		.section	.text.USBD_StdEPReq,"ax",%progbits
 1367              		.align	1
 1368              		.global	USBD_StdEPReq
 1369              		.syntax unified
 1370              		.thumb
 1371              		.thumb_func
 1373              	USBD_StdEPReq:
 1374              	.LVL170:
 1375              	.LFB70:
 232:Middlewares/ST/STM32_USB_Device_Library/Core/Src/usbd_ctlreq.c ****   USBD_EndpointTypeDef *pep;
 1376              		.loc 1 232 1 view -0
 1377              		.cfi_startproc
 1378              		@ args = 0, pretend = 0, frame = 0
 1379              		@ frame_needed = 0, uses_anonymous_args = 0
 232:Middlewares/ST/STM32_USB_Device_Library/Core/Src/usbd_ctlreq.c ****   USBD_EndpointTypeDef *pep;
 1380              		.loc 1 232 1 is_stmt 0 view .LVU422
 1381 0000 70B5     		push	{r4, r5, r6, lr}
 1382              	.LCFI13:
 1383              		.cfi_def_cfa_offset 16
 1384              		.cfi_offset 4, -16
 1385              		.cfi_offset 5, -12
 1386              		.cfi_offset 6, -8
 1387              		.cfi_offset 14, -4
 1388 0002 0546     		mov	r5, r0
 233:Middlewares/ST/STM32_USB_Device_Library/Core/Src/usbd_ctlreq.c ****   uint8_t   ep_addr;
 1389              		.loc 1 233 3 is_stmt 1 view .LVU423
ARM GAS  C:\Users\crist\AppData\Local\Temp\ccV0p3Ed.s 			page 48


 234:Middlewares/ST/STM32_USB_Device_Library/Core/Src/usbd_ctlreq.c ****   USBD_StatusTypeDef ret = USBD_OK;
 1390              		.loc 1 234 3 view .LVU424
 235:Middlewares/ST/STM32_USB_Device_Library/Core/Src/usbd_ctlreq.c ****   ep_addr  = LOBYTE(req->wIndex);
 1391              		.loc 1 235 3 view .LVU425
 1392              	.LVL171:
 236:Middlewares/ST/STM32_USB_Device_Library/Core/Src/usbd_ctlreq.c **** 
 1393              		.loc 1 236 3 view .LVU426
 236:Middlewares/ST/STM32_USB_Device_Library/Core/Src/usbd_ctlreq.c **** 
 1394              		.loc 1 236 14 is_stmt 0 view .LVU427
 1395 0004 8B88     		ldrh	r3, [r1, #4]
 1396              	.LVL172:
 238:Middlewares/ST/STM32_USB_Device_Library/Core/Src/usbd_ctlreq.c ****   {
 1397              		.loc 1 238 3 is_stmt 1 view .LVU428
 238:Middlewares/ST/STM32_USB_Device_Library/Core/Src/usbd_ctlreq.c ****   {
 1398              		.loc 1 238 14 is_stmt 0 view .LVU429
 1399 0006 0C78     		ldrb	r4, [r1]	@ zero_extendqisi2
 1400 0008 04F06004 		and	r4, r4, #96
 238:Middlewares/ST/STM32_USB_Device_Library/Core/Src/usbd_ctlreq.c ****   {
 1401              		.loc 1 238 3 view .LVU430
 1402 000c 202C     		cmp	r4, #32
 1403 000e 07D0     		beq	.L116
 1404 0010 DAB2     		uxtb	r2, r3
 1405 0012 402C     		cmp	r4, #64
 1406 0014 04D0     		beq	.L116
 1407 0016 5CB1     		cbz	r4, .L117
 390:Middlewares/ST/STM32_USB_Device_Library/Core/Src/usbd_ctlreq.c ****       break;
 1408              		.loc 1 390 7 is_stmt 1 view .LVU431
 1409 0018 FFF7FEFF 		bl	USBD_CtlError
 1410              	.LVL173:
 391:Middlewares/ST/STM32_USB_Device_Library/Core/Src/usbd_ctlreq.c ****   }
 1411              		.loc 1 391 7 view .LVU432
 394:Middlewares/ST/STM32_USB_Device_Library/Core/Src/usbd_ctlreq.c **** }
 1412              		.loc 1 394 10 is_stmt 0 view .LVU433
 1413 001c 0024     		movs	r4, #0
 391:Middlewares/ST/STM32_USB_Device_Library/Core/Src/usbd_ctlreq.c ****   }
 1414              		.loc 1 391 7 view .LVU434
 1415 001e 05E0     		b	.L119
 1416              	.LVL174:
 1417              	.L116:
 242:Middlewares/ST/STM32_USB_Device_Library/Core/Src/usbd_ctlreq.c ****       break;
 1418              		.loc 1 242 7 is_stmt 1 view .LVU435
 242:Middlewares/ST/STM32_USB_Device_Library/Core/Src/usbd_ctlreq.c ****       break;
 1419              		.loc 1 242 11 is_stmt 0 view .LVU436
 1420 0020 D5F8B432 		ldr	r3, [r5, #692]
 1421              	.LVL175:
 242:Middlewares/ST/STM32_USB_Device_Library/Core/Src/usbd_ctlreq.c ****       break;
 1422              		.loc 1 242 19 view .LVU437
 1423 0024 9B68     		ldr	r3, [r3, #8]
 242:Middlewares/ST/STM32_USB_Device_Library/Core/Src/usbd_ctlreq.c ****       break;
 1424              		.loc 1 242 7 view .LVU438
 1425 0026 2846     		mov	r0, r5
 1426              	.LVL176:
 242:Middlewares/ST/STM32_USB_Device_Library/Core/Src/usbd_ctlreq.c ****       break;
 1427              		.loc 1 242 7 view .LVU439
 1428 0028 9847     		blx	r3
 1429              	.LVL177:
 243:Middlewares/ST/STM32_USB_Device_Library/Core/Src/usbd_ctlreq.c **** 
ARM GAS  C:\Users\crist\AppData\Local\Temp\ccV0p3Ed.s 			page 49


 1430              		.loc 1 243 7 is_stmt 1 view .LVU440
 394:Middlewares/ST/STM32_USB_Device_Library/Core/Src/usbd_ctlreq.c **** }
 1431              		.loc 1 394 10 is_stmt 0 view .LVU441
 1432 002a 0024     		movs	r4, #0
 1433              	.LVL178:
 1434              	.L119:
 395:Middlewares/ST/STM32_USB_Device_Library/Core/Src/usbd_ctlreq.c **** 
 1435              		.loc 1 395 1 view .LVU442
 1436 002c 2046     		mov	r0, r4
 1437 002e 70BD     		pop	{r4, r5, r6, pc}
 1438              	.LVL179:
 1439              	.L117:
 247:Middlewares/ST/STM32_USB_Device_Library/Core/Src/usbd_ctlreq.c ****       {
 1440              		.loc 1 247 7 is_stmt 1 view .LVU443
 247:Middlewares/ST/STM32_USB_Device_Library/Core/Src/usbd_ctlreq.c ****       {
 1441              		.loc 1 247 10 is_stmt 0 view .LVU444
 1442 0030 202C     		cmp	r4, #32
 1443 0032 09D0     		beq	.L155
 254:Middlewares/ST/STM32_USB_Device_Library/Core/Src/usbd_ctlreq.c ****       {
 1444              		.loc 1 254 7 is_stmt 1 view .LVU445
 254:Middlewares/ST/STM32_USB_Device_Library/Core/Src/usbd_ctlreq.c ****       {
 1445              		.loc 1 254 18 is_stmt 0 view .LVU446
 1446 0034 4E78     		ldrb	r6, [r1, #1]	@ zero_extendqisi2
 254:Middlewares/ST/STM32_USB_Device_Library/Core/Src/usbd_ctlreq.c ****       {
 1447              		.loc 1 254 7 view .LVU447
 1448 0036 012E     		cmp	r6, #1
 1449 0038 33D0     		beq	.L121
 1450 003a 032E     		cmp	r6, #3
 1451 003c 0AD0     		beq	.L122
 1452 003e 002E     		cmp	r6, #0
 1453 0040 55D0     		beq	.L123
 384:Middlewares/ST/STM32_USB_Device_Library/Core/Src/usbd_ctlreq.c ****           break;
 1454              		.loc 1 384 11 is_stmt 1 view .LVU448
 1455 0042 FFF7FEFF 		bl	USBD_CtlError
 1456              	.LVL180:
 385:Middlewares/ST/STM32_USB_Device_Library/Core/Src/usbd_ctlreq.c ****       }
 1457              		.loc 1 385 11 view .LVU449
 1458 0046 F1E7     		b	.L119
 1459              	.LVL181:
 1460              	.L155:
 249:Middlewares/ST/STM32_USB_Device_Library/Core/Src/usbd_ctlreq.c **** 
 1461              		.loc 1 249 9 view .LVU450
 249:Middlewares/ST/STM32_USB_Device_Library/Core/Src/usbd_ctlreq.c **** 
 1462              		.loc 1 249 39 is_stmt 0 view .LVU451
 1463 0048 D0F8B432 		ldr	r3, [r0, #692]
 1464              	.LVL182:
 249:Middlewares/ST/STM32_USB_Device_Library/Core/Src/usbd_ctlreq.c **** 
 1465              		.loc 1 249 47 view .LVU452
 1466 004c 9B68     		ldr	r3, [r3, #8]
 249:Middlewares/ST/STM32_USB_Device_Library/Core/Src/usbd_ctlreq.c **** 
 1467              		.loc 1 249 35 view .LVU453
 1468 004e 9847     		blx	r3
 1469              	.LVL183:
 249:Middlewares/ST/STM32_USB_Device_Library/Core/Src/usbd_ctlreq.c **** 
 1470              		.loc 1 249 35 view .LVU454
 1471 0050 0446     		mov	r4, r0
 1472              	.LVL184:
ARM GAS  C:\Users\crist\AppData\Local\Temp\ccV0p3Ed.s 			page 50


 251:Middlewares/ST/STM32_USB_Device_Library/Core/Src/usbd_ctlreq.c ****       }
 1473              		.loc 1 251 9 is_stmt 1 view .LVU455
 251:Middlewares/ST/STM32_USB_Device_Library/Core/Src/usbd_ctlreq.c ****       }
 1474              		.loc 1 251 16 is_stmt 0 view .LVU456
 1475 0052 EBE7     		b	.L119
 1476              	.LVL185:
 1477              	.L122:
 257:Middlewares/ST/STM32_USB_Device_Library/Core/Src/usbd_ctlreq.c ****           {
 1478              		.loc 1 257 11 is_stmt 1 view .LVU457
 257:Middlewares/ST/STM32_USB_Device_Library/Core/Src/usbd_ctlreq.c ****           {
 1479              		.loc 1 257 23 is_stmt 0 view .LVU458
 1480 0054 90F89C32 		ldrb	r3, [r0, #668]	@ zero_extendqisi2
 1481              	.LVL186:
 257:Middlewares/ST/STM32_USB_Device_Library/Core/Src/usbd_ctlreq.c ****           {
 1482              		.loc 1 257 11 view .LVU459
 1483 0058 022B     		cmp	r3, #2
 1484 005a 04D0     		beq	.L125
 1485 005c 032B     		cmp	r3, #3
 1486 005e 11D0     		beq	.L126
 285:Middlewares/ST/STM32_USB_Device_Library/Core/Src/usbd_ctlreq.c ****               break;
 1487              		.loc 1 285 15 is_stmt 1 view .LVU460
 1488 0060 FFF7FEFF 		bl	USBD_CtlError
 1489              	.LVL187:
 286:Middlewares/ST/STM32_USB_Device_Library/Core/Src/usbd_ctlreq.c ****           }
 1490              		.loc 1 286 15 view .LVU461
 1491 0064 E2E7     		b	.L119
 1492              	.LVL188:
 1493              	.L125:
 260:Middlewares/ST/STM32_USB_Device_Library/Core/Src/usbd_ctlreq.c ****               {
 1494              		.loc 1 260 15 view .LVU462
 260:Middlewares/ST/STM32_USB_Device_Library/Core/Src/usbd_ctlreq.c ****               {
 1495              		.loc 1 260 18 is_stmt 0 view .LVU463
 1496 0066 0AB1     		cbz	r2, .L128
 260:Middlewares/ST/STM32_USB_Device_Library/Core/Src/usbd_ctlreq.c ****               {
 1497              		.loc 1 260 38 discriminator 1 view .LVU464
 1498 0068 802A     		cmp	r2, #128
 1499 006a 03D1     		bne	.L156
 1500              	.L128:
 267:Middlewares/ST/STM32_USB_Device_Library/Core/Src/usbd_ctlreq.c ****               }
 1501              		.loc 1 267 17 is_stmt 1 view .LVU465
 1502 006c 2846     		mov	r0, r5
 1503              	.LVL189:
 267:Middlewares/ST/STM32_USB_Device_Library/Core/Src/usbd_ctlreq.c ****               }
 1504              		.loc 1 267 17 is_stmt 0 view .LVU466
 1505 006e FFF7FEFF 		bl	USBD_CtlError
 1506              	.LVL190:
 267:Middlewares/ST/STM32_USB_Device_Library/Core/Src/usbd_ctlreq.c ****               }
 1507              		.loc 1 267 17 view .LVU467
 1508 0072 DBE7     		b	.L119
 1509              	.LVL191:
 1510              	.L156:
 262:Middlewares/ST/STM32_USB_Device_Library/Core/Src/usbd_ctlreq.c ****                 USBD_LL_StallEP(pdev, 0x80U);
 1511              		.loc 1 262 17 is_stmt 1 view .LVU468
 1512 0074 1146     		mov	r1, r2
 1513              	.LVL192:
 262:Middlewares/ST/STM32_USB_Device_Library/Core/Src/usbd_ctlreq.c ****                 USBD_LL_StallEP(pdev, 0x80U);
 1514              		.loc 1 262 17 is_stmt 0 view .LVU469
ARM GAS  C:\Users\crist\AppData\Local\Temp\ccV0p3Ed.s 			page 51


 1515 0076 FFF7FEFF 		bl	USBD_LL_StallEP
 1516              	.LVL193:
 263:Middlewares/ST/STM32_USB_Device_Library/Core/Src/usbd_ctlreq.c ****               }
 1517              		.loc 1 263 17 is_stmt 1 view .LVU470
 1518 007a 8021     		movs	r1, #128
 1519 007c 2846     		mov	r0, r5
 1520 007e FFF7FEFF 		bl	USBD_LL_StallEP
 1521              	.LVL194:
 1522 0082 D3E7     		b	.L119
 1523              	.LVL195:
 1524              	.L126:
 272:Middlewares/ST/STM32_USB_Device_Library/Core/Src/usbd_ctlreq.c ****               {
 1525              		.loc 1 272 15 view .LVU471
 272:Middlewares/ST/STM32_USB_Device_Library/Core/Src/usbd_ctlreq.c ****               {
 1526              		.loc 1 272 22 is_stmt 0 view .LVU472
 1527 0084 4B88     		ldrh	r3, [r1, #2]
 272:Middlewares/ST/STM32_USB_Device_Library/Core/Src/usbd_ctlreq.c ****               {
 1528              		.loc 1 272 18 view .LVU473
 1529 0086 23B9     		cbnz	r3, .L129
 274:Middlewares/ST/STM32_USB_Device_Library/Core/Src/usbd_ctlreq.c ****                     (ep_addr != 0x80U) && (req->wLength == 0x00U))
 1530              		.loc 1 274 17 is_stmt 1 view .LVU474
 274:Middlewares/ST/STM32_USB_Device_Library/Core/Src/usbd_ctlreq.c ****                     (ep_addr != 0x80U) && (req->wLength == 0x00U))
 1531              		.loc 1 274 20 is_stmt 0 view .LVU475
 1532 0088 1AB1     		cbz	r2, .L129
 274:Middlewares/ST/STM32_USB_Device_Library/Core/Src/usbd_ctlreq.c ****                     (ep_addr != 0x80U) && (req->wLength == 0x00U))
 1533              		.loc 1 274 40 discriminator 1 view .LVU476
 1534 008a 802A     		cmp	r2, #128
 1535 008c 01D0     		beq	.L129
 275:Middlewares/ST/STM32_USB_Device_Library/Core/Src/usbd_ctlreq.c ****                 {
 1536              		.loc 1 275 47 view .LVU477
 1537 008e CB88     		ldrh	r3, [r1, #6]
 275:Middlewares/ST/STM32_USB_Device_Library/Core/Src/usbd_ctlreq.c ****                 {
 1538              		.loc 1 275 40 view .LVU478
 1539 0090 1BB1     		cbz	r3, .L157
 1540              	.LVL196:
 1541              	.L129:
 280:Middlewares/ST/STM32_USB_Device_Library/Core/Src/usbd_ctlreq.c **** 
 1542              		.loc 1 280 15 is_stmt 1 view .LVU479
 1543 0092 2846     		mov	r0, r5
 1544 0094 FFF7FEFF 		bl	USBD_CtlSendStatus
 1545              	.LVL197:
 282:Middlewares/ST/STM32_USB_Device_Library/Core/Src/usbd_ctlreq.c **** 
 1546              		.loc 1 282 15 view .LVU480
 1547 0098 C8E7     		b	.L119
 1548              	.LVL198:
 1549              	.L157:
 277:Middlewares/ST/STM32_USB_Device_Library/Core/Src/usbd_ctlreq.c ****                 }
 1550              		.loc 1 277 19 view .LVU481
 1551 009a 1146     		mov	r1, r2
 1552              	.LVL199:
 277:Middlewares/ST/STM32_USB_Device_Library/Core/Src/usbd_ctlreq.c ****                 }
 1553              		.loc 1 277 19 is_stmt 0 view .LVU482
 1554 009c FFF7FEFF 		bl	USBD_LL_StallEP
 1555              	.LVL200:
 277:Middlewares/ST/STM32_USB_Device_Library/Core/Src/usbd_ctlreq.c ****                 }
 1556              		.loc 1 277 19 view .LVU483
 1557 00a0 F7E7     		b	.L129
ARM GAS  C:\Users\crist\AppData\Local\Temp\ccV0p3Ed.s 			page 52


 1558              	.LVL201:
 1559              	.L121:
 292:Middlewares/ST/STM32_USB_Device_Library/Core/Src/usbd_ctlreq.c ****           {
 1560              		.loc 1 292 11 is_stmt 1 view .LVU484
 292:Middlewares/ST/STM32_USB_Device_Library/Core/Src/usbd_ctlreq.c ****           {
 1561              		.loc 1 292 23 is_stmt 0 view .LVU485
 1562 00a2 90F89C32 		ldrb	r3, [r0, #668]	@ zero_extendqisi2
 1563              	.LVL202:
 292:Middlewares/ST/STM32_USB_Device_Library/Core/Src/usbd_ctlreq.c ****           {
 1564              		.loc 1 292 11 view .LVU486
 1565 00a6 022B     		cmp	r3, #2
 1566 00a8 04D0     		beq	.L130
 1567 00aa 032B     		cmp	r3, #3
 1568 00ac 11D0     		beq	.L131
 318:Middlewares/ST/STM32_USB_Device_Library/Core/Src/usbd_ctlreq.c ****               break;
 1569              		.loc 1 318 15 is_stmt 1 view .LVU487
 1570 00ae FFF7FEFF 		bl	USBD_CtlError
 1571              	.LVL203:
 319:Middlewares/ST/STM32_USB_Device_Library/Core/Src/usbd_ctlreq.c ****           }
 1572              		.loc 1 319 15 view .LVU488
 1573 00b2 BBE7     		b	.L119
 1574              	.LVL204:
 1575              	.L130:
 295:Middlewares/ST/STM32_USB_Device_Library/Core/Src/usbd_ctlreq.c ****               {
 1576              		.loc 1 295 15 view .LVU489
 295:Middlewares/ST/STM32_USB_Device_Library/Core/Src/usbd_ctlreq.c ****               {
 1577              		.loc 1 295 18 is_stmt 0 view .LVU490
 1578 00b4 0AB1     		cbz	r2, .L133
 295:Middlewares/ST/STM32_USB_Device_Library/Core/Src/usbd_ctlreq.c ****               {
 1579              		.loc 1 295 38 discriminator 1 view .LVU491
 1580 00b6 802A     		cmp	r2, #128
 1581 00b8 03D1     		bne	.L158
 1582              	.L133:
 302:Middlewares/ST/STM32_USB_Device_Library/Core/Src/usbd_ctlreq.c ****               }
 1583              		.loc 1 302 17 is_stmt 1 view .LVU492
 1584 00ba 2846     		mov	r0, r5
 1585              	.LVL205:
 302:Middlewares/ST/STM32_USB_Device_Library/Core/Src/usbd_ctlreq.c ****               }
 1586              		.loc 1 302 17 is_stmt 0 view .LVU493
 1587 00bc FFF7FEFF 		bl	USBD_CtlError
 1588              	.LVL206:
 302:Middlewares/ST/STM32_USB_Device_Library/Core/Src/usbd_ctlreq.c ****               }
 1589              		.loc 1 302 17 view .LVU494
 1590 00c0 B4E7     		b	.L119
 1591              	.LVL207:
 1592              	.L158:
 297:Middlewares/ST/STM32_USB_Device_Library/Core/Src/usbd_ctlreq.c ****                 USBD_LL_StallEP(pdev, 0x80U);
 1593              		.loc 1 297 17 is_stmt 1 view .LVU495
 1594 00c2 1146     		mov	r1, r2
 1595              	.LVL208:
 297:Middlewares/ST/STM32_USB_Device_Library/Core/Src/usbd_ctlreq.c ****                 USBD_LL_StallEP(pdev, 0x80U);
 1596              		.loc 1 297 17 is_stmt 0 view .LVU496
 1597 00c4 FFF7FEFF 		bl	USBD_LL_StallEP
 1598              	.LVL209:
 298:Middlewares/ST/STM32_USB_Device_Library/Core/Src/usbd_ctlreq.c ****               }
 1599              		.loc 1 298 17 is_stmt 1 view .LVU497
 1600 00c8 8021     		movs	r1, #128
ARM GAS  C:\Users\crist\AppData\Local\Temp\ccV0p3Ed.s 			page 53


 1601 00ca 2846     		mov	r0, r5
 1602 00cc FFF7FEFF 		bl	USBD_LL_StallEP
 1603              	.LVL210:
 1604 00d0 ACE7     		b	.L119
 1605              	.LVL211:
 1606              	.L131:
 307:Middlewares/ST/STM32_USB_Device_Library/Core/Src/usbd_ctlreq.c ****               {
 1607              		.loc 1 307 15 view .LVU498
 307:Middlewares/ST/STM32_USB_Device_Library/Core/Src/usbd_ctlreq.c ****               {
 1608              		.loc 1 307 22 is_stmt 0 view .LVU499
 1609 00d2 4B88     		ldrh	r3, [r1, #2]
 307:Middlewares/ST/STM32_USB_Device_Library/Core/Src/usbd_ctlreq.c ****               {
 1610              		.loc 1 307 18 view .LVU500
 1611 00d4 002B     		cmp	r3, #0
 1612 00d6 A9D1     		bne	.L119
 309:Middlewares/ST/STM32_USB_Device_Library/Core/Src/usbd_ctlreq.c ****                 {
 1613              		.loc 1 309 17 is_stmt 1 view .LVU501
 309:Middlewares/ST/STM32_USB_Device_Library/Core/Src/usbd_ctlreq.c ****                 {
 1614              		.loc 1 309 20 is_stmt 0 view .LVU502
 1615 00d8 12F07F0F 		tst	r2, #127
 1616 00dc 03D1     		bne	.L159
 1617              	.LVL212:
 1618              	.L134:
 313:Middlewares/ST/STM32_USB_Device_Library/Core/Src/usbd_ctlreq.c ****               }
 1619              		.loc 1 313 17 is_stmt 1 view .LVU503
 1620 00de 2846     		mov	r0, r5
 1621 00e0 FFF7FEFF 		bl	USBD_CtlSendStatus
 1622              	.LVL213:
 1623 00e4 A2E7     		b	.L119
 1624              	.LVL214:
 1625              	.L159:
 311:Middlewares/ST/STM32_USB_Device_Library/Core/Src/usbd_ctlreq.c ****                 }
 1626              		.loc 1 311 19 view .LVU504
 1627 00e6 1146     		mov	r1, r2
 1628              	.LVL215:
 311:Middlewares/ST/STM32_USB_Device_Library/Core/Src/usbd_ctlreq.c ****                 }
 1629              		.loc 1 311 19 is_stmt 0 view .LVU505
 1630 00e8 FFF7FEFF 		bl	USBD_LL_ClearStallEP
 1631              	.LVL216:
 311:Middlewares/ST/STM32_USB_Device_Library/Core/Src/usbd_ctlreq.c ****                 }
 1632              		.loc 1 311 19 view .LVU506
 1633 00ec F7E7     		b	.L134
 1634              	.LVL217:
 1635              	.L123:
 324:Middlewares/ST/STM32_USB_Device_Library/Core/Src/usbd_ctlreq.c ****           {
 1636              		.loc 1 324 11 is_stmt 1 view .LVU507
 324:Middlewares/ST/STM32_USB_Device_Library/Core/Src/usbd_ctlreq.c ****           {
 1637              		.loc 1 324 23 is_stmt 0 view .LVU508
 1638 00ee 90F89C02 		ldrb	r0, [r0, #668]	@ zero_extendqisi2
 1639              	.LVL218:
 324:Middlewares/ST/STM32_USB_Device_Library/Core/Src/usbd_ctlreq.c ****           {
 1640              		.loc 1 324 11 view .LVU509
 1641 00f2 0228     		cmp	r0, #2
 1642 00f4 06D0     		beq	.L135
 1643 00f6 0328     		cmp	r0, #3
 1644 00f8 29D0     		beq	.L136
 378:Middlewares/ST/STM32_USB_Device_Library/Core/Src/usbd_ctlreq.c ****               break;
ARM GAS  C:\Users\crist\AppData\Local\Temp\ccV0p3Ed.s 			page 54


 1645              		.loc 1 378 15 is_stmt 1 view .LVU510
 1646 00fa 2846     		mov	r0, r5
 1647 00fc FFF7FEFF 		bl	USBD_CtlError
 1648              	.LVL219:
 379:Middlewares/ST/STM32_USB_Device_Library/Core/Src/usbd_ctlreq.c ****           }
 1649              		.loc 1 379 15 view .LVU511
 394:Middlewares/ST/STM32_USB_Device_Library/Core/Src/usbd_ctlreq.c **** }
 1650              		.loc 1 394 10 is_stmt 0 view .LVU512
 1651 0100 3446     		mov	r4, r6
 379:Middlewares/ST/STM32_USB_Device_Library/Core/Src/usbd_ctlreq.c ****           }
 1652              		.loc 1 379 15 view .LVU513
 1653 0102 93E7     		b	.L119
 1654              	.LVL220:
 1655              	.L135:
 327:Middlewares/ST/STM32_USB_Device_Library/Core/Src/usbd_ctlreq.c ****               {
 1656              		.loc 1 327 15 is_stmt 1 view .LVU514
 327:Middlewares/ST/STM32_USB_Device_Library/Core/Src/usbd_ctlreq.c ****               {
 1657              		.loc 1 327 18 is_stmt 0 view .LVU515
 1658 0104 0AB1     		cbz	r2, .L138
 327:Middlewares/ST/STM32_USB_Device_Library/Core/Src/usbd_ctlreq.c ****               {
 1659              		.loc 1 327 38 discriminator 1 view .LVU516
 1660 0106 802A     		cmp	r2, #128
 1661 0108 13D1     		bne	.L160
 1662              	.L138:
 332:Middlewares/ST/STM32_USB_Device_Library/Core/Src/usbd_ctlreq.c ****                     &pdev->ep_out[ep_addr & 0x7FU];
 1663              		.loc 1 332 15 is_stmt 1 view .LVU517
 332:Middlewares/ST/STM32_USB_Device_Library/Core/Src/usbd_ctlreq.c ****                     &pdev->ep_out[ep_addr & 0x7FU];
 1664              		.loc 1 332 82 is_stmt 0 view .LVU518
 1665 010a 13F0800F 		tst	r3, #128
 1666 010e 15D1     		bne	.L161
 333:Middlewares/ST/STM32_USB_Device_Library/Core/Src/usbd_ctlreq.c **** 
 1667              		.loc 1 333 43 view .LVU519
 1668 0110 02F07F02 		and	r2, r2, #127
 332:Middlewares/ST/STM32_USB_Device_Library/Core/Src/usbd_ctlreq.c ****                     &pdev->ep_out[ep_addr & 0x7FU];
 1669              		.loc 1 332 82 discriminator 2 view .LVU520
 1670 0114 02EB8202 		add	r2, r2, r2, lsl #2
 1671 0118 9100     		lsls	r1, r2, #2
 1672              	.LVL221:
 332:Middlewares/ST/STM32_USB_Device_Library/Core/Src/usbd_ctlreq.c ****                     &pdev->ep_out[ep_addr & 0x7FU];
 1673              		.loc 1 332 82 discriminator 2 view .LVU521
 1674 011a 01F5A871 		add	r1, r1, #336
 1675 011e 2944     		add	r1, r1, r5
 1676 0120 0431     		adds	r1, r1, #4
 1677              	.L140:
 1678              	.LVL222:
 335:Middlewares/ST/STM32_USB_Device_Library/Core/Src/usbd_ctlreq.c **** 
 1679              		.loc 1 335 15 is_stmt 1 view .LVU522
 335:Middlewares/ST/STM32_USB_Device_Library/Core/Src/usbd_ctlreq.c **** 
 1680              		.loc 1 335 27 is_stmt 0 view .LVU523
 1681 0122 0023     		movs	r3, #0
 1682              	.LVL223:
 335:Middlewares/ST/STM32_USB_Device_Library/Core/Src/usbd_ctlreq.c **** 
 1683              		.loc 1 335 27 view .LVU524
 1684 0124 0B60     		str	r3, [r1]
 1685              	.LVL224:
 337:Middlewares/ST/STM32_USB_Device_Library/Core/Src/usbd_ctlreq.c ****               break;
 1686              		.loc 1 337 15 is_stmt 1 view .LVU525
ARM GAS  C:\Users\crist\AppData\Local\Temp\ccV0p3Ed.s 			page 55


 1687 0126 0222     		movs	r2, #2
 1688 0128 2846     		mov	r0, r5
 1689 012a FFF7FEFF 		bl	USBD_CtlSendData
 1690              	.LVL225:
 338:Middlewares/ST/STM32_USB_Device_Library/Core/Src/usbd_ctlreq.c **** 
 1691              		.loc 1 338 15 view .LVU526
 394:Middlewares/ST/STM32_USB_Device_Library/Core/Src/usbd_ctlreq.c **** }
 1692              		.loc 1 394 10 is_stmt 0 view .LVU527
 1693 012e 3446     		mov	r4, r6
 338:Middlewares/ST/STM32_USB_Device_Library/Core/Src/usbd_ctlreq.c **** 
 1694              		.loc 1 338 15 view .LVU528
 1695 0130 7CE7     		b	.L119
 1696              	.LVL226:
 1697              	.L160:
 329:Middlewares/ST/STM32_USB_Device_Library/Core/Src/usbd_ctlreq.c ****                 break;
 1698              		.loc 1 329 17 is_stmt 1 view .LVU529
 1699 0132 2846     		mov	r0, r5
 1700 0134 FFF7FEFF 		bl	USBD_CtlError
 1701              	.LVL227:
 330:Middlewares/ST/STM32_USB_Device_Library/Core/Src/usbd_ctlreq.c ****               }
 1702              		.loc 1 330 17 view .LVU530
 394:Middlewares/ST/STM32_USB_Device_Library/Core/Src/usbd_ctlreq.c **** }
 1703              		.loc 1 394 10 is_stmt 0 view .LVU531
 1704 0138 3446     		mov	r4, r6
 330:Middlewares/ST/STM32_USB_Device_Library/Core/Src/usbd_ctlreq.c ****               }
 1705              		.loc 1 330 17 view .LVU532
 1706 013a 77E7     		b	.L119
 1707              	.LVL228:
 1708              	.L161:
 332:Middlewares/ST/STM32_USB_Device_Library/Core/Src/usbd_ctlreq.c ****                     &pdev->ep_out[ep_addr & 0x7FU];
 1709              		.loc 1 332 73 discriminator 1 view .LVU533
 1710 013c 02F07F02 		and	r2, r2, #127
 332:Middlewares/ST/STM32_USB_Device_Library/Core/Src/usbd_ctlreq.c ****                     &pdev->ep_out[ep_addr & 0x7FU];
 1711              		.loc 1 332 82 discriminator 1 view .LVU534
 1712 0140 02EB8202 		add	r2, r2, r2, lsl #2
 1713 0144 9100     		lsls	r1, r2, #2
 1714              	.LVL229:
 332:Middlewares/ST/STM32_USB_Device_Library/Core/Src/usbd_ctlreq.c ****                     &pdev->ep_out[ep_addr & 0x7FU];
 1715              		.loc 1 332 82 discriminator 1 view .LVU535
 1716 0146 1031     		adds	r1, r1, #16
 1717 0148 2944     		add	r1, r1, r5
 1718 014a 0431     		adds	r1, r1, #4
 1719 014c E9E7     		b	.L140
 1720              	.LVL230:
 1721              	.L136:
 341:Middlewares/ST/STM32_USB_Device_Library/Core/Src/usbd_ctlreq.c ****               {
 1722              		.loc 1 341 15 is_stmt 1 view .LVU536
 341:Middlewares/ST/STM32_USB_Device_Library/Core/Src/usbd_ctlreq.c ****               {
 1723              		.loc 1 341 37 is_stmt 0 view .LVU537
 1724 014e 5BB2     		sxtb	r3, r3
 341:Middlewares/ST/STM32_USB_Device_Library/Core/Src/usbd_ctlreq.c ****               {
 1725              		.loc 1 341 18 view .LVU538
 1726 0150 002B     		cmp	r3, #0
 1727 0152 1FDB     		blt	.L162
 351:Middlewares/ST/STM32_USB_Device_Library/Core/Src/usbd_ctlreq.c ****                 {
 1728              		.loc 1 351 17 is_stmt 1 view .LVU539
 351:Middlewares/ST/STM32_USB_Device_Library/Core/Src/usbd_ctlreq.c ****                 {
ARM GAS  C:\Users\crist\AppData\Local\Temp\ccV0p3Ed.s 			page 56


 1729              		.loc 1 351 42 is_stmt 0 view .LVU540
 1730 0154 02F00F00 		and	r0, r2, #15
 351:Middlewares/ST/STM32_USB_Device_Library/Core/Src/usbd_ctlreq.c ****                 {
 1731              		.loc 1 351 49 view .LVU541
 1732 0158 00EB8000 		add	r0, r0, r0, lsl #2
 1733 015c 05EB8000 		add	r0, r5, r0, lsl #2
 1734 0160 D0F85801 		ldr	r0, [r0, #344]
 351:Middlewares/ST/STM32_USB_Device_Library/Core/Src/usbd_ctlreq.c ****                 {
 1735              		.loc 1 351 20 view .LVU542
 1736 0164 20B3     		cbz	r0, .L163
 1737              	.L142:
 358:Middlewares/ST/STM32_USB_Device_Library/Core/Src/usbd_ctlreq.c ****                     &pdev->ep_out[ep_addr & 0x7FU];
 1738              		.loc 1 358 15 is_stmt 1 view .LVU543
 358:Middlewares/ST/STM32_USB_Device_Library/Core/Src/usbd_ctlreq.c ****                     &pdev->ep_out[ep_addr & 0x7FU];
 1739              		.loc 1 358 82 is_stmt 0 view .LVU544
 1740 0166 002B     		cmp	r3, #0
 1741 0168 27DB     		blt	.L164
 359:Middlewares/ST/STM32_USB_Device_Library/Core/Src/usbd_ctlreq.c **** 
 1742              		.loc 1 359 43 view .LVU545
 1743 016a 02F07F03 		and	r3, r2, #127
 1744              	.LVL231:
 358:Middlewares/ST/STM32_USB_Device_Library/Core/Src/usbd_ctlreq.c ****                     &pdev->ep_out[ep_addr & 0x7FU];
 1745              		.loc 1 358 82 discriminator 2 view .LVU546
 1746 016e 03EB8303 		add	r3, r3, r3, lsl #2
 1747 0172 9C00     		lsls	r4, r3, #2
 1748 0174 04F5A874 		add	r4, r4, #336
 1749 0178 2C44     		add	r4, r4, r5
 1750 017a 0434     		adds	r4, r4, #4
 1751              	.L144:
 1752              	.LVL232:
 361:Middlewares/ST/STM32_USB_Device_Library/Core/Src/usbd_ctlreq.c ****               {
 1753              		.loc 1 361 15 is_stmt 1 view .LVU547
 361:Middlewares/ST/STM32_USB_Device_Library/Core/Src/usbd_ctlreq.c ****               {
 1754              		.loc 1 361 18 is_stmt 0 view .LVU548
 1755 017c 0AB1     		cbz	r2, .L145
 361:Middlewares/ST/STM32_USB_Device_Library/Core/Src/usbd_ctlreq.c ****               {
 1756              		.loc 1 361 38 discriminator 1 view .LVU549
 1757 017e 802A     		cmp	r2, #128
 1758 0180 24D1     		bne	.L146
 1759              	.L145:
 363:Middlewares/ST/STM32_USB_Device_Library/Core/Src/usbd_ctlreq.c ****               }
 1760              		.loc 1 363 17 is_stmt 1 view .LVU550
 363:Middlewares/ST/STM32_USB_Device_Library/Core/Src/usbd_ctlreq.c ****               }
 1761              		.loc 1 363 29 is_stmt 0 view .LVU551
 1762 0182 0023     		movs	r3, #0
 1763 0184 2360     		str	r3, [r4]
 1764              	.LVL233:
 1765              	.L147:
 374:Middlewares/ST/STM32_USB_Device_Library/Core/Src/usbd_ctlreq.c ****               break;
 1766              		.loc 1 374 15 is_stmt 1 view .LVU552
 1767 0186 0222     		movs	r2, #2
 1768 0188 2146     		mov	r1, r4
 1769 018a 2846     		mov	r0, r5
 1770 018c FFF7FEFF 		bl	USBD_CtlSendData
 1771              	.LVL234:
 375:Middlewares/ST/STM32_USB_Device_Library/Core/Src/usbd_ctlreq.c **** 
 1772              		.loc 1 375 15 view .LVU553
ARM GAS  C:\Users\crist\AppData\Local\Temp\ccV0p3Ed.s 			page 57


 394:Middlewares/ST/STM32_USB_Device_Library/Core/Src/usbd_ctlreq.c **** }
 1773              		.loc 1 394 10 is_stmt 0 view .LVU554
 1774 0190 3446     		mov	r4, r6
 1775              	.LVL235:
 375:Middlewares/ST/STM32_USB_Device_Library/Core/Src/usbd_ctlreq.c **** 
 1776              		.loc 1 375 15 view .LVU555
 1777 0192 4BE7     		b	.L119
 1778              	.LVL236:
 1779              	.L162:
 343:Middlewares/ST/STM32_USB_Device_Library/Core/Src/usbd_ctlreq.c ****                 {
 1780              		.loc 1 343 17 is_stmt 1 view .LVU556
 343:Middlewares/ST/STM32_USB_Device_Library/Core/Src/usbd_ctlreq.c ****                 {
 1781              		.loc 1 343 41 is_stmt 0 view .LVU557
 1782 0194 02F00F00 		and	r0, r2, #15
 343:Middlewares/ST/STM32_USB_Device_Library/Core/Src/usbd_ctlreq.c ****                 {
 1783              		.loc 1 343 48 view .LVU558
 1784 0198 00EB8000 		add	r0, r0, r0, lsl #2
 1785 019c 05EB8000 		add	r0, r5, r0, lsl #2
 1786 01a0 8069     		ldr	r0, [r0, #24]
 343:Middlewares/ST/STM32_USB_Device_Library/Core/Src/usbd_ctlreq.c ****                 {
 1787              		.loc 1 343 20 view .LVU559
 1788 01a2 0028     		cmp	r0, #0
 1789 01a4 DFD1     		bne	.L142
 345:Middlewares/ST/STM32_USB_Device_Library/Core/Src/usbd_ctlreq.c ****                   break;
 1790              		.loc 1 345 19 is_stmt 1 view .LVU560
 1791 01a6 2846     		mov	r0, r5
 1792 01a8 FFF7FEFF 		bl	USBD_CtlError
 1793              	.LVL237:
 346:Middlewares/ST/STM32_USB_Device_Library/Core/Src/usbd_ctlreq.c ****                 }
 1794              		.loc 1 346 19 view .LVU561
 394:Middlewares/ST/STM32_USB_Device_Library/Core/Src/usbd_ctlreq.c **** }
 1795              		.loc 1 394 10 is_stmt 0 view .LVU562
 1796 01ac 3446     		mov	r4, r6
 346:Middlewares/ST/STM32_USB_Device_Library/Core/Src/usbd_ctlreq.c ****                 }
 1797              		.loc 1 346 19 view .LVU563
 1798 01ae 3DE7     		b	.L119
 1799              	.LVL238:
 1800              	.L163:
 353:Middlewares/ST/STM32_USB_Device_Library/Core/Src/usbd_ctlreq.c ****                   break;
 1801              		.loc 1 353 19 is_stmt 1 view .LVU564
 1802 01b0 2846     		mov	r0, r5
 1803 01b2 FFF7FEFF 		bl	USBD_CtlError
 1804              	.LVL239:
 354:Middlewares/ST/STM32_USB_Device_Library/Core/Src/usbd_ctlreq.c ****                 }
 1805              		.loc 1 354 19 view .LVU565
 394:Middlewares/ST/STM32_USB_Device_Library/Core/Src/usbd_ctlreq.c **** }
 1806              		.loc 1 394 10 is_stmt 0 view .LVU566
 1807 01b6 3446     		mov	r4, r6
 354:Middlewares/ST/STM32_USB_Device_Library/Core/Src/usbd_ctlreq.c ****                 }
 1808              		.loc 1 354 19 view .LVU567
 1809 01b8 38E7     		b	.L119
 1810              	.LVL240:
 1811              	.L164:
 358:Middlewares/ST/STM32_USB_Device_Library/Core/Src/usbd_ctlreq.c ****                     &pdev->ep_out[ep_addr & 0x7FU];
 1812              		.loc 1 358 73 discriminator 1 view .LVU568
 1813 01ba 02F07F03 		and	r3, r2, #127
 1814              	.LVL241:
ARM GAS  C:\Users\crist\AppData\Local\Temp\ccV0p3Ed.s 			page 58


 358:Middlewares/ST/STM32_USB_Device_Library/Core/Src/usbd_ctlreq.c ****                     &pdev->ep_out[ep_addr & 0x7FU];
 1815              		.loc 1 358 82 discriminator 1 view .LVU569
 1816 01be 03EB8303 		add	r3, r3, r3, lsl #2
 1817 01c2 9C00     		lsls	r4, r3, #2
 1818 01c4 1034     		adds	r4, r4, #16
 1819 01c6 2C44     		add	r4, r4, r5
 1820 01c8 0434     		adds	r4, r4, #4
 1821 01ca D7E7     		b	.L144
 1822              	.LVL242:
 1823              	.L146:
 365:Middlewares/ST/STM32_USB_Device_Library/Core/Src/usbd_ctlreq.c ****               {
 1824              		.loc 1 365 20 is_stmt 1 view .LVU570
 365:Middlewares/ST/STM32_USB_Device_Library/Core/Src/usbd_ctlreq.c ****               {
 1825              		.loc 1 365 24 is_stmt 0 view .LVU571
 1826 01cc 1146     		mov	r1, r2
 1827              	.LVL243:
 365:Middlewares/ST/STM32_USB_Device_Library/Core/Src/usbd_ctlreq.c ****               {
 1828              		.loc 1 365 24 view .LVU572
 1829 01ce 2846     		mov	r0, r5
 1830 01d0 FFF7FEFF 		bl	USBD_LL_IsStallEP
 1831              	.LVL244:
 365:Middlewares/ST/STM32_USB_Device_Library/Core/Src/usbd_ctlreq.c ****               {
 1832              		.loc 1 365 23 discriminator 1 view .LVU573
 1833 01d4 10B1     		cbz	r0, .L148
 367:Middlewares/ST/STM32_USB_Device_Library/Core/Src/usbd_ctlreq.c ****               }
 1834              		.loc 1 367 17 is_stmt 1 view .LVU574
 367:Middlewares/ST/STM32_USB_Device_Library/Core/Src/usbd_ctlreq.c ****               }
 1835              		.loc 1 367 29 is_stmt 0 view .LVU575
 1836 01d6 0123     		movs	r3, #1
 1837 01d8 2360     		str	r3, [r4]
 1838 01da D4E7     		b	.L147
 1839              	.L148:
 371:Middlewares/ST/STM32_USB_Device_Library/Core/Src/usbd_ctlreq.c ****               }
 1840              		.loc 1 371 17 is_stmt 1 view .LVU576
 371:Middlewares/ST/STM32_USB_Device_Library/Core/Src/usbd_ctlreq.c ****               }
 1841              		.loc 1 371 29 is_stmt 0 view .LVU577
 1842 01dc 0023     		movs	r3, #0
 1843 01de 2360     		str	r3, [r4]
 1844 01e0 D1E7     		b	.L147
 1845              		.cfi_endproc
 1846              	.LFE70:
 1848              		.section	.text.USBD_GetString,"ax",%progbits
 1849              		.align	1
 1850              		.global	USBD_GetString
 1851              		.syntax unified
 1852              		.thumb
 1853              		.thumb_func
 1855              	USBD_GetString:
 1856              	.LVL245:
 1857              	.LFB80:
 869:Middlewares/ST/STM32_USB_Device_Library/Core/Src/usbd_ctlreq.c ****   uint8_t idx = 0U;
 1858              		.loc 1 869 1 is_stmt 1 view -0
 1859              		.cfi_startproc
 1860              		@ args = 0, pretend = 0, frame = 0
 1861              		@ frame_needed = 0, uses_anonymous_args = 0
 870:Middlewares/ST/STM32_USB_Device_Library/Core/Src/usbd_ctlreq.c **** 
 1862              		.loc 1 870 3 view .LVU579
ARM GAS  C:\Users\crist\AppData\Local\Temp\ccV0p3Ed.s 			page 59


 872:Middlewares/ST/STM32_USB_Device_Library/Core/Src/usbd_ctlreq.c ****   {
 1863              		.loc 1 872 3 view .LVU580
 872:Middlewares/ST/STM32_USB_Device_Library/Core/Src/usbd_ctlreq.c ****   {
 1864              		.loc 1 872 6 is_stmt 0 view .LVU581
 1865 0000 D0B1     		cbz	r0, .L170
 869:Middlewares/ST/STM32_USB_Device_Library/Core/Src/usbd_ctlreq.c ****   uint8_t idx = 0U;
 1866              		.loc 1 869 1 view .LVU582
 1867 0002 70B5     		push	{r4, r5, r6, lr}
 1868              	.LCFI14:
 1869              		.cfi_def_cfa_offset 16
 1870              		.cfi_offset 4, -16
 1871              		.cfi_offset 5, -12
 1872              		.cfi_offset 6, -8
 1873              		.cfi_offset 14, -4
 1874 0004 0D46     		mov	r5, r1
 1875 0006 1646     		mov	r6, r2
 1876 0008 0446     		mov	r4, r0
 874:Middlewares/ST/STM32_USB_Device_Library/Core/Src/usbd_ctlreq.c ****     unicode[idx++] = *(uint8_t *)(void *)len;
 1877              		.loc 1 874 5 is_stmt 1 view .LVU583
 874:Middlewares/ST/STM32_USB_Device_Library/Core/Src/usbd_ctlreq.c ****     unicode[idx++] = *(uint8_t *)(void *)len;
 1878              		.loc 1 874 22 is_stmt 0 view .LVU584
 1879 000a FFF7FEFF 		bl	USBD_GetLen
 1880              	.LVL246:
 874:Middlewares/ST/STM32_USB_Device_Library/Core/Src/usbd_ctlreq.c ****     unicode[idx++] = *(uint8_t *)(void *)len;
 1881              		.loc 1 874 45 discriminator 1 view .LVU585
 1882 000e 431C     		adds	r3, r0, #1
 874:Middlewares/ST/STM32_USB_Device_Library/Core/Src/usbd_ctlreq.c ****     unicode[idx++] = *(uint8_t *)(void *)len;
 1883              		.loc 1 874 10 discriminator 1 view .LVU586
 1884 0010 5B00     		lsls	r3, r3, #1
 1885 0012 9BB2     		uxth	r3, r3
 1886 0014 3380     		strh	r3, [r6]	@ movhi
 875:Middlewares/ST/STM32_USB_Device_Library/Core/Src/usbd_ctlreq.c ****     unicode[idx++] = USB_DESC_TYPE_STRING;
 1887              		.loc 1 875 5 is_stmt 1 view .LVU587
 1888              	.LVL247:
 875:Middlewares/ST/STM32_USB_Device_Library/Core/Src/usbd_ctlreq.c ****     unicode[idx++] = USB_DESC_TYPE_STRING;
 1889              		.loc 1 875 20 is_stmt 0 view .LVU588
 1890 0016 2B70     		strb	r3, [r5]
 876:Middlewares/ST/STM32_USB_Device_Library/Core/Src/usbd_ctlreq.c **** 
 1891              		.loc 1 876 5 is_stmt 1 view .LVU589
 1892              	.LVL248:
 876:Middlewares/ST/STM32_USB_Device_Library/Core/Src/usbd_ctlreq.c **** 
 1893              		.loc 1 876 20 is_stmt 0 view .LVU590
 1894 0018 0323     		movs	r3, #3
 1895 001a 6B70     		strb	r3, [r5, #1]
 878:Middlewares/ST/STM32_USB_Device_Library/Core/Src/usbd_ctlreq.c ****     {
 1896              		.loc 1 878 5 is_stmt 1 view .LVU591
 876:Middlewares/ST/STM32_USB_Device_Library/Core/Src/usbd_ctlreq.c **** 
 1897              		.loc 1 876 16 is_stmt 0 view .LVU592
 1898 001c 0223     		movs	r3, #2
 878:Middlewares/ST/STM32_USB_Device_Library/Core/Src/usbd_ctlreq.c ****     {
 1899              		.loc 1 878 11 view .LVU593
 1900 001e 07E0     		b	.L167
 1901              	.LVL249:
 1902              	.L168:
 880:Middlewares/ST/STM32_USB_Device_Library/Core/Src/usbd_ctlreq.c ****       unicode[idx++] =  0U;
 1903              		.loc 1 880 7 is_stmt 1 view .LVU594
 880:Middlewares/ST/STM32_USB_Device_Library/Core/Src/usbd_ctlreq.c ****       unicode[idx++] =  0U;
ARM GAS  C:\Users\crist\AppData\Local\Temp\ccV0p3Ed.s 			page 60


 1904              		.loc 1 880 29 is_stmt 0 view .LVU595
 1905 0020 0134     		adds	r4, r4, #1
 1906              	.LVL250:
 880:Middlewares/ST/STM32_USB_Device_Library/Core/Src/usbd_ctlreq.c ****       unicode[idx++] =  0U;
 1907              		.loc 1 880 18 view .LVU596
 1908 0022 5A1C     		adds	r2, r3, #1
 1909 0024 D2B2     		uxtb	r2, r2
 1910              	.LVL251:
 880:Middlewares/ST/STM32_USB_Device_Library/Core/Src/usbd_ctlreq.c ****       unicode[idx++] =  0U;
 1911              		.loc 1 880 22 view .LVU597
 1912 0026 E854     		strb	r0, [r5, r3]
 881:Middlewares/ST/STM32_USB_Device_Library/Core/Src/usbd_ctlreq.c ****     }
 1913              		.loc 1 881 7 is_stmt 1 view .LVU598
 881:Middlewares/ST/STM32_USB_Device_Library/Core/Src/usbd_ctlreq.c ****     }
 1914              		.loc 1 881 18 is_stmt 0 view .LVU599
 1915 0028 0233     		adds	r3, r3, #2
 1916 002a DBB2     		uxtb	r3, r3
 1917              	.LVL252:
 881:Middlewares/ST/STM32_USB_Device_Library/Core/Src/usbd_ctlreq.c ****     }
 1918              		.loc 1 881 22 view .LVU600
 1919 002c 0021     		movs	r1, #0
 1920 002e A954     		strb	r1, [r5, r2]
 1921              	.LVL253:
 1922              	.L167:
 878:Middlewares/ST/STM32_USB_Device_Library/Core/Src/usbd_ctlreq.c ****     {
 1923              		.loc 1 878 18 is_stmt 1 view .LVU601
 878:Middlewares/ST/STM32_USB_Device_Library/Core/Src/usbd_ctlreq.c ****     {
 1924              		.loc 1 878 12 is_stmt 0 view .LVU602
 1925 0030 2078     		ldrb	r0, [r4]	@ zero_extendqisi2
 878:Middlewares/ST/STM32_USB_Device_Library/Core/Src/usbd_ctlreq.c ****     {
 1926              		.loc 1 878 18 view .LVU603
 1927 0032 0028     		cmp	r0, #0
 1928 0034 F4D1     		bne	.L168
 884:Middlewares/ST/STM32_USB_Device_Library/Core/Src/usbd_ctlreq.c **** 
 1929              		.loc 1 884 1 view .LVU604
 1930 0036 70BD     		pop	{r4, r5, r6, pc}
 1931              	.LVL254:
 1932              	.L170:
 1933              	.LCFI15:
 1934              		.cfi_def_cfa_offset 0
 1935              		.cfi_restore 4
 1936              		.cfi_restore 5
 1937              		.cfi_restore 6
 1938              		.cfi_restore 14
 884:Middlewares/ST/STM32_USB_Device_Library/Core/Src/usbd_ctlreq.c **** 
 1939              		.loc 1 884 1 view .LVU605
 1940 0038 7047     		bx	lr
 1941              		.cfi_endproc
 1942              	.LFE80:
 1944              		.section	.bss.cfgidx.0,"aw",%nobits
 1947              	cfgidx.0:
 1948 0000 00       		.space	1
 1949              		.text
 1950              	.Letext0:
 1951              		.file 2 "C:\\ST\\STM32CubeCLT_1.21.0\\GNU-tools-for-STM32\\bin\\../lib/gcc/arm-none-eabi/14.3.1/..
 1952              		.file 3 "C:\\ST\\STM32CubeCLT_1.21.0\\GNU-tools-for-STM32\\bin\\../lib/gcc/arm-none-eabi/14.3.1/..
 1953              		.file 4 "Middlewares/ST/STM32_USB_Device_Library/Core/Inc/usbd_def.h"
ARM GAS  C:\Users\crist\AppData\Local\Temp\ccV0p3Ed.s 			page 61


 1954              		.file 5 "Middlewares/ST/STM32_USB_Device_Library/Core/Inc/usbd_core.h"
 1955              		.file 6 "Middlewares/ST/STM32_USB_Device_Library/Core/Inc/usbd_ioreq.h"
ARM GAS  C:\Users\crist\AppData\Local\Temp\ccV0p3Ed.s 			page 62


DEFINED SYMBOLS
                            *ABS*:00000000 usbd_ctlreq.c
C:\Users\crist\AppData\Local\Temp\ccV0p3Ed.s:19     .text.USBD_GetLen:00000000 $t
C:\Users\crist\AppData\Local\Temp\ccV0p3Ed.s:24     .text.USBD_GetLen:00000000 USBD_GetLen
C:\Users\crist\AppData\Local\Temp\ccV0p3Ed.s:69     .text.USBD_SetFeature:00000000 $t
C:\Users\crist\AppData\Local\Temp\ccV0p3Ed.s:74     .text.USBD_SetFeature:00000000 USBD_SetFeature
C:\Users\crist\AppData\Local\Temp\ccV0p3Ed.s:111    .text.USBD_ParseSetupRequest:00000000 $t
C:\Users\crist\AppData\Local\Temp\ccV0p3Ed.s:117    .text.USBD_ParseSetupRequest:00000000 USBD_ParseSetupRequest
C:\Users\crist\AppData\Local\Temp\ccV0p3Ed.s:161    .text.USBD_CtlError:00000000 $t
C:\Users\crist\AppData\Local\Temp\ccV0p3Ed.s:167    .text.USBD_CtlError:00000000 USBD_CtlError
C:\Users\crist\AppData\Local\Temp\ccV0p3Ed.s:199    .text.USBD_GetDescriptor:00000000 $t
C:\Users\crist\AppData\Local\Temp\ccV0p3Ed.s:204    .text.USBD_GetDescriptor:00000000 USBD_GetDescriptor
C:\Users\crist\AppData\Local\Temp\ccV0p3Ed.s:242    .text.USBD_GetDescriptor:0000001e $d
C:\Users\crist\AppData\Local\Temp\ccV0p3Ed.s:348    .text.USBD_GetDescriptor:00000080 $d
C:\Users\crist\AppData\Local\Temp\ccV0p3Ed.s:354    .text.USBD_GetDescriptor:00000086 $t
C:\Users\crist\AppData\Local\Temp\ccV0p3Ed.s:634    .text.USBD_SetAddress:00000000 $t
C:\Users\crist\AppData\Local\Temp\ccV0p3Ed.s:639    .text.USBD_SetAddress:00000000 USBD_SetAddress
C:\Users\crist\AppData\Local\Temp\ccV0p3Ed.s:730    .text.USBD_SetConfig:00000000 $t
C:\Users\crist\AppData\Local\Temp\ccV0p3Ed.s:735    .text.USBD_SetConfig:00000000 USBD_SetConfig
C:\Users\crist\AppData\Local\Temp\ccV0p3Ed.s:900    .text.USBD_SetConfig:000000ac $d
C:\Users\crist\AppData\Local\Temp\ccV0p3Ed.s:1947   .bss.cfgidx.0:00000000 cfgidx.0
C:\Users\crist\AppData\Local\Temp\ccV0p3Ed.s:905    .text.USBD_GetConfig:00000000 $t
C:\Users\crist\AppData\Local\Temp\ccV0p3Ed.s:910    .text.USBD_GetConfig:00000000 USBD_GetConfig
C:\Users\crist\AppData\Local\Temp\ccV0p3Ed.s:984    .text.USBD_GetStatus:00000000 $t
C:\Users\crist\AppData\Local\Temp\ccV0p3Ed.s:989    .text.USBD_GetStatus:00000000 USBD_GetStatus
C:\Users\crist\AppData\Local\Temp\ccV0p3Ed.s:1059   .text.USBD_ClrFeature:00000000 $t
C:\Users\crist\AppData\Local\Temp\ccV0p3Ed.s:1064   .text.USBD_ClrFeature:00000000 USBD_ClrFeature
C:\Users\crist\AppData\Local\Temp\ccV0p3Ed.s:1117   .text.USBD_StdDevReq:00000000 $t
C:\Users\crist\AppData\Local\Temp\ccV0p3Ed.s:1123   .text.USBD_StdDevReq:00000000 USBD_StdDevReq
C:\Users\crist\AppData\Local\Temp\ccV0p3Ed.s:1179   .text.USBD_StdDevReq:0000002e $d
C:\Users\crist\AppData\Local\Temp\ccV0p3Ed.s:1189   .text.USBD_StdDevReq:00000038 $t
C:\Users\crist\AppData\Local\Temp\ccV0p3Ed.s:1249   .text.USBD_StdItfReq:00000000 $t
C:\Users\crist\AppData\Local\Temp\ccV0p3Ed.s:1255   .text.USBD_StdItfReq:00000000 USBD_StdItfReq
C:\Users\crist\AppData\Local\Temp\ccV0p3Ed.s:1367   .text.USBD_StdEPReq:00000000 $t
C:\Users\crist\AppData\Local\Temp\ccV0p3Ed.s:1373   .text.USBD_StdEPReq:00000000 USBD_StdEPReq
C:\Users\crist\AppData\Local\Temp\ccV0p3Ed.s:1849   .text.USBD_GetString:00000000 $t
C:\Users\crist\AppData\Local\Temp\ccV0p3Ed.s:1855   .text.USBD_GetString:00000000 USBD_GetString
C:\Users\crist\AppData\Local\Temp\ccV0p3Ed.s:1948   .bss.cfgidx.0:00000000 $d
C:\Users\crist\AppData\Local\Temp\ccV0p3Ed.s:249    .text.USBD_GetDescriptor:00000025 $d
C:\Users\crist\AppData\Local\Temp\ccV0p3Ed.s:249    .text.USBD_GetDescriptor:00000026 $t

UNDEFINED SYMBOLS
USBD_CtlSendStatus
USBD_LL_StallEP
USBD_CtlSendData
USBD_LL_SetUSBAddress
USBD_ClrClassConfig
USBD_SetClassConfig
USBD_LL_ClearStallEP
USBD_LL_IsStallEP
