ARM GAS  C:\Users\crist\AppData\Local\Temp\ccU0j1w4.s 			page 1


   1              		.cpu cortex-m3
   2              		.arch armv7-m
   3              		.fpu softvfp
   4              		.eabi_attribute 20, 1
   5              		.eabi_attribute 21, 1
   6              		.eabi_attribute 23, 3
   7              		.eabi_attribute 24, 1
   8              		.eabi_attribute 25, 1
   9              		.eabi_attribute 26, 1
  10              		.eabi_attribute 30, 1
  11              		.eabi_attribute 34, 1
  12              		.eabi_attribute 18, 4
  13              		.file	"usbd_conf.c"
  14              		.text
  15              	.Ltext0:
  16              		.cfi_sections	.debug_frame
  17              		.file 1 "USB_DEVICE/Target/usbd_conf.c"
  18              		.section	.text.USBD_Get_USB_Status,"ax",%progbits
  19              		.align	1
  20              		.syntax unified
  21              		.thumb
  22              		.thumb_func
  24              	USBD_Get_USB_Status:
  25              	.LVL0:
  26              	.LFB99:
   1:USB_DEVICE/Target/usbd_conf.c **** /* USER CODE BEGIN Header */
   2:USB_DEVICE/Target/usbd_conf.c **** /**
   3:USB_DEVICE/Target/usbd_conf.c ****   ******************************************************************************
   4:USB_DEVICE/Target/usbd_conf.c ****   * @file           : Target/usbd_conf.c
   5:USB_DEVICE/Target/usbd_conf.c ****   * @version        : v2.0_Cube
   6:USB_DEVICE/Target/usbd_conf.c ****   * @brief          : This file implements the board support package for the USB device library
   7:USB_DEVICE/Target/usbd_conf.c ****   ******************************************************************************
   8:USB_DEVICE/Target/usbd_conf.c ****   * @attention
   9:USB_DEVICE/Target/usbd_conf.c ****   *
  10:USB_DEVICE/Target/usbd_conf.c ****   * Copyright (c) 2024 STMicroelectronics.
  11:USB_DEVICE/Target/usbd_conf.c ****   * All rights reserved.
  12:USB_DEVICE/Target/usbd_conf.c ****   *
  13:USB_DEVICE/Target/usbd_conf.c ****   * This software is licensed under terms that can be found in the LICENSE file
  14:USB_DEVICE/Target/usbd_conf.c ****   * in the root directory of this software component.
  15:USB_DEVICE/Target/usbd_conf.c ****   * If no LICENSE file comes with this software, it is provided AS-IS.
  16:USB_DEVICE/Target/usbd_conf.c ****   *
  17:USB_DEVICE/Target/usbd_conf.c ****   ******************************************************************************
  18:USB_DEVICE/Target/usbd_conf.c ****   */
  19:USB_DEVICE/Target/usbd_conf.c **** /* USER CODE END Header */
  20:USB_DEVICE/Target/usbd_conf.c **** 
  21:USB_DEVICE/Target/usbd_conf.c **** /* Includes ------------------------------------------------------------------*/
  22:USB_DEVICE/Target/usbd_conf.c **** #include "stm32f1xx.h"
  23:USB_DEVICE/Target/usbd_conf.c **** #include "stm32f1xx_hal.h"
  24:USB_DEVICE/Target/usbd_conf.c **** #include "usbd_def.h"
  25:USB_DEVICE/Target/usbd_conf.c **** #include "usbd_core.h"
  26:USB_DEVICE/Target/usbd_conf.c **** #include "usbd_cdc.h"
  27:USB_DEVICE/Target/usbd_conf.c **** 
  28:USB_DEVICE/Target/usbd_conf.c **** /* USER CODE BEGIN Includes */
  29:USB_DEVICE/Target/usbd_conf.c **** 
  30:USB_DEVICE/Target/usbd_conf.c **** /* USER CODE END Includes */
  31:USB_DEVICE/Target/usbd_conf.c **** 
  32:USB_DEVICE/Target/usbd_conf.c **** /* Private typedef -----------------------------------------------------------*/
ARM GAS  C:\Users\crist\AppData\Local\Temp\ccU0j1w4.s 			page 2


  33:USB_DEVICE/Target/usbd_conf.c **** /* Private define ------------------------------------------------------------*/
  34:USB_DEVICE/Target/usbd_conf.c **** /* Private macro -------------------------------------------------------------*/
  35:USB_DEVICE/Target/usbd_conf.c **** 
  36:USB_DEVICE/Target/usbd_conf.c **** /* USER CODE BEGIN PV */
  37:USB_DEVICE/Target/usbd_conf.c **** /* Private variables ---------------------------------------------------------*/
  38:USB_DEVICE/Target/usbd_conf.c **** 
  39:USB_DEVICE/Target/usbd_conf.c **** /* USER CODE END PV */
  40:USB_DEVICE/Target/usbd_conf.c **** 
  41:USB_DEVICE/Target/usbd_conf.c **** PCD_HandleTypeDef hpcd_USB_FS;
  42:USB_DEVICE/Target/usbd_conf.c **** void Error_Handler(void);
  43:USB_DEVICE/Target/usbd_conf.c **** 
  44:USB_DEVICE/Target/usbd_conf.c **** /* USER CODE BEGIN 0 */
  45:USB_DEVICE/Target/usbd_conf.c **** 
  46:USB_DEVICE/Target/usbd_conf.c **** /* USER CODE END 0 */
  47:USB_DEVICE/Target/usbd_conf.c **** 
  48:USB_DEVICE/Target/usbd_conf.c **** /* USER CODE BEGIN PFP */
  49:USB_DEVICE/Target/usbd_conf.c **** /* Private function prototypes -----------------------------------------------*/
  50:USB_DEVICE/Target/usbd_conf.c **** 
  51:USB_DEVICE/Target/usbd_conf.c **** /* USER CODE END PFP */
  52:USB_DEVICE/Target/usbd_conf.c **** 
  53:USB_DEVICE/Target/usbd_conf.c **** /* Private functions ---------------------------------------------------------*/
  54:USB_DEVICE/Target/usbd_conf.c **** static USBD_StatusTypeDef USBD_Get_USB_Status(HAL_StatusTypeDef hal_status);
  55:USB_DEVICE/Target/usbd_conf.c **** /* USER CODE BEGIN 1 */
  56:USB_DEVICE/Target/usbd_conf.c **** 
  57:USB_DEVICE/Target/usbd_conf.c **** /* USER CODE END 1 */
  58:USB_DEVICE/Target/usbd_conf.c **** #if (USE_HAL_PCD_REGISTER_CALLBACKS == 1U)
  59:USB_DEVICE/Target/usbd_conf.c **** static void PCDEx_SetConnectionState(PCD_HandleTypeDef *hpcd, uint8_t state);
  60:USB_DEVICE/Target/usbd_conf.c **** #else
  61:USB_DEVICE/Target/usbd_conf.c **** void HAL_PCDEx_SetConnectionState(PCD_HandleTypeDef *hpcd, uint8_t state);
  62:USB_DEVICE/Target/usbd_conf.c **** #endif /* USE_HAL_PCD_REGISTER_CALLBACKS */
  63:USB_DEVICE/Target/usbd_conf.c **** 
  64:USB_DEVICE/Target/usbd_conf.c **** /*******************************************************************************
  65:USB_DEVICE/Target/usbd_conf.c ****                        LL Driver Callbacks (PCD -> USB Device Library)
  66:USB_DEVICE/Target/usbd_conf.c **** *******************************************************************************/
  67:USB_DEVICE/Target/usbd_conf.c **** /* MSP Init */
  68:USB_DEVICE/Target/usbd_conf.c **** 
  69:USB_DEVICE/Target/usbd_conf.c **** void HAL_PCD_MspInit(PCD_HandleTypeDef* pcdHandle)
  70:USB_DEVICE/Target/usbd_conf.c **** {
  71:USB_DEVICE/Target/usbd_conf.c ****   if(pcdHandle->Instance==USB)
  72:USB_DEVICE/Target/usbd_conf.c ****   {
  73:USB_DEVICE/Target/usbd_conf.c ****   /* USER CODE BEGIN USB_MspInit 0 */
  74:USB_DEVICE/Target/usbd_conf.c **** 
  75:USB_DEVICE/Target/usbd_conf.c ****   /* USER CODE END USB_MspInit 0 */
  76:USB_DEVICE/Target/usbd_conf.c ****     /* Peripheral clock enable */
  77:USB_DEVICE/Target/usbd_conf.c ****     __HAL_RCC_USB_CLK_ENABLE();
  78:USB_DEVICE/Target/usbd_conf.c **** 
  79:USB_DEVICE/Target/usbd_conf.c ****     /* Peripheral interrupt init */
  80:USB_DEVICE/Target/usbd_conf.c ****     HAL_NVIC_SetPriority(USB_LP_CAN1_RX0_IRQn, 0, 0);
  81:USB_DEVICE/Target/usbd_conf.c ****     HAL_NVIC_EnableIRQ(USB_LP_CAN1_RX0_IRQn);
  82:USB_DEVICE/Target/usbd_conf.c ****   /* USER CODE BEGIN USB_MspInit 1 */
  83:USB_DEVICE/Target/usbd_conf.c **** 
  84:USB_DEVICE/Target/usbd_conf.c ****   /* USER CODE END USB_MspInit 1 */
  85:USB_DEVICE/Target/usbd_conf.c ****   }
  86:USB_DEVICE/Target/usbd_conf.c **** }
  87:USB_DEVICE/Target/usbd_conf.c **** 
  88:USB_DEVICE/Target/usbd_conf.c **** void HAL_PCD_MspDeInit(PCD_HandleTypeDef* pcdHandle)
  89:USB_DEVICE/Target/usbd_conf.c **** {
ARM GAS  C:\Users\crist\AppData\Local\Temp\ccU0j1w4.s 			page 3


  90:USB_DEVICE/Target/usbd_conf.c ****   if(pcdHandle->Instance==USB)
  91:USB_DEVICE/Target/usbd_conf.c ****   {
  92:USB_DEVICE/Target/usbd_conf.c ****   /* USER CODE BEGIN USB_MspDeInit 0 */
  93:USB_DEVICE/Target/usbd_conf.c **** 
  94:USB_DEVICE/Target/usbd_conf.c ****   /* USER CODE END USB_MspDeInit 0 */
  95:USB_DEVICE/Target/usbd_conf.c ****     /* Peripheral clock disable */
  96:USB_DEVICE/Target/usbd_conf.c ****     __HAL_RCC_USB_CLK_DISABLE();
  97:USB_DEVICE/Target/usbd_conf.c **** 
  98:USB_DEVICE/Target/usbd_conf.c ****     /* Peripheral interrupt Deinit*/
  99:USB_DEVICE/Target/usbd_conf.c ****     HAL_NVIC_DisableIRQ(USB_LP_CAN1_RX0_IRQn);
 100:USB_DEVICE/Target/usbd_conf.c **** 
 101:USB_DEVICE/Target/usbd_conf.c ****   /* USER CODE BEGIN USB_MspDeInit 1 */
 102:USB_DEVICE/Target/usbd_conf.c **** 
 103:USB_DEVICE/Target/usbd_conf.c ****   /* USER CODE END USB_MspDeInit 1 */
 104:USB_DEVICE/Target/usbd_conf.c ****   }
 105:USB_DEVICE/Target/usbd_conf.c **** }
 106:USB_DEVICE/Target/usbd_conf.c **** 
 107:USB_DEVICE/Target/usbd_conf.c **** /**
 108:USB_DEVICE/Target/usbd_conf.c ****   * @brief  Setup stage callback
 109:USB_DEVICE/Target/usbd_conf.c ****   * @param  hpcd: PCD handle
 110:USB_DEVICE/Target/usbd_conf.c ****   * @retval None
 111:USB_DEVICE/Target/usbd_conf.c ****   */
 112:USB_DEVICE/Target/usbd_conf.c **** #if (USE_HAL_PCD_REGISTER_CALLBACKS == 1U)
 113:USB_DEVICE/Target/usbd_conf.c **** static void PCD_SetupStageCallback(PCD_HandleTypeDef *hpcd)
 114:USB_DEVICE/Target/usbd_conf.c **** #else
 115:USB_DEVICE/Target/usbd_conf.c **** void HAL_PCD_SetupStageCallback(PCD_HandleTypeDef *hpcd)
 116:USB_DEVICE/Target/usbd_conf.c **** #endif /* USE_HAL_PCD_REGISTER_CALLBACKS */
 117:USB_DEVICE/Target/usbd_conf.c **** {
 118:USB_DEVICE/Target/usbd_conf.c ****   USBD_LL_SetupStage((USBD_HandleTypeDef*)hpcd->pData, (uint8_t *)hpcd->Setup);
 119:USB_DEVICE/Target/usbd_conf.c **** }
 120:USB_DEVICE/Target/usbd_conf.c **** 
 121:USB_DEVICE/Target/usbd_conf.c **** /**
 122:USB_DEVICE/Target/usbd_conf.c ****   * @brief  Data Out stage callback.
 123:USB_DEVICE/Target/usbd_conf.c ****   * @param  hpcd: PCD handle
 124:USB_DEVICE/Target/usbd_conf.c ****   * @param  epnum: Endpoint number
 125:USB_DEVICE/Target/usbd_conf.c ****   * @retval None
 126:USB_DEVICE/Target/usbd_conf.c ****   */
 127:USB_DEVICE/Target/usbd_conf.c **** #if (USE_HAL_PCD_REGISTER_CALLBACKS == 1U)
 128:USB_DEVICE/Target/usbd_conf.c **** static void PCD_DataOutStageCallback(PCD_HandleTypeDef *hpcd, uint8_t epnum)
 129:USB_DEVICE/Target/usbd_conf.c **** #else
 130:USB_DEVICE/Target/usbd_conf.c **** void HAL_PCD_DataOutStageCallback(PCD_HandleTypeDef *hpcd, uint8_t epnum)
 131:USB_DEVICE/Target/usbd_conf.c **** #endif /* USE_HAL_PCD_REGISTER_CALLBACKS */
 132:USB_DEVICE/Target/usbd_conf.c **** {
 133:USB_DEVICE/Target/usbd_conf.c ****   USBD_LL_DataOutStage((USBD_HandleTypeDef*)hpcd->pData, epnum, hpcd->OUT_ep[epnum].xfer_buff);
 134:USB_DEVICE/Target/usbd_conf.c **** }
 135:USB_DEVICE/Target/usbd_conf.c **** 
 136:USB_DEVICE/Target/usbd_conf.c **** /**
 137:USB_DEVICE/Target/usbd_conf.c ****   * @brief  Data In stage callback.
 138:USB_DEVICE/Target/usbd_conf.c ****   * @param  hpcd: PCD handle
 139:USB_DEVICE/Target/usbd_conf.c ****   * @param  epnum: Endpoint number
 140:USB_DEVICE/Target/usbd_conf.c ****   * @retval None
 141:USB_DEVICE/Target/usbd_conf.c ****   */
 142:USB_DEVICE/Target/usbd_conf.c **** #if (USE_HAL_PCD_REGISTER_CALLBACKS == 1U)
 143:USB_DEVICE/Target/usbd_conf.c **** static void PCD_DataInStageCallback(PCD_HandleTypeDef *hpcd, uint8_t epnum)
 144:USB_DEVICE/Target/usbd_conf.c **** #else
 145:USB_DEVICE/Target/usbd_conf.c **** void HAL_PCD_DataInStageCallback(PCD_HandleTypeDef *hpcd, uint8_t epnum)
 146:USB_DEVICE/Target/usbd_conf.c **** #endif /* USE_HAL_PCD_REGISTER_CALLBACKS */
ARM GAS  C:\Users\crist\AppData\Local\Temp\ccU0j1w4.s 			page 4


 147:USB_DEVICE/Target/usbd_conf.c **** {
 148:USB_DEVICE/Target/usbd_conf.c ****   USBD_LL_DataInStage((USBD_HandleTypeDef*)hpcd->pData, epnum, hpcd->IN_ep[epnum].xfer_buff);
 149:USB_DEVICE/Target/usbd_conf.c **** }
 150:USB_DEVICE/Target/usbd_conf.c **** 
 151:USB_DEVICE/Target/usbd_conf.c **** /**
 152:USB_DEVICE/Target/usbd_conf.c ****   * @brief  SOF callback.
 153:USB_DEVICE/Target/usbd_conf.c ****   * @param  hpcd: PCD handle
 154:USB_DEVICE/Target/usbd_conf.c ****   * @retval None
 155:USB_DEVICE/Target/usbd_conf.c ****   */
 156:USB_DEVICE/Target/usbd_conf.c **** #if (USE_HAL_PCD_REGISTER_CALLBACKS == 1U)
 157:USB_DEVICE/Target/usbd_conf.c **** static void PCD_SOFCallback(PCD_HandleTypeDef *hpcd)
 158:USB_DEVICE/Target/usbd_conf.c **** #else
 159:USB_DEVICE/Target/usbd_conf.c **** void HAL_PCD_SOFCallback(PCD_HandleTypeDef *hpcd)
 160:USB_DEVICE/Target/usbd_conf.c **** #endif /* USE_HAL_PCD_REGISTER_CALLBACKS */
 161:USB_DEVICE/Target/usbd_conf.c **** {
 162:USB_DEVICE/Target/usbd_conf.c ****   USBD_LL_SOF((USBD_HandleTypeDef*)hpcd->pData);
 163:USB_DEVICE/Target/usbd_conf.c **** }
 164:USB_DEVICE/Target/usbd_conf.c **** 
 165:USB_DEVICE/Target/usbd_conf.c **** /**
 166:USB_DEVICE/Target/usbd_conf.c ****   * @brief  Reset callback.
 167:USB_DEVICE/Target/usbd_conf.c ****   * @param  hpcd: PCD handle
 168:USB_DEVICE/Target/usbd_conf.c ****   * @retval None
 169:USB_DEVICE/Target/usbd_conf.c ****   */
 170:USB_DEVICE/Target/usbd_conf.c **** #if (USE_HAL_PCD_REGISTER_CALLBACKS == 1U)
 171:USB_DEVICE/Target/usbd_conf.c **** static void PCD_ResetCallback(PCD_HandleTypeDef *hpcd)
 172:USB_DEVICE/Target/usbd_conf.c **** #else
 173:USB_DEVICE/Target/usbd_conf.c **** void HAL_PCD_ResetCallback(PCD_HandleTypeDef *hpcd)
 174:USB_DEVICE/Target/usbd_conf.c **** #endif /* USE_HAL_PCD_REGISTER_CALLBACKS */
 175:USB_DEVICE/Target/usbd_conf.c **** {
 176:USB_DEVICE/Target/usbd_conf.c ****   USBD_SpeedTypeDef speed = USBD_SPEED_FULL;
 177:USB_DEVICE/Target/usbd_conf.c **** 
 178:USB_DEVICE/Target/usbd_conf.c ****   if ( hpcd->Init.speed != PCD_SPEED_FULL)
 179:USB_DEVICE/Target/usbd_conf.c ****   {
 180:USB_DEVICE/Target/usbd_conf.c ****     Error_Handler();
 181:USB_DEVICE/Target/usbd_conf.c ****   }
 182:USB_DEVICE/Target/usbd_conf.c ****     /* Set Speed. */
 183:USB_DEVICE/Target/usbd_conf.c ****   USBD_LL_SetSpeed((USBD_HandleTypeDef*)hpcd->pData, speed);
 184:USB_DEVICE/Target/usbd_conf.c **** 
 185:USB_DEVICE/Target/usbd_conf.c ****   /* Reset Device. */
 186:USB_DEVICE/Target/usbd_conf.c ****   USBD_LL_Reset((USBD_HandleTypeDef*)hpcd->pData);
 187:USB_DEVICE/Target/usbd_conf.c **** }
 188:USB_DEVICE/Target/usbd_conf.c **** 
 189:USB_DEVICE/Target/usbd_conf.c **** /**
 190:USB_DEVICE/Target/usbd_conf.c ****   * @brief  Suspend callback.
 191:USB_DEVICE/Target/usbd_conf.c ****   * When Low power mode is enabled the debug cannot be used (IAR, Keil doesn't support it)
 192:USB_DEVICE/Target/usbd_conf.c ****   * @param  hpcd: PCD handle
 193:USB_DEVICE/Target/usbd_conf.c ****   * @retval None
 194:USB_DEVICE/Target/usbd_conf.c ****   */
 195:USB_DEVICE/Target/usbd_conf.c **** #if (USE_HAL_PCD_REGISTER_CALLBACKS == 1U)
 196:USB_DEVICE/Target/usbd_conf.c **** static void PCD_SuspendCallback(PCD_HandleTypeDef *hpcd)
 197:USB_DEVICE/Target/usbd_conf.c **** #else
 198:USB_DEVICE/Target/usbd_conf.c **** void HAL_PCD_SuspendCallback(PCD_HandleTypeDef *hpcd)
 199:USB_DEVICE/Target/usbd_conf.c **** #endif /* USE_HAL_PCD_REGISTER_CALLBACKS */
 200:USB_DEVICE/Target/usbd_conf.c **** {
 201:USB_DEVICE/Target/usbd_conf.c ****   /* Inform USB library that core enters in suspend Mode. */
 202:USB_DEVICE/Target/usbd_conf.c ****   USBD_LL_Suspend((USBD_HandleTypeDef*)hpcd->pData);
 203:USB_DEVICE/Target/usbd_conf.c ****   /* Enter in STOP mode. */
ARM GAS  C:\Users\crist\AppData\Local\Temp\ccU0j1w4.s 			page 5


 204:USB_DEVICE/Target/usbd_conf.c ****   /* USER CODE BEGIN 2 */
 205:USB_DEVICE/Target/usbd_conf.c ****   if (hpcd->Init.low_power_enable)
 206:USB_DEVICE/Target/usbd_conf.c ****   {
 207:USB_DEVICE/Target/usbd_conf.c ****     /* Set SLEEPDEEP bit and SleepOnExit of Cortex System Control Register. */
 208:USB_DEVICE/Target/usbd_conf.c ****     SCB->SCR |= (uint32_t)((uint32_t)(SCB_SCR_SLEEPDEEP_Msk | SCB_SCR_SLEEPONEXIT_Msk));
 209:USB_DEVICE/Target/usbd_conf.c ****   }
 210:USB_DEVICE/Target/usbd_conf.c ****   /* USER CODE END 2 */
 211:USB_DEVICE/Target/usbd_conf.c **** }
 212:USB_DEVICE/Target/usbd_conf.c **** 
 213:USB_DEVICE/Target/usbd_conf.c **** /**
 214:USB_DEVICE/Target/usbd_conf.c ****   * @brief  Resume callback.
 215:USB_DEVICE/Target/usbd_conf.c ****   * When Low power mode is enabled the debug cannot be used (IAR, Keil doesn't support it)
 216:USB_DEVICE/Target/usbd_conf.c ****   * @param  hpcd: PCD handle
 217:USB_DEVICE/Target/usbd_conf.c ****   * @retval None
 218:USB_DEVICE/Target/usbd_conf.c ****   */
 219:USB_DEVICE/Target/usbd_conf.c **** #if (USE_HAL_PCD_REGISTER_CALLBACKS == 1U)
 220:USB_DEVICE/Target/usbd_conf.c **** static void PCD_ResumeCallback(PCD_HandleTypeDef *hpcd)
 221:USB_DEVICE/Target/usbd_conf.c **** #else
 222:USB_DEVICE/Target/usbd_conf.c **** void HAL_PCD_ResumeCallback(PCD_HandleTypeDef *hpcd)
 223:USB_DEVICE/Target/usbd_conf.c **** #endif /* USE_HAL_PCD_REGISTER_CALLBACKS */
 224:USB_DEVICE/Target/usbd_conf.c **** {
 225:USB_DEVICE/Target/usbd_conf.c ****   /* USER CODE BEGIN 3 */
 226:USB_DEVICE/Target/usbd_conf.c **** 
 227:USB_DEVICE/Target/usbd_conf.c ****   /* USER CODE END 3 */
 228:USB_DEVICE/Target/usbd_conf.c ****   USBD_LL_Resume((USBD_HandleTypeDef*)hpcd->pData);
 229:USB_DEVICE/Target/usbd_conf.c **** }
 230:USB_DEVICE/Target/usbd_conf.c **** 
 231:USB_DEVICE/Target/usbd_conf.c **** /**
 232:USB_DEVICE/Target/usbd_conf.c ****   * @brief  ISOOUTIncomplete callback.
 233:USB_DEVICE/Target/usbd_conf.c ****   * @param  hpcd: PCD handle
 234:USB_DEVICE/Target/usbd_conf.c ****   * @param  epnum: Endpoint number
 235:USB_DEVICE/Target/usbd_conf.c ****   * @retval None
 236:USB_DEVICE/Target/usbd_conf.c ****   */
 237:USB_DEVICE/Target/usbd_conf.c **** #if (USE_HAL_PCD_REGISTER_CALLBACKS == 1U)
 238:USB_DEVICE/Target/usbd_conf.c **** static void PCD_ISOOUTIncompleteCallback(PCD_HandleTypeDef *hpcd, uint8_t epnum)
 239:USB_DEVICE/Target/usbd_conf.c **** #else
 240:USB_DEVICE/Target/usbd_conf.c **** void HAL_PCD_ISOOUTIncompleteCallback(PCD_HandleTypeDef *hpcd, uint8_t epnum)
 241:USB_DEVICE/Target/usbd_conf.c **** #endif /* USE_HAL_PCD_REGISTER_CALLBACKS */
 242:USB_DEVICE/Target/usbd_conf.c **** {
 243:USB_DEVICE/Target/usbd_conf.c ****   USBD_LL_IsoOUTIncomplete((USBD_HandleTypeDef*)hpcd->pData, epnum);
 244:USB_DEVICE/Target/usbd_conf.c **** }
 245:USB_DEVICE/Target/usbd_conf.c **** 
 246:USB_DEVICE/Target/usbd_conf.c **** /**
 247:USB_DEVICE/Target/usbd_conf.c ****   * @brief  ISOINIncomplete callback.
 248:USB_DEVICE/Target/usbd_conf.c ****   * @param  hpcd: PCD handle
 249:USB_DEVICE/Target/usbd_conf.c ****   * @param  epnum: Endpoint number
 250:USB_DEVICE/Target/usbd_conf.c ****   * @retval None
 251:USB_DEVICE/Target/usbd_conf.c ****   */
 252:USB_DEVICE/Target/usbd_conf.c **** #if (USE_HAL_PCD_REGISTER_CALLBACKS == 1U)
 253:USB_DEVICE/Target/usbd_conf.c **** static void PCD_ISOINIncompleteCallback(PCD_HandleTypeDef *hpcd, uint8_t epnum)
 254:USB_DEVICE/Target/usbd_conf.c **** #else
 255:USB_DEVICE/Target/usbd_conf.c **** void HAL_PCD_ISOINIncompleteCallback(PCD_HandleTypeDef *hpcd, uint8_t epnum)
 256:USB_DEVICE/Target/usbd_conf.c **** #endif /* USE_HAL_PCD_REGISTER_CALLBACKS */
 257:USB_DEVICE/Target/usbd_conf.c **** {
 258:USB_DEVICE/Target/usbd_conf.c ****   USBD_LL_IsoINIncomplete((USBD_HandleTypeDef*)hpcd->pData, epnum);
 259:USB_DEVICE/Target/usbd_conf.c **** }
 260:USB_DEVICE/Target/usbd_conf.c **** 
ARM GAS  C:\Users\crist\AppData\Local\Temp\ccU0j1w4.s 			page 6


 261:USB_DEVICE/Target/usbd_conf.c **** /**
 262:USB_DEVICE/Target/usbd_conf.c ****   * @brief  Connect callback.
 263:USB_DEVICE/Target/usbd_conf.c ****   * @param  hpcd: PCD handle
 264:USB_DEVICE/Target/usbd_conf.c ****   * @retval None
 265:USB_DEVICE/Target/usbd_conf.c ****   */
 266:USB_DEVICE/Target/usbd_conf.c **** #if (USE_HAL_PCD_REGISTER_CALLBACKS == 1U)
 267:USB_DEVICE/Target/usbd_conf.c **** static void PCD_ConnectCallback(PCD_HandleTypeDef *hpcd)
 268:USB_DEVICE/Target/usbd_conf.c **** #else
 269:USB_DEVICE/Target/usbd_conf.c **** void HAL_PCD_ConnectCallback(PCD_HandleTypeDef *hpcd)
 270:USB_DEVICE/Target/usbd_conf.c **** #endif /* USE_HAL_PCD_REGISTER_CALLBACKS */
 271:USB_DEVICE/Target/usbd_conf.c **** {
 272:USB_DEVICE/Target/usbd_conf.c ****   USBD_LL_DevConnected((USBD_HandleTypeDef*)hpcd->pData);
 273:USB_DEVICE/Target/usbd_conf.c **** }
 274:USB_DEVICE/Target/usbd_conf.c **** 
 275:USB_DEVICE/Target/usbd_conf.c **** /**
 276:USB_DEVICE/Target/usbd_conf.c ****   * @brief  Disconnect callback.
 277:USB_DEVICE/Target/usbd_conf.c ****   * @param  hpcd: PCD handle
 278:USB_DEVICE/Target/usbd_conf.c ****   * @retval None
 279:USB_DEVICE/Target/usbd_conf.c ****   */
 280:USB_DEVICE/Target/usbd_conf.c **** #if (USE_HAL_PCD_REGISTER_CALLBACKS == 1U)
 281:USB_DEVICE/Target/usbd_conf.c **** static void PCD_DisconnectCallback(PCD_HandleTypeDef *hpcd)
 282:USB_DEVICE/Target/usbd_conf.c **** #else
 283:USB_DEVICE/Target/usbd_conf.c **** void HAL_PCD_DisconnectCallback(PCD_HandleTypeDef *hpcd)
 284:USB_DEVICE/Target/usbd_conf.c **** #endif /* USE_HAL_PCD_REGISTER_CALLBACKS */
 285:USB_DEVICE/Target/usbd_conf.c **** {
 286:USB_DEVICE/Target/usbd_conf.c ****   USBD_LL_DevDisconnected((USBD_HandleTypeDef*)hpcd->pData);
 287:USB_DEVICE/Target/usbd_conf.c **** }
 288:USB_DEVICE/Target/usbd_conf.c **** 
 289:USB_DEVICE/Target/usbd_conf.c **** /*******************************************************************************
 290:USB_DEVICE/Target/usbd_conf.c ****                        LL Driver Interface (USB Device Library --> PCD)
 291:USB_DEVICE/Target/usbd_conf.c **** *******************************************************************************/
 292:USB_DEVICE/Target/usbd_conf.c **** 
 293:USB_DEVICE/Target/usbd_conf.c **** /**
 294:USB_DEVICE/Target/usbd_conf.c ****   * @brief  Initializes the low level portion of the device driver.
 295:USB_DEVICE/Target/usbd_conf.c ****   * @param  pdev: Device handle
 296:USB_DEVICE/Target/usbd_conf.c ****   * @retval USBD status
 297:USB_DEVICE/Target/usbd_conf.c ****   */
 298:USB_DEVICE/Target/usbd_conf.c **** USBD_StatusTypeDef USBD_LL_Init(USBD_HandleTypeDef *pdev)
 299:USB_DEVICE/Target/usbd_conf.c **** {
 300:USB_DEVICE/Target/usbd_conf.c ****   /* Init USB Ip. */
 301:USB_DEVICE/Target/usbd_conf.c ****   /* Link the driver to the stack. */
 302:USB_DEVICE/Target/usbd_conf.c ****   hpcd_USB_FS.pData = pdev;
 303:USB_DEVICE/Target/usbd_conf.c ****   pdev->pData = &hpcd_USB_FS;
 304:USB_DEVICE/Target/usbd_conf.c **** 
 305:USB_DEVICE/Target/usbd_conf.c ****   hpcd_USB_FS.Instance = USB;
 306:USB_DEVICE/Target/usbd_conf.c ****   hpcd_USB_FS.Init.dev_endpoints = 8;
 307:USB_DEVICE/Target/usbd_conf.c ****   hpcd_USB_FS.Init.speed = PCD_SPEED_FULL;
 308:USB_DEVICE/Target/usbd_conf.c ****   hpcd_USB_FS.Init.low_power_enable = DISABLE;
 309:USB_DEVICE/Target/usbd_conf.c ****   hpcd_USB_FS.Init.lpm_enable = DISABLE;
 310:USB_DEVICE/Target/usbd_conf.c ****   hpcd_USB_FS.Init.battery_charging_enable = DISABLE;
 311:USB_DEVICE/Target/usbd_conf.c ****   if (HAL_PCD_Init(&hpcd_USB_FS) != HAL_OK)
 312:USB_DEVICE/Target/usbd_conf.c ****   {
 313:USB_DEVICE/Target/usbd_conf.c ****     Error_Handler( );
 314:USB_DEVICE/Target/usbd_conf.c ****   }
 315:USB_DEVICE/Target/usbd_conf.c **** 
 316:USB_DEVICE/Target/usbd_conf.c **** #if (USE_HAL_PCD_REGISTER_CALLBACKS == 1U)
 317:USB_DEVICE/Target/usbd_conf.c ****   /* Register USB PCD CallBacks */
ARM GAS  C:\Users\crist\AppData\Local\Temp\ccU0j1w4.s 			page 7


 318:USB_DEVICE/Target/usbd_conf.c ****   HAL_PCD_RegisterCallback(&hpcd_USB_FS, HAL_PCD_SOF_CB_ID, PCD_SOFCallback);
 319:USB_DEVICE/Target/usbd_conf.c ****   HAL_PCD_RegisterCallback(&hpcd_USB_FS, HAL_PCD_SETUPSTAGE_CB_ID, PCD_SetupStageCallback);
 320:USB_DEVICE/Target/usbd_conf.c ****   HAL_PCD_RegisterCallback(&hpcd_USB_FS, HAL_PCD_RESET_CB_ID, PCD_ResetCallback);
 321:USB_DEVICE/Target/usbd_conf.c ****   HAL_PCD_RegisterCallback(&hpcd_USB_FS, HAL_PCD_SUSPEND_CB_ID, PCD_SuspendCallback);
 322:USB_DEVICE/Target/usbd_conf.c ****   HAL_PCD_RegisterCallback(&hpcd_USB_FS, HAL_PCD_RESUME_CB_ID, PCD_ResumeCallback);
 323:USB_DEVICE/Target/usbd_conf.c ****   HAL_PCD_RegisterCallback(&hpcd_USB_FS, HAL_PCD_CONNECT_CB_ID, PCD_ConnectCallback);
 324:USB_DEVICE/Target/usbd_conf.c ****   HAL_PCD_RegisterCallback(&hpcd_USB_FS, HAL_PCD_DISCONNECT_CB_ID, PCD_DisconnectCallback);
 325:USB_DEVICE/Target/usbd_conf.c **** 
 326:USB_DEVICE/Target/usbd_conf.c ****   HAL_PCD_RegisterDataOutStageCallback(&hpcd_USB_FS, PCD_DataOutStageCallback);
 327:USB_DEVICE/Target/usbd_conf.c ****   HAL_PCD_RegisterDataInStageCallback(&hpcd_USB_FS, PCD_DataInStageCallback);
 328:USB_DEVICE/Target/usbd_conf.c ****   HAL_PCD_RegisterIsoOutIncpltCallback(&hpcd_USB_FS, PCD_ISOOUTIncompleteCallback);
 329:USB_DEVICE/Target/usbd_conf.c ****   HAL_PCD_RegisterIsoInIncpltCallback(&hpcd_USB_FS, PCD_ISOINIncompleteCallback);
 330:USB_DEVICE/Target/usbd_conf.c **** #endif /* USE_HAL_PCD_REGISTER_CALLBACKS */
 331:USB_DEVICE/Target/usbd_conf.c ****   /* USER CODE BEGIN EndPoint_Configuration */
 332:USB_DEVICE/Target/usbd_conf.c ****   HAL_PCDEx_PMAConfig((PCD_HandleTypeDef*)pdev->pData , 0x00 , PCD_SNG_BUF, 0x18);
 333:USB_DEVICE/Target/usbd_conf.c ****   HAL_PCDEx_PMAConfig((PCD_HandleTypeDef*)pdev->pData , 0x80 , PCD_SNG_BUF, 0x58);
 334:USB_DEVICE/Target/usbd_conf.c ****   /* USER CODE END EndPoint_Configuration */
 335:USB_DEVICE/Target/usbd_conf.c ****   /* USER CODE BEGIN EndPoint_Configuration_CDC */
 336:USB_DEVICE/Target/usbd_conf.c ****   HAL_PCDEx_PMAConfig((PCD_HandleTypeDef*)pdev->pData , 0x81 , PCD_SNG_BUF, 0xC0);
 337:USB_DEVICE/Target/usbd_conf.c ****   HAL_PCDEx_PMAConfig((PCD_HandleTypeDef*)pdev->pData , 0x01 , PCD_SNG_BUF, 0x110);
 338:USB_DEVICE/Target/usbd_conf.c ****   HAL_PCDEx_PMAConfig((PCD_HandleTypeDef*)pdev->pData , 0x82 , PCD_SNG_BUF, 0x100);
 339:USB_DEVICE/Target/usbd_conf.c ****   /* USER CODE END EndPoint_Configuration_CDC */
 340:USB_DEVICE/Target/usbd_conf.c ****   return USBD_OK;
 341:USB_DEVICE/Target/usbd_conf.c **** }
 342:USB_DEVICE/Target/usbd_conf.c **** 
 343:USB_DEVICE/Target/usbd_conf.c **** /**
 344:USB_DEVICE/Target/usbd_conf.c ****   * @brief  De-Initializes the low level portion of the device driver.
 345:USB_DEVICE/Target/usbd_conf.c ****   * @param  pdev: Device handle
 346:USB_DEVICE/Target/usbd_conf.c ****   * @retval USBD status
 347:USB_DEVICE/Target/usbd_conf.c ****   */
 348:USB_DEVICE/Target/usbd_conf.c **** USBD_StatusTypeDef USBD_LL_DeInit(USBD_HandleTypeDef *pdev)
 349:USB_DEVICE/Target/usbd_conf.c **** {
 350:USB_DEVICE/Target/usbd_conf.c ****   HAL_StatusTypeDef hal_status = HAL_OK;
 351:USB_DEVICE/Target/usbd_conf.c ****   USBD_StatusTypeDef usb_status = USBD_OK;
 352:USB_DEVICE/Target/usbd_conf.c **** 
 353:USB_DEVICE/Target/usbd_conf.c ****   hal_status = HAL_PCD_DeInit(pdev->pData);
 354:USB_DEVICE/Target/usbd_conf.c **** 
 355:USB_DEVICE/Target/usbd_conf.c ****   usb_status =  USBD_Get_USB_Status(hal_status);
 356:USB_DEVICE/Target/usbd_conf.c **** 
 357:USB_DEVICE/Target/usbd_conf.c ****   return usb_status;
 358:USB_DEVICE/Target/usbd_conf.c **** }
 359:USB_DEVICE/Target/usbd_conf.c **** 
 360:USB_DEVICE/Target/usbd_conf.c **** /**
 361:USB_DEVICE/Target/usbd_conf.c ****   * @brief  Starts the low level portion of the device driver.
 362:USB_DEVICE/Target/usbd_conf.c ****   * @param  pdev: Device handle
 363:USB_DEVICE/Target/usbd_conf.c ****   * @retval USBD status
 364:USB_DEVICE/Target/usbd_conf.c ****   */
 365:USB_DEVICE/Target/usbd_conf.c **** USBD_StatusTypeDef USBD_LL_Start(USBD_HandleTypeDef *pdev)
 366:USB_DEVICE/Target/usbd_conf.c **** {
 367:USB_DEVICE/Target/usbd_conf.c ****   HAL_StatusTypeDef hal_status = HAL_OK;
 368:USB_DEVICE/Target/usbd_conf.c ****   USBD_StatusTypeDef usb_status = USBD_OK;
 369:USB_DEVICE/Target/usbd_conf.c **** 
 370:USB_DEVICE/Target/usbd_conf.c ****   hal_status = HAL_PCD_Start(pdev->pData);
 371:USB_DEVICE/Target/usbd_conf.c **** 
 372:USB_DEVICE/Target/usbd_conf.c ****   usb_status =  USBD_Get_USB_Status(hal_status);
 373:USB_DEVICE/Target/usbd_conf.c **** 
 374:USB_DEVICE/Target/usbd_conf.c ****   return usb_status;
ARM GAS  C:\Users\crist\AppData\Local\Temp\ccU0j1w4.s 			page 8


 375:USB_DEVICE/Target/usbd_conf.c **** }
 376:USB_DEVICE/Target/usbd_conf.c **** 
 377:USB_DEVICE/Target/usbd_conf.c **** /**
 378:USB_DEVICE/Target/usbd_conf.c ****   * @brief  Stops the low level portion of the device driver.
 379:USB_DEVICE/Target/usbd_conf.c ****   * @param  pdev: Device handle
 380:USB_DEVICE/Target/usbd_conf.c ****   * @retval USBD status
 381:USB_DEVICE/Target/usbd_conf.c ****   */
 382:USB_DEVICE/Target/usbd_conf.c **** USBD_StatusTypeDef USBD_LL_Stop(USBD_HandleTypeDef *pdev)
 383:USB_DEVICE/Target/usbd_conf.c **** {
 384:USB_DEVICE/Target/usbd_conf.c ****   HAL_StatusTypeDef hal_status = HAL_OK;
 385:USB_DEVICE/Target/usbd_conf.c ****   USBD_StatusTypeDef usb_status = USBD_OK;
 386:USB_DEVICE/Target/usbd_conf.c **** 
 387:USB_DEVICE/Target/usbd_conf.c ****   hal_status = HAL_PCD_Stop(pdev->pData);
 388:USB_DEVICE/Target/usbd_conf.c **** 
 389:USB_DEVICE/Target/usbd_conf.c ****   usb_status =  USBD_Get_USB_Status(hal_status);
 390:USB_DEVICE/Target/usbd_conf.c **** 
 391:USB_DEVICE/Target/usbd_conf.c ****   return usb_status;
 392:USB_DEVICE/Target/usbd_conf.c **** }
 393:USB_DEVICE/Target/usbd_conf.c **** 
 394:USB_DEVICE/Target/usbd_conf.c **** /**
 395:USB_DEVICE/Target/usbd_conf.c ****   * @brief  Opens an endpoint of the low level driver.
 396:USB_DEVICE/Target/usbd_conf.c ****   * @param  pdev: Device handle
 397:USB_DEVICE/Target/usbd_conf.c ****   * @param  ep_addr: Endpoint number
 398:USB_DEVICE/Target/usbd_conf.c ****   * @param  ep_type: Endpoint type
 399:USB_DEVICE/Target/usbd_conf.c ****   * @param  ep_mps: Endpoint max packet size
 400:USB_DEVICE/Target/usbd_conf.c ****   * @retval USBD status
 401:USB_DEVICE/Target/usbd_conf.c ****   */
 402:USB_DEVICE/Target/usbd_conf.c **** USBD_StatusTypeDef USBD_LL_OpenEP(USBD_HandleTypeDef *pdev, uint8_t ep_addr, uint8_t ep_type, uint1
 403:USB_DEVICE/Target/usbd_conf.c **** {
 404:USB_DEVICE/Target/usbd_conf.c ****   HAL_StatusTypeDef hal_status = HAL_OK;
 405:USB_DEVICE/Target/usbd_conf.c ****   USBD_StatusTypeDef usb_status = USBD_OK;
 406:USB_DEVICE/Target/usbd_conf.c **** 
 407:USB_DEVICE/Target/usbd_conf.c ****   hal_status = HAL_PCD_EP_Open(pdev->pData, ep_addr, ep_mps, ep_type);
 408:USB_DEVICE/Target/usbd_conf.c **** 
 409:USB_DEVICE/Target/usbd_conf.c ****   usb_status =  USBD_Get_USB_Status(hal_status);
 410:USB_DEVICE/Target/usbd_conf.c **** 
 411:USB_DEVICE/Target/usbd_conf.c ****   return usb_status;
 412:USB_DEVICE/Target/usbd_conf.c **** }
 413:USB_DEVICE/Target/usbd_conf.c **** 
 414:USB_DEVICE/Target/usbd_conf.c **** /**
 415:USB_DEVICE/Target/usbd_conf.c ****   * @brief  Closes an endpoint of the low level driver.
 416:USB_DEVICE/Target/usbd_conf.c ****   * @param  pdev: Device handle
 417:USB_DEVICE/Target/usbd_conf.c ****   * @param  ep_addr: Endpoint number
 418:USB_DEVICE/Target/usbd_conf.c ****   * @retval USBD status
 419:USB_DEVICE/Target/usbd_conf.c ****   */
 420:USB_DEVICE/Target/usbd_conf.c **** USBD_StatusTypeDef USBD_LL_CloseEP(USBD_HandleTypeDef *pdev, uint8_t ep_addr)
 421:USB_DEVICE/Target/usbd_conf.c **** {
 422:USB_DEVICE/Target/usbd_conf.c ****   HAL_StatusTypeDef hal_status = HAL_OK;
 423:USB_DEVICE/Target/usbd_conf.c ****   USBD_StatusTypeDef usb_status = USBD_OK;
 424:USB_DEVICE/Target/usbd_conf.c **** 
 425:USB_DEVICE/Target/usbd_conf.c ****   hal_status = HAL_PCD_EP_Close(pdev->pData, ep_addr);
 426:USB_DEVICE/Target/usbd_conf.c **** 
 427:USB_DEVICE/Target/usbd_conf.c ****   usb_status =  USBD_Get_USB_Status(hal_status);
 428:USB_DEVICE/Target/usbd_conf.c **** 
 429:USB_DEVICE/Target/usbd_conf.c ****   return usb_status;
 430:USB_DEVICE/Target/usbd_conf.c **** }
 431:USB_DEVICE/Target/usbd_conf.c **** 
ARM GAS  C:\Users\crist\AppData\Local\Temp\ccU0j1w4.s 			page 9


 432:USB_DEVICE/Target/usbd_conf.c **** /**
 433:USB_DEVICE/Target/usbd_conf.c ****   * @brief  Flushes an endpoint of the Low Level Driver.
 434:USB_DEVICE/Target/usbd_conf.c ****   * @param  pdev: Device handle
 435:USB_DEVICE/Target/usbd_conf.c ****   * @param  ep_addr: Endpoint number
 436:USB_DEVICE/Target/usbd_conf.c ****   * @retval USBD status
 437:USB_DEVICE/Target/usbd_conf.c ****   */
 438:USB_DEVICE/Target/usbd_conf.c **** USBD_StatusTypeDef USBD_LL_FlushEP(USBD_HandleTypeDef *pdev, uint8_t ep_addr)
 439:USB_DEVICE/Target/usbd_conf.c **** {
 440:USB_DEVICE/Target/usbd_conf.c ****   HAL_StatusTypeDef hal_status = HAL_OK;
 441:USB_DEVICE/Target/usbd_conf.c ****   USBD_StatusTypeDef usb_status = USBD_OK;
 442:USB_DEVICE/Target/usbd_conf.c **** 
 443:USB_DEVICE/Target/usbd_conf.c ****   hal_status = HAL_PCD_EP_Flush(pdev->pData, ep_addr);
 444:USB_DEVICE/Target/usbd_conf.c **** 
 445:USB_DEVICE/Target/usbd_conf.c ****   usb_status =  USBD_Get_USB_Status(hal_status);
 446:USB_DEVICE/Target/usbd_conf.c **** 
 447:USB_DEVICE/Target/usbd_conf.c ****   return usb_status;
 448:USB_DEVICE/Target/usbd_conf.c **** }
 449:USB_DEVICE/Target/usbd_conf.c **** 
 450:USB_DEVICE/Target/usbd_conf.c **** /**
 451:USB_DEVICE/Target/usbd_conf.c ****   * @brief  Sets a Stall condition on an endpoint of the Low Level Driver.
 452:USB_DEVICE/Target/usbd_conf.c ****   * @param  pdev: Device handle
 453:USB_DEVICE/Target/usbd_conf.c ****   * @param  ep_addr: Endpoint number
 454:USB_DEVICE/Target/usbd_conf.c ****   * @retval USBD status
 455:USB_DEVICE/Target/usbd_conf.c ****   */
 456:USB_DEVICE/Target/usbd_conf.c **** USBD_StatusTypeDef USBD_LL_StallEP(USBD_HandleTypeDef *pdev, uint8_t ep_addr)
 457:USB_DEVICE/Target/usbd_conf.c **** {
 458:USB_DEVICE/Target/usbd_conf.c ****   HAL_StatusTypeDef hal_status = HAL_OK;
 459:USB_DEVICE/Target/usbd_conf.c ****   USBD_StatusTypeDef usb_status = USBD_OK;
 460:USB_DEVICE/Target/usbd_conf.c **** 
 461:USB_DEVICE/Target/usbd_conf.c ****   hal_status = HAL_PCD_EP_SetStall(pdev->pData, ep_addr);
 462:USB_DEVICE/Target/usbd_conf.c **** 
 463:USB_DEVICE/Target/usbd_conf.c ****   usb_status =  USBD_Get_USB_Status(hal_status);
 464:USB_DEVICE/Target/usbd_conf.c **** 
 465:USB_DEVICE/Target/usbd_conf.c ****   return usb_status;
 466:USB_DEVICE/Target/usbd_conf.c **** }
 467:USB_DEVICE/Target/usbd_conf.c **** 
 468:USB_DEVICE/Target/usbd_conf.c **** /**
 469:USB_DEVICE/Target/usbd_conf.c ****   * @brief  Clears a Stall condition on an endpoint of the Low Level Driver.
 470:USB_DEVICE/Target/usbd_conf.c ****   * @param  pdev: Device handle
 471:USB_DEVICE/Target/usbd_conf.c ****   * @param  ep_addr: Endpoint number
 472:USB_DEVICE/Target/usbd_conf.c ****   * @retval USBD status
 473:USB_DEVICE/Target/usbd_conf.c ****   */
 474:USB_DEVICE/Target/usbd_conf.c **** USBD_StatusTypeDef USBD_LL_ClearStallEP(USBD_HandleTypeDef *pdev, uint8_t ep_addr)
 475:USB_DEVICE/Target/usbd_conf.c **** {
 476:USB_DEVICE/Target/usbd_conf.c ****   HAL_StatusTypeDef hal_status = HAL_OK;
 477:USB_DEVICE/Target/usbd_conf.c ****   USBD_StatusTypeDef usb_status = USBD_OK;
 478:USB_DEVICE/Target/usbd_conf.c **** 
 479:USB_DEVICE/Target/usbd_conf.c ****   hal_status = HAL_PCD_EP_ClrStall(pdev->pData, ep_addr);
 480:USB_DEVICE/Target/usbd_conf.c **** 
 481:USB_DEVICE/Target/usbd_conf.c ****   usb_status =  USBD_Get_USB_Status(hal_status);
 482:USB_DEVICE/Target/usbd_conf.c **** 
 483:USB_DEVICE/Target/usbd_conf.c ****   return usb_status;
 484:USB_DEVICE/Target/usbd_conf.c **** }
 485:USB_DEVICE/Target/usbd_conf.c **** 
 486:USB_DEVICE/Target/usbd_conf.c **** /**
 487:USB_DEVICE/Target/usbd_conf.c ****   * @brief  Returns Stall condition.
 488:USB_DEVICE/Target/usbd_conf.c ****   * @param  pdev: Device handle
ARM GAS  C:\Users\crist\AppData\Local\Temp\ccU0j1w4.s 			page 10


 489:USB_DEVICE/Target/usbd_conf.c ****   * @param  ep_addr: Endpoint number
 490:USB_DEVICE/Target/usbd_conf.c ****   * @retval Stall (1: Yes, 0: No)
 491:USB_DEVICE/Target/usbd_conf.c ****   */
 492:USB_DEVICE/Target/usbd_conf.c **** uint8_t USBD_LL_IsStallEP(USBD_HandleTypeDef *pdev, uint8_t ep_addr)
 493:USB_DEVICE/Target/usbd_conf.c **** {
 494:USB_DEVICE/Target/usbd_conf.c ****   PCD_HandleTypeDef *hpcd = (PCD_HandleTypeDef*) pdev->pData;
 495:USB_DEVICE/Target/usbd_conf.c **** 
 496:USB_DEVICE/Target/usbd_conf.c ****   if((ep_addr & 0x80) == 0x80)
 497:USB_DEVICE/Target/usbd_conf.c ****   {
 498:USB_DEVICE/Target/usbd_conf.c ****     return hpcd->IN_ep[ep_addr & 0x7F].is_stall;
 499:USB_DEVICE/Target/usbd_conf.c ****   }
 500:USB_DEVICE/Target/usbd_conf.c ****   else
 501:USB_DEVICE/Target/usbd_conf.c ****   {
 502:USB_DEVICE/Target/usbd_conf.c ****     return hpcd->OUT_ep[ep_addr & 0x7F].is_stall;
 503:USB_DEVICE/Target/usbd_conf.c ****   }
 504:USB_DEVICE/Target/usbd_conf.c **** }
 505:USB_DEVICE/Target/usbd_conf.c **** 
 506:USB_DEVICE/Target/usbd_conf.c **** /**
 507:USB_DEVICE/Target/usbd_conf.c ****   * @brief  Assigns a USB address to the device.
 508:USB_DEVICE/Target/usbd_conf.c ****   * @param  pdev: Device handle
 509:USB_DEVICE/Target/usbd_conf.c ****   * @param  dev_addr: Device address
 510:USB_DEVICE/Target/usbd_conf.c ****   * @retval USBD status
 511:USB_DEVICE/Target/usbd_conf.c ****   */
 512:USB_DEVICE/Target/usbd_conf.c **** USBD_StatusTypeDef USBD_LL_SetUSBAddress(USBD_HandleTypeDef *pdev, uint8_t dev_addr)
 513:USB_DEVICE/Target/usbd_conf.c **** {
 514:USB_DEVICE/Target/usbd_conf.c ****   HAL_StatusTypeDef hal_status = HAL_OK;
 515:USB_DEVICE/Target/usbd_conf.c ****   USBD_StatusTypeDef usb_status = USBD_OK;
 516:USB_DEVICE/Target/usbd_conf.c **** 
 517:USB_DEVICE/Target/usbd_conf.c ****   hal_status = HAL_PCD_SetAddress(pdev->pData, dev_addr);
 518:USB_DEVICE/Target/usbd_conf.c **** 
 519:USB_DEVICE/Target/usbd_conf.c ****   usb_status =  USBD_Get_USB_Status(hal_status);
 520:USB_DEVICE/Target/usbd_conf.c **** 
 521:USB_DEVICE/Target/usbd_conf.c ****   return usb_status;
 522:USB_DEVICE/Target/usbd_conf.c **** }
 523:USB_DEVICE/Target/usbd_conf.c **** 
 524:USB_DEVICE/Target/usbd_conf.c **** /**
 525:USB_DEVICE/Target/usbd_conf.c ****   * @brief  Transmits data over an endpoint.
 526:USB_DEVICE/Target/usbd_conf.c ****   * @param  pdev: Device handle
 527:USB_DEVICE/Target/usbd_conf.c ****   * @param  ep_addr: Endpoint number
 528:USB_DEVICE/Target/usbd_conf.c ****   * @param  pbuf: Pointer to data to be sent
 529:USB_DEVICE/Target/usbd_conf.c ****   * @param  size: Data size
 530:USB_DEVICE/Target/usbd_conf.c ****   * @retval USBD status
 531:USB_DEVICE/Target/usbd_conf.c ****   */
 532:USB_DEVICE/Target/usbd_conf.c **** USBD_StatusTypeDef USBD_LL_Transmit(USBD_HandleTypeDef *pdev, uint8_t ep_addr, uint8_t *pbuf, uint1
 533:USB_DEVICE/Target/usbd_conf.c **** {
 534:USB_DEVICE/Target/usbd_conf.c ****   HAL_StatusTypeDef hal_status = HAL_OK;
 535:USB_DEVICE/Target/usbd_conf.c ****   USBD_StatusTypeDef usb_status = USBD_OK;
 536:USB_DEVICE/Target/usbd_conf.c **** 
 537:USB_DEVICE/Target/usbd_conf.c ****   hal_status = HAL_PCD_EP_Transmit(pdev->pData, ep_addr, pbuf, size);
 538:USB_DEVICE/Target/usbd_conf.c **** 
 539:USB_DEVICE/Target/usbd_conf.c ****   usb_status =  USBD_Get_USB_Status(hal_status);
 540:USB_DEVICE/Target/usbd_conf.c **** 
 541:USB_DEVICE/Target/usbd_conf.c ****   return usb_status;
 542:USB_DEVICE/Target/usbd_conf.c **** }
 543:USB_DEVICE/Target/usbd_conf.c **** 
 544:USB_DEVICE/Target/usbd_conf.c **** /**
 545:USB_DEVICE/Target/usbd_conf.c ****   * @brief  Prepares an endpoint for reception.
ARM GAS  C:\Users\crist\AppData\Local\Temp\ccU0j1w4.s 			page 11


 546:USB_DEVICE/Target/usbd_conf.c ****   * @param  pdev: Device handle
 547:USB_DEVICE/Target/usbd_conf.c ****   * @param  ep_addr: Endpoint number
 548:USB_DEVICE/Target/usbd_conf.c ****   * @param  pbuf: Pointer to data to be received
 549:USB_DEVICE/Target/usbd_conf.c ****   * @param  size: Data size
 550:USB_DEVICE/Target/usbd_conf.c ****   * @retval USBD status
 551:USB_DEVICE/Target/usbd_conf.c ****   */
 552:USB_DEVICE/Target/usbd_conf.c **** USBD_StatusTypeDef USBD_LL_PrepareReceive(USBD_HandleTypeDef *pdev, uint8_t ep_addr, uint8_t *pbuf,
 553:USB_DEVICE/Target/usbd_conf.c **** {
 554:USB_DEVICE/Target/usbd_conf.c ****   HAL_StatusTypeDef hal_status = HAL_OK;
 555:USB_DEVICE/Target/usbd_conf.c ****   USBD_StatusTypeDef usb_status = USBD_OK;
 556:USB_DEVICE/Target/usbd_conf.c **** 
 557:USB_DEVICE/Target/usbd_conf.c ****   hal_status = HAL_PCD_EP_Receive(pdev->pData, ep_addr, pbuf, size);
 558:USB_DEVICE/Target/usbd_conf.c **** 
 559:USB_DEVICE/Target/usbd_conf.c ****   usb_status =  USBD_Get_USB_Status(hal_status);
 560:USB_DEVICE/Target/usbd_conf.c **** 
 561:USB_DEVICE/Target/usbd_conf.c ****   return usb_status;
 562:USB_DEVICE/Target/usbd_conf.c **** }
 563:USB_DEVICE/Target/usbd_conf.c **** 
 564:USB_DEVICE/Target/usbd_conf.c **** /**
 565:USB_DEVICE/Target/usbd_conf.c ****   * @brief  Returns the last transferred packet size.
 566:USB_DEVICE/Target/usbd_conf.c ****   * @param  pdev: Device handle
 567:USB_DEVICE/Target/usbd_conf.c ****   * @param  ep_addr: Endpoint number
 568:USB_DEVICE/Target/usbd_conf.c ****   * @retval Received Data Size
 569:USB_DEVICE/Target/usbd_conf.c ****   */
 570:USB_DEVICE/Target/usbd_conf.c **** uint32_t USBD_LL_GetRxDataSize(USBD_HandleTypeDef *pdev, uint8_t ep_addr)
 571:USB_DEVICE/Target/usbd_conf.c **** {
 572:USB_DEVICE/Target/usbd_conf.c ****   return HAL_PCD_EP_GetRxCount((PCD_HandleTypeDef*) pdev->pData, ep_addr);
 573:USB_DEVICE/Target/usbd_conf.c **** }
 574:USB_DEVICE/Target/usbd_conf.c **** 
 575:USB_DEVICE/Target/usbd_conf.c **** /**
 576:USB_DEVICE/Target/usbd_conf.c ****   * @brief  Delays routine for the USB device library.
 577:USB_DEVICE/Target/usbd_conf.c ****   * @param  Delay: Delay in ms
 578:USB_DEVICE/Target/usbd_conf.c ****   * @retval None
 579:USB_DEVICE/Target/usbd_conf.c ****   */
 580:USB_DEVICE/Target/usbd_conf.c **** void USBD_LL_Delay(uint32_t Delay)
 581:USB_DEVICE/Target/usbd_conf.c **** {
 582:USB_DEVICE/Target/usbd_conf.c ****   HAL_Delay(Delay);
 583:USB_DEVICE/Target/usbd_conf.c **** }
 584:USB_DEVICE/Target/usbd_conf.c **** 
 585:USB_DEVICE/Target/usbd_conf.c **** /**
 586:USB_DEVICE/Target/usbd_conf.c ****   * @brief  Static single allocation.
 587:USB_DEVICE/Target/usbd_conf.c ****   * @param  size: Size of allocated memory
 588:USB_DEVICE/Target/usbd_conf.c ****   * @retval None
 589:USB_DEVICE/Target/usbd_conf.c ****   */
 590:USB_DEVICE/Target/usbd_conf.c **** void *USBD_static_malloc(uint32_t size)
 591:USB_DEVICE/Target/usbd_conf.c **** {
 592:USB_DEVICE/Target/usbd_conf.c ****   static uint32_t mem[(sizeof(USBD_CDC_HandleTypeDef)/4)+1];/* On 32-bit boundary */
 593:USB_DEVICE/Target/usbd_conf.c ****   return mem;
 594:USB_DEVICE/Target/usbd_conf.c **** }
 595:USB_DEVICE/Target/usbd_conf.c **** 
 596:USB_DEVICE/Target/usbd_conf.c **** /**
 597:USB_DEVICE/Target/usbd_conf.c ****   * @brief  Dummy memory free
 598:USB_DEVICE/Target/usbd_conf.c ****   * @param  p: Pointer to allocated  memory address
 599:USB_DEVICE/Target/usbd_conf.c ****   * @retval None
 600:USB_DEVICE/Target/usbd_conf.c ****   */
 601:USB_DEVICE/Target/usbd_conf.c **** void USBD_static_free(void *p)
 602:USB_DEVICE/Target/usbd_conf.c **** {
ARM GAS  C:\Users\crist\AppData\Local\Temp\ccU0j1w4.s 			page 12


 603:USB_DEVICE/Target/usbd_conf.c **** 
 604:USB_DEVICE/Target/usbd_conf.c **** }
 605:USB_DEVICE/Target/usbd_conf.c **** 
 606:USB_DEVICE/Target/usbd_conf.c **** /**
 607:USB_DEVICE/Target/usbd_conf.c ****   * @brief Software Device Connection
 608:USB_DEVICE/Target/usbd_conf.c ****   * @param hpcd: PCD handle
 609:USB_DEVICE/Target/usbd_conf.c ****   * @param state: Connection state (0: disconnected / 1: connected)
 610:USB_DEVICE/Target/usbd_conf.c ****   * @retval None
 611:USB_DEVICE/Target/usbd_conf.c ****   */
 612:USB_DEVICE/Target/usbd_conf.c **** #if (USE_HAL_PCD_REGISTER_CALLBACKS == 1U)
 613:USB_DEVICE/Target/usbd_conf.c **** static void PCDEx_SetConnectionState(PCD_HandleTypeDef *hpcd, uint8_t state)
 614:USB_DEVICE/Target/usbd_conf.c **** #else
 615:USB_DEVICE/Target/usbd_conf.c **** void HAL_PCDEx_SetConnectionState(PCD_HandleTypeDef *hpcd, uint8_t state)
 616:USB_DEVICE/Target/usbd_conf.c **** #endif /* USE_HAL_PCD_REGISTER_CALLBACKS */
 617:USB_DEVICE/Target/usbd_conf.c **** {
 618:USB_DEVICE/Target/usbd_conf.c ****   /* USER CODE BEGIN 6 */
 619:USB_DEVICE/Target/usbd_conf.c ****   if (state == 1)
 620:USB_DEVICE/Target/usbd_conf.c ****   {
 621:USB_DEVICE/Target/usbd_conf.c ****     /* Configure Low connection state. */
 622:USB_DEVICE/Target/usbd_conf.c **** 
 623:USB_DEVICE/Target/usbd_conf.c ****   }
 624:USB_DEVICE/Target/usbd_conf.c ****   else
 625:USB_DEVICE/Target/usbd_conf.c ****   {
 626:USB_DEVICE/Target/usbd_conf.c ****     /* Configure High connection state. */
 627:USB_DEVICE/Target/usbd_conf.c **** 
 628:USB_DEVICE/Target/usbd_conf.c ****   }
 629:USB_DEVICE/Target/usbd_conf.c ****   /* USER CODE END 6 */
 630:USB_DEVICE/Target/usbd_conf.c **** }
 631:USB_DEVICE/Target/usbd_conf.c **** 
 632:USB_DEVICE/Target/usbd_conf.c **** /**
 633:USB_DEVICE/Target/usbd_conf.c ****   * @brief  Returns the USB status depending on the HAL status:
 634:USB_DEVICE/Target/usbd_conf.c ****   * @param  hal_status: HAL status
 635:USB_DEVICE/Target/usbd_conf.c ****   * @retval USB status
 636:USB_DEVICE/Target/usbd_conf.c ****   */
 637:USB_DEVICE/Target/usbd_conf.c **** USBD_StatusTypeDef USBD_Get_USB_Status(HAL_StatusTypeDef hal_status)
 638:USB_DEVICE/Target/usbd_conf.c **** {
  27              		.loc 1 638 1 view -0
  28              		.cfi_startproc
  29              		@ args = 0, pretend = 0, frame = 0
  30              		@ frame_needed = 0, uses_anonymous_args = 0
  31              		@ link register save eliminated.
 639:USB_DEVICE/Target/usbd_conf.c ****   USBD_StatusTypeDef usb_status = USBD_OK;
  32              		.loc 1 639 3 view .LVU1
 640:USB_DEVICE/Target/usbd_conf.c **** 
 641:USB_DEVICE/Target/usbd_conf.c ****   switch (hal_status)
  33              		.loc 1 641 3 view .LVU2
  34 0000 0228     		cmp	r0, #2
  35 0002 05D8     		bhi	.L6
  36 0004 DFE800F0 		tbb	[pc, r0]
  37              	.L4:
  38 0008 05       		.byte	(.L2-.L4)/2
  39 0009 04       		.byte	(.L6-.L4)/2
  40 000a 02       		.byte	(.L3-.L4)/2
  41 000b 00       		.p2align 1
  42              	.L3:
 642:USB_DEVICE/Target/usbd_conf.c ****   {
 643:USB_DEVICE/Target/usbd_conf.c ****     case HAL_OK :
ARM GAS  C:\Users\crist\AppData\Local\Temp\ccU0j1w4.s 			page 13


 644:USB_DEVICE/Target/usbd_conf.c ****       usb_status = USBD_OK;
 645:USB_DEVICE/Target/usbd_conf.c ****     break;
 646:USB_DEVICE/Target/usbd_conf.c ****     case HAL_ERROR :
 647:USB_DEVICE/Target/usbd_conf.c ****       usb_status = USBD_FAIL;
 648:USB_DEVICE/Target/usbd_conf.c ****     break;
 649:USB_DEVICE/Target/usbd_conf.c ****     case HAL_BUSY :
 650:USB_DEVICE/Target/usbd_conf.c ****       usb_status = USBD_BUSY;
  43              		.loc 1 650 7 view .LVU3
  44              	.LVL1:
 651:USB_DEVICE/Target/usbd_conf.c ****     break;
  45              		.loc 1 651 5 view .LVU4
 650:USB_DEVICE/Target/usbd_conf.c ****     break;
  46              		.loc 1 650 18 is_stmt 0 view .LVU5
  47 000c 0120     		movs	r0, #1
  48              	.LVL2:
  49              		.loc 1 651 5 view .LVU6
  50 000e 7047     		bx	lr
  51              	.LVL3:
  52              	.L6:
 647:USB_DEVICE/Target/usbd_conf.c ****     break;
  53              		.loc 1 647 18 view .LVU7
  54 0010 0220     		movs	r0, #2
  55              	.LVL4:
  56              	.L2:
 652:USB_DEVICE/Target/usbd_conf.c ****     case HAL_TIMEOUT :
 653:USB_DEVICE/Target/usbd_conf.c ****       usb_status = USBD_FAIL;
 654:USB_DEVICE/Target/usbd_conf.c ****     break;
 655:USB_DEVICE/Target/usbd_conf.c ****     default :
 656:USB_DEVICE/Target/usbd_conf.c ****       usb_status = USBD_FAIL;
 657:USB_DEVICE/Target/usbd_conf.c ****     break;
 658:USB_DEVICE/Target/usbd_conf.c ****   }
 659:USB_DEVICE/Target/usbd_conf.c ****   return usb_status;
  57              		.loc 1 659 3 is_stmt 1 view .LVU8
 660:USB_DEVICE/Target/usbd_conf.c **** }
  58              		.loc 1 660 1 is_stmt 0 view .LVU9
  59 0012 7047     		bx	lr
  60              		.cfi_endproc
  61              	.LFE99:
  63              		.section	.text.HAL_PCD_MspInit,"ax",%progbits
  64              		.align	1
  65              		.global	HAL_PCD_MspInit
  66              		.syntax unified
  67              		.thumb
  68              		.thumb_func
  70              	HAL_PCD_MspInit:
  71              	.LVL5:
  72              	.LFB68:
  70:USB_DEVICE/Target/usbd_conf.c ****   if(pcdHandle->Instance==USB)
  73              		.loc 1 70 1 is_stmt 1 view -0
  74              		.cfi_startproc
  75              		@ args = 0, pretend = 0, frame = 8
  76              		@ frame_needed = 0, uses_anonymous_args = 0
  71:USB_DEVICE/Target/usbd_conf.c ****   {
  77              		.loc 1 71 3 view .LVU11
  71:USB_DEVICE/Target/usbd_conf.c ****   {
  78              		.loc 1 71 15 is_stmt 0 view .LVU12
  79 0000 0268     		ldr	r2, [r0]
ARM GAS  C:\Users\crist\AppData\Local\Temp\ccU0j1w4.s 			page 14


  71:USB_DEVICE/Target/usbd_conf.c ****   {
  80              		.loc 1 71 5 view .LVU13
  81 0002 0D4B     		ldr	r3, .L14
  82 0004 9A42     		cmp	r2, r3
  83 0006 00D0     		beq	.L13
  84 0008 7047     		bx	lr
  85              	.L13:
  70:USB_DEVICE/Target/usbd_conf.c ****   if(pcdHandle->Instance==USB)
  86              		.loc 1 70 1 view .LVU14
  87 000a 00B5     		push	{lr}
  88              	.LCFI0:
  89              		.cfi_def_cfa_offset 4
  90              		.cfi_offset 14, -4
  91 000c 83B0     		sub	sp, sp, #12
  92              	.LCFI1:
  93              		.cfi_def_cfa_offset 16
  77:USB_DEVICE/Target/usbd_conf.c **** 
  94              		.loc 1 77 5 is_stmt 1 view .LVU15
  95              	.LBB2:
  77:USB_DEVICE/Target/usbd_conf.c **** 
  96              		.loc 1 77 5 view .LVU16
  77:USB_DEVICE/Target/usbd_conf.c **** 
  97              		.loc 1 77 5 view .LVU17
  98 000e 03F5DA33 		add	r3, r3, #111616
  99 0012 DA69     		ldr	r2, [r3, #28]
 100 0014 42F40002 		orr	r2, r2, #8388608
 101 0018 DA61     		str	r2, [r3, #28]
  77:USB_DEVICE/Target/usbd_conf.c **** 
 102              		.loc 1 77 5 view .LVU18
 103 001a DB69     		ldr	r3, [r3, #28]
 104 001c 03F40003 		and	r3, r3, #8388608
 105 0020 0193     		str	r3, [sp, #4]
  77:USB_DEVICE/Target/usbd_conf.c **** 
 106              		.loc 1 77 5 view .LVU19
 107 0022 019B     		ldr	r3, [sp, #4]
 108              	.LBE2:
  77:USB_DEVICE/Target/usbd_conf.c **** 
 109              		.loc 1 77 5 view .LVU20
  80:USB_DEVICE/Target/usbd_conf.c ****     HAL_NVIC_EnableIRQ(USB_LP_CAN1_RX0_IRQn);
 110              		.loc 1 80 5 view .LVU21
 111 0024 0022     		movs	r2, #0
 112 0026 1146     		mov	r1, r2
 113 0028 1420     		movs	r0, #20
 114              	.LVL6:
  80:USB_DEVICE/Target/usbd_conf.c ****     HAL_NVIC_EnableIRQ(USB_LP_CAN1_RX0_IRQn);
 115              		.loc 1 80 5 is_stmt 0 view .LVU22
 116 002a FFF7FEFF 		bl	HAL_NVIC_SetPriority
 117              	.LVL7:
  81:USB_DEVICE/Target/usbd_conf.c ****   /* USER CODE BEGIN USB_MspInit 1 */
 118              		.loc 1 81 5 is_stmt 1 view .LVU23
 119 002e 1420     		movs	r0, #20
 120 0030 FFF7FEFF 		bl	HAL_NVIC_EnableIRQ
 121              	.LVL8:
  86:USB_DEVICE/Target/usbd_conf.c **** 
 122              		.loc 1 86 1 is_stmt 0 view .LVU24
 123 0034 03B0     		add	sp, sp, #12
 124              	.LCFI2:
ARM GAS  C:\Users\crist\AppData\Local\Temp\ccU0j1w4.s 			page 15


 125              		.cfi_def_cfa_offset 4
 126              		@ sp needed
 127 0036 00BD     		pop	{pc}
 128              	.L15:
 129              		.align	2
 130              	.L14:
 131 0038 005C0040 		.word	1073765376
 132              		.cfi_endproc
 133              	.LFE68:
 135              		.section	.text.HAL_PCD_MspDeInit,"ax",%progbits
 136              		.align	1
 137              		.global	HAL_PCD_MspDeInit
 138              		.syntax unified
 139              		.thumb
 140              		.thumb_func
 142              	HAL_PCD_MspDeInit:
 143              	.LVL9:
 144              	.LFB69:
  89:USB_DEVICE/Target/usbd_conf.c ****   if(pcdHandle->Instance==USB)
 145              		.loc 1 89 1 is_stmt 1 view -0
 146              		.cfi_startproc
 147              		@ args = 0, pretend = 0, frame = 0
 148              		@ frame_needed = 0, uses_anonymous_args = 0
  89:USB_DEVICE/Target/usbd_conf.c ****   if(pcdHandle->Instance==USB)
 149              		.loc 1 89 1 is_stmt 0 view .LVU26
 150 0000 08B5     		push	{r3, lr}
 151              	.LCFI3:
 152              		.cfi_def_cfa_offset 8
 153              		.cfi_offset 3, -8
 154              		.cfi_offset 14, -4
  90:USB_DEVICE/Target/usbd_conf.c ****   {
 155              		.loc 1 90 3 is_stmt 1 view .LVU27
  90:USB_DEVICE/Target/usbd_conf.c ****   {
 156              		.loc 1 90 15 is_stmt 0 view .LVU28
 157 0002 0268     		ldr	r2, [r0]
  90:USB_DEVICE/Target/usbd_conf.c ****   {
 158              		.loc 1 90 5 view .LVU29
 159 0004 064B     		ldr	r3, .L20
 160 0006 9A42     		cmp	r2, r3
 161 0008 00D0     		beq	.L19
 162              	.LVL10:
 163              	.L16:
 105:USB_DEVICE/Target/usbd_conf.c **** 
 164              		.loc 1 105 1 view .LVU30
 165 000a 08BD     		pop	{r3, pc}
 166              	.LVL11:
 167              	.L19:
  96:USB_DEVICE/Target/usbd_conf.c **** 
 168              		.loc 1 96 5 is_stmt 1 view .LVU31
 169 000c 054A     		ldr	r2, .L20+4
 170 000e D369     		ldr	r3, [r2, #28]
 171 0010 23F40003 		bic	r3, r3, #8388608
 172 0014 D361     		str	r3, [r2, #28]
  99:USB_DEVICE/Target/usbd_conf.c **** 
 173              		.loc 1 99 5 view .LVU32
 174 0016 1420     		movs	r0, #20
 175              	.LVL12:
ARM GAS  C:\Users\crist\AppData\Local\Temp\ccU0j1w4.s 			page 16


  99:USB_DEVICE/Target/usbd_conf.c **** 
 176              		.loc 1 99 5 is_stmt 0 view .LVU33
 177 0018 FFF7FEFF 		bl	HAL_NVIC_DisableIRQ
 178              	.LVL13:
 105:USB_DEVICE/Target/usbd_conf.c **** 
 179              		.loc 1 105 1 view .LVU34
 180 001c F5E7     		b	.L16
 181              	.L21:
 182 001e 00BF     		.align	2
 183              	.L20:
 184 0020 005C0040 		.word	1073765376
 185 0024 00100240 		.word	1073876992
 186              		.cfi_endproc
 187              	.LFE69:
 189              		.section	.text.HAL_PCD_SetupStageCallback,"ax",%progbits
 190              		.align	1
 191              		.global	HAL_PCD_SetupStageCallback
 192              		.syntax unified
 193              		.thumb
 194              		.thumb_func
 196              	HAL_PCD_SetupStageCallback:
 197              	.LVL14:
 198              	.LFB70:
 117:USB_DEVICE/Target/usbd_conf.c ****   USBD_LL_SetupStage((USBD_HandleTypeDef*)hpcd->pData, (uint8_t *)hpcd->Setup);
 199              		.loc 1 117 1 is_stmt 1 view -0
 200              		.cfi_startproc
 201              		@ args = 0, pretend = 0, frame = 0
 202              		@ frame_needed = 0, uses_anonymous_args = 0
 117:USB_DEVICE/Target/usbd_conf.c ****   USBD_LL_SetupStage((USBD_HandleTypeDef*)hpcd->pData, (uint8_t *)hpcd->Setup);
 203              		.loc 1 117 1 is_stmt 0 view .LVU36
 204 0000 08B5     		push	{r3, lr}
 205              	.LCFI4:
 206              		.cfi_def_cfa_offset 8
 207              		.cfi_offset 3, -8
 208              		.cfi_offset 14, -4
 118:USB_DEVICE/Target/usbd_conf.c **** }
 209              		.loc 1 118 3 is_stmt 1 view .LVU37
 210 0002 00F52C71 		add	r1, r0, #688
 211 0006 D0F8EC02 		ldr	r0, [r0, #748]
 212              	.LVL15:
 118:USB_DEVICE/Target/usbd_conf.c **** }
 213              		.loc 1 118 3 is_stmt 0 view .LVU38
 214 000a FFF7FEFF 		bl	USBD_LL_SetupStage
 215              	.LVL16:
 119:USB_DEVICE/Target/usbd_conf.c **** 
 216              		.loc 1 119 1 view .LVU39
 217 000e 08BD     		pop	{r3, pc}
 218              		.cfi_endproc
 219              	.LFE70:
 221              		.section	.text.HAL_PCD_DataOutStageCallback,"ax",%progbits
 222              		.align	1
 223              		.global	HAL_PCD_DataOutStageCallback
 224              		.syntax unified
 225              		.thumb
 226              		.thumb_func
 228              	HAL_PCD_DataOutStageCallback:
 229              	.LVL17:
ARM GAS  C:\Users\crist\AppData\Local\Temp\ccU0j1w4.s 			page 17


 230              	.LFB71:
 132:USB_DEVICE/Target/usbd_conf.c ****   USBD_LL_DataOutStage((USBD_HandleTypeDef*)hpcd->pData, epnum, hpcd->OUT_ep[epnum].xfer_buff);
 231              		.loc 1 132 1 is_stmt 1 view -0
 232              		.cfi_startproc
 233              		@ args = 0, pretend = 0, frame = 0
 234              		@ frame_needed = 0, uses_anonymous_args = 0
 132:USB_DEVICE/Target/usbd_conf.c ****   USBD_LL_DataOutStage((USBD_HandleTypeDef*)hpcd->pData, epnum, hpcd->OUT_ep[epnum].xfer_buff);
 235              		.loc 1 132 1 is_stmt 0 view .LVU41
 236 0000 08B5     		push	{r3, lr}
 237              	.LCFI5:
 238              		.cfi_def_cfa_offset 8
 239              		.cfi_offset 3, -8
 240              		.cfi_offset 14, -4
 133:USB_DEVICE/Target/usbd_conf.c **** }
 241              		.loc 1 133 3 is_stmt 1 view .LVU42
 242 0002 01EB8103 		add	r3, r1, r1, lsl #2
 243 0006 00EBC303 		add	r3, r0, r3, lsl #3
 244 000a D3F87C21 		ldr	r2, [r3, #380]
 245 000e D0F8EC02 		ldr	r0, [r0, #748]
 246              	.LVL18:
 133:USB_DEVICE/Target/usbd_conf.c **** }
 247              		.loc 1 133 3 is_stmt 0 view .LVU43
 248 0012 FFF7FEFF 		bl	USBD_LL_DataOutStage
 249              	.LVL19:
 134:USB_DEVICE/Target/usbd_conf.c **** 
 250              		.loc 1 134 1 view .LVU44
 251 0016 08BD     		pop	{r3, pc}
 252              		.cfi_endproc
 253              	.LFE71:
 255              		.section	.text.HAL_PCD_DataInStageCallback,"ax",%progbits
 256              		.align	1
 257              		.global	HAL_PCD_DataInStageCallback
 258              		.syntax unified
 259              		.thumb
 260              		.thumb_func
 262              	HAL_PCD_DataInStageCallback:
 263              	.LVL20:
 264              	.LFB72:
 147:USB_DEVICE/Target/usbd_conf.c ****   USBD_LL_DataInStage((USBD_HandleTypeDef*)hpcd->pData, epnum, hpcd->IN_ep[epnum].xfer_buff);
 265              		.loc 1 147 1 is_stmt 1 view -0
 266              		.cfi_startproc
 267              		@ args = 0, pretend = 0, frame = 0
 268              		@ frame_needed = 0, uses_anonymous_args = 0
 147:USB_DEVICE/Target/usbd_conf.c ****   USBD_LL_DataInStage((USBD_HandleTypeDef*)hpcd->pData, epnum, hpcd->IN_ep[epnum].xfer_buff);
 269              		.loc 1 147 1 is_stmt 0 view .LVU46
 270 0000 08B5     		push	{r3, lr}
 271              	.LCFI6:
 272              		.cfi_def_cfa_offset 8
 273              		.cfi_offset 3, -8
 274              		.cfi_offset 14, -4
 148:USB_DEVICE/Target/usbd_conf.c **** }
 275              		.loc 1 148 3 is_stmt 1 view .LVU47
 276 0002 01EB8103 		add	r3, r1, r1, lsl #2
 277 0006 00EBC303 		add	r3, r0, r3, lsl #3
 278 000a DA6B     		ldr	r2, [r3, #60]
 279 000c D0F8EC02 		ldr	r0, [r0, #748]
 280              	.LVL21:
ARM GAS  C:\Users\crist\AppData\Local\Temp\ccU0j1w4.s 			page 18


 148:USB_DEVICE/Target/usbd_conf.c **** }
 281              		.loc 1 148 3 is_stmt 0 view .LVU48
 282 0010 FFF7FEFF 		bl	USBD_LL_DataInStage
 283              	.LVL22:
 149:USB_DEVICE/Target/usbd_conf.c **** 
 284              		.loc 1 149 1 view .LVU49
 285 0014 08BD     		pop	{r3, pc}
 286              		.cfi_endproc
 287              	.LFE72:
 289              		.section	.text.HAL_PCD_SOFCallback,"ax",%progbits
 290              		.align	1
 291              		.global	HAL_PCD_SOFCallback
 292              		.syntax unified
 293              		.thumb
 294              		.thumb_func
 296              	HAL_PCD_SOFCallback:
 297              	.LVL23:
 298              	.LFB73:
 161:USB_DEVICE/Target/usbd_conf.c ****   USBD_LL_SOF((USBD_HandleTypeDef*)hpcd->pData);
 299              		.loc 1 161 1 is_stmt 1 view -0
 300              		.cfi_startproc
 301              		@ args = 0, pretend = 0, frame = 0
 302              		@ frame_needed = 0, uses_anonymous_args = 0
 161:USB_DEVICE/Target/usbd_conf.c ****   USBD_LL_SOF((USBD_HandleTypeDef*)hpcd->pData);
 303              		.loc 1 161 1 is_stmt 0 view .LVU51
 304 0000 08B5     		push	{r3, lr}
 305              	.LCFI7:
 306              		.cfi_def_cfa_offset 8
 307              		.cfi_offset 3, -8
 308              		.cfi_offset 14, -4
 162:USB_DEVICE/Target/usbd_conf.c **** }
 309              		.loc 1 162 3 is_stmt 1 view .LVU52
 310 0002 D0F8EC02 		ldr	r0, [r0, #748]
 311              	.LVL24:
 162:USB_DEVICE/Target/usbd_conf.c **** }
 312              		.loc 1 162 3 is_stmt 0 view .LVU53
 313 0006 FFF7FEFF 		bl	USBD_LL_SOF
 314              	.LVL25:
 163:USB_DEVICE/Target/usbd_conf.c **** 
 315              		.loc 1 163 1 view .LVU54
 316 000a 08BD     		pop	{r3, pc}
 317              		.cfi_endproc
 318              	.LFE73:
 320              		.section	.text.HAL_PCD_ResetCallback,"ax",%progbits
 321              		.align	1
 322              		.global	HAL_PCD_ResetCallback
 323              		.syntax unified
 324              		.thumb
 325              		.thumb_func
 327              	HAL_PCD_ResetCallback:
 328              	.LVL26:
 329              	.LFB74:
 175:USB_DEVICE/Target/usbd_conf.c ****   USBD_SpeedTypeDef speed = USBD_SPEED_FULL;
 330              		.loc 1 175 1 is_stmt 1 view -0
 331              		.cfi_startproc
 332              		@ args = 0, pretend = 0, frame = 0
 333              		@ frame_needed = 0, uses_anonymous_args = 0
ARM GAS  C:\Users\crist\AppData\Local\Temp\ccU0j1w4.s 			page 19


 175:USB_DEVICE/Target/usbd_conf.c ****   USBD_SpeedTypeDef speed = USBD_SPEED_FULL;
 334              		.loc 1 175 1 is_stmt 0 view .LVU56
 335 0000 10B5     		push	{r4, lr}
 336              	.LCFI8:
 337              		.cfi_def_cfa_offset 8
 338              		.cfi_offset 4, -8
 339              		.cfi_offset 14, -4
 340 0002 0446     		mov	r4, r0
 176:USB_DEVICE/Target/usbd_conf.c **** 
 341              		.loc 1 176 3 is_stmt 1 view .LVU57
 342              	.LVL27:
 178:USB_DEVICE/Target/usbd_conf.c ****   {
 343              		.loc 1 178 3 view .LVU58
 178:USB_DEVICE/Target/usbd_conf.c ****   {
 344              		.loc 1 178 18 is_stmt 0 view .LVU59
 345 0004 8368     		ldr	r3, [r0, #8]
 178:USB_DEVICE/Target/usbd_conf.c ****   {
 346              		.loc 1 178 6 view .LVU60
 347 0006 022B     		cmp	r3, #2
 348 0008 09D1     		bne	.L33
 349              	.LVL28:
 350              	.L31:
 183:USB_DEVICE/Target/usbd_conf.c **** 
 351              		.loc 1 183 3 is_stmt 1 view .LVU61
 352 000a 0121     		movs	r1, #1
 353 000c D4F8EC02 		ldr	r0, [r4, #748]
 354 0010 FFF7FEFF 		bl	USBD_LL_SetSpeed
 355              	.LVL29:
 186:USB_DEVICE/Target/usbd_conf.c **** }
 356              		.loc 1 186 3 view .LVU62
 357 0014 D4F8EC02 		ldr	r0, [r4, #748]
 358 0018 FFF7FEFF 		bl	USBD_LL_Reset
 359              	.LVL30:
 187:USB_DEVICE/Target/usbd_conf.c **** 
 360              		.loc 1 187 1 is_stmt 0 view .LVU63
 361 001c 10BD     		pop	{r4, pc}
 362              	.LVL31:
 363              	.L33:
 180:USB_DEVICE/Target/usbd_conf.c ****   }
 364              		.loc 1 180 5 is_stmt 1 view .LVU64
 365 001e FFF7FEFF 		bl	Error_Handler
 366              	.LVL32:
 180:USB_DEVICE/Target/usbd_conf.c ****   }
 367              		.loc 1 180 5 is_stmt 0 view .LVU65
 368 0022 F2E7     		b	.L31
 369              		.cfi_endproc
 370              	.LFE74:
 372              		.section	.text.HAL_PCD_SuspendCallback,"ax",%progbits
 373              		.align	1
 374              		.global	HAL_PCD_SuspendCallback
 375              		.syntax unified
 376              		.thumb
 377              		.thumb_func
 379              	HAL_PCD_SuspendCallback:
 380              	.LVL33:
 381              	.LFB75:
 200:USB_DEVICE/Target/usbd_conf.c ****   /* Inform USB library that core enters in suspend Mode. */
ARM GAS  C:\Users\crist\AppData\Local\Temp\ccU0j1w4.s 			page 20


 382              		.loc 1 200 1 is_stmt 1 view -0
 383              		.cfi_startproc
 384              		@ args = 0, pretend = 0, frame = 0
 385              		@ frame_needed = 0, uses_anonymous_args = 0
 200:USB_DEVICE/Target/usbd_conf.c ****   /* Inform USB library that core enters in suspend Mode. */
 386              		.loc 1 200 1 is_stmt 0 view .LVU67
 387 0000 10B5     		push	{r4, lr}
 388              	.LCFI9:
 389              		.cfi_def_cfa_offset 8
 390              		.cfi_offset 4, -8
 391              		.cfi_offset 14, -4
 392 0002 0446     		mov	r4, r0
 202:USB_DEVICE/Target/usbd_conf.c ****   /* Enter in STOP mode. */
 393              		.loc 1 202 3 is_stmt 1 view .LVU68
 394 0004 D0F8EC02 		ldr	r0, [r0, #748]
 395              	.LVL34:
 202:USB_DEVICE/Target/usbd_conf.c ****   /* Enter in STOP mode. */
 396              		.loc 1 202 3 is_stmt 0 view .LVU69
 397 0008 FFF7FEFF 		bl	USBD_LL_Suspend
 398              	.LVL35:
 205:USB_DEVICE/Target/usbd_conf.c ****   {
 399              		.loc 1 205 3 is_stmt 1 view .LVU70
 205:USB_DEVICE/Target/usbd_conf.c ****   {
 400              		.loc 1 205 17 is_stmt 0 view .LVU71
 401 000c A369     		ldr	r3, [r4, #24]
 205:USB_DEVICE/Target/usbd_conf.c ****   {
 402              		.loc 1 205 6 view .LVU72
 403 000e 23B1     		cbz	r3, .L34
 208:USB_DEVICE/Target/usbd_conf.c ****   }
 404              		.loc 1 208 5 is_stmt 1 view .LVU73
 208:USB_DEVICE/Target/usbd_conf.c ****   }
 405              		.loc 1 208 8 is_stmt 0 view .LVU74
 406 0010 024A     		ldr	r2, .L37
 407 0012 1369     		ldr	r3, [r2, #16]
 208:USB_DEVICE/Target/usbd_conf.c ****   }
 408              		.loc 1 208 14 view .LVU75
 409 0014 43F00603 		orr	r3, r3, #6
 410 0018 1361     		str	r3, [r2, #16]
 411              	.L34:
 211:USB_DEVICE/Target/usbd_conf.c **** 
 412              		.loc 1 211 1 view .LVU76
 413 001a 10BD     		pop	{r4, pc}
 414              	.LVL36:
 415              	.L38:
 211:USB_DEVICE/Target/usbd_conf.c **** 
 416              		.loc 1 211 1 view .LVU77
 417              		.align	2
 418              	.L37:
 419 001c 00ED00E0 		.word	-536810240
 420              		.cfi_endproc
 421              	.LFE75:
 423              		.section	.text.HAL_PCD_ResumeCallback,"ax",%progbits
 424              		.align	1
 425              		.global	HAL_PCD_ResumeCallback
 426              		.syntax unified
 427              		.thumb
 428              		.thumb_func
ARM GAS  C:\Users\crist\AppData\Local\Temp\ccU0j1w4.s 			page 21


 430              	HAL_PCD_ResumeCallback:
 431              	.LVL37:
 432              	.LFB76:
 224:USB_DEVICE/Target/usbd_conf.c ****   /* USER CODE BEGIN 3 */
 433              		.loc 1 224 1 is_stmt 1 view -0
 434              		.cfi_startproc
 435              		@ args = 0, pretend = 0, frame = 0
 436              		@ frame_needed = 0, uses_anonymous_args = 0
 224:USB_DEVICE/Target/usbd_conf.c ****   /* USER CODE BEGIN 3 */
 437              		.loc 1 224 1 is_stmt 0 view .LVU79
 438 0000 08B5     		push	{r3, lr}
 439              	.LCFI10:
 440              		.cfi_def_cfa_offset 8
 441              		.cfi_offset 3, -8
 442              		.cfi_offset 14, -4
 228:USB_DEVICE/Target/usbd_conf.c **** }
 443              		.loc 1 228 3 is_stmt 1 view .LVU80
 444 0002 D0F8EC02 		ldr	r0, [r0, #748]
 445              	.LVL38:
 228:USB_DEVICE/Target/usbd_conf.c **** }
 446              		.loc 1 228 3 is_stmt 0 view .LVU81
 447 0006 FFF7FEFF 		bl	USBD_LL_Resume
 448              	.LVL39:
 229:USB_DEVICE/Target/usbd_conf.c **** 
 449              		.loc 1 229 1 view .LVU82
 450 000a 08BD     		pop	{r3, pc}
 451              		.cfi_endproc
 452              	.LFE76:
 454              		.section	.text.HAL_PCD_ISOOUTIncompleteCallback,"ax",%progbits
 455              		.align	1
 456              		.global	HAL_PCD_ISOOUTIncompleteCallback
 457              		.syntax unified
 458              		.thumb
 459              		.thumb_func
 461              	HAL_PCD_ISOOUTIncompleteCallback:
 462              	.LVL40:
 463              	.LFB77:
 242:USB_DEVICE/Target/usbd_conf.c ****   USBD_LL_IsoOUTIncomplete((USBD_HandleTypeDef*)hpcd->pData, epnum);
 464              		.loc 1 242 1 is_stmt 1 view -0
 465              		.cfi_startproc
 466              		@ args = 0, pretend = 0, frame = 0
 467              		@ frame_needed = 0, uses_anonymous_args = 0
 242:USB_DEVICE/Target/usbd_conf.c ****   USBD_LL_IsoOUTIncomplete((USBD_HandleTypeDef*)hpcd->pData, epnum);
 468              		.loc 1 242 1 is_stmt 0 view .LVU84
 469 0000 08B5     		push	{r3, lr}
 470              	.LCFI11:
 471              		.cfi_def_cfa_offset 8
 472              		.cfi_offset 3, -8
 473              		.cfi_offset 14, -4
 243:USB_DEVICE/Target/usbd_conf.c **** }
 474              		.loc 1 243 3 is_stmt 1 view .LVU85
 475 0002 D0F8EC02 		ldr	r0, [r0, #748]
 476              	.LVL41:
 243:USB_DEVICE/Target/usbd_conf.c **** }
 477              		.loc 1 243 3 is_stmt 0 view .LVU86
 478 0006 FFF7FEFF 		bl	USBD_LL_IsoOUTIncomplete
 479              	.LVL42:
ARM GAS  C:\Users\crist\AppData\Local\Temp\ccU0j1w4.s 			page 22


 244:USB_DEVICE/Target/usbd_conf.c **** 
 480              		.loc 1 244 1 view .LVU87
 481 000a 08BD     		pop	{r3, pc}
 482              		.cfi_endproc
 483              	.LFE77:
 485              		.section	.text.HAL_PCD_ISOINIncompleteCallback,"ax",%progbits
 486              		.align	1
 487              		.global	HAL_PCD_ISOINIncompleteCallback
 488              		.syntax unified
 489              		.thumb
 490              		.thumb_func
 492              	HAL_PCD_ISOINIncompleteCallback:
 493              	.LVL43:
 494              	.LFB78:
 257:USB_DEVICE/Target/usbd_conf.c ****   USBD_LL_IsoINIncomplete((USBD_HandleTypeDef*)hpcd->pData, epnum);
 495              		.loc 1 257 1 is_stmt 1 view -0
 496              		.cfi_startproc
 497              		@ args = 0, pretend = 0, frame = 0
 498              		@ frame_needed = 0, uses_anonymous_args = 0
 257:USB_DEVICE/Target/usbd_conf.c ****   USBD_LL_IsoINIncomplete((USBD_HandleTypeDef*)hpcd->pData, epnum);
 499              		.loc 1 257 1 is_stmt 0 view .LVU89
 500 0000 08B5     		push	{r3, lr}
 501              	.LCFI12:
 502              		.cfi_def_cfa_offset 8
 503              		.cfi_offset 3, -8
 504              		.cfi_offset 14, -4
 258:USB_DEVICE/Target/usbd_conf.c **** }
 505              		.loc 1 258 3 is_stmt 1 view .LVU90
 506 0002 D0F8EC02 		ldr	r0, [r0, #748]
 507              	.LVL44:
 258:USB_DEVICE/Target/usbd_conf.c **** }
 508              		.loc 1 258 3 is_stmt 0 view .LVU91
 509 0006 FFF7FEFF 		bl	USBD_LL_IsoINIncomplete
 510              	.LVL45:
 259:USB_DEVICE/Target/usbd_conf.c **** 
 511              		.loc 1 259 1 view .LVU92
 512 000a 08BD     		pop	{r3, pc}
 513              		.cfi_endproc
 514              	.LFE78:
 516              		.section	.text.HAL_PCD_ConnectCallback,"ax",%progbits
 517              		.align	1
 518              		.global	HAL_PCD_ConnectCallback
 519              		.syntax unified
 520              		.thumb
 521              		.thumb_func
 523              	HAL_PCD_ConnectCallback:
 524              	.LVL46:
 525              	.LFB79:
 271:USB_DEVICE/Target/usbd_conf.c ****   USBD_LL_DevConnected((USBD_HandleTypeDef*)hpcd->pData);
 526              		.loc 1 271 1 is_stmt 1 view -0
 527              		.cfi_startproc
 528              		@ args = 0, pretend = 0, frame = 0
 529              		@ frame_needed = 0, uses_anonymous_args = 0
 271:USB_DEVICE/Target/usbd_conf.c ****   USBD_LL_DevConnected((USBD_HandleTypeDef*)hpcd->pData);
 530              		.loc 1 271 1 is_stmt 0 view .LVU94
 531 0000 08B5     		push	{r3, lr}
 532              	.LCFI13:
ARM GAS  C:\Users\crist\AppData\Local\Temp\ccU0j1w4.s 			page 23


 533              		.cfi_def_cfa_offset 8
 534              		.cfi_offset 3, -8
 535              		.cfi_offset 14, -4
 272:USB_DEVICE/Target/usbd_conf.c **** }
 536              		.loc 1 272 3 is_stmt 1 view .LVU95
 537 0002 D0F8EC02 		ldr	r0, [r0, #748]
 538              	.LVL47:
 272:USB_DEVICE/Target/usbd_conf.c **** }
 539              		.loc 1 272 3 is_stmt 0 view .LVU96
 540 0006 FFF7FEFF 		bl	USBD_LL_DevConnected
 541              	.LVL48:
 273:USB_DEVICE/Target/usbd_conf.c **** 
 542              		.loc 1 273 1 view .LVU97
 543 000a 08BD     		pop	{r3, pc}
 544              		.cfi_endproc
 545              	.LFE79:
 547              		.section	.text.HAL_PCD_DisconnectCallback,"ax",%progbits
 548              		.align	1
 549              		.global	HAL_PCD_DisconnectCallback
 550              		.syntax unified
 551              		.thumb
 552              		.thumb_func
 554              	HAL_PCD_DisconnectCallback:
 555              	.LVL49:
 556              	.LFB80:
 285:USB_DEVICE/Target/usbd_conf.c ****   USBD_LL_DevDisconnected((USBD_HandleTypeDef*)hpcd->pData);
 557              		.loc 1 285 1 is_stmt 1 view -0
 558              		.cfi_startproc
 559              		@ args = 0, pretend = 0, frame = 0
 560              		@ frame_needed = 0, uses_anonymous_args = 0
 285:USB_DEVICE/Target/usbd_conf.c ****   USBD_LL_DevDisconnected((USBD_HandleTypeDef*)hpcd->pData);
 561              		.loc 1 285 1 is_stmt 0 view .LVU99
 562 0000 08B5     		push	{r3, lr}
 563              	.LCFI14:
 564              		.cfi_def_cfa_offset 8
 565              		.cfi_offset 3, -8
 566              		.cfi_offset 14, -4
 286:USB_DEVICE/Target/usbd_conf.c **** }
 567              		.loc 1 286 3 is_stmt 1 view .LVU100
 568 0002 D0F8EC02 		ldr	r0, [r0, #748]
 569              	.LVL50:
 286:USB_DEVICE/Target/usbd_conf.c **** }
 570              		.loc 1 286 3 is_stmt 0 view .LVU101
 571 0006 FFF7FEFF 		bl	USBD_LL_DevDisconnected
 572              	.LVL51:
 287:USB_DEVICE/Target/usbd_conf.c **** 
 573              		.loc 1 287 1 view .LVU102
 574 000a 08BD     		pop	{r3, pc}
 575              		.cfi_endproc
 576              	.LFE80:
 578              		.section	.text.USBD_LL_Init,"ax",%progbits
 579              		.align	1
 580              		.global	USBD_LL_Init
 581              		.syntax unified
 582              		.thumb
 583              		.thumb_func
 585              	USBD_LL_Init:
ARM GAS  C:\Users\crist\AppData\Local\Temp\ccU0j1w4.s 			page 24


 586              	.LVL52:
 587              	.LFB81:
 299:USB_DEVICE/Target/usbd_conf.c ****   /* Init USB Ip. */
 588              		.loc 1 299 1 is_stmt 1 view -0
 589              		.cfi_startproc
 590              		@ args = 0, pretend = 0, frame = 0
 591              		@ frame_needed = 0, uses_anonymous_args = 0
 299:USB_DEVICE/Target/usbd_conf.c ****   /* Init USB Ip. */
 592              		.loc 1 299 1 is_stmt 0 view .LVU104
 593 0000 10B5     		push	{r4, lr}
 594              	.LCFI15:
 595              		.cfi_def_cfa_offset 8
 596              		.cfi_offset 4, -8
 597              		.cfi_offset 14, -4
 598 0002 0446     		mov	r4, r0
 302:USB_DEVICE/Target/usbd_conf.c ****   pdev->pData = &hpcd_USB_FS;
 599              		.loc 1 302 3 is_stmt 1 view .LVU105
 302:USB_DEVICE/Target/usbd_conf.c ****   pdev->pData = &hpcd_USB_FS;
 600              		.loc 1 302 21 is_stmt 0 view .LVU106
 601 0004 1D48     		ldr	r0, .L53
 602              	.LVL53:
 302:USB_DEVICE/Target/usbd_conf.c ****   pdev->pData = &hpcd_USB_FS;
 603              		.loc 1 302 21 view .LVU107
 604 0006 C0F8EC42 		str	r4, [r0, #748]
 303:USB_DEVICE/Target/usbd_conf.c **** 
 605              		.loc 1 303 3 is_stmt 1 view .LVU108
 303:USB_DEVICE/Target/usbd_conf.c **** 
 606              		.loc 1 303 15 is_stmt 0 view .LVU109
 607 000a C4F8C002 		str	r0, [r4, #704]
 305:USB_DEVICE/Target/usbd_conf.c ****   hpcd_USB_FS.Init.dev_endpoints = 8;
 608              		.loc 1 305 3 is_stmt 1 view .LVU110
 305:USB_DEVICE/Target/usbd_conf.c ****   hpcd_USB_FS.Init.dev_endpoints = 8;
 609              		.loc 1 305 24 is_stmt 0 view .LVU111
 610 000e 1C4B     		ldr	r3, .L53+4
 611 0010 0360     		str	r3, [r0]
 306:USB_DEVICE/Target/usbd_conf.c ****   hpcd_USB_FS.Init.speed = PCD_SPEED_FULL;
 612              		.loc 1 306 3 is_stmt 1 view .LVU112
 306:USB_DEVICE/Target/usbd_conf.c ****   hpcd_USB_FS.Init.speed = PCD_SPEED_FULL;
 613              		.loc 1 306 34 is_stmt 0 view .LVU113
 614 0012 0823     		movs	r3, #8
 615 0014 4360     		str	r3, [r0, #4]
 307:USB_DEVICE/Target/usbd_conf.c ****   hpcd_USB_FS.Init.low_power_enable = DISABLE;
 616              		.loc 1 307 3 is_stmt 1 view .LVU114
 307:USB_DEVICE/Target/usbd_conf.c ****   hpcd_USB_FS.Init.low_power_enable = DISABLE;
 617              		.loc 1 307 26 is_stmt 0 view .LVU115
 618 0016 0223     		movs	r3, #2
 619 0018 8360     		str	r3, [r0, #8]
 308:USB_DEVICE/Target/usbd_conf.c ****   hpcd_USB_FS.Init.lpm_enable = DISABLE;
 620              		.loc 1 308 3 is_stmt 1 view .LVU116
 308:USB_DEVICE/Target/usbd_conf.c ****   hpcd_USB_FS.Init.lpm_enable = DISABLE;
 621              		.loc 1 308 37 is_stmt 0 view .LVU117
 622 001a 0023     		movs	r3, #0
 623 001c 8361     		str	r3, [r0, #24]
 309:USB_DEVICE/Target/usbd_conf.c ****   hpcd_USB_FS.Init.battery_charging_enable = DISABLE;
 624              		.loc 1 309 3 is_stmt 1 view .LVU118
 309:USB_DEVICE/Target/usbd_conf.c ****   hpcd_USB_FS.Init.battery_charging_enable = DISABLE;
 625              		.loc 1 309 31 is_stmt 0 view .LVU119
ARM GAS  C:\Users\crist\AppData\Local\Temp\ccU0j1w4.s 			page 25


 626 001e C361     		str	r3, [r0, #28]
 310:USB_DEVICE/Target/usbd_conf.c ****   if (HAL_PCD_Init(&hpcd_USB_FS) != HAL_OK)
 627              		.loc 1 310 3 is_stmt 1 view .LVU120
 310:USB_DEVICE/Target/usbd_conf.c ****   if (HAL_PCD_Init(&hpcd_USB_FS) != HAL_OK)
 628              		.loc 1 310 44 is_stmt 0 view .LVU121
 629 0020 0362     		str	r3, [r0, #32]
 311:USB_DEVICE/Target/usbd_conf.c ****   {
 630              		.loc 1 311 3 is_stmt 1 view .LVU122
 311:USB_DEVICE/Target/usbd_conf.c ****   {
 631              		.loc 1 311 7 is_stmt 0 view .LVU123
 632 0022 FFF7FEFF 		bl	HAL_PCD_Init
 633              	.LVL54:
 311:USB_DEVICE/Target/usbd_conf.c ****   {
 634              		.loc 1 311 6 discriminator 1 view .LVU124
 635 0026 30BB     		cbnz	r0, .L52
 636              	.L50:
 332:USB_DEVICE/Target/usbd_conf.c ****   HAL_PCDEx_PMAConfig((PCD_HandleTypeDef*)pdev->pData , 0x80 , PCD_SNG_BUF, 0x58);
 637              		.loc 1 332 3 is_stmt 1 view .LVU125
 638 0028 1823     		movs	r3, #24
 639 002a 0022     		movs	r2, #0
 640 002c 1146     		mov	r1, r2
 641 002e D4F8C002 		ldr	r0, [r4, #704]
 642 0032 FFF7FEFF 		bl	HAL_PCDEx_PMAConfig
 643              	.LVL55:
 333:USB_DEVICE/Target/usbd_conf.c ****   /* USER CODE END EndPoint_Configuration */
 644              		.loc 1 333 3 view .LVU126
 645 0036 5823     		movs	r3, #88
 646 0038 0022     		movs	r2, #0
 647 003a 8021     		movs	r1, #128
 648 003c D4F8C002 		ldr	r0, [r4, #704]
 649 0040 FFF7FEFF 		bl	HAL_PCDEx_PMAConfig
 650              	.LVL56:
 336:USB_DEVICE/Target/usbd_conf.c ****   HAL_PCDEx_PMAConfig((PCD_HandleTypeDef*)pdev->pData , 0x01 , PCD_SNG_BUF, 0x110);
 651              		.loc 1 336 3 view .LVU127
 652 0044 C023     		movs	r3, #192
 653 0046 0022     		movs	r2, #0
 654 0048 8121     		movs	r1, #129
 655 004a D4F8C002 		ldr	r0, [r4, #704]
 656 004e FFF7FEFF 		bl	HAL_PCDEx_PMAConfig
 657              	.LVL57:
 337:USB_DEVICE/Target/usbd_conf.c ****   HAL_PCDEx_PMAConfig((PCD_HandleTypeDef*)pdev->pData , 0x82 , PCD_SNG_BUF, 0x100);
 658              		.loc 1 337 3 view .LVU128
 659 0052 4FF48873 		mov	r3, #272
 660 0056 0022     		movs	r2, #0
 661 0058 0121     		movs	r1, #1
 662 005a D4F8C002 		ldr	r0, [r4, #704]
 663 005e FFF7FEFF 		bl	HAL_PCDEx_PMAConfig
 664              	.LVL58:
 338:USB_DEVICE/Target/usbd_conf.c ****   /* USER CODE END EndPoint_Configuration_CDC */
 665              		.loc 1 338 3 view .LVU129
 666 0062 4FF48073 		mov	r3, #256
 667 0066 0022     		movs	r2, #0
 668 0068 8221     		movs	r1, #130
 669 006a D4F8C002 		ldr	r0, [r4, #704]
 670 006e FFF7FEFF 		bl	HAL_PCDEx_PMAConfig
 671              	.LVL59:
 340:USB_DEVICE/Target/usbd_conf.c **** }
ARM GAS  C:\Users\crist\AppData\Local\Temp\ccU0j1w4.s 			page 26


 672              		.loc 1 340 3 view .LVU130
 341:USB_DEVICE/Target/usbd_conf.c **** 
 673              		.loc 1 341 1 is_stmt 0 view .LVU131
 674 0072 0020     		movs	r0, #0
 675 0074 10BD     		pop	{r4, pc}
 676              	.LVL60:
 677              	.L52:
 313:USB_DEVICE/Target/usbd_conf.c ****   }
 678              		.loc 1 313 5 is_stmt 1 view .LVU132
 679 0076 FFF7FEFF 		bl	Error_Handler
 680              	.LVL61:
 681 007a D5E7     		b	.L50
 682              	.L54:
 683              		.align	2
 684              	.L53:
 685 007c 00000000 		.word	hpcd_USB_FS
 686 0080 005C0040 		.word	1073765376
 687              		.cfi_endproc
 688              	.LFE81:
 690              		.section	.text.USBD_LL_DeInit,"ax",%progbits
 691              		.align	1
 692              		.global	USBD_LL_DeInit
 693              		.syntax unified
 694              		.thumb
 695              		.thumb_func
 697              	USBD_LL_DeInit:
 698              	.LVL62:
 699              	.LFB82:
 349:USB_DEVICE/Target/usbd_conf.c ****   HAL_StatusTypeDef hal_status = HAL_OK;
 700              		.loc 1 349 1 view -0
 701              		.cfi_startproc
 702              		@ args = 0, pretend = 0, frame = 0
 703              		@ frame_needed = 0, uses_anonymous_args = 0
 349:USB_DEVICE/Target/usbd_conf.c ****   HAL_StatusTypeDef hal_status = HAL_OK;
 704              		.loc 1 349 1 is_stmt 0 view .LVU134
 705 0000 08B5     		push	{r3, lr}
 706              	.LCFI16:
 707              		.cfi_def_cfa_offset 8
 708              		.cfi_offset 3, -8
 709              		.cfi_offset 14, -4
 350:USB_DEVICE/Target/usbd_conf.c ****   USBD_StatusTypeDef usb_status = USBD_OK;
 710              		.loc 1 350 3 is_stmt 1 view .LVU135
 711              	.LVL63:
 351:USB_DEVICE/Target/usbd_conf.c **** 
 712              		.loc 1 351 3 view .LVU136
 353:USB_DEVICE/Target/usbd_conf.c **** 
 713              		.loc 1 353 3 view .LVU137
 353:USB_DEVICE/Target/usbd_conf.c **** 
 714              		.loc 1 353 16 is_stmt 0 view .LVU138
 715 0002 D0F8C002 		ldr	r0, [r0, #704]
 716              	.LVL64:
 353:USB_DEVICE/Target/usbd_conf.c **** 
 717              		.loc 1 353 16 view .LVU139
 718 0006 FFF7FEFF 		bl	HAL_PCD_DeInit
 719              	.LVL65:
 355:USB_DEVICE/Target/usbd_conf.c **** 
 720              		.loc 1 355 3 is_stmt 1 view .LVU140
ARM GAS  C:\Users\crist\AppData\Local\Temp\ccU0j1w4.s 			page 27


 355:USB_DEVICE/Target/usbd_conf.c **** 
 721              		.loc 1 355 17 is_stmt 0 view .LVU141
 722 000a FFF7FEFF 		bl	USBD_Get_USB_Status
 723              	.LVL66:
 357:USB_DEVICE/Target/usbd_conf.c **** }
 724              		.loc 1 357 3 is_stmt 1 view .LVU142
 358:USB_DEVICE/Target/usbd_conf.c **** 
 725              		.loc 1 358 1 is_stmt 0 view .LVU143
 726 000e 08BD     		pop	{r3, pc}
 727              		.cfi_endproc
 728              	.LFE82:
 730              		.section	.text.USBD_LL_Start,"ax",%progbits
 731              		.align	1
 732              		.global	USBD_LL_Start
 733              		.syntax unified
 734              		.thumb
 735              		.thumb_func
 737              	USBD_LL_Start:
 738              	.LVL67:
 739              	.LFB83:
 366:USB_DEVICE/Target/usbd_conf.c ****   HAL_StatusTypeDef hal_status = HAL_OK;
 740              		.loc 1 366 1 is_stmt 1 view -0
 741              		.cfi_startproc
 742              		@ args = 0, pretend = 0, frame = 0
 743              		@ frame_needed = 0, uses_anonymous_args = 0
 366:USB_DEVICE/Target/usbd_conf.c ****   HAL_StatusTypeDef hal_status = HAL_OK;
 744              		.loc 1 366 1 is_stmt 0 view .LVU145
 745 0000 08B5     		push	{r3, lr}
 746              	.LCFI17:
 747              		.cfi_def_cfa_offset 8
 748              		.cfi_offset 3, -8
 749              		.cfi_offset 14, -4
 367:USB_DEVICE/Target/usbd_conf.c ****   USBD_StatusTypeDef usb_status = USBD_OK;
 750              		.loc 1 367 3 is_stmt 1 view .LVU146
 751              	.LVL68:
 368:USB_DEVICE/Target/usbd_conf.c **** 
 752              		.loc 1 368 3 view .LVU147
 370:USB_DEVICE/Target/usbd_conf.c **** 
 753              		.loc 1 370 3 view .LVU148
 370:USB_DEVICE/Target/usbd_conf.c **** 
 754              		.loc 1 370 16 is_stmt 0 view .LVU149
 755 0002 D0F8C002 		ldr	r0, [r0, #704]
 756              	.LVL69:
 370:USB_DEVICE/Target/usbd_conf.c **** 
 757              		.loc 1 370 16 view .LVU150
 758 0006 FFF7FEFF 		bl	HAL_PCD_Start
 759              	.LVL70:
 372:USB_DEVICE/Target/usbd_conf.c **** 
 760              		.loc 1 372 3 is_stmt 1 view .LVU151
 372:USB_DEVICE/Target/usbd_conf.c **** 
 761              		.loc 1 372 17 is_stmt 0 view .LVU152
 762 000a FFF7FEFF 		bl	USBD_Get_USB_Status
 763              	.LVL71:
 374:USB_DEVICE/Target/usbd_conf.c **** }
 764              		.loc 1 374 3 is_stmt 1 view .LVU153
 375:USB_DEVICE/Target/usbd_conf.c **** 
 765              		.loc 1 375 1 is_stmt 0 view .LVU154
ARM GAS  C:\Users\crist\AppData\Local\Temp\ccU0j1w4.s 			page 28


 766 000e 08BD     		pop	{r3, pc}
 767              		.cfi_endproc
 768              	.LFE83:
 770              		.section	.text.USBD_LL_Stop,"ax",%progbits
 771              		.align	1
 772              		.global	USBD_LL_Stop
 773              		.syntax unified
 774              		.thumb
 775              		.thumb_func
 777              	USBD_LL_Stop:
 778              	.LVL72:
 779              	.LFB84:
 383:USB_DEVICE/Target/usbd_conf.c ****   HAL_StatusTypeDef hal_status = HAL_OK;
 780              		.loc 1 383 1 is_stmt 1 view -0
 781              		.cfi_startproc
 782              		@ args = 0, pretend = 0, frame = 0
 783              		@ frame_needed = 0, uses_anonymous_args = 0
 383:USB_DEVICE/Target/usbd_conf.c ****   HAL_StatusTypeDef hal_status = HAL_OK;
 784              		.loc 1 383 1 is_stmt 0 view .LVU156
 785 0000 08B5     		push	{r3, lr}
 786              	.LCFI18:
 787              		.cfi_def_cfa_offset 8
 788              		.cfi_offset 3, -8
 789              		.cfi_offset 14, -4
 384:USB_DEVICE/Target/usbd_conf.c ****   USBD_StatusTypeDef usb_status = USBD_OK;
 790              		.loc 1 384 3 is_stmt 1 view .LVU157
 791              	.LVL73:
 385:USB_DEVICE/Target/usbd_conf.c **** 
 792              		.loc 1 385 3 view .LVU158
 387:USB_DEVICE/Target/usbd_conf.c **** 
 793              		.loc 1 387 3 view .LVU159
 387:USB_DEVICE/Target/usbd_conf.c **** 
 794              		.loc 1 387 16 is_stmt 0 view .LVU160
 795 0002 D0F8C002 		ldr	r0, [r0, #704]
 796              	.LVL74:
 387:USB_DEVICE/Target/usbd_conf.c **** 
 797              		.loc 1 387 16 view .LVU161
 798 0006 FFF7FEFF 		bl	HAL_PCD_Stop
 799              	.LVL75:
 389:USB_DEVICE/Target/usbd_conf.c **** 
 800              		.loc 1 389 3 is_stmt 1 view .LVU162
 389:USB_DEVICE/Target/usbd_conf.c **** 
 801              		.loc 1 389 17 is_stmt 0 view .LVU163
 802 000a FFF7FEFF 		bl	USBD_Get_USB_Status
 803              	.LVL76:
 391:USB_DEVICE/Target/usbd_conf.c **** }
 804              		.loc 1 391 3 is_stmt 1 view .LVU164
 392:USB_DEVICE/Target/usbd_conf.c **** 
 805              		.loc 1 392 1 is_stmt 0 view .LVU165
 806 000e 08BD     		pop	{r3, pc}
 807              		.cfi_endproc
 808              	.LFE84:
 810              		.section	.text.USBD_LL_OpenEP,"ax",%progbits
 811              		.align	1
 812              		.global	USBD_LL_OpenEP
 813              		.syntax unified
 814              		.thumb
ARM GAS  C:\Users\crist\AppData\Local\Temp\ccU0j1w4.s 			page 29


 815              		.thumb_func
 817              	USBD_LL_OpenEP:
 818              	.LVL77:
 819              	.LFB85:
 403:USB_DEVICE/Target/usbd_conf.c ****   HAL_StatusTypeDef hal_status = HAL_OK;
 820              		.loc 1 403 1 is_stmt 1 view -0
 821              		.cfi_startproc
 822              		@ args = 0, pretend = 0, frame = 0
 823              		@ frame_needed = 0, uses_anonymous_args = 0
 403:USB_DEVICE/Target/usbd_conf.c ****   HAL_StatusTypeDef hal_status = HAL_OK;
 824              		.loc 1 403 1 is_stmt 0 view .LVU167
 825 0000 08B5     		push	{r3, lr}
 826              	.LCFI19:
 827              		.cfi_def_cfa_offset 8
 828              		.cfi_offset 3, -8
 829              		.cfi_offset 14, -4
 830 0002 9446     		mov	ip, r2
 831 0004 1A46     		mov	r2, r3
 832              	.LVL78:
 404:USB_DEVICE/Target/usbd_conf.c ****   USBD_StatusTypeDef usb_status = USBD_OK;
 833              		.loc 1 404 3 is_stmt 1 view .LVU168
 405:USB_DEVICE/Target/usbd_conf.c **** 
 834              		.loc 1 405 3 view .LVU169
 407:USB_DEVICE/Target/usbd_conf.c **** 
 835              		.loc 1 407 3 view .LVU170
 407:USB_DEVICE/Target/usbd_conf.c **** 
 836              		.loc 1 407 16 is_stmt 0 view .LVU171
 837 0006 6346     		mov	r3, ip
 838              	.LVL79:
 407:USB_DEVICE/Target/usbd_conf.c **** 
 839              		.loc 1 407 16 view .LVU172
 840 0008 D0F8C002 		ldr	r0, [r0, #704]
 841              	.LVL80:
 407:USB_DEVICE/Target/usbd_conf.c **** 
 842              		.loc 1 407 16 view .LVU173
 843 000c FFF7FEFF 		bl	HAL_PCD_EP_Open
 844              	.LVL81:
 409:USB_DEVICE/Target/usbd_conf.c **** 
 845              		.loc 1 409 3 is_stmt 1 view .LVU174
 409:USB_DEVICE/Target/usbd_conf.c **** 
 846              		.loc 1 409 17 is_stmt 0 view .LVU175
 847 0010 FFF7FEFF 		bl	USBD_Get_USB_Status
 848              	.LVL82:
 411:USB_DEVICE/Target/usbd_conf.c **** }
 849              		.loc 1 411 3 is_stmt 1 view .LVU176
 412:USB_DEVICE/Target/usbd_conf.c **** 
 850              		.loc 1 412 1 is_stmt 0 view .LVU177
 851 0014 08BD     		pop	{r3, pc}
 852              		.cfi_endproc
 853              	.LFE85:
 855              		.section	.text.USBD_LL_CloseEP,"ax",%progbits
 856              		.align	1
 857              		.global	USBD_LL_CloseEP
 858              		.syntax unified
 859              		.thumb
 860              		.thumb_func
 862              	USBD_LL_CloseEP:
ARM GAS  C:\Users\crist\AppData\Local\Temp\ccU0j1w4.s 			page 30


 863              	.LVL83:
 864              	.LFB86:
 421:USB_DEVICE/Target/usbd_conf.c ****   HAL_StatusTypeDef hal_status = HAL_OK;
 865              		.loc 1 421 1 is_stmt 1 view -0
 866              		.cfi_startproc
 867              		@ args = 0, pretend = 0, frame = 0
 868              		@ frame_needed = 0, uses_anonymous_args = 0
 421:USB_DEVICE/Target/usbd_conf.c ****   HAL_StatusTypeDef hal_status = HAL_OK;
 869              		.loc 1 421 1 is_stmt 0 view .LVU179
 870 0000 08B5     		push	{r3, lr}
 871              	.LCFI20:
 872              		.cfi_def_cfa_offset 8
 873              		.cfi_offset 3, -8
 874              		.cfi_offset 14, -4
 422:USB_DEVICE/Target/usbd_conf.c ****   USBD_StatusTypeDef usb_status = USBD_OK;
 875              		.loc 1 422 3 is_stmt 1 view .LVU180
 876              	.LVL84:
 423:USB_DEVICE/Target/usbd_conf.c **** 
 877              		.loc 1 423 3 view .LVU181
 425:USB_DEVICE/Target/usbd_conf.c **** 
 878              		.loc 1 425 3 view .LVU182
 425:USB_DEVICE/Target/usbd_conf.c **** 
 879              		.loc 1 425 16 is_stmt 0 view .LVU183
 880 0002 D0F8C002 		ldr	r0, [r0, #704]
 881              	.LVL85:
 425:USB_DEVICE/Target/usbd_conf.c **** 
 882              		.loc 1 425 16 view .LVU184
 883 0006 FFF7FEFF 		bl	HAL_PCD_EP_Close
 884              	.LVL86:
 427:USB_DEVICE/Target/usbd_conf.c **** 
 885              		.loc 1 427 3 is_stmt 1 view .LVU185
 427:USB_DEVICE/Target/usbd_conf.c **** 
 886              		.loc 1 427 17 is_stmt 0 view .LVU186
 887 000a FFF7FEFF 		bl	USBD_Get_USB_Status
 888              	.LVL87:
 429:USB_DEVICE/Target/usbd_conf.c **** }
 889              		.loc 1 429 3 is_stmt 1 view .LVU187
 430:USB_DEVICE/Target/usbd_conf.c **** 
 890              		.loc 1 430 1 is_stmt 0 view .LVU188
 891 000e 08BD     		pop	{r3, pc}
 892              		.cfi_endproc
 893              	.LFE86:
 895              		.section	.text.USBD_LL_FlushEP,"ax",%progbits
 896              		.align	1
 897              		.global	USBD_LL_FlushEP
 898              		.syntax unified
 899              		.thumb
 900              		.thumb_func
 902              	USBD_LL_FlushEP:
 903              	.LVL88:
 904              	.LFB87:
 439:USB_DEVICE/Target/usbd_conf.c ****   HAL_StatusTypeDef hal_status = HAL_OK;
 905              		.loc 1 439 1 is_stmt 1 view -0
 906              		.cfi_startproc
 907              		@ args = 0, pretend = 0, frame = 0
 908              		@ frame_needed = 0, uses_anonymous_args = 0
 439:USB_DEVICE/Target/usbd_conf.c ****   HAL_StatusTypeDef hal_status = HAL_OK;
ARM GAS  C:\Users\crist\AppData\Local\Temp\ccU0j1w4.s 			page 31


 909              		.loc 1 439 1 is_stmt 0 view .LVU190
 910 0000 08B5     		push	{r3, lr}
 911              	.LCFI21:
 912              		.cfi_def_cfa_offset 8
 913              		.cfi_offset 3, -8
 914              		.cfi_offset 14, -4
 440:USB_DEVICE/Target/usbd_conf.c ****   USBD_StatusTypeDef usb_status = USBD_OK;
 915              		.loc 1 440 3 is_stmt 1 view .LVU191
 916              	.LVL89:
 441:USB_DEVICE/Target/usbd_conf.c **** 
 917              		.loc 1 441 3 view .LVU192
 443:USB_DEVICE/Target/usbd_conf.c **** 
 918              		.loc 1 443 3 view .LVU193
 443:USB_DEVICE/Target/usbd_conf.c **** 
 919              		.loc 1 443 16 is_stmt 0 view .LVU194
 920 0002 D0F8C002 		ldr	r0, [r0, #704]
 921              	.LVL90:
 443:USB_DEVICE/Target/usbd_conf.c **** 
 922              		.loc 1 443 16 view .LVU195
 923 0006 FFF7FEFF 		bl	HAL_PCD_EP_Flush
 924              	.LVL91:
 445:USB_DEVICE/Target/usbd_conf.c **** 
 925              		.loc 1 445 3 is_stmt 1 view .LVU196
 445:USB_DEVICE/Target/usbd_conf.c **** 
 926              		.loc 1 445 17 is_stmt 0 view .LVU197
 927 000a FFF7FEFF 		bl	USBD_Get_USB_Status
 928              	.LVL92:
 447:USB_DEVICE/Target/usbd_conf.c **** }
 929              		.loc 1 447 3 is_stmt 1 view .LVU198
 448:USB_DEVICE/Target/usbd_conf.c **** 
 930              		.loc 1 448 1 is_stmt 0 view .LVU199
 931 000e 08BD     		pop	{r3, pc}
 932              		.cfi_endproc
 933              	.LFE87:
 935              		.section	.text.USBD_LL_StallEP,"ax",%progbits
 936              		.align	1
 937              		.global	USBD_LL_StallEP
 938              		.syntax unified
 939              		.thumb
 940              		.thumb_func
 942              	USBD_LL_StallEP:
 943              	.LVL93:
 944              	.LFB88:
 457:USB_DEVICE/Target/usbd_conf.c ****   HAL_StatusTypeDef hal_status = HAL_OK;
 945              		.loc 1 457 1 is_stmt 1 view -0
 946              		.cfi_startproc
 947              		@ args = 0, pretend = 0, frame = 0
 948              		@ frame_needed = 0, uses_anonymous_args = 0
 457:USB_DEVICE/Target/usbd_conf.c ****   HAL_StatusTypeDef hal_status = HAL_OK;
 949              		.loc 1 457 1 is_stmt 0 view .LVU201
 950 0000 08B5     		push	{r3, lr}
 951              	.LCFI22:
 952              		.cfi_def_cfa_offset 8
 953              		.cfi_offset 3, -8
 954              		.cfi_offset 14, -4
 458:USB_DEVICE/Target/usbd_conf.c ****   USBD_StatusTypeDef usb_status = USBD_OK;
 955              		.loc 1 458 3 is_stmt 1 view .LVU202
ARM GAS  C:\Users\crist\AppData\Local\Temp\ccU0j1w4.s 			page 32


 956              	.LVL94:
 459:USB_DEVICE/Target/usbd_conf.c **** 
 957              		.loc 1 459 3 view .LVU203
 461:USB_DEVICE/Target/usbd_conf.c **** 
 958              		.loc 1 461 3 view .LVU204
 461:USB_DEVICE/Target/usbd_conf.c **** 
 959              		.loc 1 461 16 is_stmt 0 view .LVU205
 960 0002 D0F8C002 		ldr	r0, [r0, #704]
 961              	.LVL95:
 461:USB_DEVICE/Target/usbd_conf.c **** 
 962              		.loc 1 461 16 view .LVU206
 963 0006 FFF7FEFF 		bl	HAL_PCD_EP_SetStall
 964              	.LVL96:
 463:USB_DEVICE/Target/usbd_conf.c **** 
 965              		.loc 1 463 3 is_stmt 1 view .LVU207
 463:USB_DEVICE/Target/usbd_conf.c **** 
 966              		.loc 1 463 17 is_stmt 0 view .LVU208
 967 000a FFF7FEFF 		bl	USBD_Get_USB_Status
 968              	.LVL97:
 465:USB_DEVICE/Target/usbd_conf.c **** }
 969              		.loc 1 465 3 is_stmt 1 view .LVU209
 466:USB_DEVICE/Target/usbd_conf.c **** 
 970              		.loc 1 466 1 is_stmt 0 view .LVU210
 971 000e 08BD     		pop	{r3, pc}
 972              		.cfi_endproc
 973              	.LFE88:
 975              		.section	.text.USBD_LL_ClearStallEP,"ax",%progbits
 976              		.align	1
 977              		.global	USBD_LL_ClearStallEP
 978              		.syntax unified
 979              		.thumb
 980              		.thumb_func
 982              	USBD_LL_ClearStallEP:
 983              	.LVL98:
 984              	.LFB89:
 475:USB_DEVICE/Target/usbd_conf.c ****   HAL_StatusTypeDef hal_status = HAL_OK;
 985              		.loc 1 475 1 is_stmt 1 view -0
 986              		.cfi_startproc
 987              		@ args = 0, pretend = 0, frame = 0
 988              		@ frame_needed = 0, uses_anonymous_args = 0
 475:USB_DEVICE/Target/usbd_conf.c ****   HAL_StatusTypeDef hal_status = HAL_OK;
 989              		.loc 1 475 1 is_stmt 0 view .LVU212
 990 0000 08B5     		push	{r3, lr}
 991              	.LCFI23:
 992              		.cfi_def_cfa_offset 8
 993              		.cfi_offset 3, -8
 994              		.cfi_offset 14, -4
 476:USB_DEVICE/Target/usbd_conf.c ****   USBD_StatusTypeDef usb_status = USBD_OK;
 995              		.loc 1 476 3 is_stmt 1 view .LVU213
 996              	.LVL99:
 477:USB_DEVICE/Target/usbd_conf.c **** 
 997              		.loc 1 477 3 view .LVU214
 479:USB_DEVICE/Target/usbd_conf.c **** 
 998              		.loc 1 479 3 view .LVU215
 479:USB_DEVICE/Target/usbd_conf.c **** 
 999              		.loc 1 479 16 is_stmt 0 view .LVU216
 1000 0002 D0F8C002 		ldr	r0, [r0, #704]
ARM GAS  C:\Users\crist\AppData\Local\Temp\ccU0j1w4.s 			page 33


 1001              	.LVL100:
 479:USB_DEVICE/Target/usbd_conf.c **** 
 1002              		.loc 1 479 16 view .LVU217
 1003 0006 FFF7FEFF 		bl	HAL_PCD_EP_ClrStall
 1004              	.LVL101:
 481:USB_DEVICE/Target/usbd_conf.c **** 
 1005              		.loc 1 481 3 is_stmt 1 view .LVU218
 481:USB_DEVICE/Target/usbd_conf.c **** 
 1006              		.loc 1 481 17 is_stmt 0 view .LVU219
 1007 000a FFF7FEFF 		bl	USBD_Get_USB_Status
 1008              	.LVL102:
 483:USB_DEVICE/Target/usbd_conf.c **** }
 1009              		.loc 1 483 3 is_stmt 1 view .LVU220
 484:USB_DEVICE/Target/usbd_conf.c **** 
 1010              		.loc 1 484 1 is_stmt 0 view .LVU221
 1011 000e 08BD     		pop	{r3, pc}
 1012              		.cfi_endproc
 1013              	.LFE89:
 1015              		.section	.text.USBD_LL_IsStallEP,"ax",%progbits
 1016              		.align	1
 1017              		.global	USBD_LL_IsStallEP
 1018              		.syntax unified
 1019              		.thumb
 1020              		.thumb_func
 1022              	USBD_LL_IsStallEP:
 1023              	.LVL103:
 1024              	.LFB90:
 493:USB_DEVICE/Target/usbd_conf.c ****   PCD_HandleTypeDef *hpcd = (PCD_HandleTypeDef*) pdev->pData;
 1025              		.loc 1 493 1 is_stmt 1 view -0
 1026              		.cfi_startproc
 1027              		@ args = 0, pretend = 0, frame = 0
 1028              		@ frame_needed = 0, uses_anonymous_args = 0
 1029              		@ link register save eliminated.
 494:USB_DEVICE/Target/usbd_conf.c **** 
 1030              		.loc 1 494 3 view .LVU223
 494:USB_DEVICE/Target/usbd_conf.c **** 
 1031              		.loc 1 494 22 is_stmt 0 view .LVU224
 1032 0000 D0F8C032 		ldr	r3, [r0, #704]
 1033              	.LVL104:
 496:USB_DEVICE/Target/usbd_conf.c ****   {
 1034              		.loc 1 496 3 is_stmt 1 view .LVU225
 496:USB_DEVICE/Target/usbd_conf.c ****   {
 1035              		.loc 1 496 5 is_stmt 0 view .LVU226
 1036 0004 11F0800F 		tst	r1, #128
 1037 0008 08D1     		bne	.L74
 502:USB_DEVICE/Target/usbd_conf.c ****   }
 1038              		.loc 1 502 5 is_stmt 1 view .LVU227
 502:USB_DEVICE/Target/usbd_conf.c ****   }
 1039              		.loc 1 502 33 is_stmt 0 view .LVU228
 1040 000a 01F07F01 		and	r1, r1, #127
 1041              	.LVL105:
 502:USB_DEVICE/Target/usbd_conf.c ****   }
 1042              		.loc 1 502 40 view .LVU229
 1043 000e 01EB8101 		add	r1, r1, r1, lsl #2
 1044 0012 03EBC103 		add	r3, r3, r1, lsl #3
 1045              	.LVL106:
 502:USB_DEVICE/Target/usbd_conf.c ****   }
ARM GAS  C:\Users\crist\AppData\Local\Temp\ccU0j1w4.s 			page 34


 1046              		.loc 1 502 40 view .LVU230
 1047 0016 93F86A01 		ldrb	r0, [r3, #362]	@ zero_extendqisi2
 1048              	.LVL107:
 504:USB_DEVICE/Target/usbd_conf.c **** 
 1049              		.loc 1 504 1 view .LVU231
 1050 001a 7047     		bx	lr
 1051              	.LVL108:
 1052              	.L74:
 498:USB_DEVICE/Target/usbd_conf.c ****   }
 1053              		.loc 1 498 5 is_stmt 1 view .LVU232
 498:USB_DEVICE/Target/usbd_conf.c ****   }
 1054              		.loc 1 498 32 is_stmt 0 view .LVU233
 1055 001c 01F07F01 		and	r1, r1, #127
 1056              	.LVL109:
 498:USB_DEVICE/Target/usbd_conf.c ****   }
 1057              		.loc 1 498 39 view .LVU234
 1058 0020 0131     		adds	r1, r1, #1
 1059 0022 01EB8101 		add	r1, r1, r1, lsl #2
 1060 0026 03EBC103 		add	r3, r3, r1, lsl #3
 1061              	.LVL110:
 498:USB_DEVICE/Target/usbd_conf.c ****   }
 1062              		.loc 1 498 39 view .LVU235
 1063 002a 9878     		ldrb	r0, [r3, #2]	@ zero_extendqisi2
 1064              	.LVL111:
 498:USB_DEVICE/Target/usbd_conf.c ****   }
 1065              		.loc 1 498 39 view .LVU236
 1066 002c 7047     		bx	lr
 1067              		.cfi_endproc
 1068              	.LFE90:
 1070              		.section	.text.USBD_LL_SetUSBAddress,"ax",%progbits
 1071              		.align	1
 1072              		.global	USBD_LL_SetUSBAddress
 1073              		.syntax unified
 1074              		.thumb
 1075              		.thumb_func
 1077              	USBD_LL_SetUSBAddress:
 1078              	.LVL112:
 1079              	.LFB91:
 513:USB_DEVICE/Target/usbd_conf.c ****   HAL_StatusTypeDef hal_status = HAL_OK;
 1080              		.loc 1 513 1 is_stmt 1 view -0
 1081              		.cfi_startproc
 1082              		@ args = 0, pretend = 0, frame = 0
 1083              		@ frame_needed = 0, uses_anonymous_args = 0
 513:USB_DEVICE/Target/usbd_conf.c ****   HAL_StatusTypeDef hal_status = HAL_OK;
 1084              		.loc 1 513 1 is_stmt 0 view .LVU238
 1085 0000 08B5     		push	{r3, lr}
 1086              	.LCFI24:
 1087              		.cfi_def_cfa_offset 8
 1088              		.cfi_offset 3, -8
 1089              		.cfi_offset 14, -4
 514:USB_DEVICE/Target/usbd_conf.c ****   USBD_StatusTypeDef usb_status = USBD_OK;
 1090              		.loc 1 514 3 is_stmt 1 view .LVU239
 1091              	.LVL113:
 515:USB_DEVICE/Target/usbd_conf.c **** 
 1092              		.loc 1 515 3 view .LVU240
 517:USB_DEVICE/Target/usbd_conf.c **** 
 1093              		.loc 1 517 3 view .LVU241
ARM GAS  C:\Users\crist\AppData\Local\Temp\ccU0j1w4.s 			page 35


 517:USB_DEVICE/Target/usbd_conf.c **** 
 1094              		.loc 1 517 16 is_stmt 0 view .LVU242
 1095 0002 D0F8C002 		ldr	r0, [r0, #704]
 1096              	.LVL114:
 517:USB_DEVICE/Target/usbd_conf.c **** 
 1097              		.loc 1 517 16 view .LVU243
 1098 0006 FFF7FEFF 		bl	HAL_PCD_SetAddress
 1099              	.LVL115:
 519:USB_DEVICE/Target/usbd_conf.c **** 
 1100              		.loc 1 519 3 is_stmt 1 view .LVU244
 519:USB_DEVICE/Target/usbd_conf.c **** 
 1101              		.loc 1 519 17 is_stmt 0 view .LVU245
 1102 000a FFF7FEFF 		bl	USBD_Get_USB_Status
 1103              	.LVL116:
 521:USB_DEVICE/Target/usbd_conf.c **** }
 1104              		.loc 1 521 3 is_stmt 1 view .LVU246
 522:USB_DEVICE/Target/usbd_conf.c **** 
 1105              		.loc 1 522 1 is_stmt 0 view .LVU247
 1106 000e 08BD     		pop	{r3, pc}
 1107              		.cfi_endproc
 1108              	.LFE91:
 1110              		.section	.text.USBD_LL_Transmit,"ax",%progbits
 1111              		.align	1
 1112              		.global	USBD_LL_Transmit
 1113              		.syntax unified
 1114              		.thumb
 1115              		.thumb_func
 1117              	USBD_LL_Transmit:
 1118              	.LVL117:
 1119              	.LFB92:
 533:USB_DEVICE/Target/usbd_conf.c ****   HAL_StatusTypeDef hal_status = HAL_OK;
 1120              		.loc 1 533 1 is_stmt 1 view -0
 1121              		.cfi_startproc
 1122              		@ args = 0, pretend = 0, frame = 0
 1123              		@ frame_needed = 0, uses_anonymous_args = 0
 533:USB_DEVICE/Target/usbd_conf.c ****   HAL_StatusTypeDef hal_status = HAL_OK;
 1124              		.loc 1 533 1 is_stmt 0 view .LVU249
 1125 0000 08B5     		push	{r3, lr}
 1126              	.LCFI25:
 1127              		.cfi_def_cfa_offset 8
 1128              		.cfi_offset 3, -8
 1129              		.cfi_offset 14, -4
 534:USB_DEVICE/Target/usbd_conf.c ****   USBD_StatusTypeDef usb_status = USBD_OK;
 1130              		.loc 1 534 3 is_stmt 1 view .LVU250
 1131              	.LVL118:
 535:USB_DEVICE/Target/usbd_conf.c **** 
 1132              		.loc 1 535 3 view .LVU251
 537:USB_DEVICE/Target/usbd_conf.c **** 
 1133              		.loc 1 537 3 view .LVU252
 537:USB_DEVICE/Target/usbd_conf.c **** 
 1134              		.loc 1 537 16 is_stmt 0 view .LVU253
 1135 0002 D0F8C002 		ldr	r0, [r0, #704]
 1136              	.LVL119:
 537:USB_DEVICE/Target/usbd_conf.c **** 
 1137              		.loc 1 537 16 view .LVU254
 1138 0006 FFF7FEFF 		bl	HAL_PCD_EP_Transmit
 1139              	.LVL120:
ARM GAS  C:\Users\crist\AppData\Local\Temp\ccU0j1w4.s 			page 36


 539:USB_DEVICE/Target/usbd_conf.c **** 
 1140              		.loc 1 539 3 is_stmt 1 view .LVU255
 539:USB_DEVICE/Target/usbd_conf.c **** 
 1141              		.loc 1 539 17 is_stmt 0 view .LVU256
 1142 000a FFF7FEFF 		bl	USBD_Get_USB_Status
 1143              	.LVL121:
 541:USB_DEVICE/Target/usbd_conf.c **** }
 1144              		.loc 1 541 3 is_stmt 1 view .LVU257
 542:USB_DEVICE/Target/usbd_conf.c **** 
 1145              		.loc 1 542 1 is_stmt 0 view .LVU258
 1146 000e 08BD     		pop	{r3, pc}
 1147              		.cfi_endproc
 1148              	.LFE92:
 1150              		.section	.text.USBD_LL_PrepareReceive,"ax",%progbits
 1151              		.align	1
 1152              		.global	USBD_LL_PrepareReceive
 1153              		.syntax unified
 1154              		.thumb
 1155              		.thumb_func
 1157              	USBD_LL_PrepareReceive:
 1158              	.LVL122:
 1159              	.LFB93:
 553:USB_DEVICE/Target/usbd_conf.c ****   HAL_StatusTypeDef hal_status = HAL_OK;
 1160              		.loc 1 553 1 is_stmt 1 view -0
 1161              		.cfi_startproc
 1162              		@ args = 0, pretend = 0, frame = 0
 1163              		@ frame_needed = 0, uses_anonymous_args = 0
 553:USB_DEVICE/Target/usbd_conf.c ****   HAL_StatusTypeDef hal_status = HAL_OK;
 1164              		.loc 1 553 1 is_stmt 0 view .LVU260
 1165 0000 08B5     		push	{r3, lr}
 1166              	.LCFI26:
 1167              		.cfi_def_cfa_offset 8
 1168              		.cfi_offset 3, -8
 1169              		.cfi_offset 14, -4
 554:USB_DEVICE/Target/usbd_conf.c ****   USBD_StatusTypeDef usb_status = USBD_OK;
 1170              		.loc 1 554 3 is_stmt 1 view .LVU261
 1171              	.LVL123:
 555:USB_DEVICE/Target/usbd_conf.c **** 
 1172              		.loc 1 555 3 view .LVU262
 557:USB_DEVICE/Target/usbd_conf.c **** 
 1173              		.loc 1 557 3 view .LVU263
 557:USB_DEVICE/Target/usbd_conf.c **** 
 1174              		.loc 1 557 16 is_stmt 0 view .LVU264
 1175 0002 D0F8C002 		ldr	r0, [r0, #704]
 1176              	.LVL124:
 557:USB_DEVICE/Target/usbd_conf.c **** 
 1177              		.loc 1 557 16 view .LVU265
 1178 0006 FFF7FEFF 		bl	HAL_PCD_EP_Receive
 1179              	.LVL125:
 559:USB_DEVICE/Target/usbd_conf.c **** 
 1180              		.loc 1 559 3 is_stmt 1 view .LVU266
 559:USB_DEVICE/Target/usbd_conf.c **** 
 1181              		.loc 1 559 17 is_stmt 0 view .LVU267
 1182 000a FFF7FEFF 		bl	USBD_Get_USB_Status
 1183              	.LVL126:
 561:USB_DEVICE/Target/usbd_conf.c **** }
 1184              		.loc 1 561 3 is_stmt 1 view .LVU268
ARM GAS  C:\Users\crist\AppData\Local\Temp\ccU0j1w4.s 			page 37


 562:USB_DEVICE/Target/usbd_conf.c **** 
 1185              		.loc 1 562 1 is_stmt 0 view .LVU269
 1186 000e 08BD     		pop	{r3, pc}
 1187              		.cfi_endproc
 1188              	.LFE93:
 1190              		.section	.text.USBD_LL_GetRxDataSize,"ax",%progbits
 1191              		.align	1
 1192              		.global	USBD_LL_GetRxDataSize
 1193              		.syntax unified
 1194              		.thumb
 1195              		.thumb_func
 1197              	USBD_LL_GetRxDataSize:
 1198              	.LVL127:
 1199              	.LFB94:
 571:USB_DEVICE/Target/usbd_conf.c ****   return HAL_PCD_EP_GetRxCount((PCD_HandleTypeDef*) pdev->pData, ep_addr);
 1200              		.loc 1 571 1 is_stmt 1 view -0
 1201              		.cfi_startproc
 1202              		@ args = 0, pretend = 0, frame = 0
 1203              		@ frame_needed = 0, uses_anonymous_args = 0
 571:USB_DEVICE/Target/usbd_conf.c ****   return HAL_PCD_EP_GetRxCount((PCD_HandleTypeDef*) pdev->pData, ep_addr);
 1204              		.loc 1 571 1 is_stmt 0 view .LVU271
 1205 0000 08B5     		push	{r3, lr}
 1206              	.LCFI27:
 1207              		.cfi_def_cfa_offset 8
 1208              		.cfi_offset 3, -8
 1209              		.cfi_offset 14, -4
 572:USB_DEVICE/Target/usbd_conf.c **** }
 1210              		.loc 1 572 3 is_stmt 1 view .LVU272
 572:USB_DEVICE/Target/usbd_conf.c **** }
 1211              		.loc 1 572 10 is_stmt 0 view .LVU273
 1212 0002 D0F8C002 		ldr	r0, [r0, #704]
 1213              	.LVL128:
 572:USB_DEVICE/Target/usbd_conf.c **** }
 1214              		.loc 1 572 10 view .LVU274
 1215 0006 FFF7FEFF 		bl	HAL_PCD_EP_GetRxCount
 1216              	.LVL129:
 573:USB_DEVICE/Target/usbd_conf.c **** 
 1217              		.loc 1 573 1 view .LVU275
 1218 000a 08BD     		pop	{r3, pc}
 1219              		.cfi_endproc
 1220              	.LFE94:
 1222              		.section	.text.USBD_LL_Delay,"ax",%progbits
 1223              		.align	1
 1224              		.global	USBD_LL_Delay
 1225              		.syntax unified
 1226              		.thumb
 1227              		.thumb_func
 1229              	USBD_LL_Delay:
 1230              	.LVL130:
 1231              	.LFB95:
 581:USB_DEVICE/Target/usbd_conf.c ****   HAL_Delay(Delay);
 1232              		.loc 1 581 1 is_stmt 1 view -0
 1233              		.cfi_startproc
 1234              		@ args = 0, pretend = 0, frame = 0
 1235              		@ frame_needed = 0, uses_anonymous_args = 0
 581:USB_DEVICE/Target/usbd_conf.c ****   HAL_Delay(Delay);
 1236              		.loc 1 581 1 is_stmt 0 view .LVU277
ARM GAS  C:\Users\crist\AppData\Local\Temp\ccU0j1w4.s 			page 38


 1237 0000 08B5     		push	{r3, lr}
 1238              	.LCFI28:
 1239              		.cfi_def_cfa_offset 8
 1240              		.cfi_offset 3, -8
 1241              		.cfi_offset 14, -4
 582:USB_DEVICE/Target/usbd_conf.c **** }
 1242              		.loc 1 582 3 is_stmt 1 view .LVU278
 1243 0002 FFF7FEFF 		bl	HAL_Delay
 1244              	.LVL131:
 583:USB_DEVICE/Target/usbd_conf.c **** 
 1245              		.loc 1 583 1 is_stmt 0 view .LVU279
 1246 0006 08BD     		pop	{r3, pc}
 1247              		.cfi_endproc
 1248              	.LFE95:
 1250              		.section	.text.USBD_static_malloc,"ax",%progbits
 1251              		.align	1
 1252              		.global	USBD_static_malloc
 1253              		.syntax unified
 1254              		.thumb
 1255              		.thumb_func
 1257              	USBD_static_malloc:
 1258              	.LVL132:
 1259              	.LFB96:
 591:USB_DEVICE/Target/usbd_conf.c ****   static uint32_t mem[(sizeof(USBD_CDC_HandleTypeDef)/4)+1];/* On 32-bit boundary */
 1260              		.loc 1 591 1 is_stmt 1 view -0
 1261              		.cfi_startproc
 1262              		@ args = 0, pretend = 0, frame = 0
 1263              		@ frame_needed = 0, uses_anonymous_args = 0
 1264              		@ link register save eliminated.
 592:USB_DEVICE/Target/usbd_conf.c ****   return mem;
 1265              		.loc 1 592 3 view .LVU281
 593:USB_DEVICE/Target/usbd_conf.c **** }
 1266              		.loc 1 593 3 view .LVU282
 594:USB_DEVICE/Target/usbd_conf.c **** 
 1267              		.loc 1 594 1 is_stmt 0 view .LVU283
 1268 0000 0048     		ldr	r0, .L86
 1269              	.LVL133:
 594:USB_DEVICE/Target/usbd_conf.c **** 
 1270              		.loc 1 594 1 view .LVU284
 1271 0002 7047     		bx	lr
 1272              	.L87:
 1273              		.align	2
 1274              	.L86:
 1275 0004 00000000 		.word	mem.0
 1276              		.cfi_endproc
 1277              	.LFE96:
 1279              		.section	.text.USBD_static_free,"ax",%progbits
 1280              		.align	1
 1281              		.global	USBD_static_free
 1282              		.syntax unified
 1283              		.thumb
 1284              		.thumb_func
 1286              	USBD_static_free:
 1287              	.LVL134:
 1288              	.LFB97:
 602:USB_DEVICE/Target/usbd_conf.c **** 
 1289              		.loc 1 602 1 is_stmt 1 view -0
ARM GAS  C:\Users\crist\AppData\Local\Temp\ccU0j1w4.s 			page 39


 1290              		.cfi_startproc
 1291              		@ args = 0, pretend = 0, frame = 0
 1292              		@ frame_needed = 0, uses_anonymous_args = 0
 1293              		@ link register save eliminated.
 604:USB_DEVICE/Target/usbd_conf.c **** 
 1294              		.loc 1 604 1 view .LVU286
 1295 0000 7047     		bx	lr
 1296              		.cfi_endproc
 1297              	.LFE97:
 1299              		.section	.text.HAL_PCDEx_SetConnectionState,"ax",%progbits
 1300              		.align	1
 1301              		.global	HAL_PCDEx_SetConnectionState
 1302              		.syntax unified
 1303              		.thumb
 1304              		.thumb_func
 1306              	HAL_PCDEx_SetConnectionState:
 1307              	.LVL135:
 1308              	.LFB98:
 617:USB_DEVICE/Target/usbd_conf.c ****   /* USER CODE BEGIN 6 */
 1309              		.loc 1 617 1 view -0
 1310              		.cfi_startproc
 1311              		@ args = 0, pretend = 0, frame = 0
 1312              		@ frame_needed = 0, uses_anonymous_args = 0
 1313              		@ link register save eliminated.
 619:USB_DEVICE/Target/usbd_conf.c ****   {
 1314              		.loc 1 619 3 view .LVU288
 623:USB_DEVICE/Target/usbd_conf.c ****   else
 1315              		.loc 1 623 3 view .LVU289
 628:USB_DEVICE/Target/usbd_conf.c ****   /* USER CODE END 6 */
 1316              		.loc 1 628 3 view .LVU290
 630:USB_DEVICE/Target/usbd_conf.c **** 
 1317              		.loc 1 630 1 is_stmt 0 view .LVU291
 1318 0000 7047     		bx	lr
 1319              		.cfi_endproc
 1320              	.LFE98:
 1322              		.section	.bss.mem.0,"aw",%nobits
 1323              		.align	2
 1326              	mem.0:
 1327 0000 00000000 		.space	544
 1327      00000000 
 1327      00000000 
 1327      00000000 
 1327      00000000 
 1328              		.global	hpcd_USB_FS
 1329              		.section	.bss.hpcd_USB_FS,"aw",%nobits
 1330              		.align	2
 1333              	hpcd_USB_FS:
 1334 0000 00000000 		.space	752
 1334      00000000 
 1334      00000000 
 1334      00000000 
 1334      00000000 
 1335              		.text
 1336              	.Letext0:
 1337              		.file 2 "Drivers/CMSIS/Device/ST/STM32F1xx/Include/stm32f103xb.h"
 1338              		.file 3 "C:\\ST\\STM32CubeCLT_1.21.0\\GNU-tools-for-STM32\\bin\\../lib/gcc/arm-none-eabi/14.3.1/..
 1339              		.file 4 "C:\\ST\\STM32CubeCLT_1.21.0\\GNU-tools-for-STM32\\bin\\../lib/gcc/arm-none-eabi/14.3.1/..
ARM GAS  C:\Users\crist\AppData\Local\Temp\ccU0j1w4.s 			page 40


 1340              		.file 5 "Drivers/CMSIS/Include/core_cm3.h"
 1341              		.file 6 "Drivers/CMSIS/Device/ST/STM32F1xx/Include/stm32f1xx.h"
 1342              		.file 7 "Drivers/STM32F1xx_HAL_Driver/Inc/stm32f1xx_hal_def.h"
 1343              		.file 8 "Drivers/STM32F1xx_HAL_Driver/Inc/stm32f1xx_ll_usb.h"
 1344              		.file 9 "Drivers/STM32F1xx_HAL_Driver/Inc/stm32f1xx_hal_pcd.h"
 1345              		.file 10 "Middlewares/ST/STM32_USB_Device_Library/Core/Inc/usbd_def.h"
 1346              		.file 11 "Drivers/STM32F1xx_HAL_Driver/Inc/stm32f1xx_hal_pcd_ex.h"
 1347              		.file 12 "Middlewares/ST/STM32_USB_Device_Library/Core/Inc/usbd_core.h"
 1348              		.file 13 "Drivers/STM32F1xx_HAL_Driver/Inc/stm32f1xx_hal.h"
 1349              		.file 14 "Drivers/STM32F1xx_HAL_Driver/Inc/stm32f1xx_hal_cortex.h"
ARM GAS  C:\Users\crist\AppData\Local\Temp\ccU0j1w4.s 			page 41


DEFINED SYMBOLS
                            *ABS*:00000000 usbd_conf.c
C:\Users\crist\AppData\Local\Temp\ccU0j1w4.s:19     .text.USBD_Get_USB_Status:00000000 $t
C:\Users\crist\AppData\Local\Temp\ccU0j1w4.s:24     .text.USBD_Get_USB_Status:00000000 USBD_Get_USB_Status
C:\Users\crist\AppData\Local\Temp\ccU0j1w4.s:38     .text.USBD_Get_USB_Status:00000008 $d
C:\Users\crist\AppData\Local\Temp\ccU0j1w4.s:64     .text.HAL_PCD_MspInit:00000000 $t
C:\Users\crist\AppData\Local\Temp\ccU0j1w4.s:70     .text.HAL_PCD_MspInit:00000000 HAL_PCD_MspInit
C:\Users\crist\AppData\Local\Temp\ccU0j1w4.s:131    .text.HAL_PCD_MspInit:00000038 $d
C:\Users\crist\AppData\Local\Temp\ccU0j1w4.s:136    .text.HAL_PCD_MspDeInit:00000000 $t
C:\Users\crist\AppData\Local\Temp\ccU0j1w4.s:142    .text.HAL_PCD_MspDeInit:00000000 HAL_PCD_MspDeInit
C:\Users\crist\AppData\Local\Temp\ccU0j1w4.s:184    .text.HAL_PCD_MspDeInit:00000020 $d
C:\Users\crist\AppData\Local\Temp\ccU0j1w4.s:190    .text.HAL_PCD_SetupStageCallback:00000000 $t
C:\Users\crist\AppData\Local\Temp\ccU0j1w4.s:196    .text.HAL_PCD_SetupStageCallback:00000000 HAL_PCD_SetupStageCallback
C:\Users\crist\AppData\Local\Temp\ccU0j1w4.s:222    .text.HAL_PCD_DataOutStageCallback:00000000 $t
C:\Users\crist\AppData\Local\Temp\ccU0j1w4.s:228    .text.HAL_PCD_DataOutStageCallback:00000000 HAL_PCD_DataOutStageCallback
C:\Users\crist\AppData\Local\Temp\ccU0j1w4.s:256    .text.HAL_PCD_DataInStageCallback:00000000 $t
C:\Users\crist\AppData\Local\Temp\ccU0j1w4.s:262    .text.HAL_PCD_DataInStageCallback:00000000 HAL_PCD_DataInStageCallback
C:\Users\crist\AppData\Local\Temp\ccU0j1w4.s:290    .text.HAL_PCD_SOFCallback:00000000 $t
C:\Users\crist\AppData\Local\Temp\ccU0j1w4.s:296    .text.HAL_PCD_SOFCallback:00000000 HAL_PCD_SOFCallback
C:\Users\crist\AppData\Local\Temp\ccU0j1w4.s:321    .text.HAL_PCD_ResetCallback:00000000 $t
C:\Users\crist\AppData\Local\Temp\ccU0j1w4.s:327    .text.HAL_PCD_ResetCallback:00000000 HAL_PCD_ResetCallback
C:\Users\crist\AppData\Local\Temp\ccU0j1w4.s:373    .text.HAL_PCD_SuspendCallback:00000000 $t
C:\Users\crist\AppData\Local\Temp\ccU0j1w4.s:379    .text.HAL_PCD_SuspendCallback:00000000 HAL_PCD_SuspendCallback
C:\Users\crist\AppData\Local\Temp\ccU0j1w4.s:419    .text.HAL_PCD_SuspendCallback:0000001c $d
C:\Users\crist\AppData\Local\Temp\ccU0j1w4.s:424    .text.HAL_PCD_ResumeCallback:00000000 $t
C:\Users\crist\AppData\Local\Temp\ccU0j1w4.s:430    .text.HAL_PCD_ResumeCallback:00000000 HAL_PCD_ResumeCallback
C:\Users\crist\AppData\Local\Temp\ccU0j1w4.s:455    .text.HAL_PCD_ISOOUTIncompleteCallback:00000000 $t
C:\Users\crist\AppData\Local\Temp\ccU0j1w4.s:461    .text.HAL_PCD_ISOOUTIncompleteCallback:00000000 HAL_PCD_ISOOUTIncompleteCallback
C:\Users\crist\AppData\Local\Temp\ccU0j1w4.s:486    .text.HAL_PCD_ISOINIncompleteCallback:00000000 $t
C:\Users\crist\AppData\Local\Temp\ccU0j1w4.s:492    .text.HAL_PCD_ISOINIncompleteCallback:00000000 HAL_PCD_ISOINIncompleteCallback
C:\Users\crist\AppData\Local\Temp\ccU0j1w4.s:517    .text.HAL_PCD_ConnectCallback:00000000 $t
C:\Users\crist\AppData\Local\Temp\ccU0j1w4.s:523    .text.HAL_PCD_ConnectCallback:00000000 HAL_PCD_ConnectCallback
C:\Users\crist\AppData\Local\Temp\ccU0j1w4.s:548    .text.HAL_PCD_DisconnectCallback:00000000 $t
C:\Users\crist\AppData\Local\Temp\ccU0j1w4.s:554    .text.HAL_PCD_DisconnectCallback:00000000 HAL_PCD_DisconnectCallback
C:\Users\crist\AppData\Local\Temp\ccU0j1w4.s:579    .text.USBD_LL_Init:00000000 $t
C:\Users\crist\AppData\Local\Temp\ccU0j1w4.s:585    .text.USBD_LL_Init:00000000 USBD_LL_Init
C:\Users\crist\AppData\Local\Temp\ccU0j1w4.s:685    .text.USBD_LL_Init:0000007c $d
C:\Users\crist\AppData\Local\Temp\ccU0j1w4.s:1333   .bss.hpcd_USB_FS:00000000 hpcd_USB_FS
C:\Users\crist\AppData\Local\Temp\ccU0j1w4.s:691    .text.USBD_LL_DeInit:00000000 $t
C:\Users\crist\AppData\Local\Temp\ccU0j1w4.s:697    .text.USBD_LL_DeInit:00000000 USBD_LL_DeInit
C:\Users\crist\AppData\Local\Temp\ccU0j1w4.s:731    .text.USBD_LL_Start:00000000 $t
C:\Users\crist\AppData\Local\Temp\ccU0j1w4.s:737    .text.USBD_LL_Start:00000000 USBD_LL_Start
C:\Users\crist\AppData\Local\Temp\ccU0j1w4.s:771    .text.USBD_LL_Stop:00000000 $t
C:\Users\crist\AppData\Local\Temp\ccU0j1w4.s:777    .text.USBD_LL_Stop:00000000 USBD_LL_Stop
C:\Users\crist\AppData\Local\Temp\ccU0j1w4.s:811    .text.USBD_LL_OpenEP:00000000 $t
C:\Users\crist\AppData\Local\Temp\ccU0j1w4.s:817    .text.USBD_LL_OpenEP:00000000 USBD_LL_OpenEP
C:\Users\crist\AppData\Local\Temp\ccU0j1w4.s:856    .text.USBD_LL_CloseEP:00000000 $t
C:\Users\crist\AppData\Local\Temp\ccU0j1w4.s:862    .text.USBD_LL_CloseEP:00000000 USBD_LL_CloseEP
C:\Users\crist\AppData\Local\Temp\ccU0j1w4.s:896    .text.USBD_LL_FlushEP:00000000 $t
C:\Users\crist\AppData\Local\Temp\ccU0j1w4.s:902    .text.USBD_LL_FlushEP:00000000 USBD_LL_FlushEP
C:\Users\crist\AppData\Local\Temp\ccU0j1w4.s:936    .text.USBD_LL_StallEP:00000000 $t
C:\Users\crist\AppData\Local\Temp\ccU0j1w4.s:942    .text.USBD_LL_StallEP:00000000 USBD_LL_StallEP
C:\Users\crist\AppData\Local\Temp\ccU0j1w4.s:976    .text.USBD_LL_ClearStallEP:00000000 $t
C:\Users\crist\AppData\Local\Temp\ccU0j1w4.s:982    .text.USBD_LL_ClearStallEP:00000000 USBD_LL_ClearStallEP
C:\Users\crist\AppData\Local\Temp\ccU0j1w4.s:1016   .text.USBD_LL_IsStallEP:00000000 $t
C:\Users\crist\AppData\Local\Temp\ccU0j1w4.s:1022   .text.USBD_LL_IsStallEP:00000000 USBD_LL_IsStallEP
C:\Users\crist\AppData\Local\Temp\ccU0j1w4.s:1071   .text.USBD_LL_SetUSBAddress:00000000 $t
ARM GAS  C:\Users\crist\AppData\Local\Temp\ccU0j1w4.s 			page 42


C:\Users\crist\AppData\Local\Temp\ccU0j1w4.s:1077   .text.USBD_LL_SetUSBAddress:00000000 USBD_LL_SetUSBAddress
C:\Users\crist\AppData\Local\Temp\ccU0j1w4.s:1111   .text.USBD_LL_Transmit:00000000 $t
C:\Users\crist\AppData\Local\Temp\ccU0j1w4.s:1117   .text.USBD_LL_Transmit:00000000 USBD_LL_Transmit
C:\Users\crist\AppData\Local\Temp\ccU0j1w4.s:1151   .text.USBD_LL_PrepareReceive:00000000 $t
C:\Users\crist\AppData\Local\Temp\ccU0j1w4.s:1157   .text.USBD_LL_PrepareReceive:00000000 USBD_LL_PrepareReceive
C:\Users\crist\AppData\Local\Temp\ccU0j1w4.s:1191   .text.USBD_LL_GetRxDataSize:00000000 $t
C:\Users\crist\AppData\Local\Temp\ccU0j1w4.s:1197   .text.USBD_LL_GetRxDataSize:00000000 USBD_LL_GetRxDataSize
C:\Users\crist\AppData\Local\Temp\ccU0j1w4.s:1223   .text.USBD_LL_Delay:00000000 $t
C:\Users\crist\AppData\Local\Temp\ccU0j1w4.s:1229   .text.USBD_LL_Delay:00000000 USBD_LL_Delay
C:\Users\crist\AppData\Local\Temp\ccU0j1w4.s:1251   .text.USBD_static_malloc:00000000 $t
C:\Users\crist\AppData\Local\Temp\ccU0j1w4.s:1257   .text.USBD_static_malloc:00000000 USBD_static_malloc
C:\Users\crist\AppData\Local\Temp\ccU0j1w4.s:1275   .text.USBD_static_malloc:00000004 $d
C:\Users\crist\AppData\Local\Temp\ccU0j1w4.s:1326   .bss.mem.0:00000000 mem.0
C:\Users\crist\AppData\Local\Temp\ccU0j1w4.s:1280   .text.USBD_static_free:00000000 $t
C:\Users\crist\AppData\Local\Temp\ccU0j1w4.s:1286   .text.USBD_static_free:00000000 USBD_static_free
C:\Users\crist\AppData\Local\Temp\ccU0j1w4.s:1300   .text.HAL_PCDEx_SetConnectionState:00000000 $t
C:\Users\crist\AppData\Local\Temp\ccU0j1w4.s:1306   .text.HAL_PCDEx_SetConnectionState:00000000 HAL_PCDEx_SetConnectionState
C:\Users\crist\AppData\Local\Temp\ccU0j1w4.s:1323   .bss.mem.0:00000000 $d
C:\Users\crist\AppData\Local\Temp\ccU0j1w4.s:1330   .bss.hpcd_USB_FS:00000000 $d
C:\Users\crist\AppData\Local\Temp\ccU0j1w4.s:41     .text.USBD_Get_USB_Status:0000000b $d
C:\Users\crist\AppData\Local\Temp\ccU0j1w4.s:41     .text.USBD_Get_USB_Status:0000000c $t

UNDEFINED SYMBOLS
HAL_NVIC_SetPriority
HAL_NVIC_EnableIRQ
HAL_NVIC_DisableIRQ
USBD_LL_SetupStage
USBD_LL_DataOutStage
USBD_LL_DataInStage
USBD_LL_SOF
USBD_LL_SetSpeed
USBD_LL_Reset
Error_Handler
USBD_LL_Suspend
USBD_LL_Resume
USBD_LL_IsoOUTIncomplete
USBD_LL_IsoINIncomplete
USBD_LL_DevConnected
USBD_LL_DevDisconnected
HAL_PCD_Init
HAL_PCDEx_PMAConfig
HAL_PCD_DeInit
HAL_PCD_Start
HAL_PCD_Stop
HAL_PCD_EP_Open
HAL_PCD_EP_Close
HAL_PCD_EP_Flush
HAL_PCD_EP_SetStall
HAL_PCD_EP_ClrStall
HAL_PCD_SetAddress
HAL_PCD_EP_Transmit
HAL_PCD_EP_Receive
HAL_PCD_EP_GetRxCount
HAL_Delay
